{
  "metrics": {
    "mrr": 0.33232672494481763,
    "exact_hit@1": 0.0,
    "relevant_hit@1": 0.23684210526315788,
    "recall@1": 0.11842105263157894,
    "ndcg@1": 0.23684210526315788,
    "exact_hit@5": 0.07894736842105263,
    "relevant_hit@5": 0.42105263157894735,
    "recall@5": 0.25,
    "ndcg@5": 0.23534082313593002,
    "exact_hit@10": 0.10526315789473684,
    "relevant_hit@10": 0.5,
    "recall@10": 0.3026315789473684,
    "ndcg@10": 0.2563573983254022,
    "exact_hit@20": 0.18421052631578946,
    "relevant_hit@20": 0.5526315789473685,
    "recall@20": 0.3684210526315789,
    "ndcg@20": 0.2774030553447263,
    "exact_hit@40": 0.18421052631578946,
    "relevant_hit@40": 0.5526315789473685,
    "recall@40": 0.3684210526315789,
    "ndcg@40": 0.2774030553447263
  },
  "n_evaluated": 38,
  "best_params": {
    "n_estimators": 400,
    "max_depth": 4,
    "learning_rate": 0.05,
    "subsample": 0.8,
    "colsample_bytree": 0.8,
    "min_child_weight": 1.0,
    "reg_alpha": 0.0,
    "reg_lambda": 1.0,
    "objective": "reg:squarederror",
    "tree_method": "auto",
    "n_jobs": -1,
    "verbosity": 0
  },
  "val_metrics": {
    "hit@1": 0.3333333333333333,
    "hit@5": 0.4,
    "hit@10": 0.4666666666666667,
    "hit@20": 0.4666666666666667,
    "hit@40": 0.5333333333333333,
    "exact_hit@1": 0.06666666666666667,
    "exact_hit@5": 0.26666666666666666,
    "exact_hit@10": 0.3333333333333333,
    "exact_hit@20": 0.3333333333333333,
    "exact_hit@40": 0.4,
    "recall@1": 0.2,
    "recall@5": 0.3333333333333333,
    "recall@10": 0.4,
    "recall@20": 0.4,
    "recall@40": 0.4666666666666667,
    "ndcg@1": 0.3333333333333333,
    "ndcg@5": 0.31800437964552947,
    "ndcg@10": 0.3471253712212847,
    "ndcg@20": 0.3471253712212847,
    "ndcg@40": 0.36034136209932205,
    "mrr": 0.3799990942843705,
    "n_queries": 15
  }
}