{
  "train_loss": [
    0.6156362745496962,
    0.6081797281901041,
    0.6009131537543403,
    0.5961196475558811,
    0.5859490288628473,
    0.5785064697265625,
    0.5731858995225695,
    0.5712839762369791,
    0.5701321495903863,
    0.5622576819525824,
    0.5784519195556641,
    0.5463258107503255
  ],
  "val_loss": [
    3.414618667291135,
    3.4125459632095025,
    3.43768902214206,
    3.4304912333585778,
    3.472906618702168,
    3.464629504145408,
    3.4701989621532205,
    3.454029939612564,
    3.500775084203603,
    3.5050802425462373,
    3.495503328284439,
    3.479359529456314
  ]
}