{
  "train_loss": [
    0.61583251953125,
    0.6086751725938585,
    0.6006086561414931,
    0.5964847988552517,
    0.5848278469509549,
    0.5776602427164713,
    0.5713355594211155,
    0.5685148027208117,
    0.5708439721001519,
    0.5619485643174913,
    0.5795588175455729,
    0.5458112080891927
  ],
  "val_loss": [
    3.4145162154217155,
    3.412324555066167,
    3.4418792724609375,
    3.4349888392857144,
    3.472235543387277,
    3.455890889070472,
    3.4658221809231504,
    3.45782470703125,
    3.511882548429528,
    3.4944022042410716,
    3.5019746118662307,
    3.479707367566167
  ]
}