{
  "train_loss": [
    3.4316522507440474,
    3.4124136788504464,
    3.3183837890625,
    3.2596249534970236,
    3.240752883184524,
    3.2111438569568453,
    3.1696286156063986,
    3.139697265625,
    3.107708740234375,
    3.0837041945684525,
    3.0735101609002977,
    3.040398879278274,
    3.0232843308221726,
    2.984937104724702,
    2.968954322451637,
    2.9477289109002975,
    2.929311697823661,
    2.9154017857142858,
    2.911182803199405,
    2.8836873372395835,
    2.879202125186012,
    2.8716160365513392,
    2.8602913992745536,
    2.8379449753534227,
    2.8484491257440476,
    2.8340448288690476
  ],
  "val_loss": [
    0.42269483293805804,
    0.42069782075427825,
    0.4176783243815104,
    0.41771872384207587,
    0.418236323765346,
    0.4179278782435826,
    0.4175115676153274,
    0.4174050830659412,
    0.4171772184826079,
    0.4167945861816406,
    0.41653231666201634,
    0.4158695765904018,
    0.4161415463402158,
    0.4155426025390625,
    0.4150654020763579,
    0.41494663783482144,
    0.4153468177432106,
    0.41495019821893603,
    0.4153257824125744,
    0.41508890787760416,
    0.4152157738095238,
    0.4157937186104911,
    0.4155658176967076,
    0.4157740638369606,
    0.4153620038713728,
    0.4161181131998698
  ]
}