{
  "overall": {
    "exact_hit@1": 0.5454545454545454,
    "exact_hit@5": 0.8636363636363636,
    "exact_hit@8": 0.8939393939393939,
    "exact_hit@10": 0.9090909090909091,
    "mrr": 0.6827200577200577,
    "relevant_hit@1": 0.7727272727272727,
    "relevant_hit@5": 0.9545454545454546,
    "relevant_hit@8": 0.9696969696969697,
    "relevant_hit@10": 0.9696969696969697,
    "ndcg@1": 0.5454545454545454,
    "ndcg@5": 0.7237548800775486,
    "ndcg@8": 0.7342024637205995,
    "ndcg@10": 0.738582233816325,
    "macro_hit@1": 0.5454545454545454,
    "macro_hit@5": 0.8636363636363636,
    "n_queries": 66,
    "n_in_pool": 66,
    "n_conditions": 66
  },
  "by_stratum": {
    "combo_seen0": {
      "exact_hit@1": 0.4,
      "exact_hit@5": 0.6,
      "exact_hit@8": 0.6,
      "exact_hit@10": 0.6,
      "mrr": 0.44000000000000006,
      "relevant_hit@1": 0.4,
      "relevant_hit@5": 1.0,
      "relevant_hit@8": 1.0,
      "relevant_hit@10": 1.0,
      "ndcg@1": 0.4,
      "ndcg@5": 0.4773705614469083,
      "ndcg@8": 0.4773705614469083,
      "ndcg@10": 0.4773705614469083,
      "macro_hit@1": 0.4,
      "macro_hit@5": 0.6,
      "n_queries": 5,
      "n_in_pool": 5,
      "n_conditions": 5
    },
    "combo_seen1": {
      "exact_hit@1": 0.6129032258064516,
      "exact_hit@5": 0.9354838709677419,
      "exact_hit@8": 1.0,
      "exact_hit@10": 1.0,
      "mrr": 0.7610599078341014,
      "relevant_hit@1": 0.8709677419354839,
      "relevant_hit@5": 1.0,
      "relevant_hit@8": 1.0,
      "relevant_hit@10": 1.0,
      "ndcg@1": 0.6129032258064516,
      "ndcg@5": 0.7978721819454238,
      "ndcg@8": 0.8201154245403062,
      "ndcg@10": 0.8201154245403062,
      "macro_hit@1": 0.6129032258064516,
      "macro_hit@5": 0.9354838709677419,
      "n_queries": 31,
      "n_in_pool": 31,
      "n_conditions": 31
    },
    "combo_seen2": {
      "exact_hit@1": 0.8666666666666667,
      "exact_hit@5": 0.9333333333333333,
      "exact_hit@8": 0.9333333333333333,
      "exact_hit@10": 0.9333333333333333,
      "mrr": 0.8833333333333333,
      "relevant_hit@1": 0.8666666666666667,
      "relevant_hit@5": 0.9333333333333333,
      "relevant_hit@8": 0.9333333333333333,
      "relevant_hit@10": 0.9333333333333333,
      "ndcg@1": 0.8666666666666667,
      "ndcg@5": 0.895378437204893,
      "ndcg@8": 0.895378437204893,
      "ndcg@10": 0.895378437204893,
      "macro_hit@1": 0.8666666666666667,
      "macro_hit@5": 0.9333333333333333,
      "n_queries": 15,
      "n_in_pool": 15,
      "n_conditions": 15
    },
    "single_unseen": {
      "exact_hit@1": 0.13333333333333333,
      "exact_hit@5": 0.7333333333333333,
      "exact_hit@8": 0.7333333333333333,
      "exact_hit@10": 0.8,
      "mrr": 0.40111111111111103,
      "relevant_hit@1": 0.6,
      "relevant_hit@5": 0.8666666666666667,
      "relevant_hit@8": 0.9333333333333333,
      "relevant_hit@10": 0.9333333333333333,
      "ndcg@1": 0.13333333333333333,
      "ndcg@5": 0.48108367196680923,
      "ndcg@8": 0.48108367196680923,
      "ndcg@10": 0.5003546603880017,
      "macro_hit@1": 0.13333333333333333,
      "macro_hit@5": 0.7333333333333333,
      "n_queries": 15,
      "n_in_pool": 15,
      "n_conditions": 15
    }
  },
  "n_test_conditions": 66,
  "n_evaluated": 66,
  "n_candidates": 236
}