{
  "train_loss": [
    5.642175874255952,
    5.643112909226191,
    5.643264625186012,
    5.643092564174107,
    5.642799014136905,
    5.642992001488095,
    5.640886579241071,
    5.6255859375,
    5.569748651413691,
    5.492481631324405,
    5.426209658668155,
    5.370547340029762,
    5.333281598772321,
    5.298890904017857,
    5.273600260416667,
    5.258855329241071,
    5.247147042410714,
    5.230033365885417,
    5.228620256696429,
    5.214529854910714,
    5.2088239397321425
  ],
  "val_loss": [
    5.6426368350074405,
    5.642681594122024,
    5.64249500093006,
    5.642447916666667,
    5.642054966517857,
    5.642054966517857,
    5.640684291294643,
    5.618589564732143,
    5.557818894159226,
    5.483899507068452,
    5.4596534365699405,
    5.487338983444941,
    5.462586030505952,
    5.471266973586309,
    5.4680402483258925,
    5.528373209635417,
    5.613418433779762,
    5.5994384765625,
    5.695973423549107,
    5.73179931640625,
    5.717411876860119
  ],
  "val_accuracy": [
    0.00357355568790947,
    0.004169148302561048,
    0.003871351995235259,
    0.004466944609886838,
    0.00357355568790947,
    0.00357355568790947,
    0.006551518761167362,
    0.009231685527099465,
    0.008040500297796307,
    0.009827278141751042,
    0.01399642644431209,
    0.011614055985705777,
    0.011911852293031567,
    0.013103037522334724,
    0.01072066706372841,
    0.008338296605122097,
    0.00714711137581894,
    0.01012507444907683,
    0.005955926146515783,
    0.00684931506849315,
    0.008338296605122097
  ]
}