{
  "train_loss": [
    5.640023097218079,
    5.636326027371719,
    5.630341377349343,
    5.61971397673031,
    5.60212711161247,
    5.573194990863663,
    5.518020957637232,
    5.421450812947494,
    5.3105352215095465,
    5.218948692012232,
    5.146452327901253,
    5.088181962261337,
    5.039067161396181,
    4.988749137641706,
    4.9287458979713605,
    4.864799117131564,
    4.806796199097554,
    4.750414572922882,
    4.699748109803848
  ],
  "val_loss": [
    5.638618396577381,
    5.634444173177084,
    5.627165876116071,
    5.614161318824404,
    5.593944149925595,
    5.56883544921875,
    5.539918154761905,
    5.528959728422619,
    5.523782784598215,
    5.543856375558036,
    5.597883533296131,
    5.6835303896949405,
    5.765333775111607,
    5.911895461309523,
    5.992657180059524,
    6.037511044456846,
    5.927244931175595,
    5.849136207217262,
    5.868716285342262
  ]
}