model_id,panel,panel_seed,label_order,depmap_column
ACH-000178,0,2075375458166876372,1,ATP5F1C (509)
ACH-000178,0,2075375458166876372,2,SEPSECS (51091)
ACH-000178,0,2075375458166876372,3,IGF1R (3480)
ACH-000178,0,2075375458166876372,4,MRPL53 (116540)
ACH-000178,0,2075375458166876372,5,CCNL1 (57018)
ACH-000178,0,2075375458166876372,6,HEMK2 (29104)
ACH-000178,0,2075375458166876372,7,PTDSS1 (9791)
ACH-000178,0,2075375458166876372,8,SLC38A2 (54407)
ACH-000178,0,2075375458166876372,9,ATP1B3 (483)
ACH-000178,0,2075375458166876372,10,NDUFA8 (4702)
ACH-000178,0,2075375458166876372,11,MRPS16 (51021)
ACH-000178,0,2075375458166876372,12,CAB39 (51719)
ACH-000178,0,2075375458166876372,13,WDR1 (9948)
ACH-000178,0,2075375458166876372,14,NAA20 (51126)
ACH-000178,0,2075375458166876372,15,PDCD7 (10081)
ACH-000178,0,2075375458166876372,16,SQLE (6713)
ACH-000178,0,2075375458166876372,17,PPP1R15B (84919)
ACH-000178,0,2075375458166876372,18,WDR83 (84292)
ACH-000178,0,2075375458166876372,19,ATL2 (64225)
ACH-000178,0,2075375458166876372,20,RHOA (387)
ACH-000178,0,2075375458166876372,21,UFM1 (51569)
ACH-000178,0,2075375458166876372,22,TADA1 (117143)
ACH-000178,0,2075375458166876372,23,NFRKB (4798)
ACH-000178,0,2075375458166876372,24,CCND3 (896)
ACH-000178,0,2075375458166876372,25,MNAT1 (4331)
ACH-000178,0,2075375458166876372,26,NRAS (4893)
ACH-000178,0,2075375458166876372,27,YME1L1 (10730)
ACH-000178,0,2075375458166876372,28,FOXA2 (3170)
ACH-000178,0,2075375458166876372,29,EXOC1 (55763)
ACH-000178,0,2075375458166876372,30,SDHB (6390)
ACH-000178,0,2075375458166876372,31,CEP85 (64793)
ACH-000178,0,2075375458166876372,32,CUL2 (8453)
ACH-000178,0,2075375458166876372,33,SERBP1 (26135)
ACH-000178,0,2075375458166876372,34,DDX39B (7919)
ACH-000178,0,2075375458166876372,35,MRPS25 (64432)
ACH-000178,0,2075375458166876372,36,MRPL35 (51318)
ACH-000178,0,2075375458166876372,37,UBE2C (11065)
ACH-000178,0,2075375458166876372,38,EED (8726)
ACH-000178,0,2075375458166876372,39,SMARCB1 (6598)
ACH-000178,0,2075375458166876372,40,FERMT2 (10979)
ACH-000178,0,2075375458166876372,41,TIMM29 (90580)
ACH-000178,0,2075375458166876372,42,RHEB (6009)
ACH-000178,0,2075375458166876372,43,ANAPC15 (25906)
ACH-000178,0,2075375458166876372,44,MAPK1 (5594)
ACH-000178,0,2075375458166876372,45,MDM4 (4194)
ACH-000178,0,2075375458166876372,46,VPS37A (137492)
ACH-000178,0,2075375458166876372,47,AMBRA1 (55626)
ACH-000178,0,2075375458166876372,48,MIOS (54468)
ACH-000178,0,2075375458166876372,49,POP7 (10248)
ACH-000178,0,2075375458166876372,50,PITRM1 (10531)
ACH-000178,1,13420789181605114532,1,TAMM41 (132001)
ACH-000178,1,13420789181605114532,2,TWNK (56652)
ACH-000178,1,13420789181605114532,3,ARMC5 (79798)
ACH-000178,1,13420789181605114532,4,GEMIN4 (50628)
ACH-000178,1,13420789181605114532,5,PPA2 (27068)
ACH-000178,1,13420789181605114532,6,MFN2 (9927)
ACH-000178,1,13420789181605114532,7,BRCA2 (675)
ACH-000178,1,13420789181605114532,8,CYC1 (1537)
ACH-000178,1,13420789181605114532,9,CUL3 (8452)
ACH-000178,1,13420789181605114532,10,ATP1B3 (483)
ACH-000178,1,13420789181605114532,11,NDUFB3 (4709)
ACH-000178,1,13420789181605114532,12,CDK8 (1024)
ACH-000178,1,13420789181605114532,13,KIF4A (24137)
ACH-000178,1,13420789181605114532,14,MAU2 (23383)
ACH-000178,1,13420789181605114532,15,MYB (4602)
ACH-000178,1,13420789181605114532,16,PFDN1 (5201)
ACH-000178,1,13420789181605114532,17,P2RY6 (5031)
ACH-000178,1,13420789181605114532,18,VRK1 (7443)
ACH-000178,1,13420789181605114532,19,MEN1 (4221)
ACH-000178,1,13420789181605114532,20,DLST (1743)
ACH-000178,1,13420789181605114532,21,ARPC4 (10093)
ACH-000178,1,13420789181605114532,22,NOA1 (84273)
ACH-000178,1,13420789181605114532,23,AHCYL1 (10768)
ACH-000178,1,13420789181605114532,24,KLF5 (688)
ACH-000178,1,13420789181605114532,25,XYLT2 (64132)
ACH-000178,1,13420789181605114532,26,VARS2 (57176)
ACH-000178,1,13420789181605114532,27,BUD13 (84811)
ACH-000178,1,13420789181605114532,28,BCL9 (607)
ACH-000178,1,13420789181605114532,29,NAPG (8774)
ACH-000178,1,13420789181605114532,30,TIMM22 (29928)
ACH-000178,1,13420789181605114532,31,ATP5F1C (509)
ACH-000178,1,13420789181605114532,32,TEN1 (100134934)
ACH-000178,1,13420789181605114532,33,FAM98B (283742)
ACH-000178,1,13420789181605114532,34,MRPS24 (64951)
ACH-000178,1,13420789181605114532,35,FOSL1 (8061)
ACH-000178,1,13420789181605114532,36,OPA1 (4976)
ACH-000178,1,13420789181605114532,37,DARS2 (55157)
ACH-000178,1,13420789181605114532,38,FERMT1 (55612)
ACH-000178,1,13420789181605114532,39,LSM12 (124801)
ACH-000178,1,13420789181605114532,40,NARS2 (79731)
ACH-000178,1,13420789181605114532,41,ZFP36L1 (677)
ACH-000178,1,13420789181605114532,42,RHOA (387)
ACH-000178,1,13420789181605114532,43,YME1L1 (10730)
ACH-000178,1,13420789181605114532,44,MRPS5 (64969)
ACH-000178,1,13420789181605114532,45,NDE1 (54820)
ACH-000178,1,13420789181605114532,46,CTDSPL2 (51496)
ACH-000178,1,13420789181605114532,47,RRAGC (64121)
ACH-000178,1,13420789181605114532,48,RARS2 (57038)
ACH-000178,1,13420789181605114532,49,TYMS (7298)
ACH-000178,1,13420789181605114532,50,KIF14 (9928)
ACH-000178,2,17321698585028354461,1,TUBB3 (10381)
ACH-000178,2,17321698585028354461,2,MTG2 (26164)
ACH-000178,2,17321698585028354461,3,CTNNA1 (1495)
ACH-000178,2,17321698585028354461,4,TCF7L2 (6934)
ACH-000178,2,17321698585028354461,5,MLST8 (64223)
ACH-000178,2,17321698585028354461,6,ATP1B3 (483)
ACH-000178,2,17321698585028354461,7,PITRM1 (10531)
ACH-000178,2,17321698585028354461,8,IRS2 (8660)
ACH-000178,2,17321698585028354461,9,USP1 (7398)
ACH-000178,2,17321698585028354461,10,BRAF (673)
ACH-000178,2,17321698585028354461,11,CRLS1 (54675)
ACH-000178,2,17321698585028354461,12,ZFX (7543)
ACH-000178,2,17321698585028354461,13,ZNF217 (7764)
ACH-000178,2,17321698585028354461,14,TAFAZZIN (6901)
ACH-000178,2,17321698585028354461,15,MIOS (54468)
ACH-000178,2,17321698585028354461,16,MYBBP1A (10514)
ACH-000178,2,17321698585028354461,17,FBXO42 (54455)
ACH-000178,2,17321698585028354461,18,IDH3A (3419)
ACH-000178,2,17321698585028354461,19,PAXIP1 (22976)
ACH-000178,2,17321698585028354461,20,JUN (3725)
ACH-000178,2,17321698585028354461,21,UMPS (7372)
ACH-000178,2,17321698585028354461,22,AMBRA1 (55626)
ACH-000178,2,17321698585028354461,23,TIGD3 (220359)
ACH-000178,2,17321698585028354461,24,SLC20A1 (6574)
ACH-000178,2,17321698585028354461,25,NARS2 (79731)
ACH-000178,2,17321698585028354461,26,SCAP (22937)
ACH-000178,2,17321698585028354461,27,FECH (2235)
ACH-000178,2,17321698585028354461,28,CTNNB1 (1499)
ACH-000178,2,17321698585028354461,29,NDC1 (55706)
ACH-000178,2,17321698585028354461,30,ELMO2 (63916)
ACH-000178,2,17321698585028354461,31,ANLN (54443)
ACH-000178,2,17321698585028354461,32,SAMD4B (55095)
ACH-000178,2,17321698585028354461,33,BSG (682)
ACH-000178,2,17321698585028354461,34,PCNX3 (399909)
ACH-000178,2,17321698585028354461,35,NDUFAB1 (4706)
ACH-000178,2,17321698585028354461,36,USP8 (9101)
ACH-000178,2,17321698585028354461,37,SMARCB1 (6598)
ACH-000178,2,17321698585028354461,38,MED24 (9862)
ACH-000178,2,17321698585028354461,39,ADSS2 (159)
ACH-000178,2,17321698585028354461,40,MRPS25 (64432)
ACH-000178,2,17321698585028354461,41,MIPEP (4285)
ACH-000178,2,17321698585028354461,42,TGIF1 (7050)
ACH-000178,2,17321698585028354461,43,IRF2BP2 (359948)
ACH-000178,2,17321698585028354461,44,NIPBL (25836)
ACH-000178,2,17321698585028354461,45,NOA1 (84273)
ACH-000178,2,17321698585028354461,46,DDX19A (55308)
ACH-000178,2,17321698585028354461,47,UQCRC2 (7385)
ACH-000178,2,17321698585028354461,48,SUGT1 (10910)
ACH-000178,2,17321698585028354461,49,DSCC1 (79075)
ACH-000178,2,17321698585028354461,50,PSMG2 (56984)
ACH-000178,3,12244462930596812421,1,PPAT (5471)
ACH-000178,3,12244462930596812421,2,UBIAD1 (29914)
ACH-000178,3,12244462930596812421,3,MFN2 (9927)
ACH-000178,3,12244462930596812421,4,MRPL18 (29074)
ACH-000178,3,12244462930596812421,5,CCNL1 (57018)
ACH-000178,3,12244462930596812421,6,FAM210A (125228)
ACH-000178,3,12244462930596812421,7,MRPL32 (64983)
ACH-000178,3,12244462930596812421,8,UBR5 (51366)
ACH-000178,3,12244462930596812421,9,CRAMP1 (57585)
ACH-000178,3,12244462930596812421,10,COQ4 (51117)
ACH-000178,3,12244462930596812421,11,BCL9L (283149)
ACH-000178,3,12244462930596812421,12,NMNAT1 (64802)
ACH-000178,3,12244462930596812421,13,VPS37A (137492)
ACH-000178,3,12244462930596812421,14,COX6A1 (1337)
ACH-000178,3,12244462930596812421,15,GPX4 (2879)
ACH-000178,3,12244462930596812421,16,HMBS (3145)
ACH-000178,3,12244462930596812421,17,TUBE1 (51175)
ACH-000178,3,12244462930596812421,18,SLC30A9 (10463)
ACH-000178,3,12244462930596812421,19,H2AX (3014)
ACH-000178,3,12244462930596812421,20,TRERF1 (55809)
ACH-000178,3,12244462930596812421,21,CAB39 (51719)
ACH-000178,3,12244462930596812421,22,ELMO2 (63916)
ACH-000178,3,12244462930596812421,23,HNRNPR (10236)
ACH-000178,3,12244462930596812421,24,MRPS25 (64432)
ACH-000178,3,12244462930596812421,25,AHCYL1 (10768)
ACH-000178,3,12244462930596812421,26,GABPA (2551)
ACH-000178,3,12244462930596812421,27,SOD2 (6648)
ACH-000178,3,12244462930596812421,28,SLC25A3 (5250)
ACH-000178,3,12244462930596812421,29,FERMT2 (10979)
ACH-000178,3,12244462930596812421,30,SUGT1 (10910)
ACH-000178,3,12244462930596812421,31,COX7C (1350)
ACH-000178,3,12244462930596812421,32,KNTC1 (9735)
ACH-000178,3,12244462930596812421,33,EARS2 (124454)
ACH-000178,3,12244462930596812421,34,OGDH (4967)
ACH-000178,3,12244462930596812421,35,UBAP2L (9898)
ACH-000178,3,12244462930596812421,36,FOXA2 (3170)
ACH-000178,3,12244462930596812421,37,USP7 (7874)
ACH-000178,3,12244462930596812421,38,MRPL35 (51318)
ACH-000178,3,12244462930596812421,39,CCND1 (595)
ACH-000178,3,12244462930596812421,40,RAD51D (5892)
ACH-000178,3,12244462930596812421,41,GRB2 (2885)
ACH-000178,3,12244462930596812421,42,ZFX (7543)
ACH-000178,3,12244462930596812421,43,RIC1 (57589)
ACH-000178,3,12244462930596812421,44,PTMA (5757)
ACH-000178,3,12244462930596812421,45,CTDSPL2 (51496)
ACH-000178,3,12244462930596812421,46,METTL17 (64745)
ACH-000178,3,12244462930596812421,47,APC (324)
ACH-000178,3,12244462930596812421,48,DNM1L (10059)
ACH-000178,3,12244462930596812421,49,TOMM20 (9804)
ACH-000178,3,12244462930596812421,50,TELO2 (9894)
ACH-000178,4,3857514175245069476,1,SMG7 (9887)
ACH-000178,4,3857514175245069476,2,RAB6A (5870)
ACH-000178,4,3857514175245069476,3,RIC1 (57589)
ACH-000178,4,3857514175245069476,4,MAU2 (23383)
ACH-000178,4,3857514175245069476,5,USP9X (8239)
ACH-000178,4,3857514175245069476,6,LDB1 (8861)
ACH-000178,4,3857514175245069476,7,GART (2618)
ACH-000178,4,3857514175245069476,8,CDS2 (8760)
ACH-000178,4,3857514175245069476,9,MRPL55 (128308)
ACH-000178,4,3857514175245069476,10,RPAP2 (79871)
ACH-000178,4,3857514175245069476,11,RBBP7 (5931)
ACH-000178,4,3857514175245069476,12,ARID2 (196528)
ACH-000178,4,3857514175245069476,13,MYB (4602)
ACH-000178,4,3857514175245069476,14,PFDN5 (5204)
ACH-000178,4,3857514175245069476,15,ARPC4 (10093)
ACH-000178,4,3857514175245069476,16,MLST8 (64223)
ACH-000178,4,3857514175245069476,17,VPS37A (137492)
ACH-000178,4,3857514175245069476,18,POP7 (10248)
ACH-000178,4,3857514175245069476,19,PTDSS1 (9791)
ACH-000178,4,3857514175245069476,20,TIMM17A (10440)
ACH-000178,4,3857514175245069476,21,CFL1 (1072)
ACH-000178,4,3857514175245069476,22,ACTR3 (10096)
ACH-000178,4,3857514175245069476,23,NDE1 (54820)
ACH-000178,4,3857514175245069476,24,XYLT2 (64132)
ACH-000178,4,3857514175245069476,25,EP300 (2033)
ACH-000178,4,3857514175245069476,26,USE1 (55850)
ACH-000178,4,3857514175245069476,27,ADSL (158)
ACH-000178,4,3857514175245069476,28,NARS2 (79731)
ACH-000178,4,3857514175245069476,29,COX6A1 (1337)
ACH-000178,4,3857514175245069476,30,WDR73 (84942)
ACH-000178,4,3857514175245069476,31,EED (8726)
ACH-000178,4,3857514175245069476,32,PTPN11 (5781)
ACH-000178,4,3857514175245069476,33,TMX2 (51075)
ACH-000178,4,3857514175245069476,34,YME1L1 (10730)
ACH-000178,4,3857514175245069476,35,MFN2 (9927)
ACH-000178,4,3857514175245069476,36,ARHGEF7 (8874)
ACH-000178,4,3857514175245069476,37,TDP2 (51567)
ACH-000178,4,3857514175245069476,38,HMBS (3145)
ACH-000178,4,3857514175245069476,39,CCAR1 (55749)
ACH-000178,4,3857514175245069476,40,TACC3 (10460)
ACH-000178,4,3857514175245069476,41,STAG2 (10735)
ACH-000178,4,3857514175245069476,42,RPIA (22934)
ACH-000178,4,3857514175245069476,43,TOMM20 (9804)
ACH-000178,4,3857514175245069476,44,AMBRA1 (55626)
ACH-000178,4,3857514175245069476,45,MIB1 (57534)
ACH-000178,4,3857514175245069476,46,RPP25L (138716)
ACH-000178,4,3857514175245069476,47,MRPL32 (64983)
ACH-000178,4,3857514175245069476,48,UBR5 (51366)
ACH-000178,4,3857514175245069476,49,MDM2 (4193)
ACH-000178,4,3857514175245069476,50,RELA (5970)
ACH-000178,5,13808367926187870989,1,PGP (283871)
ACH-000178,5,13808367926187870989,2,TACC3 (10460)
ACH-000178,5,13808367926187870989,3,JUN (3725)
ACH-000178,5,13808367926187870989,4,GMPS (8833)
ACH-000178,5,13808367926187870989,5,CFLAR (8837)
ACH-000178,5,13808367926187870989,6,MRPS7 (51081)
ACH-000178,5,13808367926187870989,7,LIPT1 (51601)
ACH-000178,5,13808367926187870989,8,GFPT1 (2673)
ACH-000178,5,13808367926187870989,9,SHOC2 (8036)
ACH-000178,5,13808367926187870989,10,HARS2 (23438)
ACH-000178,5,13808367926187870989,11,KCMF1 (56888)
ACH-000178,5,13808367926187870989,12,TXNRD1 (7296)
ACH-000178,5,13808367926187870989,13,TRERF1 (55809)
ACH-000178,5,13808367926187870989,14,RHOA (387)
ACH-000178,5,13808367926187870989,15,HAPLN2 (60484)
ACH-000178,5,13808367926187870989,16,UBE2H (7328)
ACH-000178,5,13808367926187870989,17,PAICS (10606)
ACH-000178,5,13808367926187870989,18,PAGR1 (79447)
ACH-000178,5,13808367926187870989,19,FZD5 (7855)
ACH-000178,5,13808367926187870989,20,ACO2 (50)
ACH-000178,5,13808367926187870989,21,GEMIN4 (50628)
ACH-000178,5,13808367926187870989,22,LDB1 (8861)
ACH-000178,5,13808367926187870989,23,GABPB1 (2553)
ACH-000178,5,13808367926187870989,24,MRPS5 (64969)
ACH-000178,5,13808367926187870989,25,CTPS1 (1503)
ACH-000178,5,13808367926187870989,26,IPPK (64768)
ACH-000178,5,13808367926187870989,27,POP7 (10248)
ACH-000178,5,13808367926187870989,28,SNAP23 (8773)
ACH-000178,5,13808367926187870989,29,DYNLL1 (8655)
ACH-000178,5,13808367926187870989,30,TIMM17A (10440)
ACH-000178,5,13808367926187870989,31,UBAP2L (9898)
ACH-000178,5,13808367926187870989,32,HNF1B (6928)
ACH-000178,5,13808367926187870989,33,POLG (5428)
ACH-000178,5,13808367926187870989,34,ATP6V0E1 (8992)
ACH-000178,5,13808367926187870989,35,MRPS34 (65993)
ACH-000178,5,13808367926187870989,36,PTPN11 (5781)
ACH-000178,5,13808367926187870989,37,PRPF39 (55015)
ACH-000178,5,13808367926187870989,38,RAD51C (5889)
ACH-000178,5,13808367926187870989,39,MRPS11 (64963)
ACH-000178,5,13808367926187870989,40,SUGT1 (10910)
ACH-000178,5,13808367926187870989,41,MRPS16 (51021)
ACH-000178,5,13808367926187870989,42,INTS15 (79034)
ACH-000178,5,13808367926187870989,43,ACLY (47)
ACH-000178,5,13808367926187870989,44,SOX9 (6662)
ACH-000178,5,13808367926187870989,45,RARS2 (57038)
ACH-000178,5,13808367926187870989,46,NDE1 (54820)
ACH-000178,5,13808367926187870989,47,CCND3 (896)
ACH-000178,5,13808367926187870989,48,KDM2A (22992)
ACH-000178,5,13808367926187870989,49,MYBL2 (4605)
ACH-000178,5,13808367926187870989,50,MED19 (219541)
ACH-000178,6,14825011562617517497,1,STEEP1 (63932)
ACH-000178,6,14825011562617517497,2,FDX1 (2230)
ACH-000178,6,14825011562617517497,3,BIRC6 (57448)
ACH-000178,6,14825011562617517497,4,MBTPS1 (8720)
ACH-000178,6,14825011562617517497,5,CCNC (892)
ACH-000178,6,14825011562617517497,6,RHEB (6009)
ACH-000178,6,14825011562617517497,7,RPIA (22934)
ACH-000178,6,14825011562617517497,8,NHLRC2 (374354)
ACH-000178,6,14825011562617517497,9,TRIT1 (54802)
ACH-000178,6,14825011562617517497,10,NAA20 (51126)
ACH-000178,6,14825011562617517497,11,RAD51D (5892)
ACH-000178,6,14825011562617517497,12,RTTN (25914)
ACH-000178,6,14825011562617517497,13,MRPL35 (51318)
ACH-000178,6,14825011562617517497,14,BAP1 (8314)
ACH-000178,6,14825011562617517497,15,INTS6 (26512)
ACH-000178,6,14825011562617517497,16,USE1 (55850)
ACH-000178,6,14825011562617517497,17,WWTR1 (25937)
ACH-000178,6,14825011562617517497,18,LIPT1 (51601)
ACH-000178,6,14825011562617517497,19,ACSL3 (2181)
ACH-000178,6,14825011562617517497,20,COA6 (388753)
ACH-000178,6,14825011562617517497,21,PAXIP1 (22976)
ACH-000178,6,14825011562617517497,22,WRN (7486)
ACH-000178,6,14825011562617517497,23,PTK2 (5747)
ACH-000178,6,14825011562617517497,24,PGP (283871)
ACH-000178,6,14825011562617517497,25,PDCD5 (9141)
ACH-000178,6,14825011562617517497,26,UBE2D3 (7323)
ACH-000178,6,14825011562617517497,27,SLC25A28 (81894)
ACH-000178,6,14825011562617517497,28,WTAP (9589)
ACH-000178,6,14825011562617517497,29,PDCD7 (10081)
ACH-000178,6,14825011562617517497,30,DAP3 (7818)
ACH-000178,6,14825011562617517497,31,ANKRD49 (54851)
ACH-000178,6,14825011562617517497,32,PFDN1 (5201)
ACH-000178,6,14825011562617517497,33,ILK (3611)
ACH-000178,6,14825011562617517497,34,ADRM1 (11047)
ACH-000178,6,14825011562617517497,35,CCND3 (896)
ACH-000178,6,14825011562617517497,36,PTMA (5757)
ACH-000178,6,14825011562617517497,37,ATP6V0E1 (8992)
ACH-000178,6,14825011562617517497,38,TAFAZZIN (6901)
ACH-000178,6,14825011562617517497,39,CCNB1 (891)
ACH-000178,6,14825011562617517497,40,SMCHD1 (23347)
ACH-000178,6,14825011562617517497,41,RRAGC (64121)
ACH-000178,6,14825011562617517497,42,TFB2M (64216)
ACH-000178,6,14825011562617517497,43,ATF4 (468)
ACH-000178,6,14825011562617517497,44,TRPM7 (54822)
ACH-000178,6,14825011562617517497,45,ADAR (103)
ACH-000178,6,14825011562617517497,46,MFN2 (9927)
ACH-000178,6,14825011562617517497,47,VHL (7428)
ACH-000178,6,14825011562617517497,48,KRAS (3845)
ACH-000178,6,14825011562617517497,49,SLC7A1 (6541)
ACH-000178,6,14825011562617517497,50,RPL22L1 (200916)
ACH-000178,7,5678489813494957471,1,MED23 (9439)
ACH-000178,7,5678489813494957471,2,MTCH2 (23788)
ACH-000178,7,5678489813494957471,3,MIPEP (4285)
ACH-000178,7,5678489813494957471,4,CRIPTO (6997)
ACH-000178,7,5678489813494957471,5,NDC1 (55706)
ACH-000178,7,5678489813494957471,6,IRF2BP2 (359948)
ACH-000178,7,5678489813494957471,7,UBA5 (79876)
ACH-000178,7,5678489813494957471,8,STAG2 (10735)
ACH-000178,7,5678489813494957471,9,KDM2A (22992)
ACH-000178,7,5678489813494957471,10,MTG1 (92170)
ACH-000178,7,5678489813494957471,11,FPGS (2356)
ACH-000178,7,5678489813494957471,12,PPP2R2A (5520)
ACH-000178,7,5678489813494957471,13,GRSF1 (2926)
ACH-000178,7,5678489813494957471,14,CDAN1 (146059)
ACH-000178,7,5678489813494957471,15,ZEB1 (6935)
ACH-000178,7,5678489813494957471,16,CTPS1 (1503)
ACH-000178,7,5678489813494957471,17,MRPS16 (51021)
ACH-000178,7,5678489813494957471,18,RNF4 (6047)
ACH-000178,7,5678489813494957471,19,RNF168 (165918)
ACH-000178,7,5678489813494957471,20,PPP1CB (5500)
ACH-000178,7,5678489813494957471,21,KANSL1 (284058)
ACH-000178,7,5678489813494957471,22,ARF4 (378)
ACH-000178,7,5678489813494957471,23,TIMM17A (10440)
ACH-000178,7,5678489813494957471,24,GABPB1 (2553)
ACH-000178,7,5678489813494957471,25,SOX9 (6662)
ACH-000178,7,5678489813494957471,26,EED (8726)
ACH-000178,7,5678489813494957471,27,INTS6 (26512)
ACH-000178,7,5678489813494957471,28,TELO2 (9894)
ACH-000178,7,5678489813494957471,29,HSD17B10 (3028)
ACH-000178,7,5678489813494957471,30,NCKAP1 (10787)
ACH-000178,7,5678489813494957471,31,ELMO2 (63916)
ACH-000178,7,5678489813494957471,32,EP300 (2033)
ACH-000178,7,5678489813494957471,33,CHMP7 (91782)
ACH-000178,7,5678489813494957471,34,ICE2 (79664)
ACH-000178,7,5678489813494957471,35,CCDC6 (8030)
ACH-000178,7,5678489813494957471,36,STEEP1 (63932)
ACH-000178,7,5678489813494957471,37,MIOS (54468)
ACH-000178,7,5678489813494957471,38,ADSS2 (159)
ACH-000178,7,5678489813494957471,39,STAMBP (10617)
ACH-000178,7,5678489813494957471,40,PHF12 (57649)
ACH-000178,7,5678489813494957471,41,SLC2A1 (6513)
ACH-000178,7,5678489813494957471,42,RRAGC (64121)
ACH-000178,7,5678489813494957471,43,AP2M1 (1173)
ACH-000178,7,5678489813494957471,44,CCDC51 (79714)
ACH-000178,7,5678489813494957471,45,COA7 (65260)
ACH-000178,7,5678489813494957471,46,ARPC4 (10093)
ACH-000178,7,5678489813494957471,47,PITRM1 (10531)
ACH-000178,7,5678489813494957471,48,HNF1A (6927)
ACH-000178,7,5678489813494957471,49,CUL3 (8452)
ACH-000178,7,5678489813494957471,50,TXNRD1 (7296)
ACH-000178,8,7071809463888010028,1,UBA5 (79876)
ACH-000178,8,7071809463888010028,2,P2RY6 (5031)
ACH-000178,8,7071809463888010028,3,DDX39B (7919)
ACH-000178,8,7071809463888010028,4,FOXA2 (3170)
ACH-000178,8,7071809463888010028,5,CTC1 (80169)
ACH-000178,8,7071809463888010028,6,ARHGEF7 (8874)
ACH-000178,8,7071809463888010028,7,SLC25A3 (5250)
ACH-000178,8,7071809463888010028,8,COX5A (9377)
ACH-000178,8,7071809463888010028,9,MYBL2 (4605)
ACH-000178,8,7071809463888010028,10,PPA2 (27068)
ACH-000178,8,7071809463888010028,11,FERMT2 (10979)
ACH-000178,8,7071809463888010028,12,MVD (4597)
ACH-000178,8,7071809463888010028,13,H2AX (3014)
ACH-000178,8,7071809463888010028,14,SUGT1 (10910)
ACH-000178,8,7071809463888010028,15,EAF1 (85403)
ACH-000178,8,7071809463888010028,16,PTPMT1 (114971)
ACH-000178,8,7071809463888010028,17,DHX29 (54505)
ACH-000178,8,7071809463888010028,18,ILK (3611)
ACH-000178,8,7071809463888010028,19,PARS2 (25973)
ACH-000178,8,7071809463888010028,20,MRPL55 (128308)
ACH-000178,8,7071809463888010028,21,VPS37A (137492)
ACH-000178,8,7071809463888010028,22,TDP2 (51567)
ACH-000178,8,7071809463888010028,23,SDHA (6389)
ACH-000178,8,7071809463888010028,24,BIRC6 (57448)
ACH-000178,8,7071809463888010028,25,DDX19A (55308)
ACH-000178,8,7071809463888010028,26,ATP2B1 (490)
ACH-000178,8,7071809463888010028,27,CCNL1 (57018)
ACH-000178,8,7071809463888010028,28,DHODH (1723)
ACH-000178,8,7071809463888010028,29,TTC7A (57217)
ACH-000178,8,7071809463888010028,30,APC (324)
ACH-000178,8,7071809463888010028,31,CHMP5 (51510)
ACH-000178,8,7071809463888010028,32,TSC22D2 (9819)
ACH-000178,8,7071809463888010028,33,ATP5F1C (509)
ACH-000178,8,7071809463888010028,34,FDPS (2224)
ACH-000178,8,7071809463888010028,35,SLC25A28 (81894)
ACH-000178,8,7071809463888010028,36,TELO2 (9894)
ACH-000178,8,7071809463888010028,37,TFRC (7037)
ACH-000178,8,7071809463888010028,38,SLC2A1 (6513)
ACH-000178,8,7071809463888010028,39,ICE2 (79664)
ACH-000178,8,7071809463888010028,40,THAP11 (57215)
ACH-000178,8,7071809463888010028,41,ASCC3 (10973)
ACH-000178,8,7071809463888010028,42,WDR7 (23335)
ACH-000178,8,7071809463888010028,43,LSM12 (124801)
ACH-000178,8,7071809463888010028,44,RARS2 (57038)
ACH-000178,8,7071809463888010028,45,PRRC2A (7916)
ACH-000178,8,7071809463888010028,46,CBLL1 (79872)
ACH-000178,8,7071809463888010028,47,SAMD4B (55095)
ACH-000178,8,7071809463888010028,48,NDUFA4 (4697)
ACH-000178,8,7071809463888010028,49,ISCA2 (122961)
ACH-000178,8,7071809463888010028,50,TRIT1 (54802)
ACH-000178,9,2338583129333722889,1,PHF12 (57649)
ACH-000178,9,2338583129333722889,2,ATXN7L3 (56970)
ACH-000178,9,2338583129333722889,3,MRPL18 (29074)
ACH-000178,9,2338583129333722889,4,ZEB1 (6935)
ACH-000178,9,2338583129333722889,5,VPS33A (65082)
ACH-000178,9,2338583129333722889,6,NDUFC2 (4718)
ACH-000178,9,2338583129333722889,7,TCF7L2 (6934)
ACH-000178,9,2338583129333722889,8,DNM1L (10059)
ACH-000178,9,2338583129333722889,9,CRLS1 (54675)
ACH-000178,9,2338583129333722889,10,DHODH (1723)
ACH-000178,9,2338583129333722889,11,WDR83 (84292)
ACH-000178,9,2338583129333722889,12,ASCC3 (10973)
ACH-000178,9,2338583129333722889,13,HNF1B (6928)
ACH-000178,9,2338583129333722889,14,FGFR1 (2260)
ACH-000178,9,2338583129333722889,15,POLE3 (54107)
ACH-000178,9,2338583129333722889,16,MRPS6 (64968)
ACH-000178,9,2338583129333722889,17,VPS37A (137492)
ACH-000178,9,2338583129333722889,18,MYBBP1A (10514)
ACH-000178,9,2338583129333722889,19,FECH (2235)
ACH-000178,9,2338583129333722889,20,CRAMP1 (57585)
ACH-000178,9,2338583129333722889,21,DYNLL1 (8655)
ACH-000178,9,2338583129333722889,22,RARS2 (57038)
ACH-000178,9,2338583129333722889,23,UBE2C (11065)
ACH-000178,9,2338583129333722889,24,COX18 (285521)
ACH-000178,9,2338583129333722889,25,VHL (7428)
ACH-000178,9,2338583129333722889,26,CDIN1 (84529)
ACH-000178,9,2338583129333722889,27,THG1L (54974)
ACH-000178,9,2338583129333722889,28,BCL9L (283149)
ACH-000178,9,2338583129333722889,29,SMG7 (9887)
ACH-000178,9,2338583129333722889,30,MED9 (55090)
ACH-000178,9,2338583129333722889,31,MRPL49 (740)
ACH-000178,9,2338583129333722889,32,HUS1 (3364)
ACH-000178,9,2338583129333722889,33,TEN1 (100134934)
ACH-000178,9,2338583129333722889,34,MBTPS2 (51360)
ACH-000178,9,2338583129333722889,35,ICE2 (79664)
ACH-000178,9,2338583129333722889,36,ADSS2 (159)
ACH-000178,9,2338583129333722889,37,ACSL3 (2181)
ACH-000178,9,2338583129333722889,38,ZWINT (11130)
ACH-000178,9,2338583129333722889,39,SGF29 (112869)
ACH-000178,9,2338583129333722889,40,BPTF (2186)
ACH-000178,9,2338583129333722889,41,FDPS (2224)
ACH-000178,9,2338583129333722889,42,CCNB1 (891)
ACH-000178,9,2338583129333722889,43,ACLY (47)
ACH-000178,9,2338583129333722889,44,NUP50 (10762)
ACH-000178,9,2338583129333722889,45,SARNP (84324)
ACH-000178,9,2338583129333722889,46,NIPBL (25836)
ACH-000178,9,2338583129333722889,47,SKA1 (220134)
ACH-000178,9,2338583129333722889,48,PGM3 (5238)
ACH-000178,9,2338583129333722889,49,KRTCAP2 (200185)
ACH-000178,9,2338583129333722889,50,RGP1 (9827)
ACH-000178,10,14042329992057032881,1,RARS2 (57038)
ACH-000178,10,14042329992057032881,2,CDS2 (8760)
ACH-000178,10,14042329992057032881,3,PPP1CA (5499)
ACH-000178,10,14042329992057032881,4,PRKAR1A (5573)
ACH-000178,10,14042329992057032881,5,RNF168 (165918)
ACH-000178,10,14042329992057032881,6,EGLN1 (54583)
ACH-000178,10,14042329992057032881,7,SAMD4B (55095)
ACH-000178,10,14042329992057032881,8,TRIT1 (54802)
ACH-000178,10,14042329992057032881,9,BCL9L (283149)
ACH-000178,10,14042329992057032881,10,RRAGC (64121)
ACH-000178,10,14042329992057032881,11,EP300 (2033)
ACH-000178,10,14042329992057032881,12,ARHGEF7 (8874)
ACH-000178,10,14042329992057032881,13,RELA (5970)
ACH-000178,10,14042329992057032881,14,ACO2 (50)
ACH-000178,10,14042329992057032881,15,PCYT1A (5130)
ACH-000178,10,14042329992057032881,16,EIF2AK4 (440275)
ACH-000178,10,14042329992057032881,17,THAP11 (57215)
ACH-000178,10,14042329992057032881,18,GFM1 (85476)
ACH-000178,10,14042329992057032881,19,GEMIN4 (50628)
ACH-000178,10,14042329992057032881,20,CBFB (865)
ACH-000178,10,14042329992057032881,21,H2BC5 (3017)
ACH-000178,10,14042329992057032881,22,REXO2 (25996)
ACH-000178,10,14042329992057032881,23,DAXX (1616)
ACH-000178,10,14042329992057032881,24,TFRC (7037)
ACH-000178,10,14042329992057032881,25,CDIN1 (84529)
ACH-000178,10,14042329992057032881,26,TAPT1 (202018)
ACH-000178,10,14042329992057032881,27,HAPSTR1 (29035)
ACH-000178,10,14042329992057032881,28,PFDN5 (5204)
ACH-000178,10,14042329992057032881,29,TGIF1 (7050)
ACH-000178,10,14042329992057032881,30,STIL (6491)
ACH-000178,10,14042329992057032881,31,FDX1 (2230)
ACH-000178,10,14042329992057032881,32,STX4 (6810)
ACH-000178,10,14042329992057032881,33,NDE1 (54820)
ACH-000178,10,14042329992057032881,34,CTDSPL2 (51496)
ACH-000178,10,14042329992057032881,35,SLC25A26 (115286)
ACH-000178,10,14042329992057032881,36,PFDN1 (5201)
ACH-000178,10,14042329992057032881,37,PRKRA (8575)
ACH-000178,10,14042329992057032881,38,RPL22L1 (200916)
ACH-000178,10,14042329992057032881,39,HNF1B (6928)
ACH-000178,10,14042329992057032881,40,PPP6R3 (55291)
ACH-000178,10,14042329992057032881,41,FBXW11 (23291)
ACH-000178,10,14042329992057032881,42,TRNAU1AP (54952)
ACH-000178,10,14042329992057032881,43,FAM50A (9130)
ACH-000178,10,14042329992057032881,44,TOMM20 (9804)
ACH-000178,10,14042329992057032881,45,TWNK (56652)
ACH-000178,10,14042329992057032881,46,CRIPTO (6997)
ACH-000178,10,14042329992057032881,47,CCND1 (595)
ACH-000178,10,14042329992057032881,48,TUBB3 (10381)
ACH-000178,10,14042329992057032881,49,P2RY6 (5031)
ACH-000178,10,14042329992057032881,50,YAP1 (10413)
ACH-000178,11,5232889182549731171,1,RPIA (22934)
ACH-000178,11,5232889182549731171,2,PKN2 (5586)
ACH-000178,11,5232889182549731171,3,FBXW11 (23291)
ACH-000178,11,5232889182549731171,4,TIMM22 (29928)
ACH-000178,11,5232889182549731171,5,MED19 (219541)
ACH-000178,11,5232889182549731171,6,PRRC2A (7916)
ACH-000178,11,5232889182549731171,7,ANKRD49 (54851)
ACH-000178,11,5232889182549731171,8,LDB1 (8861)
ACH-000178,11,5232889182549731171,9,C19orf53 (28974)
ACH-000178,11,5232889182549731171,10,H2BC9 (8345)
ACH-000178,11,5232889182549731171,11,MRPL38 (64978)
ACH-000178,11,5232889182549731171,12,ACLY (47)
ACH-000178,11,5232889182549731171,13,UXS1 (80146)
ACH-000178,11,5232889182549731171,14,ZMYND8 (23613)
ACH-000178,11,5232889182549731171,15,FAM50A (9130)
ACH-000178,11,5232889182549731171,16,CUL3 (8452)
ACH-000178,11,5232889182549731171,17,CEP43 (11116)
ACH-000178,11,5232889182549731171,18,TRAF7 (84231)
ACH-000178,11,5232889182549731171,19,RELA (5970)
ACH-000178,11,5232889182549731171,20,MED1 (5469)
ACH-000178,11,5232889182549731171,21,ATP1B3 (483)
ACH-000178,11,5232889182549731171,22,RAB6A (5870)
ACH-000178,11,5232889182549731171,23,ITGB5 (3693)
ACH-000178,11,5232889182549731171,24,MIOS (54468)
ACH-000178,11,5232889182549731171,25,NXT1 (29107)
ACH-000178,11,5232889182549731171,26,STEEP1 (63932)
ACH-000178,11,5232889182549731171,27,PPP6R3 (55291)
ACH-000178,11,5232889182549731171,28,TIPRL (261726)
ACH-000178,11,5232889182549731171,29,IGF1R (3480)
ACH-000178,11,5232889182549731171,30,TKT (7086)
ACH-000178,11,5232889182549731171,31,PTPMT1 (114971)
ACH-000178,11,5232889182549731171,32,USP7 (7874)
ACH-000178,11,5232889182549731171,33,MED9 (55090)
ACH-000178,11,5232889182549731171,34,FLII (2314)
ACH-000178,11,5232889182549731171,35,EFR3A (23167)
ACH-000178,11,5232889182549731171,36,CARS2 (79587)
ACH-000178,11,5232889182549731171,37,VEZF1 (7716)
ACH-000178,11,5232889182549731171,38,ILK (3611)
ACH-000178,11,5232889182549731171,39,ATP2B1 (490)
ACH-000178,11,5232889182549731171,40,ATP6V0E1 (8992)
ACH-000178,11,5232889182549731171,41,UBE2C (11065)
ACH-000178,11,5232889182549731171,42,HNRNPR (10236)
ACH-000178,11,5232889182549731171,43,PCYT1A (5130)
ACH-000178,11,5232889182549731171,44,MEN1 (4221)
ACH-000178,11,5232889182549731171,45,DNM1L (10059)
ACH-000178,11,5232889182549731171,46,PPP2R3C (55012)
ACH-000178,11,5232889182549731171,47,SNAP23 (8773)
ACH-000178,11,5232889182549731171,48,NHLRC2 (374354)
ACH-000178,11,5232889182549731171,49,SMC5 (23137)
ACH-000178,11,5232889182549731171,50,SLC30A9 (10463)
ACH-000178,12,5163094450744004344,1,SMARCB1 (6598)
ACH-000178,12,5163094450744004344,2,NFRKB (4798)
ACH-000178,12,5163094450744004344,3,CCDC6 (8030)
ACH-000178,12,5163094450744004344,4,ACSL3 (2181)
ACH-000178,12,5163094450744004344,5,MTHFD1 (4522)
ACH-000178,12,5163094450744004344,6,GPX4 (2879)
ACH-000178,12,5163094450744004344,7,NDC1 (55706)
ACH-000178,12,5163094450744004344,8,WRN (7486)
ACH-000178,12,5163094450744004344,9,MIB1 (57534)
ACH-000178,12,5163094450744004344,10,PCNX3 (399909)
ACH-000178,12,5163094450744004344,11,ADSS2 (159)
ACH-000178,12,5163094450744004344,12,IMPDH2 (3615)
ACH-000178,12,5163094450744004344,13,RBM18 (92400)
ACH-000178,12,5163094450744004344,14,RPAP2 (79871)
ACH-000178,12,5163094450744004344,15,TSC2 (7249)
ACH-000178,12,5163094450744004344,16,TDP2 (51567)
ACH-000178,12,5163094450744004344,17,STAMBP (10617)
ACH-000178,12,5163094450744004344,18,RHOA (387)
ACH-000178,12,5163094450744004344,19,ATP6V1H (51606)
ACH-000178,12,5163094450744004344,20,COA6 (388753)
ACH-000178,12,5163094450744004344,21,FAM185A (222234)
ACH-000178,12,5163094450744004344,22,DNAJB13 (374407)
ACH-000178,12,5163094450744004344,23,NDUFAB1 (4706)
ACH-000178,12,5163094450744004344,24,H2BC5 (3017)
ACH-000178,12,5163094450744004344,25,SARNP (84324)
ACH-000178,12,5163094450744004344,26,IGF1R (3480)
ACH-000178,12,5163094450744004344,27,CFL1 (1072)
ACH-000178,12,5163094450744004344,28,MBTPS2 (51360)
ACH-000178,12,5163094450744004344,29,ADRM1 (11047)
ACH-000178,12,5163094450744004344,30,COX7C (1350)
ACH-000178,12,5163094450744004344,31,TSC22D2 (9819)
ACH-000178,12,5163094450744004344,32,IRF2BP2 (359948)
ACH-000178,12,5163094450744004344,33,RGP1 (9827)
ACH-000178,12,5163094450744004344,34,TGIF1 (7050)
ACH-000178,12,5163094450744004344,35,ATP2B1 (490)
ACH-000178,12,5163094450744004344,36,SOD2 (6648)
ACH-000178,12,5163094450744004344,37,MRPS24 (64951)
ACH-000178,12,5163094450744004344,38,HNF1B (6928)
ACH-000178,12,5163094450744004344,39,WDR73 (84942)
ACH-000178,12,5163094450744004344,40,PSMG2 (56984)
ACH-000178,12,5163094450744004344,41,MPPE1 (65258)
ACH-000178,12,5163094450744004344,42,CDIN1 (84529)
ACH-000178,12,5163094450744004344,43,SLC25A3 (5250)
ACH-000178,12,5163094450744004344,44,CTNNB1 (1499)
ACH-000178,12,5163094450744004344,45,MRPL4 (51073)
ACH-000178,12,5163094450744004344,46,NDUFC2 (4718)
ACH-000178,12,5163094450744004344,47,GEMIN7 (79760)
ACH-000178,12,5163094450744004344,48,METTL1 (4234)
ACH-000178,12,5163094450744004344,49,ITGAV (3685)
ACH-000178,12,5163094450744004344,50,ACTB (60)
ACH-000178,13,11272698260081498735,1,NPEPPS (9520)
ACH-000178,13,11272698260081498735,2,MMGT1 (93380)
ACH-000178,13,11272698260081498735,3,C19orf53 (28974)
ACH-000178,13,11272698260081498735,4,CCND1 (595)
ACH-000178,13,11272698260081498735,5,TAF1D (79101)
ACH-000178,13,11272698260081498735,6,CYB5B (80777)
ACH-000178,13,11272698260081498735,7,DSCC1 (79075)
ACH-000178,13,11272698260081498735,8,SGF29 (112869)
ACH-000178,13,11272698260081498735,9,DET1 (55070)
ACH-000178,13,11272698260081498735,10,RPP25L (138716)
ACH-000178,13,11272698260081498735,11,FGFR1 (2260)
ACH-000178,13,11272698260081498735,12,TFRC (7037)
ACH-000178,13,11272698260081498735,13,H2AX (3014)
ACH-000178,13,11272698260081498735,14,SLC30A9 (10463)
ACH-000178,13,11272698260081498735,15,KCTD5 (54442)
ACH-000178,13,11272698260081498735,16,NAPG (8774)
ACH-000178,13,11272698260081498735,17,PFN1 (5216)
ACH-000178,13,11272698260081498735,18,KANSL1 (284058)
ACH-000178,13,11272698260081498735,19,RRAGC (64121)
ACH-000178,13,11272698260081498735,20,PET117 (100303755)
ACH-000178,13,11272698260081498735,21,PFAS (5198)
ACH-000178,13,11272698260081498735,22,KRTCAP2 (200185)
ACH-000178,13,11272698260081498735,23,UQCRC2 (7385)
ACH-000178,13,11272698260081498735,24,COX6A1 (1337)
ACH-000178,13,11272698260081498735,25,XRCC3 (7517)
ACH-000178,13,11272698260081498735,26,CBFB (865)
ACH-000178,13,11272698260081498735,27,ANKRD49 (54851)
ACH-000178,13,11272698260081498735,28,NMT1 (4836)
ACH-000178,13,11272698260081498735,29,TTC7A (57217)
ACH-000178,13,11272698260081498735,30,C3orf38 (285237)
ACH-000178,13,11272698260081498735,31,MRPS6 (64968)
ACH-000178,13,11272698260081498735,32,MRPS12 (6183)
ACH-000178,13,11272698260081498735,33,VARS2 (57176)
ACH-000178,13,11272698260081498735,34,ACTR3 (10096)
ACH-000178,13,11272698260081498735,35,AMBRA1 (55626)
ACH-000178,13,11272698260081498735,36,MTG1 (92170)
ACH-000178,13,11272698260081498735,37,PPP6C (5537)
ACH-000178,13,11272698260081498735,38,PTDSS1 (9791)
ACH-000178,13,11272698260081498735,39,ATXN7L3 (56970)
ACH-000178,13,11272698260081498735,40,ACSL3 (2181)
ACH-000178,13,11272698260081498735,41,DSN1 (79980)
ACH-000178,13,11272698260081498735,42,LMNA (4000)
ACH-000178,13,11272698260081498735,43,NDUFB10 (4716)
ACH-000178,13,11272698260081498735,44,HSPA8 (3312)
ACH-000178,13,11272698260081498735,45,DDX39B (7919)
ACH-000178,13,11272698260081498735,46,CEP43 (11116)
ACH-000178,13,11272698260081498735,47,ZWINT (11130)
ACH-000178,13,11272698260081498735,48,PTPA (5524)
ACH-000178,13,11272698260081498735,49,INTS15 (79034)
ACH-000178,13,11272698260081498735,50,HYCC2 (285172)
ACH-000178,14,16450431461861199209,1,ARPC4 (10093)
ACH-000178,14,16450431461861199209,2,ELMO2 (63916)
ACH-000178,14,16450431461861199209,3,NARS2 (79731)
ACH-000178,14,16450431461861199209,4,SLC2A1 (6513)
ACH-000178,14,16450431461861199209,5,POLRMT (5442)
ACH-000178,14,16450431461861199209,6,DDX3X (1654)
ACH-000178,14,16450431461861199209,7,HNF1A (6927)
ACH-000178,14,16450431461861199209,8,KDM2A (22992)
ACH-000178,14,16450431461861199209,9,PFN1 (5216)
ACH-000178,14,16450431461861199209,10,PGM3 (5238)
ACH-000178,14,16450431461861199209,11,FAM185A (222234)
ACH-000178,14,16450431461861199209,12,MRPS5 (64969)
ACH-000178,14,16450431461861199209,13,CDK6 (1021)
ACH-000178,14,16450431461861199209,14,SREBF1 (6720)
ACH-000178,14,16450431461861199209,15,TRIT1 (54802)
ACH-000178,14,16450431461861199209,16,NOA1 (84273)
ACH-000178,14,16450431461861199209,17,NR2C2AP (126382)
ACH-000178,14,16450431461861199209,18,COX7C (1350)
ACH-000178,14,16450431461861199209,19,SOX10 (6663)
ACH-000178,14,16450431461861199209,20,FOSL1 (8061)
ACH-000178,14,16450431461861199209,21,GFPT1 (2673)
ACH-000178,14,16450431461861199209,22,IGF1R (3480)
ACH-000178,14,16450431461861199209,23,TSC2 (7249)
ACH-000178,14,16450431461861199209,24,FECH (2235)
ACH-000178,14,16450431461861199209,25,TAFAZZIN (6901)
ACH-000178,14,16450431461861199209,26,DNM1L (10059)
ACH-000178,14,16450431461861199209,27,ITGB5 (3693)
ACH-000178,14,16450431461861199209,28,LMNA (4000)
ACH-000178,14,16450431461861199209,29,KIF4A (24137)
ACH-000178,14,16450431461861199209,30,CHMP5 (51510)
ACH-000178,14,16450431461861199209,31,SEC62 (7095)
ACH-000178,14,16450431461861199209,32,SLC7A5 (8140)
ACH-000178,14,16450431461861199209,33,GRB2 (2885)
ACH-000178,14,16450431461861199209,34,ARID2 (196528)
ACH-000178,14,16450431461861199209,35,RFK (55312)
ACH-000178,14,16450431461861199209,36,DAP3 (7818)
ACH-000178,14,16450431461861199209,37,TAF1D (79101)
ACH-000178,14,16450431461861199209,38,SNRPB2 (6629)
ACH-000178,14,16450431461861199209,39,SQLE (6713)
ACH-000178,14,16450431461861199209,40,DHX29 (54505)
ACH-000178,14,16450431461861199209,41,UAP1 (6675)
ACH-000178,14,16450431461861199209,42,SNAP23 (8773)
ACH-000178,14,16450431461861199209,43,HARS2 (23438)
ACH-000178,14,16450431461861199209,44,PSMG1 (8624)
ACH-000178,14,16450431461861199209,45,BPTF (2186)
ACH-000178,14,16450431461861199209,46,TAPT1 (202018)
ACH-000178,14,16450431461861199209,47,MRPS6 (64968)
ACH-000178,14,16450431461861199209,48,CCNB1 (891)
ACH-000178,14,16450431461861199209,49,TIMM8A (1678)
ACH-000178,14,16450431461861199209,50,ITGAV (3685)
ACH-000178,15,15680869650957752625,1,FDXR (2232)
ACH-000178,15,15680869650957752625,2,FERMT2 (10979)
ACH-000178,15,15680869650957752625,3,FADD (8772)
ACH-000178,15,15680869650957752625,4,MCL1 (4170)
ACH-000178,15,15680869650957752625,5,HMBS (3145)
ACH-000178,15,15680869650957752625,6,ATP5F1C (509)
ACH-000178,15,15680869650957752625,7,ATF4 (468)
ACH-000178,15,15680869650957752625,8,MRPL35 (51318)
ACH-000178,15,15680869650957752625,9,CFLAR (8837)
ACH-000178,15,15680869650957752625,10,LDB1 (8861)
ACH-000178,15,15680869650957752625,11,RPAP2 (79871)
ACH-000178,15,15680869650957752625,12,HAUS8 (93323)
ACH-000178,15,15680869650957752625,13,METAP1 (23173)
ACH-000178,15,15680869650957752625,14,TUBE1 (51175)
ACH-000178,15,15680869650957752625,15,KIF18B (146909)
ACH-000178,15,15680869650957752625,16,KDM2A (22992)
ACH-000178,15,15680869650957752625,17,PPP1CA (5499)
ACH-000178,15,15680869650957752625,18,SDHB (6390)
ACH-000178,15,15680869650957752625,19,ACTR3 (10096)
ACH-000178,15,15680869650957752625,20,COX18 (285521)
ACH-000178,15,15680869650957752625,21,DET1 (55070)
ACH-000178,15,15680869650957752625,22,MRPS10 (55173)
ACH-000178,15,15680869650957752625,23,EEFSEC (60678)
ACH-000178,15,15680869650957752625,24,LAMTOR2 (28956)
ACH-000178,15,15680869650957752625,25,RHEB (6009)
ACH-000178,15,15680869650957752625,26,RAB10 (10890)
ACH-000178,15,15680869650957752625,27,UBE2S (27338)
ACH-000178,15,15680869650957752625,28,CDH1 (999)
ACH-000178,15,15680869650957752625,29,SYNCRIP (10492)
ACH-000178,15,15680869650957752625,30,NONO (4841)
ACH-000178,15,15680869650957752625,31,COQ4 (51117)
ACH-000178,15,15680869650957752625,32,ZNF407 (55628)
ACH-000178,15,15680869650957752625,33,MRPS16 (51021)
ACH-000178,15,15680869650957752625,34,CRIPTO (6997)
ACH-000178,15,15680869650957752625,35,ENO1 (2023)
ACH-000178,15,15680869650957752625,36,ATIC (471)
ACH-000178,15,15680869650957752625,37,CCNC (892)
ACH-000178,15,15680869650957752625,38,MTCH2 (23788)
ACH-000178,15,15680869650957752625,39,RAB6A (5870)
ACH-000178,15,15680869650957752625,40,ZFX (7543)
ACH-000178,15,15680869650957752625,41,ARID2 (196528)
ACH-000178,15,15680869650957752625,42,FURIN (5045)
ACH-000178,15,15680869650957752625,43,CCND1 (595)
ACH-000178,15,15680869650957752625,44,UAP1 (6675)
ACH-000178,15,15680869650957752625,45,TSC22D2 (9819)
ACH-000178,15,15680869650957752625,46,RAD51C (5889)
ACH-000178,15,15680869650957752625,47,ELP2 (55250)
ACH-000178,15,15680869650957752625,48,BIRC6 (57448)
ACH-000178,15,15680869650957752625,49,LDLR (3949)
ACH-000178,15,15680869650957752625,50,GTF3C3 (9330)
ACH-000178,16,16971500879106469231,1,PDCD7 (10081)
ACH-000178,16,16971500879106469231,2,CDK4 (1019)
ACH-000178,16,16971500879106469231,3,PGM3 (5238)
ACH-000178,16,16971500879106469231,4,ICE2 (79664)
ACH-000178,16,16971500879106469231,5,FDXR (2232)
ACH-000178,16,16971500879106469231,6,HNF1A (6927)
ACH-000178,16,16971500879106469231,7,MTX2 (10651)
ACH-000178,16,16971500879106469231,8,SLC30A9 (10463)
ACH-000178,16,16971500879106469231,9,HAPLN2 (60484)
ACH-000178,16,16971500879106469231,10,ASCC3 (10973)
ACH-000178,16,16971500879106469231,11,PAGR1 (79447)
ACH-000178,16,16971500879106469231,12,NDUFA8 (4702)
ACH-000178,16,16971500879106469231,13,MAPK1 (5594)
ACH-000178,16,16971500879106469231,14,DAP3 (7818)
ACH-000178,16,16971500879106469231,15,IRS2 (8660)
ACH-000178,16,16971500879106469231,16,DNAJC13 (23317)
ACH-000178,16,16971500879106469231,17,FAM185A (222234)
ACH-000178,16,16971500879106469231,18,TEDC1 (283643)
ACH-000178,16,16971500879106469231,19,NAA20 (51126)
ACH-000178,16,16971500879106469231,20,ACSL3 (2181)
ACH-000178,16,16971500879106469231,21,MRPL32 (64983)
ACH-000178,16,16971500879106469231,22,WDR1 (9948)
ACH-000178,16,16971500879106469231,23,MYH9 (4627)
ACH-000178,16,16971500879106469231,24,MMGT1 (93380)
ACH-000178,16,16971500879106469231,25,SLC20A1 (6574)
ACH-000178,16,16971500879106469231,26,CCNL1 (57018)
ACH-000178,16,16971500879106469231,27,JTB (10899)
ACH-000178,16,16971500879106469231,28,RHOA (387)
ACH-000178,16,16971500879106469231,29,DET1 (55070)
ACH-000178,16,16971500879106469231,30,WWTR1 (25937)
ACH-000178,16,16971500879106469231,31,DHODH (1723)
ACH-000178,16,16971500879106469231,32,COASY (80347)
ACH-000178,16,16971500879106469231,33,CTNNB1 (1499)
ACH-000178,16,16971500879106469231,34,GEMIN7 (79760)
ACH-000178,16,16971500879106469231,35,UAP1 (6675)
ACH-000178,16,16971500879106469231,36,ELP2 (55250)
ACH-000178,16,16971500879106469231,37,GRB2 (2885)
ACH-000178,16,16971500879106469231,38,NIPBL (25836)
ACH-000178,16,16971500879106469231,39,DDX19A (55308)
ACH-000178,16,16971500879106469231,40,ZEB1 (6935)
ACH-000178,16,16971500879106469231,41,XRN1 (54464)
ACH-000178,16,16971500879106469231,42,PPAT (5471)
ACH-000178,16,16971500879106469231,43,NDUFC2 (4718)
ACH-000178,16,16971500879106469231,44,NBAS (51594)
ACH-000178,16,16971500879106469231,45,ARID1B (57492)
ACH-000178,16,16971500879106469231,46,MNAT1 (4331)
ACH-000178,16,16971500879106469231,47,CTPS1 (1503)
ACH-000178,16,16971500879106469231,48,RAD1 (5810)
ACH-000178,16,16971500879106469231,49,DNAJB13 (374407)
ACH-000178,16,16971500879106469231,50,COX18 (285521)
ACH-000178,17,15220705930819509992,1,STIL (6491)
ACH-000178,17,15220705930819509992,2,FDX1 (2230)
ACH-000178,17,15220705930819509992,3,RHOA (387)
ACH-000178,17,15220705930819509992,4,PMM2 (5373)
ACH-000178,17,15220705930819509992,5,LAMTOR2 (28956)
ACH-000178,17,15220705930819509992,6,UROD (7389)
ACH-000178,17,15220705930819509992,7,SREBF1 (6720)
ACH-000178,17,15220705930819509992,8,VPS4A (27183)
ACH-000178,17,15220705930819509992,9,GLRX5 (51218)
ACH-000178,17,15220705930819509992,10,RBBP7 (5931)
ACH-000178,17,15220705930819509992,11,DICER1 (23405)
ACH-000178,17,15220705930819509992,12,KIF20A (10112)
ACH-000178,17,15220705930819509992,13,ACSL3 (2181)
ACH-000178,17,15220705930819509992,14,DARS2 (55157)
ACH-000178,17,15220705930819509992,15,TIMM8A (1678)
ACH-000178,17,15220705930819509992,16,SLC20A1 (6574)
ACH-000178,17,15220705930819509992,17,MRPL4 (51073)
ACH-000178,17,15220705930819509992,18,HARS2 (23438)
ACH-000178,17,15220705930819509992,19,RAD1 (5810)
ACH-000178,17,15220705930819509992,20,MTCH2 (23788)
ACH-000178,17,15220705930819509992,21,FDFT1 (2222)
ACH-000178,17,15220705930819509992,22,TTC7A (57217)
ACH-000178,17,15220705930819509992,23,TIGD3 (220359)
ACH-000178,17,15220705930819509992,24,MBTPS1 (8720)
ACH-000178,17,15220705930819509992,25,HYCC2 (285172)
ACH-000178,17,15220705930819509992,26,GPX4 (2879)
ACH-000178,17,15220705930819509992,27,SRSF10 (10772)
ACH-000178,17,15220705930819509992,28,NONO (4841)
ACH-000178,17,15220705930819509992,29,KIF18B (146909)
ACH-000178,17,15220705930819509992,30,NDUFB4 (4710)
ACH-000178,17,15220705930819509992,31,UBIAD1 (29914)
ACH-000178,17,15220705930819509992,32,WDR83 (84292)
ACH-000178,17,15220705930819509992,33,DDX19A (55308)
ACH-000178,17,15220705930819509992,34,EARS2 (124454)
ACH-000178,17,15220705930819509992,35,ZNF217 (7764)
ACH-000178,17,15220705930819509992,36,TAF5L (27097)
ACH-000178,17,15220705930819509992,37,DHODH (1723)
ACH-000178,17,15220705930819509992,38,UBA5 (79876)
ACH-000178,17,15220705930819509992,39,XRCC2 (7516)
ACH-000178,17,15220705930819509992,40,DSN1 (79980)
ACH-000178,17,15220705930819509992,41,ADSS2 (159)
ACH-000178,17,15220705930819509992,42,FBXO42 (54455)
ACH-000178,17,15220705930819509992,43,PTK2 (5747)
ACH-000178,17,15220705930819509992,44,PFN1 (5216)
ACH-000178,17,15220705930819509992,45,TFRC (7037)
ACH-000178,17,15220705930819509992,46,SLC33A1 (9197)
ACH-000178,17,15220705930819509992,47,ZNF407 (55628)
ACH-000178,17,15220705930819509992,48,BUD13 (84811)
ACH-000178,17,15220705930819509992,49,CHMP7 (91782)
ACH-000178,17,15220705930819509992,50,TACC3 (10460)
ACH-000178,18,1580896017253207243,1,IPPK (64768)
ACH-000178,18,1580896017253207243,2,TIMM22 (29928)
ACH-000178,18,1580896017253207243,3,SMCHD1 (23347)
ACH-000178,18,1580896017253207243,4,PFDN1 (5201)
ACH-000178,18,1580896017253207243,5,CDAN1 (146059)
ACH-000178,18,1580896017253207243,6,TFRC (7037)
ACH-000178,18,1580896017253207243,7,ILK (3611)
ACH-000178,18,1580896017253207243,8,SOCS3 (9021)
ACH-000178,18,1580896017253207243,9,TFB2M (64216)
ACH-000178,18,1580896017253207243,10,LSM12 (124801)
ACH-000178,18,1580896017253207243,11,INTS15 (79034)
ACH-000178,18,1580896017253207243,12,UXS1 (80146)
ACH-000178,18,1580896017253207243,13,NXT1 (29107)
ACH-000178,18,1580896017253207243,14,PPP2R3C (55012)
ACH-000178,18,1580896017253207243,15,ELP2 (55250)
ACH-000178,18,1580896017253207243,16,ELMO2 (63916)
ACH-000178,18,1580896017253207243,17,TEAD1 (7003)
ACH-000178,18,1580896017253207243,18,XRCC3 (7517)
ACH-000178,18,1580896017253207243,19,GFM1 (85476)
ACH-000178,18,1580896017253207243,20,MRPS5 (64969)
ACH-000178,18,1580896017253207243,21,SMC5 (23137)
ACH-000178,18,1580896017253207243,22,MYBL2 (4605)
ACH-000178,18,1580896017253207243,23,FOXA2 (3170)
ACH-000178,18,1580896017253207243,24,UBE2H (7328)
ACH-000178,18,1580896017253207243,25,USP9X (8239)
ACH-000178,18,1580896017253207243,26,PTDSS1 (9791)
ACH-000178,18,1580896017253207243,27,NRAS (4893)
ACH-000178,18,1580896017253207243,28,DLST (1743)
ACH-000178,18,1580896017253207243,29,CYB5B (80777)
ACH-000178,18,1580896017253207243,30,AP2S1 (1175)
ACH-000178,18,1580896017253207243,31,ARID2 (196528)
ACH-000178,18,1580896017253207243,32,NCAPD3 (23310)
ACH-000178,18,1580896017253207243,33,TAPT1 (202018)
ACH-000178,18,1580896017253207243,34,SEC62 (7095)
ACH-000178,18,1580896017253207243,35,FERMT1 (55612)
ACH-000178,18,1580896017253207243,36,MRPL41 (64975)
ACH-000178,18,1580896017253207243,37,SLC25A28 (81894)
ACH-000178,18,1580896017253207243,38,NFRKB (4798)
ACH-000178,18,1580896017253207243,39,PFN1 (5216)
ACH-000178,18,1580896017253207243,40,EGLN1 (54583)
ACH-000178,18,1580896017253207243,41,CRAMP1 (57585)
ACH-000178,18,1580896017253207243,42,PPP1CB (5500)
ACH-000178,18,1580896017253207243,43,RPUSD4 (84881)
ACH-000178,18,1580896017253207243,44,FBXW11 (23291)
ACH-000178,18,1580896017253207243,45,NDC1 (55706)
ACH-000178,18,1580896017253207243,46,TRERF1 (55809)
ACH-000178,18,1580896017253207243,47,PDCD5 (9141)
ACH-000178,18,1580896017253207243,48,NCKAP1 (10787)
ACH-000178,18,1580896017253207243,49,SHOC2 (8036)
ACH-000178,18,1580896017253207243,50,WNK1 (65125)
ACH-000178,19,2690125865436743862,1,PPP2R2A (5520)
ACH-000178,19,2690125865436743862,2,SUGT1 (10910)
ACH-000178,19,2690125865436743862,3,MCMBP (79892)
ACH-000178,19,2690125865436743862,4,NSMCE4A (54780)
ACH-000178,19,2690125865436743862,5,ATF4 (468)
ACH-000178,19,2690125865436743862,6,MRPS24 (64951)
ACH-000178,19,2690125865436743862,7,GEMIN2 (8487)
ACH-000178,19,2690125865436743862,8,GOLT1B (51026)
ACH-000178,19,2690125865436743862,9,INTS6 (26512)
ACH-000178,19,2690125865436743862,10,MRPL4 (51073)
ACH-000178,19,2690125865436743862,11,FDXR (2232)
ACH-000178,19,2690125865436743862,12,TIMM8A (1678)
ACH-000178,19,2690125865436743862,13,IRF2BP2 (359948)
ACH-000178,19,2690125865436743862,14,P2RY6 (5031)
ACH-000178,19,2690125865436743862,15,DDX3X (1654)
ACH-000178,19,2690125865436743862,16,PSMG2 (56984)
ACH-000178,19,2690125865436743862,17,TCOF1 (6949)
ACH-000178,19,2690125865436743862,18,ADAR (103)
ACH-000178,19,2690125865436743862,19,MRPL53 (116540)
ACH-000178,19,2690125865436743862,20,UBQLN4 (56893)
ACH-000178,19,2690125865436743862,21,BAP1 (8314)
ACH-000178,19,2690125865436743862,22,PTP4A1 (7803)
ACH-000178,19,2690125865436743862,23,FERMT2 (10979)
ACH-000178,19,2690125865436743862,24,BUD13 (84811)
ACH-000178,19,2690125865436743862,25,ELAVL1 (1994)
ACH-000178,19,2690125865436743862,26,ATP5F1C (509)
ACH-000178,19,2690125865436743862,27,WWTR1 (25937)
ACH-000178,19,2690125865436743862,28,ILK (3611)
ACH-000178,19,2690125865436743862,29,GLMN (11146)
ACH-000178,19,2690125865436743862,30,CBLL1 (79872)
ACH-000178,19,2690125865436743862,31,GABPB1 (2553)
ACH-000178,19,2690125865436743862,32,NAPG (8774)
ACH-000178,19,2690125865436743862,33,HUS1 (3364)
ACH-000178,19,2690125865436743862,34,FERMT1 (55612)
ACH-000178,19,2690125865436743862,35,PTK2 (5747)
ACH-000178,19,2690125865436743862,36,MAPK14 (1432)
ACH-000178,19,2690125865436743862,37,H2AX (3014)
ACH-000178,19,2690125865436743862,38,XRCC3 (7517)
ACH-000178,19,2690125865436743862,39,TMED2 (10959)
ACH-000178,19,2690125865436743862,40,BSG (682)
ACH-000178,19,2690125865436743862,41,MTCH2 (23788)
ACH-000178,19,2690125865436743862,42,NMNAT1 (64802)
ACH-000178,19,2690125865436743862,43,SGF29 (112869)
ACH-000178,19,2690125865436743862,44,CDK4 (1019)
ACH-000178,19,2690125865436743862,45,CRLS1 (54675)
ACH-000178,19,2690125865436743862,46,GPX4 (2879)
ACH-000178,19,2690125865436743862,47,UBE2Z (65264)
ACH-000178,19,2690125865436743862,48,YME1L1 (10730)
ACH-000178,19,2690125865436743862,49,PAXIP1 (22976)
ACH-000178,19,2690125865436743862,50,PAICS (10606)
ACH-000348,0,4435162976401698012,1,SCAP (22937)
ACH-000348,0,4435162976401698012,2,MEN1 (4221)
ACH-000348,0,4435162976401698012,3,ACO2 (50)
ACH-000348,0,4435162976401698012,4,CBLL1 (79872)
ACH-000348,0,4435162976401698012,5,CREBBP (1387)
ACH-000348,0,4435162976401698012,6,BPTF (2186)
ACH-000348,0,4435162976401698012,7,MRPS12 (6183)
ACH-000348,0,4435162976401698012,8,ARF4 (378)
ACH-000348,0,4435162976401698012,9,ISCA2 (122961)
ACH-000348,0,4435162976401698012,10,CHMP7 (91782)
ACH-000348,0,4435162976401698012,11,MRPS11 (64963)
ACH-000348,0,4435162976401698012,12,MRPL39 (54148)
ACH-000348,0,4435162976401698012,13,TRIT1 (54802)
ACH-000348,0,4435162976401698012,14,CSNK1A1 (1452)
ACH-000348,0,4435162976401698012,15,WDR73 (84942)
ACH-000348,0,4435162976401698012,16,ELOF1 (84337)
ACH-000348,0,4435162976401698012,17,NDUFB11 (54539)
ACH-000348,0,4435162976401698012,18,MTG1 (92170)
ACH-000348,0,4435162976401698012,19,CRAMP1 (57585)
ACH-000348,0,4435162976401698012,20,ATP6V1H (51606)
ACH-000348,0,4435162976401698012,21,RPP25L (138716)
ACH-000348,0,4435162976401698012,22,AP2M1 (1173)
ACH-000348,0,4435162976401698012,23,CFLAR (8837)
ACH-000348,0,4435162976401698012,24,ATF4 (468)
ACH-000348,0,4435162976401698012,25,CEP85 (64793)
ACH-000348,0,4435162976401698012,26,GLRX5 (51218)
ACH-000348,0,4435162976401698012,27,TDP2 (51567)
ACH-000348,0,4435162976401698012,28,CCNB1 (891)
ACH-000348,0,4435162976401698012,29,ATXN7L3 (56970)
ACH-000348,0,4435162976401698012,30,ASCC3 (10973)
ACH-000348,0,4435162976401698012,31,TACC3 (10460)
ACH-000348,0,4435162976401698012,32,GPX4 (2879)
ACH-000348,0,4435162976401698012,33,TMED10 (10972)
ACH-000348,0,4435162976401698012,34,FAM50A (9130)
ACH-000348,0,4435162976401698012,35,RGP1 (9827)
ACH-000348,0,4435162976401698012,36,SLC3A2 (6520)
ACH-000348,0,4435162976401698012,37,WDR48 (57599)
ACH-000348,0,4435162976401698012,38,MAD2L1BP (9587)
ACH-000348,0,4435162976401698012,39,MED9 (55090)
ACH-000348,0,4435162976401698012,40,UBR5 (51366)
ACH-000348,0,4435162976401698012,41,TYMS (7298)
ACH-000348,0,4435162976401698012,42,DNM1L (10059)
ACH-000348,0,4435162976401698012,43,HEMK2 (29104)
ACH-000348,0,4435162976401698012,44,PTDSS1 (9791)
ACH-000348,0,4435162976401698012,45,TIPRL (261726)
ACH-000348,0,4435162976401698012,46,MED24 (9862)
ACH-000348,0,4435162976401698012,47,FBXO42 (54455)
ACH-000348,0,4435162976401698012,48,GTF3C3 (9330)
ACH-000348,0,4435162976401698012,49,XYLT2 (64132)
ACH-000348,0,4435162976401698012,50,BRAF (673)
ACH-000348,1,2589833091450087107,1,NDE1 (54820)
ACH-000348,1,2589833091450087107,2,PPA2 (27068)
ACH-000348,1,2589833091450087107,3,SUGT1 (10910)
ACH-000348,1,2589833091450087107,4,GART (2618)
ACH-000348,1,2589833091450087107,5,DHODH (1723)
ACH-000348,1,2589833091450087107,6,ELOF1 (84337)
ACH-000348,1,2589833091450087107,7,TOMM70 (9868)
ACH-000348,1,2589833091450087107,8,MED9 (55090)
ACH-000348,1,2589833091450087107,9,UBE2S (27338)
ACH-000348,1,2589833091450087107,10,ASNS (440)
ACH-000348,1,2589833091450087107,11,CDS2 (8760)
ACH-000348,1,2589833091450087107,12,YME1L1 (10730)
ACH-000348,1,2589833091450087107,13,TOE1 (114034)
ACH-000348,1,2589833091450087107,14,NDUFB3 (4709)
ACH-000348,1,2589833091450087107,15,SCAP (22937)
ACH-000348,1,2589833091450087107,16,PTPN11 (5781)
ACH-000348,1,2589833091450087107,17,GEMIN2 (8487)
ACH-000348,1,2589833091450087107,18,NIPBL (25836)
ACH-000348,1,2589833091450087107,19,PTPA (5524)
ACH-000348,1,2589833091450087107,20,SREBF1 (6720)
ACH-000348,1,2589833091450087107,21,DARS2 (55157)
ACH-000348,1,2589833091450087107,22,PAXIP1 (22976)
ACH-000348,1,2589833091450087107,23,PTK2 (5747)
ACH-000348,1,2589833091450087107,24,WDR1 (9948)
ACH-000348,1,2589833091450087107,25,AIFM1 (9131)
ACH-000348,1,2589833091450087107,26,STAMBP (10617)
ACH-000348,1,2589833091450087107,27,CAND1 (55832)
ACH-000348,1,2589833091450087107,28,MIPEP (4285)
ACH-000348,1,2589833091450087107,29,SYNCRIP (10492)
ACH-000348,1,2589833091450087107,30,NAMPT (10135)
ACH-000348,1,2589833091450087107,31,VPS4B (9525)
ACH-000348,1,2589833091450087107,32,INTS6 (26512)
ACH-000348,1,2589833091450087107,33,BCL9 (607)
ACH-000348,1,2589833091450087107,34,MED24 (9862)
ACH-000348,1,2589833091450087107,35,CAB39 (51719)
ACH-000348,1,2589833091450087107,36,FURIN (5045)
ACH-000348,1,2589833091450087107,37,DNAJC11 (55735)
ACH-000348,1,2589833091450087107,38,ZFP36L1 (677)
ACH-000348,1,2589833091450087107,39,AP2M1 (1173)
ACH-000348,1,2589833091450087107,40,RPIA (22934)
ACH-000348,1,2589833091450087107,41,NMT1 (4836)
ACH-000348,1,2589833091450087107,42,ANKRD49 (54851)
ACH-000348,1,2589833091450087107,43,PPP2R2A (5520)
ACH-000348,1,2589833091450087107,44,WWTR1 (25937)
ACH-000348,1,2589833091450087107,45,MRPL32 (64983)
ACH-000348,1,2589833091450087107,46,TFRC (7037)
ACH-000348,1,2589833091450087107,47,GCN1 (10985)
ACH-000348,1,2589833091450087107,48,FXN (2395)
ACH-000348,1,2589833091450087107,49,ELMO2 (63916)
ACH-000348,1,2589833091450087107,50,AMBRA1 (55626)
ACH-000348,2,16824844990819949617,1,IDH3A (3419)
ACH-000348,2,16824844990819949617,2,FURIN (5045)
ACH-000348,2,16824844990819949617,3,CTDSPL2 (51496)
ACH-000348,2,16824844990819949617,4,PCYT1A (5130)
ACH-000348,2,16824844990819949617,5,MAU2 (23383)
ACH-000348,2,16824844990819949617,6,KIF4A (24137)
ACH-000348,2,16824844990819949617,7,PAGR1 (79447)
ACH-000348,2,16824844990819949617,8,SERBP1 (26135)
ACH-000348,2,16824844990819949617,9,PGP (283871)
ACH-000348,2,16824844990819949617,10,SNAP23 (8773)
ACH-000348,2,16824844990819949617,11,P2RY6 (5031)
ACH-000348,2,16824844990819949617,12,PSMG2 (56984)
ACH-000348,2,16824844990819949617,13,SEPHS2 (22928)
ACH-000348,2,16824844990819949617,14,TMED2 (10959)
ACH-000348,2,16824844990819949617,15,PPP6C (5537)
ACH-000348,2,16824844990819949617,16,DYNLL1 (8655)
ACH-000348,2,16824844990819949617,17,UBE2Z (65264)
ACH-000348,2,16824844990819949617,18,TRAF7 (84231)
ACH-000348,2,16824844990819949617,19,TIMM22 (29928)
ACH-000348,2,16824844990819949617,20,ZMYND8 (23613)
ACH-000348,2,16824844990819949617,21,IRF2BP2 (359948)
ACH-000348,2,16824844990819949617,22,MVD (4597)
ACH-000348,2,16824844990819949617,23,NBAS (51594)
ACH-000348,2,16824844990819949617,24,SMC5 (23137)
ACH-000348,2,16824844990819949617,25,CAB39 (51719)
ACH-000348,2,16824844990819949617,26,GOLT1B (51026)
ACH-000348,2,16824844990819949617,27,KNTC1 (9735)
ACH-000348,2,16824844990819949617,28,METTL17 (64745)
ACH-000348,2,16824844990819949617,29,NCAPD3 (23310)
ACH-000348,2,16824844990819949617,30,PPA2 (27068)
ACH-000348,2,16824844990819949617,31,PARS2 (25973)
ACH-000348,2,16824844990819949617,32,CUL2 (8453)
ACH-000348,2,16824844990819949617,33,NPEPPS (9520)
ACH-000348,2,16824844990819949617,34,ASCC3 (10973)
ACH-000348,2,16824844990819949617,35,TIMM29 (90580)
ACH-000348,2,16824844990819949617,36,ZNF217 (7764)
ACH-000348,2,16824844990819949617,37,XRN1 (54464)
ACH-000348,2,16824844990819949617,38,MRPL18 (29074)
ACH-000348,2,16824844990819949617,39,RGP1 (9827)
ACH-000348,2,16824844990819949617,40,CREBBP (1387)
ACH-000348,2,16824844990819949617,41,TOE1 (114034)
ACH-000348,2,16824844990819949617,42,KANSL1 (284058)
ACH-000348,2,16824844990819949617,43,PTP4A1 (7803)
ACH-000348,2,16824844990819949617,44,CFLAR (8837)
ACH-000348,2,16824844990819949617,45,PGM3 (5238)
ACH-000348,2,16824844990819949617,46,BPTF (2186)
ACH-000348,2,16824844990819949617,47,NFE2L2 (4780)
ACH-000348,2,16824844990819949617,48,SHOC2 (8036)
ACH-000348,2,16824844990819949617,49,MCL1 (4170)
ACH-000348,2,16824844990819949617,50,SAMM50 (25813)
ACH-000348,3,11050204673138792145,1,TTC7A (57217)
ACH-000348,3,11050204673138792145,2,PPA2 (27068)
ACH-000348,3,11050204673138792145,3,MAU2 (23383)
ACH-000348,3,11050204673138792145,4,ADRM1 (11047)
ACH-000348,3,11050204673138792145,5,MEN1 (4221)
ACH-000348,3,11050204673138792145,6,DAXX (1616)
ACH-000348,3,11050204673138792145,7,ZWINT (11130)
ACH-000348,3,11050204673138792145,8,NIPBL (25836)
ACH-000348,3,11050204673138792145,9,COX15 (1355)
ACH-000348,3,11050204673138792145,10,NR2C2AP (126382)
ACH-000348,3,11050204673138792145,11,COX18 (285521)
ACH-000348,3,11050204673138792145,12,ACSL3 (2181)
ACH-000348,3,11050204673138792145,13,MRPS11 (64963)
ACH-000348,3,11050204673138792145,14,FAM210A (125228)
ACH-000348,3,11050204673138792145,15,POP7 (10248)
ACH-000348,3,11050204673138792145,16,HSD17B10 (3028)
ACH-000348,3,11050204673138792145,17,BSG (682)
ACH-000348,3,11050204673138792145,18,CFL1 (1072)
ACH-000348,3,11050204673138792145,19,HAUS8 (93323)
ACH-000348,3,11050204673138792145,20,SREBF1 (6720)
ACH-000348,3,11050204673138792145,21,TRIM28 (10155)
ACH-000348,3,11050204673138792145,22,MIPEP (4285)
ACH-000348,3,11050204673138792145,23,GOLGA7 (51125)
ACH-000348,3,11050204673138792145,24,CTDSPL2 (51496)
ACH-000348,3,11050204673138792145,25,THAP11 (57215)
ACH-000348,3,11050204673138792145,26,RBM18 (92400)
ACH-000348,3,11050204673138792145,27,CCAR1 (55749)
ACH-000348,3,11050204673138792145,28,SOX9 (6662)
ACH-000348,3,11050204673138792145,29,MRPS7 (51081)
ACH-000348,3,11050204673138792145,30,KNTC1 (9735)
ACH-000348,3,11050204673138792145,31,FDX1 (2230)
ACH-000348,3,11050204673138792145,32,MYH9 (4627)
ACH-000348,3,11050204673138792145,33,ZEB1 (6935)
ACH-000348,3,11050204673138792145,34,MTG1 (92170)
ACH-000348,3,11050204673138792145,35,GART (2618)
ACH-000348,3,11050204673138792145,36,WDR7 (23335)
ACH-000348,3,11050204673138792145,37,MRPL4 (51073)
ACH-000348,3,11050204673138792145,38,TEDC1 (283643)
ACH-000348,3,11050204673138792145,39,TUBE1 (51175)
ACH-000348,3,11050204673138792145,40,REXO2 (25996)
ACH-000348,3,11050204673138792145,41,CTPS1 (1503)
ACH-000348,3,11050204673138792145,42,HAPSTR1 (29035)
ACH-000348,3,11050204673138792145,43,GCN1 (10985)
ACH-000348,3,11050204673138792145,44,CHMP7 (91782)
ACH-000348,3,11050204673138792145,45,H2BC9 (8345)
ACH-000348,3,11050204673138792145,46,ANLN (54443)
ACH-000348,3,11050204673138792145,47,USP7 (7874)
ACH-000348,3,11050204673138792145,48,ESCO2 (157570)
ACH-000348,3,11050204673138792145,49,WNK1 (65125)
ACH-000348,3,11050204673138792145,50,FLII (2314)
ACH-000348,4,11526975021464620718,1,DYNLL1 (8655)
ACH-000348,4,11526975021464620718,2,ANKRD49 (54851)
ACH-000348,4,11526975021464620718,3,PTK2 (5747)
ACH-000348,4,11526975021464620718,4,PAICS (10606)
ACH-000348,4,11526975021464620718,5,KIF14 (9928)
ACH-000348,4,11526975021464620718,6,ADAR (103)
ACH-000348,4,11526975021464620718,7,MBTPS2 (51360)
ACH-000348,4,11526975021464620718,8,NARS2 (79731)
ACH-000348,4,11526975021464620718,9,HSD17B10 (3028)
ACH-000348,4,11526975021464620718,10,TRIM28 (10155)
ACH-000348,4,11526975021464620718,11,SAMM50 (25813)
ACH-000348,4,11526975021464620718,12,CHMP5 (51510)
ACH-000348,4,11526975021464620718,13,NFE2L2 (4780)
ACH-000348,4,11526975021464620718,14,PPP6C (5537)
ACH-000348,4,11526975021464620718,15,MRPS6 (64968)
ACH-000348,4,11526975021464620718,16,HNF1A (6927)
ACH-000348,4,11526975021464620718,17,ADRM1 (11047)
ACH-000348,4,11526975021464620718,18,SLC25A26 (115286)
ACH-000348,4,11526975021464620718,19,GCN1 (10985)
ACH-000348,4,11526975021464620718,20,FGFR1 (2260)
ACH-000348,4,11526975021464620718,21,MYBBP1A (10514)
ACH-000348,4,11526975021464620718,22,TDP2 (51567)
ACH-000348,4,11526975021464620718,23,REXO2 (25996)
ACH-000348,4,11526975021464620718,24,TRIM37 (4591)
ACH-000348,4,11526975021464620718,25,DNAJC19 (131118)
ACH-000348,4,11526975021464620718,26,ASCC3 (10973)
ACH-000348,4,11526975021464620718,27,NXT1 (29107)
ACH-000348,4,11526975021464620718,28,MRPS5 (64969)
ACH-000348,4,11526975021464620718,29,TRNAU1AP (54952)
ACH-000348,4,11526975021464620718,30,SREBF1 (6720)
ACH-000348,4,11526975021464620718,31,CSNK1A1 (1452)
ACH-000348,4,11526975021464620718,32,KEAP1 (9817)
ACH-000348,4,11526975021464620718,33,H2BC5 (3017)
ACH-000348,4,11526975021464620718,34,RHOA (387)
ACH-000348,4,11526975021464620718,35,GART (2618)
ACH-000348,4,11526975021464620718,36,WDR7 (23335)
ACH-000348,4,11526975021464620718,37,RPUSD4 (84881)
ACH-000348,4,11526975021464620718,38,NONO (4841)
ACH-000348,4,11526975021464620718,39,NAMPT (10135)
ACH-000348,4,11526975021464620718,40,USP1 (7398)
ACH-000348,4,11526975021464620718,41,ATXN7L3 (56970)
ACH-000348,4,11526975021464620718,42,RNF4 (6047)
ACH-000348,4,11526975021464620718,43,CCNB1 (891)
ACH-000348,4,11526975021464620718,44,C19orf53 (28974)
ACH-000348,4,11526975021464620718,45,HECTD1 (25831)
ACH-000348,4,11526975021464620718,46,UBE2S (27338)
ACH-000348,4,11526975021464620718,47,PHF12 (57649)
ACH-000348,4,11526975021464620718,48,ARID2 (196528)
ACH-000348,4,11526975021464620718,49,MFN2 (9927)
ACH-000348,4,11526975021464620718,50,PPP1CA (5499)
ACH-000348,5,10063858916442505269,1,KCMF1 (56888)
ACH-000348,5,10063858916442505269,2,PPP1R15B (84919)
ACH-000348,5,10063858916442505269,3,H2BC9 (8345)
ACH-000348,5,10063858916442505269,4,ITGAV (3685)
ACH-000348,5,10063858916442505269,5,FAM98B (283742)
ACH-000348,5,10063858916442505269,6,PRDX1 (5052)
ACH-000348,5,10063858916442505269,7,HNF1B (6928)
ACH-000348,5,10063858916442505269,8,IMPDH2 (3615)
ACH-000348,5,10063858916442505269,9,KNTC1 (9735)
ACH-000348,5,10063858916442505269,10,MIPEP (4285)
ACH-000348,5,10063858916442505269,11,YME1L1 (10730)
ACH-000348,5,10063858916442505269,12,MRPL35 (51318)
ACH-000348,5,10063858916442505269,13,NR2C2AP (126382)
ACH-000348,5,10063858916442505269,14,WNK1 (65125)
ACH-000348,5,10063858916442505269,15,BRCA2 (675)
ACH-000348,5,10063858916442505269,16,MICOS10 (440574)
ACH-000348,5,10063858916442505269,17,ATP6V1H (51606)
ACH-000348,5,10063858916442505269,18,BCL9 (607)
ACH-000348,5,10063858916442505269,19,DLST (1743)
ACH-000348,5,10063858916442505269,20,MNAT1 (4331)
ACH-000348,5,10063858916442505269,21,MRPL49 (740)
ACH-000348,5,10063858916442505269,22,PPP1CB (5500)
ACH-000348,5,10063858916442505269,23,DOLPP1 (57171)
ACH-000348,5,10063858916442505269,24,COX15 (1355)
ACH-000348,5,10063858916442505269,25,NMNAT1 (64802)
ACH-000348,5,10063858916442505269,26,RAF1 (5894)
ACH-000348,5,10063858916442505269,27,HSD17B10 (3028)
ACH-000348,5,10063858916442505269,28,SREBF1 (6720)
ACH-000348,5,10063858916442505269,29,GOLGA7 (51125)
ACH-000348,5,10063858916442505269,30,PNKP (11284)
ACH-000348,5,10063858916442505269,31,UBE2S (27338)
ACH-000348,5,10063858916442505269,32,TSC22D2 (9819)
ACH-000348,5,10063858916442505269,33,CIT (11113)
ACH-000348,5,10063858916442505269,34,TSC1 (7248)
ACH-000348,5,10063858916442505269,35,ILK (3611)
ACH-000348,5,10063858916442505269,36,MRPL39 (54148)
ACH-000348,5,10063858916442505269,37,PTPN11 (5781)
ACH-000348,5,10063858916442505269,38,CCNB1 (891)
ACH-000348,5,10063858916442505269,39,JTB (10899)
ACH-000348,5,10063858916442505269,40,SLC38A2 (54407)
ACH-000348,5,10063858916442505269,41,NDUFAB1 (4706)
ACH-000348,5,10063858916442505269,42,GOLT1B (51026)
ACH-000348,5,10063858916442505269,43,SARS2 (54938)
ACH-000348,5,10063858916442505269,44,VPS37A (137492)
ACH-000348,5,10063858916442505269,45,HARS2 (23438)
ACH-000348,5,10063858916442505269,46,TOE1 (114034)
ACH-000348,5,10063858916442505269,47,LMNA (4000)
ACH-000348,5,10063858916442505269,48,GTF3C3 (9330)
ACH-000348,5,10063858916442505269,49,CDK8 (1024)
ACH-000348,5,10063858916442505269,50,CTNNB1 (1499)
ACH-000348,6,4907784316668345020,1,SNRPB2 (6629)
ACH-000348,6,4907784316668345020,2,LSM12 (124801)
ACH-000348,6,4907784316668345020,3,DOLPP1 (57171)
ACH-000348,6,4907784316668345020,4,TRAF7 (84231)
ACH-000348,6,4907784316668345020,5,MRPL32 (64983)
ACH-000348,6,4907784316668345020,6,OTUD5 (55593)
ACH-000348,6,4907784316668345020,7,RAD51D (5892)
ACH-000348,6,4907784316668345020,8,UFM1 (51569)
ACH-000348,6,4907784316668345020,9,USP7 (7874)
ACH-000348,6,4907784316668345020,10,SERBP1 (26135)
ACH-000348,6,4907784316668345020,11,COX15 (1355)
ACH-000348,6,4907784316668345020,12,RBM18 (92400)
ACH-000348,6,4907784316668345020,13,MTX2 (10651)
ACH-000348,6,4907784316668345020,14,ZFP36L1 (677)
ACH-000348,6,4907784316668345020,15,DDX39B (7919)
ACH-000348,6,4907784316668345020,16,SDHD (6392)
ACH-000348,6,4907784316668345020,17,SLC25A28 (81894)
ACH-000348,6,4907784316668345020,18,EED (8726)
ACH-000348,6,4907784316668345020,19,AP2S1 (1175)
ACH-000348,6,4907784316668345020,20,PRKAR1A (5573)
ACH-000348,6,4907784316668345020,21,NIPBL (25836)
ACH-000348,6,4907784316668345020,22,UMPS (7372)
ACH-000348,6,4907784316668345020,23,MBTPS1 (8720)
ACH-000348,6,4907784316668345020,24,ARID2 (196528)
ACH-000348,6,4907784316668345020,25,KRAS (3845)
ACH-000348,6,4907784316668345020,26,CCND1 (595)
ACH-000348,6,4907784316668345020,27,ATP1B3 (483)
ACH-000348,6,4907784316668345020,28,ARPC4 (10093)
ACH-000348,6,4907784316668345020,29,WNK1 (65125)
ACH-000348,6,4907784316668345020,30,EAPP (55837)
ACH-000348,6,4907784316668345020,31,ZMYND8 (23613)
ACH-000348,6,4907784316668345020,32,ADAR (103)
ACH-000348,6,4907784316668345020,33,SEPHS2 (22928)
ACH-000348,6,4907784316668345020,34,SLC2A1 (6513)
ACH-000348,6,4907784316668345020,35,SMARCB1 (6598)
ACH-000348,6,4907784316668345020,36,SHOC2 (8036)
ACH-000348,6,4907784316668345020,37,FPGS (2356)
ACH-000348,6,4907784316668345020,38,GLRX5 (51218)
ACH-000348,6,4907784316668345020,39,STIL (6491)
ACH-000348,6,4907784316668345020,40,FDFT1 (2222)
ACH-000348,6,4907784316668345020,41,UBIAD1 (29914)
ACH-000348,6,4907784316668345020,42,PET117 (100303755)
ACH-000348,6,4907784316668345020,43,NAA20 (51126)
ACH-000348,6,4907784316668345020,44,MIB1 (57534)
ACH-000348,6,4907784316668345020,45,METTL17 (64745)
ACH-000348,6,4907784316668345020,46,LIPT1 (51601)
ACH-000348,6,4907784316668345020,47,ARF4 (378)
ACH-000348,6,4907784316668345020,48,VEZF1 (7716)
ACH-000348,6,4907784316668345020,49,TRIT1 (54802)
ACH-000348,6,4907784316668345020,50,NDUFB6 (4712)
ACH-000348,7,13978402448787518047,1,PARD6B (84612)
ACH-000348,7,13978402448787518047,2,PDCD7 (10081)
ACH-000348,7,13978402448787518047,3,GEMIN4 (50628)
ACH-000348,7,13978402448787518047,4,MTG2 (26164)
ACH-000348,7,13978402448787518047,5,MED23 (9439)
ACH-000348,7,13978402448787518047,6,DAP3 (7818)
ACH-000348,7,13978402448787518047,7,COX7C (1350)
ACH-000348,7,13978402448787518047,8,MRPS14 (63931)
ACH-000348,7,13978402448787518047,9,UBE2S (27338)
ACH-000348,7,13978402448787518047,10,GART (2618)
ACH-000348,7,13978402448787518047,11,HSPA8 (3312)
ACH-000348,7,13978402448787518047,12,BRK1 (55845)
ACH-000348,7,13978402448787518047,13,WDR48 (57599)
ACH-000348,7,13978402448787518047,14,ATP6V0E1 (8992)
ACH-000348,7,13978402448787518047,15,SQLE (6713)
ACH-000348,7,13978402448787518047,16,MBTPS2 (51360)
ACH-000348,7,13978402448787518047,17,SMARCE1 (6605)
ACH-000348,7,13978402448787518047,18,SAMD4B (55095)
ACH-000348,7,13978402448787518047,19,ARMC5 (79798)
ACH-000348,7,13978402448787518047,20,TIGD3 (220359)
ACH-000348,7,13978402448787518047,21,TYMS (7298)
ACH-000348,7,13978402448787518047,22,MRPS10 (55173)
ACH-000348,7,13978402448787518047,23,GOLT1B (51026)
ACH-000348,7,13978402448787518047,24,CCND1 (595)
ACH-000348,7,13978402448787518047,25,PDCD5 (9141)
ACH-000348,7,13978402448787518047,26,ADRM1 (11047)
ACH-000348,7,13978402448787518047,27,DSCC1 (79075)
ACH-000348,7,13978402448787518047,28,GRSF1 (2926)
ACH-000348,7,13978402448787518047,29,ENO1 (2023)
ACH-000348,7,13978402448787518047,30,CUL2 (8453)
ACH-000348,7,13978402448787518047,31,GABPA (2551)
ACH-000348,7,13978402448787518047,32,EXOSC10 (5394)
ACH-000348,7,13978402448787518047,33,MRPL18 (29074)
ACH-000348,7,13978402448787518047,34,RAD51C (5889)
ACH-000348,7,13978402448787518047,35,BRAT1 (221927)
ACH-000348,7,13978402448787518047,36,CREBBP (1387)
ACH-000348,7,13978402448787518047,37,XRCC3 (7517)
ACH-000348,7,13978402448787518047,38,STAG2 (10735)
ACH-000348,7,13978402448787518047,39,ATP1B3 (483)
ACH-000348,7,13978402448787518047,40,PPP1CA (5499)
ACH-000348,7,13978402448787518047,41,SLC2A1 (6513)
ACH-000348,7,13978402448787518047,42,COX10 (1352)
ACH-000348,7,13978402448787518047,43,TKT (7086)
ACH-000348,7,13978402448787518047,44,CTNNB1 (1499)
ACH-000348,7,13978402448787518047,45,BRCA1 (672)
ACH-000348,7,13978402448787518047,46,EFR3A (23167)
ACH-000348,7,13978402448787518047,47,MRPL15 (29088)
ACH-000348,7,13978402448787518047,48,ATF4 (468)
ACH-000348,7,13978402448787518047,49,NPEPPS (9520)
ACH-000348,7,13978402448787518047,50,ARID2 (196528)
ACH-000348,8,14304461743052256925,1,CEP43 (11116)
ACH-000348,8,14304461743052256925,2,VARS2 (57176)
ACH-000348,8,14304461743052256925,3,HAPLN2 (60484)
ACH-000348,8,14304461743052256925,4,MRPS34 (65993)
ACH-000348,8,14304461743052256925,5,LDB1 (8861)
ACH-000348,8,14304461743052256925,6,POLG (5428)
ACH-000348,8,14304461743052256925,7,MIPEP (4285)
ACH-000348,8,14304461743052256925,8,XRN1 (54464)
ACH-000348,8,14304461743052256925,9,DNAJB13 (374407)
ACH-000348,8,14304461743052256925,10,WRN (7486)
ACH-000348,8,14304461743052256925,11,DOLPP1 (57171)
ACH-000348,8,14304461743052256925,12,MRPL55 (128308)
ACH-000348,8,14304461743052256925,13,KNTC1 (9735)
ACH-000348,8,14304461743052256925,14,CARS2 (79587)
ACH-000348,8,14304461743052256925,15,SAMD4B (55095)
ACH-000348,8,14304461743052256925,16,SDHA (6389)
ACH-000348,8,14304461743052256925,17,AIFM1 (9131)
ACH-000348,8,14304461743052256925,18,CYC1 (1537)
ACH-000348,8,14304461743052256925,19,DYNLL1 (8655)
ACH-000348,8,14304461743052256925,20,GRSF1 (2926)
ACH-000348,8,14304461743052256925,21,COX15 (1355)
ACH-000348,8,14304461743052256925,22,FOSL1 (8061)
ACH-000348,8,14304461743052256925,23,USP1 (7398)
ACH-000348,8,14304461743052256925,24,USE1 (55850)
ACH-000348,8,14304461743052256925,25,STAMBP (10617)
ACH-000348,8,14304461743052256925,26,CAD (790)
ACH-000348,8,14304461743052256925,27,WASHC2C (253725)
ACH-000348,8,14304461743052256925,28,TWNK (56652)
ACH-000348,8,14304461743052256925,29,PSMG1 (8624)
ACH-000348,8,14304461743052256925,30,PFDN1 (5201)
ACH-000348,8,14304461743052256925,31,SMARCB1 (6598)
ACH-000348,8,14304461743052256925,32,DDX19A (55308)
ACH-000348,8,14304461743052256925,33,MED23 (9439)
ACH-000348,8,14304461743052256925,34,GEMIN2 (8487)
ACH-000348,8,14304461743052256925,35,PRRC2A (7916)
ACH-000348,8,14304461743052256925,36,NAMPT (10135)
ACH-000348,8,14304461743052256925,37,PARS2 (25973)
ACH-000348,8,14304461743052256925,38,MED19 (219541)
ACH-000348,8,14304461743052256925,39,SNRPB2 (6629)
ACH-000348,8,14304461743052256925,40,UBR5 (51366)
ACH-000348,8,14304461743052256925,41,SLC25A26 (115286)
ACH-000348,8,14304461743052256925,42,TCOF1 (6949)
ACH-000348,8,14304461743052256925,43,BIRC6 (57448)
ACH-000348,8,14304461743052256925,44,SOD2 (6648)
ACH-000348,8,14304461743052256925,45,TSC1 (7248)
ACH-000348,8,14304461743052256925,46,GRB2 (2885)
ACH-000348,8,14304461743052256925,47,NMT1 (4836)
ACH-000348,8,14304461743052256925,48,HMBS (3145)
ACH-000348,8,14304461743052256925,49,LIPT1 (51601)
ACH-000348,8,14304461743052256925,50,GCN1 (10985)
ACH-000348,9,2740429558941338081,1,YME1L1 (10730)
ACH-000348,9,2740429558941338081,2,NHLRC2 (374354)
ACH-000348,9,2740429558941338081,3,TRPM7 (54822)
ACH-000348,9,2740429558941338081,4,WNK1 (65125)
ACH-000348,9,2740429558941338081,5,ACTB (60)
ACH-000348,9,2740429558941338081,6,ISCA2 (122961)
ACH-000348,9,2740429558941338081,7,RPAP2 (79871)
ACH-000348,9,2740429558941338081,8,GEMIN2 (8487)
ACH-000348,9,2740429558941338081,9,MRPS24 (64951)
ACH-000348,9,2740429558941338081,10,PRKAR1A (5573)
ACH-000348,9,2740429558941338081,11,EAPP (55837)
ACH-000348,9,2740429558941338081,12,FGFR1 (2260)
ACH-000348,9,2740429558941338081,13,PPM1D (8493)
ACH-000348,9,2740429558941338081,14,UMPS (7372)
ACH-000348,9,2740429558941338081,15,DNAJC11 (55735)
ACH-000348,9,2740429558941338081,16,FARS2 (10667)
ACH-000348,9,2740429558941338081,17,RBM18 (92400)
ACH-000348,9,2740429558941338081,18,GABPB1 (2553)
ACH-000348,9,2740429558941338081,19,IMPDH2 (3615)
ACH-000348,9,2740429558941338081,20,ARPC4 (10093)
ACH-000348,9,2740429558941338081,21,RFK (55312)
ACH-000348,9,2740429558941338081,22,ARF4 (378)
ACH-000348,9,2740429558941338081,23,CDS2 (8760)
ACH-000348,9,2740429558941338081,24,GCN1 (10985)
ACH-000348,9,2740429558941338081,25,SLC20A1 (6574)
ACH-000348,9,2740429558941338081,26,PITRM1 (10531)
ACH-000348,9,2740429558941338081,27,POLE3 (54107)
ACH-000348,9,2740429558941338081,28,NAA20 (51126)
ACH-000348,9,2740429558941338081,29,MRPL18 (29074)
ACH-000348,9,2740429558941338081,30,PPP1R15B (84919)
ACH-000348,9,2740429558941338081,31,NDUFB11 (54539)
ACH-000348,9,2740429558941338081,32,SDHD (6392)
ACH-000348,9,2740429558941338081,33,TELO2 (9894)
ACH-000348,9,2740429558941338081,34,RELA (5970)
ACH-000348,9,2740429558941338081,35,NDUFAB1 (4706)
ACH-000348,9,2740429558941338081,36,TRIM28 (10155)
ACH-000348,9,2740429558941338081,37,SOX10 (6663)
ACH-000348,9,2740429558941338081,38,SEPSECS (51091)
ACH-000348,9,2740429558941338081,39,ITGB5 (3693)
ACH-000348,9,2740429558941338081,40,COQ4 (51117)
ACH-000348,9,2740429558941338081,41,SMC5 (23137)
ACH-000348,9,2740429558941338081,42,GMNN (51053)
ACH-000348,9,2740429558941338081,43,VPS33A (65082)
ACH-000348,9,2740429558941338081,44,SLC30A9 (10463)
ACH-000348,9,2740429558941338081,45,RAB10 (10890)
ACH-000348,9,2740429558941338081,46,PPIL1 (51645)
ACH-000348,9,2740429558941338081,47,PTPMT1 (114971)
ACH-000348,9,2740429558941338081,48,ANKRD49 (54851)
ACH-000348,9,2740429558941338081,49,C3orf38 (285237)
ACH-000348,9,2740429558941338081,50,SKA1 (220134)
ACH-000348,10,18270169058817977796,1,ASNS (440)
ACH-000348,10,18270169058817977796,2,GABPA (2551)
ACH-000348,10,18270169058817977796,3,SMARCE1 (6605)
ACH-000348,10,18270169058817977796,4,SLC20A1 (6574)
ACH-000348,10,18270169058817977796,5,PRDX1 (5052)
ACH-000348,10,18270169058817977796,6,MAD2L1BP (9587)
ACH-000348,10,18270169058817977796,7,TIMM22 (29928)
ACH-000348,10,18270169058817977796,8,ILK (3611)
ACH-000348,10,18270169058817977796,9,DNAJC13 (23317)
ACH-000348,10,18270169058817977796,10,MBTPS2 (51360)
ACH-000348,10,18270169058817977796,11,TUBB3 (10381)
ACH-000348,10,18270169058817977796,12,NDE1 (54820)
ACH-000348,10,18270169058817977796,13,VBP1 (7411)
ACH-000348,10,18270169058817977796,14,COX10 (1352)
ACH-000348,10,18270169058817977796,15,SSBP3 (23648)
ACH-000348,10,18270169058817977796,16,HSP90B1 (7184)
ACH-000348,10,18270169058817977796,17,ATP5F1C (509)
ACH-000348,10,18270169058817977796,18,AMBRA1 (55626)
ACH-000348,10,18270169058817977796,19,ITGAV (3685)
ACH-000348,10,18270169058817977796,20,ELP4 (26610)
ACH-000348,10,18270169058817977796,21,DUSP4 (1846)
ACH-000348,10,18270169058817977796,22,ELMO2 (63916)
ACH-000348,10,18270169058817977796,23,NMT1 (4836)
ACH-000348,10,18270169058817977796,24,VARS2 (57176)
ACH-000348,10,18270169058817977796,25,SERBP1 (26135)
ACH-000348,10,18270169058817977796,26,EARS2 (124454)
ACH-000348,10,18270169058817977796,27,LAMTOR2 (28956)
ACH-000348,10,18270169058817977796,28,MED23 (9439)
ACH-000348,10,18270169058817977796,29,BRAF (673)
ACH-000348,10,18270169058817977796,30,NAPG (8774)
ACH-000348,10,18270169058817977796,31,CCNC (892)
ACH-000348,10,18270169058817977796,32,MRPS10 (55173)
ACH-000348,10,18270169058817977796,33,TRAF7 (84231)
ACH-000348,10,18270169058817977796,34,NDUFB11 (54539)
ACH-000348,10,18270169058817977796,35,MTPAP (55149)
ACH-000348,10,18270169058817977796,36,ATIC (471)
ACH-000348,10,18270169058817977796,37,NDUFB10 (4716)
ACH-000348,10,18270169058817977796,38,CCDC6 (8030)
ACH-000348,10,18270169058817977796,39,JUN (3725)
ACH-000348,10,18270169058817977796,40,FDPS (2224)
ACH-000348,10,18270169058817977796,41,NR2C2AP (126382)
ACH-000348,10,18270169058817977796,42,DICER1 (23405)
ACH-000348,10,18270169058817977796,43,NUP50 (10762)
ACH-000348,10,18270169058817977796,44,MRPS11 (64963)
ACH-000348,10,18270169058817977796,45,PFAS (5198)
ACH-000348,10,18270169058817977796,46,GPX4 (2879)
ACH-000348,10,18270169058817977796,47,MRPL28 (10573)
ACH-000348,10,18270169058817977796,48,NIPBL (25836)
ACH-000348,10,18270169058817977796,49,BRCA1 (672)
ACH-000348,10,18270169058817977796,50,SSBP1 (6742)
ACH-000348,11,11468820760422387383,1,FLII (2314)
ACH-000348,11,11468820760422387383,2,PPP1CA (5499)
ACH-000348,11,11468820760422387383,3,AHCYL1 (10768)
ACH-000348,11,11468820760422387383,4,PPIL1 (51645)
ACH-000348,11,11468820760422387383,5,NDC1 (55706)
ACH-000348,11,11468820760422387383,6,NONO (4841)
ACH-000348,11,11468820760422387383,7,TDP2 (51567)
ACH-000348,11,11468820760422387383,8,EED (8726)
ACH-000348,11,11468820760422387383,9,SMCHD1 (23347)
ACH-000348,11,11468820760422387383,10,TIPRL (261726)
ACH-000348,11,11468820760422387383,11,ISCA2 (122961)
ACH-000348,11,11468820760422387383,12,TEN1 (100134934)
ACH-000348,11,11468820760422387383,13,ZFP36L1 (677)
ACH-000348,11,11468820760422387383,14,PRKRA (8575)
ACH-000348,11,11468820760422387383,15,RIC1 (57589)
ACH-000348,11,11468820760422387383,16,BSG (682)
ACH-000348,11,11468820760422387383,17,FDXR (2232)
ACH-000348,11,11468820760422387383,18,STAG2 (10735)
ACH-000348,11,11468820760422387383,19,NR2C2AP (126382)
ACH-000348,11,11468820760422387383,20,SLC7A5 (8140)
ACH-000348,11,11468820760422387383,21,LRPPRC (10128)
ACH-000348,11,11468820760422387383,22,COX15 (1355)
ACH-000348,11,11468820760422387383,23,RELA (5970)
ACH-000348,11,11468820760422387383,24,ANLN (54443)
ACH-000348,11,11468820760422387383,25,XYLT2 (64132)
ACH-000348,11,11468820760422387383,26,TWNK (56652)
ACH-000348,11,11468820760422387383,27,IRS2 (8660)
ACH-000348,11,11468820760422387383,28,NDUFB3 (4709)
ACH-000348,11,11468820760422387383,29,NMT1 (4836)
ACH-000348,11,11468820760422387383,30,PSMG1 (8624)
ACH-000348,11,11468820760422387383,31,STK11 (6794)
ACH-000348,11,11468820760422387383,32,WASHC2C (253725)
ACH-000348,11,11468820760422387383,33,SOD2 (6648)
ACH-000348,11,11468820760422387383,34,FAF2 (23197)
ACH-000348,11,11468820760422387383,35,UBE2D3 (7323)
ACH-000348,11,11468820760422387383,36,PTK2 (5747)
ACH-000348,11,11468820760422387383,37,PDCD5 (9141)
ACH-000348,11,11468820760422387383,38,SKA1 (220134)
ACH-000348,11,11468820760422387383,39,UBE2S (27338)
ACH-000348,11,11468820760422387383,40,METTL1 (4234)
ACH-000348,11,11468820760422387383,41,UXS1 (80146)
ACH-000348,11,11468820760422387383,42,OGDH (4967)
ACH-000348,11,11468820760422387383,43,NAMPT (10135)
ACH-000348,11,11468820760422387383,44,UQCRC2 (7385)
ACH-000348,11,11468820760422387383,45,HSD17B10 (3028)
ACH-000348,11,11468820760422387383,46,KIF18B (146909)
ACH-000348,11,11468820760422387383,47,ADRM1 (11047)
ACH-000348,11,11468820760422387383,48,ATP6V1H (51606)
ACH-000348,11,11468820760422387383,49,MFN2 (9927)
ACH-000348,11,11468820760422387383,50,UROD (7389)
ACH-000348,12,4640834494224020204,1,TRNAU1AP (54952)
ACH-000348,12,4640834494224020204,2,BRAF (673)
ACH-000348,12,4640834494224020204,3,XRN1 (54464)
ACH-000348,12,4640834494224020204,4,DHODH (1723)
ACH-000348,12,4640834494224020204,5,NIPBL (25836)
ACH-000348,12,4640834494224020204,6,USP9X (8239)
ACH-000348,12,4640834494224020204,7,ILK (3611)
ACH-000348,12,4640834494224020204,8,TMX2 (51075)
ACH-000348,12,4640834494224020204,9,DDX19A (55308)
ACH-000348,12,4640834494224020204,10,CSK (1445)
ACH-000348,12,4640834494224020204,11,TUBE1 (51175)
ACH-000348,12,4640834494224020204,12,PRRC2A (7916)
ACH-000348,12,4640834494224020204,13,PTP4A1 (7803)
ACH-000348,12,4640834494224020204,14,RPIA (22934)
ACH-000348,12,4640834494224020204,15,DLST (1743)
ACH-000348,12,4640834494224020204,16,SQLE (6713)
ACH-000348,12,4640834494224020204,17,TMED2 (10959)
ACH-000348,12,4640834494224020204,18,ACLY (47)
ACH-000348,12,4640834494224020204,19,UBAP2L (9898)
ACH-000348,12,4640834494224020204,20,H2AX (3014)
ACH-000348,12,4640834494224020204,21,GPX4 (2879)
ACH-000348,12,4640834494224020204,22,BRCA1 (672)
ACH-000348,12,4640834494224020204,23,PITRM1 (10531)
ACH-000348,12,4640834494224020204,24,TCF7L2 (6934)
ACH-000348,12,4640834494224020204,25,TCOF1 (6949)
ACH-000348,12,4640834494224020204,26,STAMBP (10617)
ACH-000348,12,4640834494224020204,27,RAB6A (5870)
ACH-000348,12,4640834494224020204,28,TWNK (56652)
ACH-000348,12,4640834494224020204,29,CAND1 (55832)
ACH-000348,12,4640834494224020204,30,FBXO42 (54455)
ACH-000348,12,4640834494224020204,31,TGIF1 (7050)
ACH-000348,12,4640834494224020204,32,ATP2B1 (490)
ACH-000348,12,4640834494224020204,33,TFB2M (64216)
ACH-000348,12,4640834494224020204,34,DAXX (1616)
ACH-000348,12,4640834494224020204,35,MRPL32 (64983)
ACH-000348,12,4640834494224020204,36,PPM1D (8493)
ACH-000348,12,4640834494224020204,37,CRIPTO (6997)
ACH-000348,12,4640834494224020204,38,COX6A1 (1337)
ACH-000348,12,4640834494224020204,39,SSBP1 (6742)
ACH-000348,12,4640834494224020204,40,NDUFB6 (4712)
ACH-000348,12,4640834494224020204,41,DOCK5 (80005)
ACH-000348,12,4640834494224020204,42,IRF2BP2 (359948)
ACH-000348,12,4640834494224020204,43,ISCA2 (122961)
ACH-000348,12,4640834494224020204,44,SHOC2 (8036)
ACH-000348,12,4640834494224020204,45,TRAF7 (84231)
ACH-000348,12,4640834494224020204,46,IMPDH2 (3615)
ACH-000348,12,4640834494224020204,47,RARS2 (57038)
ACH-000348,12,4640834494224020204,48,HNF1A (6927)
ACH-000348,12,4640834494224020204,49,SLC38A2 (54407)
ACH-000348,12,4640834494224020204,50,MRPS25 (64432)
ACH-000348,13,1092559109231182607,1,ATF4 (468)
ACH-000348,13,1092559109231182607,2,MRPL55 (128308)
ACH-000348,13,1092559109231182607,3,PKN2 (5586)
ACH-000348,13,1092559109231182607,4,RAD51C (5889)
ACH-000348,13,1092559109231182607,5,SLC25A26 (115286)
ACH-000348,13,1092559109231182607,6,PFAS (5198)
ACH-000348,13,1092559109231182607,7,C3orf38 (285237)
ACH-000348,13,1092559109231182607,8,HARS2 (23438)
ACH-000348,13,1092559109231182607,9,DDX19A (55308)
ACH-000348,13,1092559109231182607,10,TMED10 (10972)
ACH-000348,13,1092559109231182607,11,IRF2BP2 (359948)
ACH-000348,13,1092559109231182607,12,HEMK2 (29104)
ACH-000348,13,1092559109231182607,13,NMT1 (4836)
ACH-000348,13,1092559109231182607,14,PPP2R2A (5520)
ACH-000348,13,1092559109231182607,15,USP7 (7874)
ACH-000348,13,1092559109231182607,16,NDUFAB1 (4706)
ACH-000348,13,1092559109231182607,17,MIPEP (4285)
ACH-000348,13,1092559109231182607,18,PSMG1 (8624)
ACH-000348,13,1092559109231182607,19,SOCS3 (9021)
ACH-000348,13,1092559109231182607,20,CDK8 (1024)
ACH-000348,13,1092559109231182607,21,BRCA1 (672)
ACH-000348,13,1092559109231182607,22,FOSL1 (8061)
ACH-000348,13,1092559109231182607,23,UBE2C (11065)
ACH-000348,13,1092559109231182607,24,GABPA (2551)
ACH-000348,13,1092559109231182607,25,CCDC51 (79714)
ACH-000348,13,1092559109231182607,26,ZNF217 (7764)
ACH-000348,13,1092559109231182607,27,COA7 (65260)
ACH-000348,13,1092559109231182607,28,MED23 (9439)
ACH-000348,13,1092559109231182607,29,DOCK5 (80005)
ACH-000348,13,1092559109231182607,30,KCMF1 (56888)
ACH-000348,13,1092559109231182607,31,EFR3A (23167)
ACH-000348,13,1092559109231182607,32,TKT (7086)
ACH-000348,13,1092559109231182607,33,FARS2 (10667)
ACH-000348,13,1092559109231182607,34,DICER1 (23405)
ACH-000348,13,1092559109231182607,35,UFM1 (51569)
ACH-000348,13,1092559109231182607,36,WWTR1 (25937)
ACH-000348,13,1092559109231182607,37,MRPL53 (116540)
ACH-000348,13,1092559109231182607,38,POP7 (10248)
ACH-000348,13,1092559109231182607,39,BRCA2 (675)
ACH-000348,13,1092559109231182607,40,EED (8726)
ACH-000348,13,1092559109231182607,41,SLC33A1 (9197)
ACH-000348,13,1092559109231182607,42,IER3IP1 (51124)
ACH-000348,13,1092559109231182607,43,MTX2 (10651)
ACH-000348,13,1092559109231182607,44,RNF168 (165918)
ACH-000348,13,1092559109231182607,45,RFK (55312)
ACH-000348,13,1092559109231182607,46,LSM12 (124801)
ACH-000348,13,1092559109231182607,47,PTMA (5757)
ACH-000348,13,1092559109231182607,48,FAM50A (9130)
ACH-000348,13,1092559109231182607,49,MTG2 (26164)
ACH-000348,13,1092559109231182607,50,BRD2 (6046)
ACH-000348,14,18261319474718516310,1,PCNX3 (399909)
ACH-000348,14,18261319474718516310,2,CDAN1 (146059)
ACH-000348,14,18261319474718516310,3,ZNF407 (55628)
ACH-000348,14,18261319474718516310,4,SEPHS2 (22928)
ACH-000348,14,18261319474718516310,5,GART (2618)
ACH-000348,14,18261319474718516310,6,NONO (4841)
ACH-000348,14,18261319474718516310,7,GPX4 (2879)
ACH-000348,14,18261319474718516310,8,PRKRA (8575)
ACH-000348,14,18261319474718516310,9,PPA2 (27068)
ACH-000348,14,18261319474718516310,10,GRB2 (2885)
ACH-000348,14,18261319474718516310,11,STN1 (79991)
ACH-000348,14,18261319474718516310,12,ELAVL1 (1994)
ACH-000348,14,18261319474718516310,13,EGLN1 (54583)
ACH-000348,14,18261319474718516310,14,RPRD1B (58490)
ACH-000348,14,18261319474718516310,15,RTTN (25914)
ACH-000348,14,18261319474718516310,16,BRD2 (6046)
ACH-000348,14,18261319474718516310,17,NCAPD3 (23310)
ACH-000348,14,18261319474718516310,18,XRCC3 (7517)
ACH-000348,14,18261319474718516310,19,FDXR (2232)
ACH-000348,14,18261319474718516310,20,BPTF (2186)
ACH-000348,14,18261319474718516310,21,MICOS10 (440574)
ACH-000348,14,18261319474718516310,22,IRS2 (8660)
ACH-000348,14,18261319474718516310,23,CCND1 (595)
ACH-000348,14,18261319474718516310,24,FAM50A (9130)
ACH-000348,14,18261319474718516310,25,TRIM28 (10155)
ACH-000348,14,18261319474718516310,26,MEN1 (4221)
ACH-000348,14,18261319474718516310,27,KIF4A (24137)
ACH-000348,14,18261319474718516310,28,RPIA (22934)
ACH-000348,14,18261319474718516310,29,WDR73 (84942)
ACH-000348,14,18261319474718516310,30,NCKAP1 (10787)
ACH-000348,14,18261319474718516310,31,SREBF1 (6720)
ACH-000348,14,18261319474718516310,32,KANSL1 (284058)
ACH-000348,14,18261319474718516310,33,SNAP23 (8773)
ACH-000348,14,18261319474718516310,34,CTPS1 (1503)
ACH-000348,14,18261319474718516310,35,ITGB5 (3693)
ACH-000348,14,18261319474718516310,36,VPS33A (65082)
ACH-000348,14,18261319474718516310,37,NRAS (4893)
ACH-000348,14,18261319474718516310,38,RAB10 (10890)
ACH-000348,14,18261319474718516310,39,CCNC (892)
ACH-000348,14,18261319474718516310,40,P2RY6 (5031)
ACH-000348,14,18261319474718516310,41,SDHB (6390)
ACH-000348,14,18261319474718516310,42,TTC7A (57217)
ACH-000348,14,18261319474718516310,43,AMBRA1 (55626)
ACH-000348,14,18261319474718516310,44,FXN (2395)
ACH-000348,14,18261319474718516310,45,NUP50 (10762)
ACH-000348,14,18261319474718516310,46,PMM2 (5373)
ACH-000348,14,18261319474718516310,47,SARNP (84324)
ACH-000348,14,18261319474718516310,48,MBTPS1 (8720)
ACH-000348,14,18261319474718516310,49,MTX2 (10651)
ACH-000348,14,18261319474718516310,50,ISCA2 (122961)
ACH-000348,15,6827993307164849052,1,SNAP23 (8773)
ACH-000348,15,6827993307164849052,2,NRAS (4893)
ACH-000348,15,6827993307164849052,3,ACLY (47)
ACH-000348,15,6827993307164849052,4,DSN1 (79980)
ACH-000348,15,6827993307164849052,5,ZEB1 (6935)
ACH-000348,15,6827993307164849052,6,MRPL53 (116540)
ACH-000348,15,6827993307164849052,7,ZWINT (11130)
ACH-000348,15,6827993307164849052,8,PPA2 (27068)
ACH-000348,15,6827993307164849052,9,SSBP1 (6742)
ACH-000348,15,6827993307164849052,10,NDUFB6 (4712)
ACH-000348,15,6827993307164849052,11,PRKRA (8575)
ACH-000348,15,6827993307164849052,12,KATNB1 (10300)
ACH-000348,15,6827993307164849052,13,MRPL49 (740)
ACH-000348,15,6827993307164849052,14,CYB5B (80777)
ACH-000348,15,6827993307164849052,15,STEEP1 (63932)
ACH-000348,15,6827993307164849052,16,SLC7A1 (6541)
ACH-000348,15,6827993307164849052,17,TRIM37 (4591)
ACH-000348,15,6827993307164849052,18,RAD51C (5889)
ACH-000348,15,6827993307164849052,19,CTDSPL2 (51496)
ACH-000348,15,6827993307164849052,20,FLII (2314)
ACH-000348,15,6827993307164849052,21,OPA1 (4976)
ACH-000348,15,6827993307164849052,22,BSG (682)
ACH-000348,15,6827993307164849052,23,INTS6 (26512)
ACH-000348,15,6827993307164849052,24,RGP1 (9827)
ACH-000348,15,6827993307164849052,25,ELP4 (26610)
ACH-000348,15,6827993307164849052,26,UQCRC2 (7385)
ACH-000348,15,6827993307164849052,27,MRPS24 (64951)
ACH-000348,15,6827993307164849052,28,SKA1 (220134)
ACH-000348,15,6827993307164849052,29,ANAPC15 (25906)
ACH-000348,15,6827993307164849052,30,AMBRA1 (55626)
ACH-000348,15,6827993307164849052,31,GEMIN2 (8487)
ACH-000348,15,6827993307164849052,32,ZNF407 (55628)
ACH-000348,15,6827993307164849052,33,ADAR (103)
ACH-000348,15,6827993307164849052,34,NAA20 (51126)
ACH-000348,15,6827993307164849052,35,ASCC3 (10973)
ACH-000348,15,6827993307164849052,36,RIC8A (60626)
ACH-000348,15,6827993307164849052,37,TEDC1 (283643)
ACH-000348,15,6827993307164849052,38,UBQLN4 (56893)
ACH-000348,15,6827993307164849052,39,LDB1 (8861)
ACH-000348,15,6827993307164849052,40,NHLRC2 (374354)
ACH-000348,15,6827993307164849052,41,NSMCE4A (54780)
ACH-000348,15,6827993307164849052,42,LMNA (4000)
ACH-000348,15,6827993307164849052,43,SERBP1 (26135)
ACH-000348,15,6827993307164849052,44,COASY (80347)
ACH-000348,15,6827993307164849052,45,MBTPS1 (8720)
ACH-000348,15,6827993307164849052,46,SAMD4B (55095)
ACH-000348,15,6827993307164849052,47,SDHB (6390)
ACH-000348,15,6827993307164849052,48,TCOF1 (6949)
ACH-000348,15,6827993307164849052,49,MRPL39 (54148)
ACH-000348,15,6827993307164849052,50,KANSL1 (284058)
ACH-000348,16,9939338571862034120,1,DLST (1743)
ACH-000348,16,9939338571862034120,2,CCDC6 (8030)
ACH-000348,16,9939338571862034120,3,SCD (6319)
ACH-000348,16,9939338571862034120,4,SOD2 (6648)
ACH-000348,16,9939338571862034120,5,GABPB1 (2553)
ACH-000348,16,9939338571862034120,6,EIF2AK4 (440275)
ACH-000348,16,9939338571862034120,7,KIF14 (9928)
ACH-000348,16,9939338571862034120,8,FBXW11 (23291)
ACH-000348,16,9939338571862034120,9,MYBBP1A (10514)
ACH-000348,16,9939338571862034120,10,H2BC9 (8345)
ACH-000348,16,9939338571862034120,11,SDHB (6390)
ACH-000348,16,9939338571862034120,12,CBFB (865)
ACH-000348,16,9939338571862034120,13,TFAM (7019)
ACH-000348,16,9939338571862034120,14,LRPPRC (10128)
ACH-000348,16,9939338571862034120,15,PPP2R3C (55012)
ACH-000348,16,9939338571862034120,16,TGIF1 (7050)
ACH-000348,16,9939338571862034120,17,MEN1 (4221)
ACH-000348,16,9939338571862034120,18,BRAF (673)
ACH-000348,16,9939338571862034120,19,CDK4 (1019)
ACH-000348,16,9939338571862034120,20,CYB5B (80777)
ACH-000348,16,9939338571862034120,21,RPIA (22934)
ACH-000348,16,9939338571862034120,22,PPAT (5471)
ACH-000348,16,9939338571862034120,23,PTPMT1 (114971)
ACH-000348,16,9939338571862034120,24,PAXIP1 (22976)
ACH-000348,16,9939338571862034120,25,SLC7A1 (6541)
ACH-000348,16,9939338571862034120,26,METAP1 (23173)
ACH-000348,16,9939338571862034120,27,ACLY (47)
ACH-000348,16,9939338571862034120,28,RARS2 (57038)
ACH-000348,16,9939338571862034120,29,CAND1 (55832)
ACH-000348,16,9939338571862034120,30,VPS4A (27183)
ACH-000348,16,9939338571862034120,31,PPP1CA (5499)
ACH-000348,16,9939338571862034120,32,SYNCRIP (10492)
ACH-000348,16,9939338571862034120,33,HSP90B1 (7184)
ACH-000348,16,9939338571862034120,34,TSC1 (7248)
ACH-000348,16,9939338571862034120,35,NHLRC2 (374354)
ACH-000348,16,9939338571862034120,36,ELMO2 (63916)
ACH-000348,16,9939338571862034120,37,NFRKB (4798)
ACH-000348,16,9939338571862034120,38,NONO (4841)
ACH-000348,16,9939338571862034120,39,DDX3X (1654)
ACH-000348,16,9939338571862034120,40,HAUS8 (93323)
ACH-000348,16,9939338571862034120,41,NDUFB3 (4709)
ACH-000348,16,9939338571862034120,42,MRPL53 (116540)
ACH-000348,16,9939338571862034120,43,MDM2 (4193)
ACH-000348,16,9939338571862034120,44,BCL9L (283149)
ACH-000348,16,9939338571862034120,45,THG1L (54974)
ACH-000348,16,9939338571862034120,46,CFLAR (8837)
ACH-000348,16,9939338571862034120,47,ZMYND8 (23613)
ACH-000348,16,9939338571862034120,48,TRAF7 (84231)
ACH-000348,16,9939338571862034120,49,PRDX1 (5052)
ACH-000348,16,9939338571862034120,50,SLC25A28 (81894)
ACH-000348,17,4366717201051359325,1,EP300 (2033)
ACH-000348,17,4366717201051359325,2,CBFB (865)
ACH-000348,17,4366717201051359325,3,MED9 (55090)
ACH-000348,17,4366717201051359325,4,DNAJB13 (374407)
ACH-000348,17,4366717201051359325,5,BCL9L (283149)
ACH-000348,17,4366717201051359325,6,YAP1 (10413)
ACH-000348,17,4366717201051359325,7,AIFM1 (9131)
ACH-000348,17,4366717201051359325,8,MDM4 (4194)
ACH-000348,17,4366717201051359325,9,FAF2 (23197)
ACH-000348,17,4366717201051359325,10,THAP11 (57215)
ACH-000348,17,4366717201051359325,11,MICOS10 (440574)
ACH-000348,17,4366717201051359325,12,VPS4B (9525)
ACH-000348,17,4366717201051359325,13,CRIPTO (6997)
ACH-000348,17,4366717201051359325,14,TEN1 (100134934)
ACH-000348,17,4366717201051359325,15,CTDSPL2 (51496)
ACH-000348,17,4366717201051359325,16,SOX10 (6663)
ACH-000348,17,4366717201051359325,17,TACC3 (10460)
ACH-000348,17,4366717201051359325,18,ELAVL1 (1994)
ACH-000348,17,4366717201051359325,19,MYBL2 (4605)
ACH-000348,17,4366717201051359325,20,SLC33A1 (9197)
ACH-000348,17,4366717201051359325,21,CDK6 (1021)
ACH-000348,17,4366717201051359325,22,MRPL38 (64978)
ACH-000348,17,4366717201051359325,23,MYB (4602)
ACH-000348,17,4366717201051359325,24,MAU2 (23383)
ACH-000348,17,4366717201051359325,25,PARD6B (84612)
ACH-000348,17,4366717201051359325,26,RELA (5970)
ACH-000348,17,4366717201051359325,27,GLMN (11146)
ACH-000348,17,4366717201051359325,28,FARS2 (10667)
ACH-000348,17,4366717201051359325,29,PPP4R2 (151987)
ACH-000348,17,4366717201051359325,30,CCNB1 (891)
ACH-000348,17,4366717201051359325,31,COX7C (1350)
ACH-000348,17,4366717201051359325,32,NDE1 (54820)
ACH-000348,17,4366717201051359325,33,KIF18B (146909)
ACH-000348,17,4366717201051359325,34,PFN1 (5216)
ACH-000348,17,4366717201051359325,35,WRN (7486)
ACH-000348,17,4366717201051359325,36,PGM3 (5238)
ACH-000348,17,4366717201051359325,37,TFAM (7019)
ACH-000348,17,4366717201051359325,38,TDP2 (51567)
ACH-000348,17,4366717201051359325,39,PAGR1 (79447)
ACH-000348,17,4366717201051359325,40,FDX1 (2230)
ACH-000348,17,4366717201051359325,41,ADRM1 (11047)
ACH-000348,17,4366717201051359325,42,ELP2 (55250)
ACH-000348,17,4366717201051359325,43,SLC3A2 (6520)
ACH-000348,17,4366717201051359325,44,SMARCE1 (6605)
ACH-000348,17,4366717201051359325,45,ADSL (158)
ACH-000348,17,4366717201051359325,46,DOLPP1 (57171)
ACH-000348,17,4366717201051359325,47,RFK (55312)
ACH-000348,17,4366717201051359325,48,PIK3CA (5290)
ACH-000348,17,4366717201051359325,49,ZNF217 (7764)
ACH-000348,17,4366717201051359325,50,NELFCD (51497)
ACH-000348,18,781808452716492692,1,STN1 (79991)
ACH-000348,18,781808452716492692,2,PPP1R15B (84919)
ACH-000348,18,781808452716492692,3,TOMM20 (9804)
ACH-000348,18,781808452716492692,4,LDLR (3949)
ACH-000348,18,781808452716492692,5,TGIF1 (7050)
ACH-000348,18,781808452716492692,6,TCOF1 (6949)
ACH-000348,18,781808452716492692,7,CFL1 (1072)
ACH-000348,18,781808452716492692,8,PGM3 (5238)
ACH-000348,18,781808452716492692,9,EED (8726)
ACH-000348,18,781808452716492692,10,ATP5F1B (506)
ACH-000348,18,781808452716492692,11,VPS4B (9525)
ACH-000348,18,781808452716492692,12,NDUFB4 (4710)
ACH-000348,18,781808452716492692,13,COX6A1 (1337)
ACH-000348,18,781808452716492692,14,MRPL53 (116540)
ACH-000348,18,781808452716492692,15,MED9 (55090)
ACH-000348,18,781808452716492692,16,RGP1 (9827)
ACH-000348,18,781808452716492692,17,MRPS11 (64963)
ACH-000348,18,781808452716492692,18,SMC5 (23137)
ACH-000348,18,781808452716492692,19,USP9X (8239)
ACH-000348,18,781808452716492692,20,BRAT1 (221927)
ACH-000348,18,781808452716492692,21,KIF14 (9928)
ACH-000348,18,781808452716492692,22,EEFSEC (60678)
ACH-000348,18,781808452716492692,23,EAPP (55837)
ACH-000348,18,781808452716492692,24,DOCK5 (80005)
ACH-000348,18,781808452716492692,25,WDR1 (9948)
ACH-000348,18,781808452716492692,26,SMARCE1 (6605)
ACH-000348,18,781808452716492692,27,CTC1 (80169)
ACH-000348,18,781808452716492692,28,MNAT1 (4331)
ACH-000348,18,781808452716492692,29,KRTCAP2 (200185)
ACH-000348,18,781808452716492692,30,TUBE1 (51175)
ACH-000348,18,781808452716492692,31,GFM1 (85476)
ACH-000348,18,781808452716492692,32,FDXR (2232)
ACH-000348,18,781808452716492692,33,MYH9 (4627)
ACH-000348,18,781808452716492692,34,GRSF1 (2926)
ACH-000348,18,781808452716492692,35,INTS15 (79034)
ACH-000348,18,781808452716492692,36,YME1L1 (10730)
ACH-000348,18,781808452716492692,37,COP1 (64326)
ACH-000348,18,781808452716492692,38,FDPS (2224)
ACH-000348,18,781808452716492692,39,MRPS24 (64951)
ACH-000348,18,781808452716492692,40,ENO1 (2023)
ACH-000348,18,781808452716492692,41,CBLL1 (79872)
ACH-000348,18,781808452716492692,42,TMX2 (51075)
ACH-000348,18,781808452716492692,43,HNRNPR (10236)
ACH-000348,18,781808452716492692,44,EIF2AK4 (440275)
ACH-000348,18,781808452716492692,45,XYLT2 (64132)
ACH-000348,18,781808452716492692,46,FDX1 (2230)
ACH-000348,18,781808452716492692,47,YAP1 (10413)
ACH-000348,18,781808452716492692,48,MIOS (54468)
ACH-000348,18,781808452716492692,49,FLII (2314)
ACH-000348,18,781808452716492692,50,UBA5 (79876)
ACH-000348,19,17601198293438768658,1,PPP2R3C (55012)
ACH-000348,19,17601198293438768658,2,MRPL18 (29074)
ACH-000348,19,17601198293438768658,3,COQ4 (51117)
ACH-000348,19,17601198293438768658,4,GLRX5 (51218)
ACH-000348,19,17601198293438768658,5,DNAJC19 (131118)
ACH-000348,19,17601198293438768658,6,DHX29 (54505)
ACH-000348,19,17601198293438768658,7,RFK (55312)
ACH-000348,19,17601198293438768658,8,EAPP (55837)
ACH-000348,19,17601198293438768658,9,MED24 (9862)
ACH-000348,19,17601198293438768658,10,PTP4A1 (7803)
ACH-000348,19,17601198293438768658,11,MIPEP (4285)
ACH-000348,19,17601198293438768658,12,PRKAR1A (5573)
ACH-000348,19,17601198293438768658,13,ATP5F1D (513)
ACH-000348,19,17601198293438768658,14,XRCC3 (7517)
ACH-000348,19,17601198293438768658,15,VEZF1 (7716)
ACH-000348,19,17601198293438768658,16,POP7 (10248)
ACH-000348,19,17601198293438768658,17,CAD (790)
ACH-000348,19,17601198293438768658,18,NXT1 (29107)
ACH-000348,19,17601198293438768658,19,ELMO2 (63916)
ACH-000348,19,17601198293438768658,20,GPX4 (2879)
ACH-000348,19,17601198293438768658,21,NAA20 (51126)
ACH-000348,19,17601198293438768658,22,SAMD4B (55095)
ACH-000348,19,17601198293438768658,23,POLE3 (54107)
ACH-000348,19,17601198293438768658,24,NBAS (51594)
ACH-000348,19,17601198293438768658,25,SNAP23 (8773)
ACH-000348,19,17601198293438768658,26,TOE1 (114034)
ACH-000348,19,17601198293438768658,27,PPM1D (8493)
ACH-000348,19,17601198293438768658,28,GFM1 (85476)
ACH-000348,19,17601198293438768658,29,STK11 (6794)
ACH-000348,19,17601198293438768658,30,SDHD (6392)
ACH-000348,19,17601198293438768658,31,COX6A1 (1337)
ACH-000348,19,17601198293438768658,32,KIF20A (10112)
ACH-000348,19,17601198293438768658,33,VBP1 (7411)
ACH-000348,19,17601198293438768658,34,UBE2Z (65264)
ACH-000348,19,17601198293438768658,35,AHCYL1 (10768)
ACH-000348,19,17601198293438768658,36,TRIT1 (54802)
ACH-000348,19,17601198293438768658,37,ELAVL1 (1994)
ACH-000348,19,17601198293438768658,38,SSBP3 (23648)
ACH-000348,19,17601198293438768658,39,CDIN1 (84529)
ACH-000348,19,17601198293438768658,40,PGM3 (5238)
ACH-000348,19,17601198293438768658,41,DDX3X (1654)
ACH-000348,19,17601198293438768658,42,NRAS (4893)
ACH-000348,19,17601198293438768658,43,EED (8726)
ACH-000348,19,17601198293438768658,44,CTNNB1 (1499)
ACH-000348,19,17601198293438768658,45,MCMBP (79892)
ACH-000348,19,17601198293438768658,46,SKA1 (220134)
ACH-000348,19,17601198293438768658,47,DOCK5 (80005)
ACH-000348,19,17601198293438768658,48,DSN1 (79980)
ACH-000348,19,17601198293438768658,49,DAXX (1616)
ACH-000348,19,17601198293438768658,50,PPIL1 (51645)
ACH-000389,0,4318518211206119318,1,BIRC6 (57448)
ACH-000389,0,4318518211206119318,2,COX7C (1350)
ACH-000389,0,4318518211206119318,3,CEP85 (64793)
ACH-000389,0,4318518211206119318,4,KRTCAP2 (200185)
ACH-000389,0,4318518211206119318,5,FDXR (2232)
ACH-000389,0,4318518211206119318,6,PTMA (5757)
ACH-000389,0,4318518211206119318,7,ZFX (7543)
ACH-000389,0,4318518211206119318,8,FAM210A (125228)
ACH-000389,0,4318518211206119318,9,WDR83 (84292)
ACH-000389,0,4318518211206119318,10,TAF1D (79101)
ACH-000389,0,4318518211206119318,11,CDK6 (1021)
ACH-000389,0,4318518211206119318,12,RAB6A (5870)
ACH-000389,0,4318518211206119318,13,TSC1 (7248)
ACH-000389,0,4318518211206119318,14,BRCA2 (675)
ACH-000389,0,4318518211206119318,15,ANLN (54443)
ACH-000389,0,4318518211206119318,16,CCND1 (595)
ACH-000389,0,4318518211206119318,17,SMC5 (23137)
ACH-000389,0,4318518211206119318,18,PRKAR1A (5573)
ACH-000389,0,4318518211206119318,19,NIPBL (25836)
ACH-000389,0,4318518211206119318,20,NDE1 (54820)
ACH-000389,0,4318518211206119318,21,PET117 (100303755)
ACH-000389,0,4318518211206119318,22,TACC3 (10460)
ACH-000389,0,4318518211206119318,23,SAMD4B (55095)
ACH-000389,0,4318518211206119318,24,TWNK (56652)
ACH-000389,0,4318518211206119318,25,CSNK1A1 (1452)
ACH-000389,0,4318518211206119318,26,BRD2 (6046)
ACH-000389,0,4318518211206119318,27,NFE2L2 (4780)
ACH-000389,0,4318518211206119318,28,HARS2 (23438)
ACH-000389,0,4318518211206119318,29,ATP6V1H (51606)
ACH-000389,0,4318518211206119318,30,MIOS (54468)
ACH-000389,0,4318518211206119318,31,STN1 (79991)
ACH-000389,0,4318518211206119318,32,SLC3A2 (6520)
ACH-000389,0,4318518211206119318,33,EFR3A (23167)
ACH-000389,0,4318518211206119318,34,RNF4 (6047)
ACH-000389,0,4318518211206119318,35,BRK1 (55845)
ACH-000389,0,4318518211206119318,36,KLF5 (688)
ACH-000389,0,4318518211206119318,37,MMGT1 (93380)
ACH-000389,0,4318518211206119318,38,INTS6 (26512)
ACH-000389,0,4318518211206119318,39,KCMF1 (56888)
ACH-000389,0,4318518211206119318,40,MED23 (9439)
ACH-000389,0,4318518211206119318,41,ACO2 (50)
ACH-000389,0,4318518211206119318,42,VPS33A (65082)
ACH-000389,0,4318518211206119318,43,METAP1 (23173)
ACH-000389,0,4318518211206119318,44,CYB5B (80777)
ACH-000389,0,4318518211206119318,45,FGFR1 (2260)
ACH-000389,0,4318518211206119318,46,PPP2R3C (55012)
ACH-000389,0,4318518211206119318,47,TIMM22 (29928)
ACH-000389,0,4318518211206119318,48,CTNNA1 (1495)
ACH-000389,0,4318518211206119318,49,TSC22D2 (9819)
ACH-000389,0,4318518211206119318,50,DSN1 (79980)
ACH-000389,1,4376725570298581569,1,NAPG (8774)
ACH-000389,1,4376725570298581569,2,ZMYND8 (23613)
ACH-000389,1,4376725570298581569,3,TMED2 (10959)
ACH-000389,1,4376725570298581569,4,XRN1 (54464)
ACH-000389,1,4376725570298581569,5,TSC2 (7249)
ACH-000389,1,4376725570298581569,6,USP1 (7398)
ACH-000389,1,4376725570298581569,7,RGP1 (9827)
ACH-000389,1,4376725570298581569,8,COP1 (64326)
ACH-000389,1,4376725570298581569,9,UAP1 (6675)
ACH-000389,1,4376725570298581569,10,FBXO42 (54455)
ACH-000389,1,4376725570298581569,11,HNRNPA2B1 (3181)
ACH-000389,1,4376725570298581569,12,SRSF10 (10772)
ACH-000389,1,4376725570298581569,13,EARS2 (124454)
ACH-000389,1,4376725570298581569,14,THG1L (54974)
ACH-000389,1,4376725570298581569,15,RAB6A (5870)
ACH-000389,1,4376725570298581569,16,OPA1 (4976)
ACH-000389,1,4376725570298581569,17,EP300 (2033)
ACH-000389,1,4376725570298581569,18,POLG (5428)
ACH-000389,1,4376725570298581569,19,ADSS2 (159)
ACH-000389,1,4376725570298581569,20,FZD5 (7855)
ACH-000389,1,4376725570298581569,21,SLC33A1 (9197)
ACH-000389,1,4376725570298581569,22,RBM18 (92400)
ACH-000389,1,4376725570298581569,23,CTC1 (80169)
ACH-000389,1,4376725570298581569,24,TACC3 (10460)
ACH-000389,1,4376725570298581569,25,DNM1L (10059)
ACH-000389,1,4376725570298581569,26,STX4 (6810)
ACH-000389,1,4376725570298581569,27,PRKRA (8575)
ACH-000389,1,4376725570298581569,28,DAP3 (7818)
ACH-000389,1,4376725570298581569,29,YAP1 (10413)
ACH-000389,1,4376725570298581569,30,MED1 (5469)
ACH-000389,1,4376725570298581569,31,CDH1 (999)
ACH-000389,1,4376725570298581569,32,ARID2 (196528)
ACH-000389,1,4376725570298581569,33,SSBP3 (23648)
ACH-000389,1,4376725570298581569,34,TAF5L (27097)
ACH-000389,1,4376725570298581569,35,MRPS14 (63931)
ACH-000389,1,4376725570298581569,36,DNAJC19 (131118)
ACH-000389,1,4376725570298581569,37,ARF4 (378)
ACH-000389,1,4376725570298581569,38,MRPS12 (6183)
ACH-000389,1,4376725570298581569,39,RTTN (25914)
ACH-000389,1,4376725570298581569,40,COASY (80347)
ACH-000389,1,4376725570298581569,41,TRNAU1AP (54952)
ACH-000389,1,4376725570298581569,42,EFR3A (23167)
ACH-000389,1,4376725570298581569,43,SOCS3 (9021)
ACH-000389,1,4376725570298581569,44,BRAF (673)
ACH-000389,1,4376725570298581569,45,PDCD7 (10081)
ACH-000389,1,4376725570298581569,46,TSC1 (7248)
ACH-000389,1,4376725570298581569,47,SUGT1 (10910)
ACH-000389,1,4376725570298581569,48,DYNLL1 (8655)
ACH-000389,1,4376725570298581569,49,FBXW11 (23291)
ACH-000389,1,4376725570298581569,50,FDX1 (2230)
ACH-000389,2,8775935907429833967,1,CDAN1 (146059)
ACH-000389,2,8775935907429833967,2,VPS4B (9525)
ACH-000389,2,8775935907429833967,3,USP9X (8239)
ACH-000389,2,8775935907429833967,4,ARID1B (57492)
ACH-000389,2,8775935907429833967,5,CBFB (865)
ACH-000389,2,8775935907429833967,6,ISCA2 (122961)
ACH-000389,2,8775935907429833967,7,DDX19A (55308)
ACH-000389,2,8775935907429833967,8,DET1 (55070)
ACH-000389,2,8775935907429833967,9,ANKRD49 (54851)
ACH-000389,2,8775935907429833967,10,RAF1 (5894)
ACH-000389,2,8775935907429833967,11,VPS33A (65082)
ACH-000389,2,8775935907429833967,12,PRKAR1A (5573)
ACH-000389,2,8775935907429833967,13,MED1 (5469)
ACH-000389,2,8775935907429833967,14,ACLY (47)
ACH-000389,2,8775935907429833967,15,ESCO2 (157570)
ACH-000389,2,8775935907429833967,16,SLC7A1 (6541)
ACH-000389,2,8775935907429833967,17,TIMM22 (29928)
ACH-000389,2,8775935907429833967,18,TAF5L (27097)
ACH-000389,2,8775935907429833967,19,PET117 (100303755)
ACH-000389,2,8775935907429833967,20,SMARCE1 (6605)
ACH-000389,2,8775935907429833967,21,FADD (8772)
ACH-000389,2,8775935907429833967,22,BPTF (2186)
ACH-000389,2,8775935907429833967,23,CSK (1445)
ACH-000389,2,8775935907429833967,24,PSMG2 (56984)
ACH-000389,2,8775935907429833967,25,MRPS14 (63931)
ACH-000389,2,8775935907429833967,26,WDR48 (57599)
ACH-000389,2,8775935907429833967,27,SLC16A1 (6566)
ACH-000389,2,8775935907429833967,28,ATP6V1H (51606)
ACH-000389,2,8775935907429833967,29,FBXW11 (23291)
ACH-000389,2,8775935907429833967,30,CDK6 (1021)
ACH-000389,2,8775935907429833967,31,FDXR (2232)
ACH-000389,2,8775935907429833967,32,RPAP2 (79871)
ACH-000389,2,8775935907429833967,33,DAXX (1616)
ACH-000389,2,8775935907429833967,34,H2BC9 (8345)
ACH-000389,2,8775935907429833967,35,SERBP1 (26135)
ACH-000389,2,8775935907429833967,36,BRAF (673)
ACH-000389,2,8775935907429833967,37,AP2M1 (1173)
ACH-000389,2,8775935907429833967,38,YME1L1 (10730)
ACH-000389,2,8775935907429833967,39,SSBP1 (6742)
ACH-000389,2,8775935907429833967,40,TUBB3 (10381)
ACH-000389,2,8775935907429833967,41,SMCHD1 (23347)
ACH-000389,2,8775935907429833967,42,PKN2 (5586)
ACH-000389,2,8775935907429833967,43,GEMIN4 (50628)
ACH-000389,2,8775935907429833967,44,HAPLN2 (60484)
ACH-000389,2,8775935907429833967,45,DICER1 (23405)
ACH-000389,2,8775935907429833967,46,FARS2 (10667)
ACH-000389,2,8775935907429833967,47,MRPS7 (51081)
ACH-000389,2,8775935907429833967,48,GMNN (51053)
ACH-000389,2,8775935907429833967,49,MRPL18 (29074)
ACH-000389,2,8775935907429833967,50,TIMM8A (1678)
ACH-000389,3,1802712425898478788,1,TSC2 (7249)
ACH-000389,3,1802712425898478788,2,UXS1 (80146)
ACH-000389,3,1802712425898478788,3,HSP90B1 (7184)
ACH-000389,3,1802712425898478788,4,FECH (2235)
ACH-000389,3,1802712425898478788,5,GMPS (8833)
ACH-000389,3,1802712425898478788,6,SLC30A9 (10463)
ACH-000389,3,1802712425898478788,7,DAP3 (7818)
ACH-000389,3,1802712425898478788,8,COA6 (388753)
ACH-000389,3,1802712425898478788,9,USP9X (8239)
ACH-000389,3,1802712425898478788,10,RARS2 (57038)
ACH-000389,3,1802712425898478788,11,STIL (6491)
ACH-000389,3,1802712425898478788,12,ANAPC15 (25906)
ACH-000389,3,1802712425898478788,13,PPP2R2A (5520)
ACH-000389,3,1802712425898478788,14,RHOA (387)
ACH-000389,3,1802712425898478788,15,BAP1 (8314)
ACH-000389,3,1802712425898478788,16,THG1L (54974)
ACH-000389,3,1802712425898478788,17,PPIL1 (51645)
ACH-000389,3,1802712425898478788,18,NSMCE4A (54780)
ACH-000389,3,1802712425898478788,19,GLMN (11146)
ACH-000389,3,1802712425898478788,20,SDHB (6390)
ACH-000389,3,1802712425898478788,21,SLC3A2 (6520)
ACH-000389,3,1802712425898478788,22,TYMS (7298)
ACH-000389,3,1802712425898478788,23,TCOF1 (6949)
ACH-000389,3,1802712425898478788,24,ATP6V0E1 (8992)
ACH-000389,3,1802712425898478788,25,DSN1 (79980)
ACH-000389,3,1802712425898478788,26,SLC7A5 (8140)
ACH-000389,3,1802712425898478788,27,PDCD7 (10081)
ACH-000389,3,1802712425898478788,28,TDP2 (51567)
ACH-000389,3,1802712425898478788,29,ADSS2 (159)
ACH-000389,3,1802712425898478788,30,RBBP7 (5931)
ACH-000389,3,1802712425898478788,31,UBE2D3 (7323)
ACH-000389,3,1802712425898478788,32,CDS2 (8760)
ACH-000389,3,1802712425898478788,33,FDXR (2232)
ACH-000389,3,1802712425898478788,34,KDM2A (22992)
ACH-000389,3,1802712425898478788,35,UBE2S (27338)
ACH-000389,3,1802712425898478788,36,ACO2 (50)
ACH-000389,3,1802712425898478788,37,SOX9 (6662)
ACH-000389,3,1802712425898478788,38,STAG2 (10735)
ACH-000389,3,1802712425898478788,39,MED24 (9862)
ACH-000389,3,1802712425898478788,40,IDH3A (3419)
ACH-000389,3,1802712425898478788,41,TRIP13 (9319)
ACH-000389,3,1802712425898478788,42,HAUS8 (93323)
ACH-000389,3,1802712425898478788,43,MAPK1 (5594)
ACH-000389,3,1802712425898478788,44,RHEB (6009)
ACH-000389,3,1802712425898478788,45,HARS2 (23438)
ACH-000389,3,1802712425898478788,46,YAP1 (10413)
ACH-000389,3,1802712425898478788,47,GPI (2821)
ACH-000389,3,1802712425898478788,48,MRPS7 (51081)
ACH-000389,3,1802712425898478788,49,DUSP4 (1846)
ACH-000389,3,1802712425898478788,50,ZNF407 (55628)
ACH-000389,4,2733387985420758674,1,TCOF1 (6949)
ACH-000389,4,2733387985420758674,2,TEN1 (100134934)
ACH-000389,4,2733387985420758674,3,ACO2 (50)
ACH-000389,4,2733387985420758674,4,SNRPB2 (6629)
ACH-000389,4,2733387985420758674,5,GPX4 (2879)
ACH-000389,4,2733387985420758674,6,COA6 (388753)
ACH-000389,4,2733387985420758674,7,ESCO2 (157570)
ACH-000389,4,2733387985420758674,8,NUP50 (10762)
ACH-000389,4,2733387985420758674,9,FAM185A (222234)
ACH-000389,4,2733387985420758674,10,RAD51C (5889)
ACH-000389,4,2733387985420758674,11,JUN (3725)
ACH-000389,4,2733387985420758674,12,NIPBL (25836)
ACH-000389,4,2733387985420758674,13,TRERF1 (55809)
ACH-000389,4,2733387985420758674,14,TTC7A (57217)
ACH-000389,4,2733387985420758674,15,MBTPS1 (8720)
ACH-000389,4,2733387985420758674,16,METTL1 (4234)
ACH-000389,4,2733387985420758674,17,DDX39B (7919)
ACH-000389,4,2733387985420758674,18,TIMM29 (90580)
ACH-000389,4,2733387985420758674,19,UROD (7389)
ACH-000389,4,2733387985420758674,20,SMARCE1 (6605)
ACH-000389,4,2733387985420758674,21,KRAS (3845)
ACH-000389,4,2733387985420758674,22,STEEP1 (63932)
ACH-000389,4,2733387985420758674,23,MLST8 (64223)
ACH-000389,4,2733387985420758674,24,SLC7A5 (8140)
ACH-000389,4,2733387985420758674,25,CCND1 (595)
ACH-000389,4,2733387985420758674,26,INTS15 (79034)
ACH-000389,4,2733387985420758674,27,CDK8 (1024)
ACH-000389,4,2733387985420758674,28,ADRM1 (11047)
ACH-000389,4,2733387985420758674,29,TOMM20 (9804)
ACH-000389,4,2733387985420758674,30,PRDX1 (5052)
ACH-000389,4,2733387985420758674,31,KIF18B (146909)
ACH-000389,4,2733387985420758674,32,SCAP (22937)
ACH-000389,4,2733387985420758674,33,BPTF (2186)
ACH-000389,4,2733387985420758674,34,MYB (4602)
ACH-000389,4,2733387985420758674,35,FOSL1 (8061)
ACH-000389,4,2733387985420758674,36,SLC25A3 (5250)
ACH-000389,4,2733387985420758674,37,MRPS25 (64432)
ACH-000389,4,2733387985420758674,38,HARS2 (23438)
ACH-000389,4,2733387985420758674,39,EAF1 (85403)
ACH-000389,4,2733387985420758674,40,PDCD5 (9141)
ACH-000389,4,2733387985420758674,41,RHOA (387)
ACH-000389,4,2733387985420758674,42,ACTB (60)
ACH-000389,4,2733387985420758674,43,MAPK1 (5594)
ACH-000389,4,2733387985420758674,44,VPS33A (65082)
ACH-000389,4,2733387985420758674,45,CCDC51 (79714)
ACH-000389,4,2733387985420758674,46,CDIN1 (84529)
ACH-000389,4,2733387985420758674,47,MRPL28 (10573)
ACH-000389,4,2733387985420758674,48,COX15 (1355)
ACH-000389,4,2733387985420758674,49,CTDSPL2 (51496)
ACH-000389,4,2733387985420758674,50,PET117 (100303755)
ACH-000389,5,11026159796799961515,1,SLC38A2 (54407)
ACH-000389,5,11026159796799961515,2,C3orf38 (285237)
ACH-000389,5,11026159796799961515,3,MED9 (55090)
ACH-000389,5,11026159796799961515,4,FAF2 (23197)
ACH-000389,5,11026159796799961515,5,PSMG1 (8624)
ACH-000389,5,11026159796799961515,6,PPIL1 (51645)
ACH-000389,5,11026159796799961515,7,FARS2 (10667)
ACH-000389,5,11026159796799961515,8,MRPL4 (51073)
ACH-000389,5,11026159796799961515,9,NXT1 (29107)
ACH-000389,5,11026159796799961515,10,DHX29 (54505)
ACH-000389,5,11026159796799961515,11,SEPHS2 (22928)
ACH-000389,5,11026159796799961515,12,GEMIN2 (8487)
ACH-000389,5,11026159796799961515,13,WRN (7486)
ACH-000389,5,11026159796799961515,14,DNAJB13 (374407)
ACH-000389,5,11026159796799961515,15,MAPK1 (5594)
ACH-000389,5,11026159796799961515,16,ATP1B3 (483)
ACH-000389,5,11026159796799961515,17,HEMK2 (29104)
ACH-000389,5,11026159796799961515,18,ATIC (471)
ACH-000389,5,11026159796799961515,19,RAB6A (5870)
ACH-000389,5,11026159796799961515,20,CIT (11113)
ACH-000389,5,11026159796799961515,21,SLC25A28 (81894)
ACH-000389,5,11026159796799961515,22,CBLL1 (79872)
ACH-000389,5,11026159796799961515,23,ANKRD49 (54851)
ACH-000389,5,11026159796799961515,24,GFM1 (85476)
ACH-000389,5,11026159796799961515,25,OXSM (54995)
ACH-000389,5,11026159796799961515,26,PIK3CA (5290)
ACH-000389,5,11026159796799961515,27,WASHC2C (253725)
ACH-000389,5,11026159796799961515,28,XRCC2 (7516)
ACH-000389,5,11026159796799961515,29,RHEB (6009)
ACH-000389,5,11026159796799961515,30,SMARCB1 (6598)
ACH-000389,5,11026159796799961515,31,SOX10 (6663)
ACH-000389,5,11026159796799961515,32,POLE3 (54107)
ACH-000389,5,11026159796799961515,33,EARS2 (124454)
ACH-000389,5,11026159796799961515,34,RAD1 (5810)
ACH-000389,5,11026159796799961515,35,CYC1 (1537)
ACH-000389,5,11026159796799961515,36,EED (8726)
ACH-000389,5,11026159796799961515,37,TRERF1 (55809)
ACH-000389,5,11026159796799961515,38,FXN (2395)
ACH-000389,5,11026159796799961515,39,TFAM (7019)
ACH-000389,5,11026159796799961515,40,HNF1A (6927)
ACH-000389,5,11026159796799961515,41,KIF20A (10112)
ACH-000389,5,11026159796799961515,42,TUBE1 (51175)
ACH-000389,5,11026159796799961515,43,GRB2 (2885)
ACH-000389,5,11026159796799961515,44,BSG (682)
ACH-000389,5,11026159796799961515,45,CSK (1445)
ACH-000389,5,11026159796799961515,46,PAICS (10606)
ACH-000389,5,11026159796799961515,47,BPTF (2186)
ACH-000389,5,11026159796799961515,48,PARD6B (84612)
ACH-000389,5,11026159796799961515,49,POP7 (10248)
ACH-000389,5,11026159796799961515,50,TMED2 (10959)
ACH-000389,6,4010346183447196350,1,RPIA (22934)
ACH-000389,6,4010346183447196350,2,BRCA1 (672)
ACH-000389,6,4010346183447196350,3,POLRMT (5442)
ACH-000389,6,4010346183447196350,4,SNAP23 (8773)
ACH-000389,6,4010346183447196350,5,DNAJC13 (23317)
ACH-000389,6,4010346183447196350,6,GFM1 (85476)
ACH-000389,6,4010346183447196350,7,TSC2 (7249)
ACH-000389,6,4010346183447196350,8,NONO (4841)
ACH-000389,6,4010346183447196350,9,USP1 (7398)
ACH-000389,6,4010346183447196350,10,VPS37A (137492)
ACH-000389,6,4010346183447196350,11,CAD (790)
ACH-000389,6,4010346183447196350,12,P2RY6 (5031)
ACH-000389,6,4010346183447196350,13,GLRX5 (51218)
ACH-000389,6,4010346183447196350,14,CTNNA1 (1495)
ACH-000389,6,4010346183447196350,15,EEFSEC (60678)
ACH-000389,6,4010346183447196350,16,CDK4 (1019)
ACH-000389,6,4010346183447196350,17,RRAGC (64121)
ACH-000389,6,4010346183447196350,18,WASHC2C (253725)
ACH-000389,6,4010346183447196350,19,NUP50 (10762)
ACH-000389,6,4010346183447196350,20,EIF5AL1 (143244)
ACH-000389,6,4010346183447196350,21,DAXX (1616)
ACH-000389,6,4010346183447196350,22,DNAJC19 (131118)
ACH-000389,6,4010346183447196350,23,RAD51C (5889)
ACH-000389,6,4010346183447196350,24,KATNB1 (10300)
ACH-000389,6,4010346183447196350,25,ATXN7L3 (56970)
ACH-000389,6,4010346183447196350,26,COA7 (65260)
ACH-000389,6,4010346183447196350,27,FECH (2235)
ACH-000389,6,4010346183447196350,28,DLST (1743)
ACH-000389,6,4010346183447196350,29,DAP3 (7818)
ACH-000389,6,4010346183447196350,30,COQ4 (51117)
ACH-000389,6,4010346183447196350,31,INTS15 (79034)
ACH-000389,6,4010346183447196350,32,CDIN1 (84529)
ACH-000389,6,4010346183447196350,33,RAF1 (5894)
ACH-000389,6,4010346183447196350,34,STK11 (6794)
ACH-000389,6,4010346183447196350,35,ASCC3 (10973)
ACH-000389,6,4010346183447196350,36,MAU2 (23383)
ACH-000389,6,4010346183447196350,37,PDCD5 (9141)
ACH-000389,6,4010346183447196350,38,MBTPS2 (51360)
ACH-000389,6,4010346183447196350,39,BRD2 (6046)
ACH-000389,6,4010346183447196350,40,LSM12 (124801)
ACH-000389,6,4010346183447196350,41,ARHGEF7 (8874)
ACH-000389,6,4010346183447196350,42,NIPBL (25836)
ACH-000389,6,4010346183447196350,43,CEP43 (11116)
ACH-000389,6,4010346183447196350,44,SQLE (6713)
ACH-000389,6,4010346183447196350,45,FARS2 (10667)
ACH-000389,6,4010346183447196350,46,FOSL1 (8061)
ACH-000389,6,4010346183447196350,47,XRCC3 (7517)
ACH-000389,6,4010346183447196350,48,MCMBP (79892)
ACH-000389,6,4010346183447196350,49,DYNLL1 (8655)
ACH-000389,6,4010346183447196350,50,MYBBP1A (10514)
ACH-000389,7,6296682858944794556,1,RTTN (25914)
ACH-000389,7,6296682858944794556,2,USE1 (55850)
ACH-000389,7,6296682858944794556,3,CCND1 (595)
ACH-000389,7,6296682858944794556,4,TRPM7 (54822)
ACH-000389,7,6296682858944794556,5,SMARCE1 (6605)
ACH-000389,7,6296682858944794556,6,TFB2M (64216)
ACH-000389,7,6296682858944794556,7,FADD (8772)
ACH-000389,7,6296682858944794556,8,ARID2 (196528)
ACH-000389,7,6296682858944794556,9,GLMN (11146)
ACH-000389,7,6296682858944794556,10,HAUS8 (93323)
ACH-000389,7,6296682858944794556,11,MNAT1 (4331)
ACH-000389,7,6296682858944794556,12,ARID1B (57492)
ACH-000389,7,6296682858944794556,13,USP8 (9101)
ACH-000389,7,6296682858944794556,14,RHOA (387)
ACH-000389,7,6296682858944794556,15,UROD (7389)
ACH-000389,7,6296682858944794556,16,MTX2 (10651)
ACH-000389,7,6296682858944794556,17,WRN (7486)
ACH-000389,7,6296682858944794556,18,PDCD5 (9141)
ACH-000389,7,6296682858944794556,19,GPI (2821)
ACH-000389,7,6296682858944794556,20,KRAS (3845)
ACH-000389,7,6296682858944794556,21,MCL1 (4170)
ACH-000389,7,6296682858944794556,22,INTS6 (26512)
ACH-000389,7,6296682858944794556,23,DHODH (1723)
ACH-000389,7,6296682858944794556,24,LAMTOR2 (28956)
ACH-000389,7,6296682858944794556,25,PPAT (5471)
ACH-000389,7,6296682858944794556,26,NDUFA4 (4697)
ACH-000389,7,6296682858944794556,27,PFDN1 (5201)
ACH-000389,7,6296682858944794556,28,FECH (2235)
ACH-000389,7,6296682858944794556,29,METTL1 (4234)
ACH-000389,7,6296682858944794556,30,RBM18 (92400)
ACH-000389,7,6296682858944794556,31,MRPL38 (64978)
ACH-000389,7,6296682858944794556,32,CCND3 (896)
ACH-000389,7,6296682858944794556,33,PPP2R2A (5520)
ACH-000389,7,6296682858944794556,34,TCOF1 (6949)
ACH-000389,7,6296682858944794556,35,RAD51D (5892)
ACH-000389,7,6296682858944794556,36,INTS15 (79034)
ACH-000389,7,6296682858944794556,37,DNAJC13 (23317)
ACH-000389,7,6296682858944794556,38,NDUFAB1 (4706)
ACH-000389,7,6296682858944794556,39,CSNK1A1 (1452)
ACH-000389,7,6296682858944794556,40,DSCC1 (79075)
ACH-000389,7,6296682858944794556,41,TSC2 (7249)
ACH-000389,7,6296682858944794556,42,MYB (4602)
ACH-000389,7,6296682858944794556,43,H2AX (3014)
ACH-000389,7,6296682858944794556,44,SGF29 (112869)
ACH-000389,7,6296682858944794556,45,NDUFA8 (4702)
ACH-000389,7,6296682858944794556,46,CDH1 (999)
ACH-000389,7,6296682858944794556,47,IMPDH2 (3615)
ACH-000389,7,6296682858944794556,48,THAP11 (57215)
ACH-000389,7,6296682858944794556,49,STAG2 (10735)
ACH-000389,7,6296682858944794556,50,GFM1 (85476)
ACH-000389,8,9682385290585404627,1,MED1 (5469)
ACH-000389,8,9682385290585404627,2,TIMM29 (90580)
ACH-000389,8,9682385290585404627,3,TYMS (7298)
ACH-000389,8,9682385290585404627,4,PTDSS1 (9791)
ACH-000389,8,9682385290585404627,5,WWTR1 (25937)
ACH-000389,8,9682385290585404627,6,USP7 (7874)
ACH-000389,8,9682385290585404627,7,SEPHS2 (22928)
ACH-000389,8,9682385290585404627,8,MRPS7 (51081)
ACH-000389,8,9682385290585404627,9,IDH3A (3419)
ACH-000389,8,9682385290585404627,10,MRPS6 (64968)
ACH-000389,8,9682385290585404627,11,SNRPB2 (6629)
ACH-000389,8,9682385290585404627,12,HNRNPR (10236)
ACH-000389,8,9682385290585404627,13,GLRX5 (51218)
ACH-000389,8,9682385290585404627,14,ADSS2 (159)
ACH-000389,8,9682385290585404627,15,RHOA (387)
ACH-000389,8,9682385290585404627,16,HAPLN2 (60484)
ACH-000389,8,9682385290585404627,17,PAICS (10606)
ACH-000389,8,9682385290585404627,18,PPP1CA (5499)
ACH-000389,8,9682385290585404627,19,SLC25A26 (115286)
ACH-000389,8,9682385290585404627,20,NDUFB11 (54539)
ACH-000389,8,9682385290585404627,21,STX4 (6810)
ACH-000389,8,9682385290585404627,22,MVD (4597)
ACH-000389,8,9682385290585404627,23,CSNK1A1 (1452)
ACH-000389,8,9682385290585404627,24,PPP2R3C (55012)
ACH-000389,8,9682385290585404627,25,NR2C2AP (126382)
ACH-000389,8,9682385290585404627,26,FDX1 (2230)
ACH-000389,8,9682385290585404627,27,FBXW11 (23291)
ACH-000389,8,9682385290585404627,28,ARMC5 (79798)
ACH-000389,8,9682385290585404627,29,DSCC1 (79075)
ACH-000389,8,9682385290585404627,30,RPL22L1 (200916)
ACH-000389,8,9682385290585404627,31,PDCD7 (10081)
ACH-000389,8,9682385290585404627,32,ASNS (440)
ACH-000389,8,9682385290585404627,33,FECH (2235)
ACH-000389,8,9682385290585404627,34,KIF18B (146909)
ACH-000389,8,9682385290585404627,35,POLRMT (5442)
ACH-000389,8,9682385290585404627,36,FADD (8772)
ACH-000389,8,9682385290585404627,37,HAPSTR1 (29035)
ACH-000389,8,9682385290585404627,38,NOA1 (84273)
ACH-000389,8,9682385290585404627,39,SAMM50 (25813)
ACH-000389,8,9682385290585404627,40,EP300 (2033)
ACH-000389,8,9682385290585404627,41,TAFAZZIN (6901)
ACH-000389,8,9682385290585404627,42,KIF20A (10112)
ACH-000389,8,9682385290585404627,43,TAF1D (79101)
ACH-000389,8,9682385290585404627,44,AIFM1 (9131)
ACH-000389,8,9682385290585404627,45,CRIPTO (6997)
ACH-000389,8,9682385290585404627,46,TRIM37 (4591)
ACH-000389,8,9682385290585404627,47,ZNF407 (55628)
ACH-000389,8,9682385290585404627,48,ACTR3 (10096)
ACH-000389,8,9682385290585404627,49,RNF4 (6047)
ACH-000389,8,9682385290585404627,50,KNTC1 (9735)
ACH-000389,9,14843247551041133229,1,WTAP (9589)
ACH-000389,9,14843247551041133229,2,MYB (4602)
ACH-000389,9,14843247551041133229,3,RBBP7 (5931)
ACH-000389,9,14843247551041133229,4,MCMBP (79892)
ACH-000389,9,14843247551041133229,5,VPS4A (27183)
ACH-000389,9,14843247551041133229,6,DOLPP1 (57171)
ACH-000389,9,14843247551041133229,7,MRPL4 (51073)
ACH-000389,9,14843247551041133229,8,IRS2 (8660)
ACH-000389,9,14843247551041133229,9,EEFSEC (60678)
ACH-000389,9,14843247551041133229,10,GEMIN2 (8487)
ACH-000389,9,14843247551041133229,11,ACO2 (50)
ACH-000389,9,14843247551041133229,12,TAPT1 (202018)
ACH-000389,9,14843247551041133229,13,TWNK (56652)
ACH-000389,9,14843247551041133229,14,IDH3A (3419)
ACH-000389,9,14843247551041133229,15,RAD51D (5892)
ACH-000389,9,14843247551041133229,16,BRCA1 (672)
ACH-000389,9,14843247551041133229,17,SLC25A3 (5250)
ACH-000389,9,14843247551041133229,18,TMED10 (10972)
ACH-000389,9,14843247551041133229,19,MNAT1 (4331)
ACH-000389,9,14843247551041133229,20,ELP2 (55250)
ACH-000389,9,14843247551041133229,21,MDM4 (4194)
ACH-000389,9,14843247551041133229,22,SMC5 (23137)
ACH-000389,9,14843247551041133229,23,MRPL38 (64978)
ACH-000389,9,14843247551041133229,24,NFE2L2 (4780)
ACH-000389,9,14843247551041133229,25,ARPC4 (10093)
ACH-000389,9,14843247551041133229,26,MRPS5 (64969)
ACH-000389,9,14843247551041133229,27,CCND3 (896)
ACH-000389,9,14843247551041133229,28,PFDN1 (5201)
ACH-000389,9,14843247551041133229,29,RPP25L (138716)
ACH-000389,9,14843247551041133229,30,CIT (11113)
ACH-000389,9,14843247551041133229,31,ZNF217 (7764)
ACH-000389,9,14843247551041133229,32,GFPT1 (2673)
ACH-000389,9,14843247551041133229,33,COX6A1 (1337)
ACH-000389,9,14843247551041133229,34,INTS15 (79034)
ACH-000389,9,14843247551041133229,35,PPP6C (5537)
ACH-000389,9,14843247551041133229,36,NDUFB4 (4710)
ACH-000389,9,14843247551041133229,37,PDS5A (23244)
ACH-000389,9,14843247551041133229,38,WDR7 (23335)
ACH-000389,9,14843247551041133229,39,PNKP (11284)
ACH-000389,9,14843247551041133229,40,ADRM1 (11047)
ACH-000389,9,14843247551041133229,41,PARD6B (84612)
ACH-000389,9,14843247551041133229,42,TRPM7 (54822)
ACH-000389,9,14843247551041133229,43,BRK1 (55845)
ACH-000389,9,14843247551041133229,44,TCF7L2 (6934)
ACH-000389,9,14843247551041133229,45,GPX4 (2879)
ACH-000389,9,14843247551041133229,46,CCDC6 (8030)
ACH-000389,9,14843247551041133229,47,METAP1 (23173)
ACH-000389,9,14843247551041133229,48,XRN1 (54464)
ACH-000389,9,14843247551041133229,49,PPP4R2 (151987)
ACH-000389,9,14843247551041133229,50,THG1L (54974)
ACH-000389,10,1284793500496250228,1,SLC25A26 (115286)
ACH-000389,10,1284793500496250228,2,MEN1 (4221)
ACH-000389,10,1284793500496250228,3,ICE2 (79664)
ACH-000389,10,1284793500496250228,4,ELP2 (55250)
ACH-000389,10,1284793500496250228,5,XRN1 (54464)
ACH-000389,10,1284793500496250228,6,PCNX3 (399909)
ACH-000389,10,1284793500496250228,7,FAM210A (125228)
ACH-000389,10,1284793500496250228,8,UXS1 (80146)
ACH-000389,10,1284793500496250228,9,FOXA2 (3170)
ACH-000389,10,1284793500496250228,10,ARMC5 (79798)
ACH-000389,10,1284793500496250228,11,MRPL39 (54148)
ACH-000389,10,1284793500496250228,12,MBTPS2 (51360)
ACH-000389,10,1284793500496250228,13,TACC3 (10460)
ACH-000389,10,1284793500496250228,14,TIPRL (261726)
ACH-000389,10,1284793500496250228,15,GABPB1 (2553)
ACH-000389,10,1284793500496250228,16,FURIN (5045)
ACH-000389,10,1284793500496250228,17,NDUFC2 (4718)
ACH-000389,10,1284793500496250228,18,RPL22L1 (200916)
ACH-000389,10,1284793500496250228,19,MICOS10 (440574)
ACH-000389,10,1284793500496250228,20,PTPN11 (5781)
ACH-000389,10,1284793500496250228,21,YME1L1 (10730)
ACH-000389,10,1284793500496250228,22,SLC7A5 (8140)
ACH-000389,10,1284793500496250228,23,ZMYND8 (23613)
ACH-000389,10,1284793500496250228,24,MRPS16 (51021)
ACH-000389,10,1284793500496250228,25,ACTR3 (10096)
ACH-000389,10,1284793500496250228,26,RHOA (387)
ACH-000389,10,1284793500496250228,27,SMCHD1 (23347)
ACH-000389,10,1284793500496250228,28,SLC7A1 (6541)
ACH-000389,10,1284793500496250228,29,CRAMP1 (57585)
ACH-000389,10,1284793500496250228,30,SOX10 (6663)
ACH-000389,10,1284793500496250228,31,TIMM22 (29928)
ACH-000389,10,1284793500496250228,32,NOA1 (84273)
ACH-000389,10,1284793500496250228,33,ZFP36L1 (677)
ACH-000389,10,1284793500496250228,34,SUGT1 (10910)
ACH-000389,10,1284793500496250228,35,CDK8 (1024)
ACH-000389,10,1284793500496250228,36,CTNNA1 (1495)
ACH-000389,10,1284793500496250228,37,ARID1B (57492)
ACH-000389,10,1284793500496250228,38,SQLE (6713)
ACH-000389,10,1284793500496250228,39,PARD6B (84612)
ACH-000389,10,1284793500496250228,40,MRPL35 (51318)
ACH-000389,10,1284793500496250228,41,MYBL2 (4605)
ACH-000389,10,1284793500496250228,42,KRAS (3845)
ACH-000389,10,1284793500496250228,43,ITGB5 (3693)
ACH-000389,10,1284793500496250228,44,TEN1 (100134934)
ACH-000389,10,1284793500496250228,45,EXOSC10 (5394)
ACH-000389,10,1284793500496250228,46,ACSL3 (2181)
ACH-000389,10,1284793500496250228,47,ITGB1 (3688)
ACH-000389,10,1284793500496250228,48,UBIAD1 (29914)
ACH-000389,10,1284793500496250228,49,GEMIN2 (8487)
ACH-000389,10,1284793500496250228,50,DNM1L (10059)
ACH-000389,11,4030411009154800394,1,PTMA (5757)
ACH-000389,11,4030411009154800394,2,GMNN (51053)
ACH-000389,11,4030411009154800394,3,MED9 (55090)
ACH-000389,11,4030411009154800394,4,BRCA1 (672)
ACH-000389,11,4030411009154800394,5,IDH3A (3419)
ACH-000389,11,4030411009154800394,6,PKN2 (5586)
ACH-000389,11,4030411009154800394,7,SLC2A1 (6513)
ACH-000389,11,4030411009154800394,8,SGF29 (112869)
ACH-000389,11,4030411009154800394,9,EAF1 (85403)
ACH-000389,11,4030411009154800394,10,VEZF1 (7716)
ACH-000389,11,4030411009154800394,11,NAA20 (51126)
ACH-000389,11,4030411009154800394,12,APC (324)
ACH-000389,11,4030411009154800394,13,MAPK1 (5594)
ACH-000389,11,4030411009154800394,14,SKA1 (220134)
ACH-000389,11,4030411009154800394,15,EIF5AL1 (143244)
ACH-000389,11,4030411009154800394,16,FDFT1 (2222)
ACH-000389,11,4030411009154800394,17,YPEL5 (51646)
ACH-000389,11,4030411009154800394,18,CCDC51 (79714)
ACH-000389,11,4030411009154800394,19,ZNF407 (55628)
ACH-000389,11,4030411009154800394,20,RAB10 (10890)
ACH-000389,11,4030411009154800394,21,HNF1B (6928)
ACH-000389,11,4030411009154800394,22,KANSL1 (284058)
ACH-000389,11,4030411009154800394,23,MAU2 (23383)
ACH-000389,11,4030411009154800394,24,CCDC6 (8030)
ACH-000389,11,4030411009154800394,25,PPP2R3C (55012)
ACH-000389,11,4030411009154800394,26,FBXO42 (54455)
ACH-000389,11,4030411009154800394,27,LDLR (3949)
ACH-000389,11,4030411009154800394,28,GMPS (8833)
ACH-000389,11,4030411009154800394,29,SOX10 (6663)
ACH-000389,11,4030411009154800394,30,EAPP (55837)
ACH-000389,11,4030411009154800394,31,HAUS8 (93323)
ACH-000389,11,4030411009154800394,32,RFK (55312)
ACH-000389,11,4030411009154800394,33,PFDN1 (5201)
ACH-000389,11,4030411009154800394,34,UBAP2L (9898)
ACH-000389,11,4030411009154800394,35,SLC33A1 (9197)
ACH-000389,11,4030411009154800394,36,NDUFB3 (4709)
ACH-000389,11,4030411009154800394,37,DYNLL1 (8655)
ACH-000389,11,4030411009154800394,38,PAICS (10606)
ACH-000389,11,4030411009154800394,39,FAM185A (222234)
ACH-000389,11,4030411009154800394,40,MTG2 (26164)
ACH-000389,11,4030411009154800394,41,PAGR1 (79447)
ACH-000389,11,4030411009154800394,42,CRIPTO (6997)
ACH-000389,11,4030411009154800394,43,SDHB (6390)
ACH-000389,11,4030411009154800394,44,MRPS14 (63931)
ACH-000389,11,4030411009154800394,45,OGDH (4967)
ACH-000389,11,4030411009154800394,46,SEC62 (7095)
ACH-000389,11,4030411009154800394,47,CHMP5 (51510)
ACH-000389,11,4030411009154800394,48,PRKAR1A (5573)
ACH-000389,11,4030411009154800394,49,ATP5F1B (506)
ACH-000389,11,4030411009154800394,50,ADSS2 (159)
ACH-000389,12,7314873192165814770,1,TAPT1 (202018)
ACH-000389,12,7314873192165814770,2,SMG7 (9887)
ACH-000389,12,7314873192165814770,3,ACTB (60)
ACH-000389,12,7314873192165814770,4,PPP6R3 (55291)
ACH-000389,12,7314873192165814770,5,DSCC1 (79075)
ACH-000389,12,7314873192165814770,6,HSPA8 (3312)
ACH-000389,12,7314873192165814770,7,NDUFB6 (4712)
ACH-000389,12,7314873192165814770,8,MRPL35 (51318)
ACH-000389,12,7314873192165814770,9,SRSF10 (10772)
ACH-000389,12,7314873192165814770,10,USP8 (9101)
ACH-000389,12,7314873192165814770,11,FAF2 (23197)
ACH-000389,12,7314873192165814770,12,NBAS (51594)
ACH-000389,12,7314873192165814770,13,MCMBP (79892)
ACH-000389,12,7314873192165814770,14,CSK (1445)
ACH-000389,12,7314873192165814770,15,PARS2 (25973)
ACH-000389,12,7314873192165814770,16,ADSL (158)
ACH-000389,12,7314873192165814770,17,VHL (7428)
ACH-000389,12,7314873192165814770,18,YME1L1 (10730)
ACH-000389,12,7314873192165814770,19,WDR48 (57599)
ACH-000389,12,7314873192165814770,20,PPP2R2A (5520)
ACH-000389,12,7314873192165814770,21,TMX2 (51075)
ACH-000389,12,7314873192165814770,22,HARS2 (23438)
ACH-000389,12,7314873192165814770,23,OXSM (54995)
ACH-000389,12,7314873192165814770,24,PTPMT1 (114971)
ACH-000389,12,7314873192165814770,25,XRN1 (54464)
ACH-000389,12,7314873192165814770,26,VRK1 (7443)
ACH-000389,12,7314873192165814770,27,TOMM20 (9804)
ACH-000389,12,7314873192165814770,28,NOA1 (84273)
ACH-000389,12,7314873192165814770,29,RPUSD4 (84881)
ACH-000389,12,7314873192165814770,30,ENO1 (2023)
ACH-000389,12,7314873192165814770,31,FURIN (5045)
ACH-000389,12,7314873192165814770,32,KIF18B (146909)
ACH-000389,12,7314873192165814770,33,FDPS (2224)
ACH-000389,12,7314873192165814770,34,ADSS2 (159)
ACH-000389,12,7314873192165814770,35,EARS2 (124454)
ACH-000389,12,7314873192165814770,36,FDXR (2232)
ACH-000389,12,7314873192165814770,37,SLC33A1 (9197)
ACH-000389,12,7314873192165814770,38,TRIM28 (10155)
ACH-000389,12,7314873192165814770,39,CAD (790)
ACH-000389,12,7314873192165814770,40,MYBBP1A (10514)
ACH-000389,12,7314873192165814770,41,NSMCE4A (54780)
ACH-000389,12,7314873192165814770,42,TIMM17A (10440)
ACH-000389,12,7314873192165814770,43,NDUFAB1 (4706)
ACH-000389,12,7314873192165814770,44,EED (8726)
ACH-000389,12,7314873192165814770,45,TRAF7 (84231)
ACH-000389,12,7314873192165814770,46,OPA1 (4976)
ACH-000389,12,7314873192165814770,47,TKT (7086)
ACH-000389,12,7314873192165814770,48,ZEB1 (6935)
ACH-000389,12,7314873192165814770,49,WDR83 (84292)
ACH-000389,12,7314873192165814770,50,HMBS (3145)
ACH-000389,13,5137600538003510570,1,PPP1CB (5500)
ACH-000389,13,5137600538003510570,2,DOLPP1 (57171)
ACH-000389,13,5137600538003510570,3,THG1L (54974)
ACH-000389,13,5137600538003510570,4,DDX19A (55308)
ACH-000389,13,5137600538003510570,5,DNM1L (10059)
ACH-000389,13,5137600538003510570,6,MED1 (5469)
ACH-000389,13,5137600538003510570,7,STN1 (79991)
ACH-000389,13,5137600538003510570,8,NCAPD3 (23310)
ACH-000389,13,5137600538003510570,9,PPIL1 (51645)
ACH-000389,13,5137600538003510570,10,PCNX3 (399909)
ACH-000389,13,5137600538003510570,11,SLC16A1 (6566)
ACH-000389,13,5137600538003510570,12,PAXIP1 (22976)
ACH-000389,13,5137600538003510570,13,OTUD5 (55593)
ACH-000389,13,5137600538003510570,14,HUS1 (3364)
ACH-000389,13,5137600538003510570,15,TCOF1 (6949)
ACH-000389,13,5137600538003510570,16,COA6 (388753)
ACH-000389,13,5137600538003510570,17,FERMT1 (55612)
ACH-000389,13,5137600538003510570,18,TFAM (7019)
ACH-000389,13,5137600538003510570,19,TIMM17A (10440)
ACH-000389,13,5137600538003510570,20,CTPS1 (1503)
ACH-000389,13,5137600538003510570,21,NARS2 (79731)
ACH-000389,13,5137600538003510570,22,MRPL4 (51073)
ACH-000389,13,5137600538003510570,23,ZFX (7543)
ACH-000389,13,5137600538003510570,24,MTX2 (10651)
ACH-000389,13,5137600538003510570,25,CIT (11113)
ACH-000389,13,5137600538003510570,26,CCNL1 (57018)
ACH-000389,13,5137600538003510570,27,ELP4 (26610)
ACH-000389,13,5137600538003510570,28,YAP1 (10413)
ACH-000389,13,5137600538003510570,29,HNF1B (6928)
ACH-000389,13,5137600538003510570,30,BSG (682)
ACH-000389,13,5137600538003510570,31,HNF1A (6927)
ACH-000389,13,5137600538003510570,32,LIPT1 (51601)
ACH-000389,13,5137600538003510570,33,FAM210A (125228)
ACH-000389,13,5137600538003510570,34,NDUFB4 (4710)
ACH-000389,13,5137600538003510570,35,FAM185A (222234)
ACH-000389,13,5137600538003510570,36,FDPS (2224)
ACH-000389,13,5137600538003510570,37,HAUS8 (93323)
ACH-000389,13,5137600538003510570,38,CEP43 (11116)
ACH-000389,13,5137600538003510570,39,RAF1 (5894)
ACH-000389,13,5137600538003510570,40,COX15 (1355)
ACH-000389,13,5137600538003510570,41,NRAS (4893)
ACH-000389,13,5137600538003510570,42,POLRMT (5442)
ACH-000389,13,5137600538003510570,43,RAD51D (5892)
ACH-000389,13,5137600538003510570,44,WDR48 (57599)
ACH-000389,13,5137600538003510570,45,ATXN7L3 (56970)
ACH-000389,13,5137600538003510570,46,ISCA2 (122961)
ACH-000389,13,5137600538003510570,47,ANLN (54443)
ACH-000389,13,5137600538003510570,48,SDHB (6390)
ACH-000389,13,5137600538003510570,49,COA7 (65260)
ACH-000389,13,5137600538003510570,50,HECTD1 (25831)
ACH-000389,14,15763141908375906396,1,CARS2 (79587)
ACH-000389,14,15763141908375906396,2,EED (8726)
ACH-000389,14,15763141908375906396,3,TUBB3 (10381)
ACH-000389,14,15763141908375906396,4,KLF5 (688)
ACH-000389,14,15763141908375906396,5,LIPT1 (51601)
ACH-000389,14,15763141908375906396,6,HUS1 (3364)
ACH-000389,14,15763141908375906396,7,IRF2BP2 (359948)
ACH-000389,14,15763141908375906396,8,ITGAV (3685)
ACH-000389,14,15763141908375906396,9,MRPS6 (64968)
ACH-000389,14,15763141908375906396,10,ACO2 (50)
ACH-000389,14,15763141908375906396,11,MRPL18 (29074)
ACH-000389,14,15763141908375906396,12,PFAS (5198)
ACH-000389,14,15763141908375906396,13,PGP (283871)
ACH-000389,14,15763141908375906396,14,UBIAD1 (29914)
ACH-000389,14,15763141908375906396,15,SLC16A1 (6566)
ACH-000389,14,15763141908375906396,16,NCAPD3 (23310)
ACH-000389,14,15763141908375906396,17,XRCC3 (7517)
ACH-000389,14,15763141908375906396,18,MRPL4 (51073)
ACH-000389,14,15763141908375906396,19,SMC5 (23137)
ACH-000389,14,15763141908375906396,20,STAMBP (10617)
ACH-000389,14,15763141908375906396,21,IMPDH2 (3615)
ACH-000389,14,15763141908375906396,22,COASY (80347)
ACH-000389,14,15763141908375906396,23,BRK1 (55845)
ACH-000389,14,15763141908375906396,24,RPL22L1 (200916)
ACH-000389,14,15763141908375906396,25,GTF3C3 (9330)
ACH-000389,14,15763141908375906396,26,MBTPS2 (51360)
ACH-000389,14,15763141908375906396,27,STEEP1 (63932)
ACH-000389,14,15763141908375906396,28,TRAF7 (84231)
ACH-000389,14,15763141908375906396,29,FDXR (2232)
ACH-000389,14,15763141908375906396,30,HECTD1 (25831)
ACH-000389,14,15763141908375906396,31,TKT (7086)
ACH-000389,14,15763141908375906396,32,TYMS (7298)
ACH-000389,14,15763141908375906396,33,FARS2 (10667)
ACH-000389,14,15763141908375906396,34,PHF12 (57649)
ACH-000389,14,15763141908375906396,35,VHL (7428)
ACH-000389,14,15763141908375906396,36,NDUFB3 (4709)
ACH-000389,14,15763141908375906396,37,MRPL28 (10573)
ACH-000389,14,15763141908375906396,38,TIPRL (261726)
ACH-000389,14,15763141908375906396,39,RPRD1B (58490)
ACH-000389,14,15763141908375906396,40,CCDC6 (8030)
ACH-000389,14,15763141908375906396,41,PPM1D (8493)
ACH-000389,14,15763141908375906396,42,SMARCB1 (6598)
ACH-000389,14,15763141908375906396,43,RAD51D (5892)
ACH-000389,14,15763141908375906396,44,SDHD (6392)
ACH-000389,14,15763141908375906396,45,CYC1 (1537)
ACH-000389,14,15763141908375906396,46,RAD1 (5810)
ACH-000389,14,15763141908375906396,47,TCOF1 (6949)
ACH-000389,14,15763141908375906396,48,DICER1 (23405)
ACH-000389,14,15763141908375906396,49,STK11 (6794)
ACH-000389,14,15763141908375906396,50,ATF4 (468)
ACH-000389,15,3443431904119269705,1,FGFR1 (2260)
ACH-000389,15,3443431904119269705,2,YME1L1 (10730)
ACH-000389,15,3443431904119269705,3,NARS2 (79731)
ACH-000389,15,3443431904119269705,4,MYB (4602)
ACH-000389,15,3443431904119269705,5,GRB2 (2885)
ACH-000389,15,3443431904119269705,6,SRSF10 (10772)
ACH-000389,15,3443431904119269705,7,PNKP (11284)
ACH-000389,15,3443431904119269705,8,STK11 (6794)
ACH-000389,15,3443431904119269705,9,CTNNB1 (1499)
ACH-000389,15,3443431904119269705,10,RPAP2 (79871)
ACH-000389,15,3443431904119269705,11,MNAT1 (4331)
ACH-000389,15,3443431904119269705,12,NDUFB10 (4716)
ACH-000389,15,3443431904119269705,13,PFN1 (5216)
ACH-000389,15,3443431904119269705,14,NFRKB (4798)
ACH-000389,15,3443431904119269705,15,SYNCRIP (10492)
ACH-000389,15,3443431904119269705,16,RAD1 (5810)
ACH-000389,15,3443431904119269705,17,FECH (2235)
ACH-000389,15,3443431904119269705,18,PFDN5 (5204)
ACH-000389,15,3443431904119269705,19,MIB1 (57534)
ACH-000389,15,3443431904119269705,20,USP9X (8239)
ACH-000389,15,3443431904119269705,21,NDUFB6 (4712)
ACH-000389,15,3443431904119269705,22,TIMM17A (10440)
ACH-000389,15,3443431904119269705,23,SCAP (22937)
ACH-000389,15,3443431904119269705,24,TOMM70 (9868)
ACH-000389,15,3443431904119269705,25,FAM185A (222234)
ACH-000389,15,3443431904119269705,26,SOCS3 (9021)
ACH-000389,15,3443431904119269705,27,ELOF1 (84337)
ACH-000389,15,3443431904119269705,28,VHL (7428)
ACH-000389,15,3443431904119269705,29,WTAP (9589)
ACH-000389,15,3443431904119269705,30,IGF1R (3480)
ACH-000389,15,3443431904119269705,31,SARNP (84324)
ACH-000389,15,3443431904119269705,32,EARS2 (124454)
ACH-000389,15,3443431904119269705,33,FBXO42 (54455)
ACH-000389,15,3443431904119269705,34,HSD17B10 (3028)
ACH-000389,15,3443431904119269705,35,MRPL41 (64975)
ACH-000389,15,3443431904119269705,36,MRPS5 (64969)
ACH-000389,15,3443431904119269705,37,BRAF (673)
ACH-000389,15,3443431904119269705,38,SREBF1 (6720)
ACH-000389,15,3443431904119269705,39,USP8 (9101)
ACH-000389,15,3443431904119269705,40,SSBP3 (23648)
ACH-000389,15,3443431904119269705,41,TRIM28 (10155)
ACH-000389,15,3443431904119269705,42,FAM98B (283742)
ACH-000389,15,3443431904119269705,43,CCDC51 (79714)
ACH-000389,15,3443431904119269705,44,STIL (6491)
ACH-000389,15,3443431904119269705,45,TIMM22 (29928)
ACH-000389,15,3443431904119269705,46,PCNX3 (399909)
ACH-000389,15,3443431904119269705,47,MAD2L1BP (9587)
ACH-000389,15,3443431904119269705,48,FOSL1 (8061)
ACH-000389,15,3443431904119269705,49,TAMM41 (132001)
ACH-000389,15,3443431904119269705,50,MRPL38 (64978)
ACH-000389,16,9045155146056487835,1,VPS33A (65082)
ACH-000389,16,9045155146056487835,2,PNKP (11284)
ACH-000389,16,9045155146056487835,3,SQLE (6713)
ACH-000389,16,9045155146056487835,4,VARS2 (57176)
ACH-000389,16,9045155146056487835,5,CYB5B (80777)
ACH-000389,16,9045155146056487835,6,TRPM7 (54822)
ACH-000389,16,9045155146056487835,7,CDH1 (999)
ACH-000389,16,9045155146056487835,8,RPP25L (138716)
ACH-000389,16,9045155146056487835,9,MVD (4597)
ACH-000389,16,9045155146056487835,10,GRB2 (2885)
ACH-000389,16,9045155146056487835,11,PIK3CA (5290)
ACH-000389,16,9045155146056487835,12,PGM3 (5238)
ACH-000389,16,9045155146056487835,13,PFDN5 (5204)
ACH-000389,16,9045155146056487835,14,MRPL38 (64978)
ACH-000389,16,9045155146056487835,15,PDCD7 (10081)
ACH-000389,16,9045155146056487835,16,MRPS25 (64432)
ACH-000389,16,9045155146056487835,17,CDS2 (8760)
ACH-000389,16,9045155146056487835,18,USE1 (55850)
ACH-000389,16,9045155146056487835,19,SARS2 (54938)
ACH-000389,16,9045155146056487835,20,EIF5AL1 (143244)
ACH-000389,16,9045155146056487835,21,ATP5F1D (513)
ACH-000389,16,9045155146056487835,22,CCAR1 (55749)
ACH-000389,16,9045155146056487835,23,JTB (10899)
ACH-000389,16,9045155146056487835,24,PPP4R2 (151987)
ACH-000389,16,9045155146056487835,25,SGF29 (112869)
ACH-000389,16,9045155146056487835,26,SLC20A1 (6574)
ACH-000389,16,9045155146056487835,27,HAPSTR1 (29035)
ACH-000389,16,9045155146056487835,28,TXNRD1 (7296)
ACH-000389,16,9045155146056487835,29,GABPA (2551)
ACH-000389,16,9045155146056487835,30,ATP6V1H (51606)
ACH-000389,16,9045155146056487835,31,STN1 (79991)
ACH-000389,16,9045155146056487835,32,HNRNPR (10236)
ACH-000389,16,9045155146056487835,33,WRN (7486)
ACH-000389,16,9045155146056487835,34,PPA2 (27068)
ACH-000389,16,9045155146056487835,35,RBBP7 (5931)
ACH-000389,16,9045155146056487835,36,SKA1 (220134)
ACH-000389,16,9045155146056487835,37,RIC8A (60626)
ACH-000389,16,9045155146056487835,38,DDX39B (7919)
ACH-000389,16,9045155146056487835,39,RAB6A (5870)
ACH-000389,16,9045155146056487835,40,NRAS (4893)
ACH-000389,16,9045155146056487835,41,PFDN1 (5201)
ACH-000389,16,9045155146056487835,42,NXT1 (29107)
ACH-000389,16,9045155146056487835,43,FDPS (2224)
ACH-000389,16,9045155146056487835,44,WTAP (9589)
ACH-000389,16,9045155146056487835,45,HSP90B1 (7184)
ACH-000389,16,9045155146056487835,46,PTDSS1 (9791)
ACH-000389,16,9045155146056487835,47,GTF3C3 (9330)
ACH-000389,16,9045155146056487835,48,TFB2M (64216)
ACH-000389,16,9045155146056487835,49,TMX2 (51075)
ACH-000389,16,9045155146056487835,50,PPM1D (8493)
ACH-000389,17,3315017900060731012,1,MRPL55 (128308)
ACH-000389,17,3315017900060731012,2,MRPL35 (51318)
ACH-000389,17,3315017900060731012,3,TEAD1 (7003)
ACH-000389,17,3315017900060731012,4,DDX39B (7919)
ACH-000389,17,3315017900060731012,5,INTS6 (26512)
ACH-000389,17,3315017900060731012,6,RBM18 (92400)
ACH-000389,17,3315017900060731012,7,MRPL15 (29088)
ACH-000389,17,3315017900060731012,8,SOD2 (6648)
ACH-000389,17,3315017900060731012,9,SYNCRIP (10492)
ACH-000389,17,3315017900060731012,10,CCNL1 (57018)
ACH-000389,17,3315017900060731012,11,ATP5F1D (513)
ACH-000389,17,3315017900060731012,12,STK11 (6794)
ACH-000389,17,3315017900060731012,13,MRPL4 (51073)
ACH-000389,17,3315017900060731012,14,ESCO2 (157570)
ACH-000389,17,3315017900060731012,15,FZD5 (7855)
ACH-000389,17,3315017900060731012,16,PTPA (5524)
ACH-000389,17,3315017900060731012,17,CAND1 (55832)
ACH-000389,17,3315017900060731012,18,PAXIP1 (22976)
ACH-000389,17,3315017900060731012,19,NDUFA4 (4697)
ACH-000389,17,3315017900060731012,20,ATP1B3 (483)
ACH-000389,17,3315017900060731012,21,COX10 (1352)
ACH-000389,17,3315017900060731012,22,EARS2 (124454)
ACH-000389,17,3315017900060731012,23,SSBP1 (6742)
ACH-000389,17,3315017900060731012,24,GABPA (2551)
ACH-000389,17,3315017900060731012,25,FECH (2235)
ACH-000389,17,3315017900060731012,26,ADAR (103)
ACH-000389,17,3315017900060731012,27,CCNB1 (891)
ACH-000389,17,3315017900060731012,28,LRPPRC (10128)
ACH-000389,17,3315017900060731012,29,UROD (7389)
ACH-000389,17,3315017900060731012,30,P2RY6 (5031)
ACH-000389,17,3315017900060731012,31,MRPL32 (64983)
ACH-000389,17,3315017900060731012,32,HMBS (3145)
ACH-000389,17,3315017900060731012,33,MIOS (54468)
ACH-000389,17,3315017900060731012,34,EXOSC10 (5394)
ACH-000389,17,3315017900060731012,35,ACTB (60)
ACH-000389,17,3315017900060731012,36,SLC20A1 (6574)
ACH-000389,17,3315017900060731012,37,ARPC4 (10093)
ACH-000389,17,3315017900060731012,38,GOLT1B (51026)
ACH-000389,17,3315017900060731012,39,DOLPP1 (57171)
ACH-000389,17,3315017900060731012,40,CAD (790)
ACH-000389,17,3315017900060731012,41,NELFCD (51497)
ACH-000389,17,3315017900060731012,42,ACO2 (50)
ACH-000389,17,3315017900060731012,43,POP7 (10248)
ACH-000389,17,3315017900060731012,44,SLC25A26 (115286)
ACH-000389,17,3315017900060731012,45,ITGB1 (3688)
ACH-000389,17,3315017900060731012,46,NAMPT (10135)
ACH-000389,17,3315017900060731012,47,ATP6V0E1 (8992)
ACH-000389,17,3315017900060731012,48,GFM1 (85476)
ACH-000389,17,3315017900060731012,49,XYLT2 (64132)
ACH-000389,17,3315017900060731012,50,DICER1 (23405)
ACH-000389,18,16081741258106288265,1,RGP1 (9827)
ACH-000389,18,16081741258106288265,2,NCAPD3 (23310)
ACH-000389,18,16081741258106288265,3,NARS2 (79731)
ACH-000389,18,16081741258106288265,4,MED24 (9862)
ACH-000389,18,16081741258106288265,5,SAMD4B (55095)
ACH-000389,18,16081741258106288265,6,ELP2 (55250)
ACH-000389,18,16081741258106288265,7,NAMPT (10135)
ACH-000389,18,16081741258106288265,8,FDX1 (2230)
ACH-000389,18,16081741258106288265,9,ISCA2 (122961)
ACH-000389,18,16081741258106288265,10,C19orf53 (28974)
ACH-000389,18,16081741258106288265,11,CDAN1 (146059)
ACH-000389,18,16081741258106288265,12,TMX2 (51075)
ACH-000389,18,16081741258106288265,13,C3orf38 (285237)
ACH-000389,18,16081741258106288265,14,PDCD5 (9141)
ACH-000389,18,16081741258106288265,15,OGDH (4967)
ACH-000389,18,16081741258106288265,16,XRN1 (54464)
ACH-000389,18,16081741258106288265,17,PRRC2A (7916)
ACH-000389,18,16081741258106288265,18,SQLE (6713)
ACH-000389,18,16081741258106288265,19,COA7 (65260)
ACH-000389,18,16081741258106288265,20,DNM1L (10059)
ACH-000389,18,16081741258106288265,21,BPTF (2186)
ACH-000389,18,16081741258106288265,22,SOX9 (6662)
ACH-000389,18,16081741258106288265,23,CRIPTO (6997)
ACH-000389,18,16081741258106288265,24,EAF1 (85403)
ACH-000389,18,16081741258106288265,25,TRNAU1AP (54952)
ACH-000389,18,16081741258106288265,26,NIPBL (25836)
ACH-000389,18,16081741258106288265,27,SMC5 (23137)
ACH-000389,18,16081741258106288265,28,ARF4 (378)
ACH-000389,18,16081741258106288265,29,ASCC3 (10973)
ACH-000389,18,16081741258106288265,30,DAXX (1616)
ACH-000389,18,16081741258106288265,31,CCNL1 (57018)
ACH-000389,18,16081741258106288265,32,GMPS (8833)
ACH-000389,18,16081741258106288265,33,SLC3A2 (6520)
ACH-000389,18,16081741258106288265,34,WTAP (9589)
ACH-000389,18,16081741258106288265,35,MNAT1 (4331)
ACH-000389,18,16081741258106288265,36,DDX5 (1655)
ACH-000389,18,16081741258106288265,37,SGF29 (112869)
ACH-000389,18,16081741258106288265,38,DHODH (1723)
ACH-000389,18,16081741258106288265,39,VARS2 (57176)
ACH-000389,18,16081741258106288265,40,ATL2 (64225)
ACH-000389,18,16081741258106288265,41,KIF14 (9928)
ACH-000389,18,16081741258106288265,42,NAPG (8774)
ACH-000389,18,16081741258106288265,43,MRPS34 (65993)
ACH-000389,18,16081741258106288265,44,RBM18 (92400)
ACH-000389,18,16081741258106288265,45,EAPP (55837)
ACH-000389,18,16081741258106288265,46,PTPN11 (5781)
ACH-000389,18,16081741258106288265,47,GART (2618)
ACH-000389,18,16081741258106288265,48,RIC8A (60626)
ACH-000389,18,16081741258106288265,49,STAMBP (10617)
ACH-000389,18,16081741258106288265,50,GOLT1B (51026)
ACH-000389,19,10450260367184456553,1,SSBP1 (6742)
ACH-000389,19,10450260367184456553,2,MFN2 (9927)
ACH-000389,19,10450260367184456553,3,YAP1 (10413)
ACH-000389,19,10450260367184456553,4,SHOC2 (8036)
ACH-000389,19,10450260367184456553,5,CDAN1 (146059)
ACH-000389,19,10450260367184456553,6,PPP2R3C (55012)
ACH-000389,19,10450260367184456553,7,APC (324)
ACH-000389,19,10450260367184456553,8,PAXIP1 (22976)
ACH-000389,19,10450260367184456553,9,REXO2 (25996)
ACH-000389,19,10450260367184456553,10,DOCK5 (80005)
ACH-000389,19,10450260367184456553,11,ATP5F1C (509)
ACH-000389,19,10450260367184456553,12,EXOC1 (55763)
ACH-000389,19,10450260367184456553,13,MNAT1 (4331)
ACH-000389,19,10450260367184456553,14,METTL1 (4234)
ACH-000389,19,10450260367184456553,15,YME1L1 (10730)
ACH-000389,19,10450260367184456553,16,IRF2BP2 (359948)
ACH-000389,19,10450260367184456553,17,SLC7A5 (8140)
ACH-000389,19,10450260367184456553,18,MRPS6 (64968)
ACH-000389,19,10450260367184456553,19,CCDC6 (8030)
ACH-000389,19,10450260367184456553,20,MDM4 (4194)
ACH-000389,19,10450260367184456553,21,PPP6C (5537)
ACH-000389,19,10450260367184456553,22,H2AX (3014)
ACH-000389,19,10450260367184456553,23,GMPS (8833)
ACH-000389,19,10450260367184456553,24,MBTPS1 (8720)
ACH-000389,19,10450260367184456553,25,CUL2 (8453)
ACH-000389,19,10450260367184456553,26,CBFB (865)
ACH-000389,19,10450260367184456553,27,KIF18B (146909)
ACH-000389,19,10450260367184456553,28,MRPS10 (55173)
ACH-000389,19,10450260367184456553,29,NFE2L2 (4780)
ACH-000389,19,10450260367184456553,30,ZWINT (11130)
ACH-000389,19,10450260367184456553,31,TOMM20 (9804)
ACH-000389,19,10450260367184456553,32,GRSF1 (2926)
ACH-000389,19,10450260367184456553,33,ATP2B1 (490)
ACH-000389,19,10450260367184456553,34,UQCRC2 (7385)
ACH-000389,19,10450260367184456553,35,CREBBP (1387)
ACH-000389,19,10450260367184456553,36,MYBL2 (4605)
ACH-000389,19,10450260367184456553,37,SMCHD1 (23347)
ACH-000389,19,10450260367184456553,38,SLC16A1 (6566)
ACH-000389,19,10450260367184456553,39,DNAJC13 (23317)
ACH-000389,19,10450260367184456553,40,USP9X (8239)
ACH-000389,19,10450260367184456553,41,THAP11 (57215)
ACH-000389,19,10450260367184456553,42,SAMD4B (55095)
ACH-000389,19,10450260367184456553,43,KNTC1 (9735)
ACH-000389,19,10450260367184456553,44,TACC3 (10460)
ACH-000389,19,10450260367184456553,45,JUN (3725)
ACH-000389,19,10450260367184456553,46,CFLAR (8837)
ACH-000389,19,10450260367184456553,47,METTL17 (64745)
ACH-000389,19,10450260367184456553,48,MLST8 (64223)
ACH-000389,19,10450260367184456553,49,CBLL1 (79872)
ACH-000389,19,10450260367184456553,50,WDR73 (84942)
ACH-000496,0,6479350574371925838,1,ITGAV (3685)
ACH-000496,0,6479350574371925838,2,NMT1 (4836)
ACH-000496,0,6479350574371925838,3,USP7 (7874)
ACH-000496,0,6479350574371925838,4,TUBE1 (51175)
ACH-000496,0,6479350574371925838,5,MMGT1 (93380)
ACH-000496,0,6479350574371925838,6,USE1 (55850)
ACH-000496,0,6479350574371925838,7,NDUFAB1 (4706)
ACH-000496,0,6479350574371925838,8,TRPM7 (54822)
ACH-000496,0,6479350574371925838,9,WDR48 (57599)
ACH-000496,0,6479350574371925838,10,ZNF217 (7764)
ACH-000496,0,6479350574371925838,11,XRN1 (54464)
ACH-000496,0,6479350574371925838,12,ANAPC15 (25906)
ACH-000496,0,6479350574371925838,13,SLC25A26 (115286)
ACH-000496,0,6479350574371925838,14,BCL9L (283149)
ACH-000496,0,6479350574371925838,15,ELAVL1 (1994)
ACH-000496,0,6479350574371925838,16,CHMP7 (91782)
ACH-000496,0,6479350574371925838,17,PPIL1 (51645)
ACH-000496,0,6479350574371925838,18,GEMIN7 (79760)
ACH-000496,0,6479350574371925838,19,VARS2 (57176)
ACH-000496,0,6479350574371925838,20,METAP1 (23173)
ACH-000496,0,6479350574371925838,21,NDUFA4 (4697)
ACH-000496,0,6479350574371925838,22,PPP2R3C (55012)
ACH-000496,0,6479350574371925838,23,MED23 (9439)
ACH-000496,0,6479350574371925838,24,VPS37A (137492)
ACH-000496,0,6479350574371925838,25,WDR1 (9948)
ACH-000496,0,6479350574371925838,26,REXO2 (25996)
ACH-000496,0,6479350574371925838,27,UBE2S (27338)
ACH-000496,0,6479350574371925838,28,COX10 (1352)
ACH-000496,0,6479350574371925838,29,MTCH2 (23788)
ACH-000496,0,6479350574371925838,30,CYB5B (80777)
ACH-000496,0,6479350574371925838,31,FDXR (2232)
ACH-000496,0,6479350574371925838,32,NARS2 (79731)
ACH-000496,0,6479350574371925838,33,CAND1 (55832)
ACH-000496,0,6479350574371925838,34,P2RY6 (5031)
ACH-000496,0,6479350574371925838,35,TRIT1 (54802)
ACH-000496,0,6479350574371925838,36,EAF1 (85403)
ACH-000496,0,6479350574371925838,37,SDHA (6389)
ACH-000496,0,6479350574371925838,38,GPI (2821)
ACH-000496,0,6479350574371925838,39,MRPS10 (55173)
ACH-000496,0,6479350574371925838,40,XRCC2 (7516)
ACH-000496,0,6479350574371925838,41,PKN2 (5586)
ACH-000496,0,6479350574371925838,42,WDR7 (23335)
ACH-000496,0,6479350574371925838,43,PRKAR1A (5573)
ACH-000496,0,6479350574371925838,44,NUP50 (10762)
ACH-000496,0,6479350574371925838,45,MYBL2 (4605)
ACH-000496,0,6479350574371925838,46,CCNC (892)
ACH-000496,0,6479350574371925838,47,PSMG2 (56984)
ACH-000496,0,6479350574371925838,48,FERMT2 (10979)
ACH-000496,0,6479350574371925838,49,FXN (2395)
ACH-000496,0,6479350574371925838,50,BAP1 (8314)
ACH-000496,1,13993340864440020692,1,ITGB5 (3693)
ACH-000496,1,13993340864440020692,2,SLC25A28 (81894)
ACH-000496,1,13993340864440020692,3,ZWINT (11130)
ACH-000496,1,13993340864440020692,4,RBM18 (92400)
ACH-000496,1,13993340864440020692,5,ITGAV (3685)
ACH-000496,1,13993340864440020692,6,WTAP (9589)
ACH-000496,1,13993340864440020692,7,NDC1 (55706)
ACH-000496,1,13993340864440020692,8,SMCHD1 (23347)
ACH-000496,1,13993340864440020692,9,NDUFB4 (4710)
ACH-000496,1,13993340864440020692,10,ZNF407 (55628)
ACH-000496,1,13993340864440020692,11,STEEP1 (63932)
ACH-000496,1,13993340864440020692,12,FADD (8772)
ACH-000496,1,13993340864440020692,13,BRCA1 (672)
ACH-000496,1,13993340864440020692,14,ASNS (440)
ACH-000496,1,13993340864440020692,15,PARS2 (25973)
ACH-000496,1,13993340864440020692,16,FERMT2 (10979)
ACH-000496,1,13993340864440020692,17,C3orf38 (285237)
ACH-000496,1,13993340864440020692,18,BAP1 (8314)
ACH-000496,1,13993340864440020692,19,MRPL35 (51318)
ACH-000496,1,13993340864440020692,20,CUL3 (8452)
ACH-000496,1,13993340864440020692,21,SARS2 (54938)
ACH-000496,1,13993340864440020692,22,NFE2L2 (4780)
ACH-000496,1,13993340864440020692,23,NMT1 (4836)
ACH-000496,1,13993340864440020692,24,TSC1 (7248)
ACH-000496,1,13993340864440020692,25,UBQLN4 (56893)
ACH-000496,1,13993340864440020692,26,PGP (283871)
ACH-000496,1,13993340864440020692,27,RELA (5970)
ACH-000496,1,13993340864440020692,28,KIF4A (24137)
ACH-000496,1,13993340864440020692,29,DHODH (1723)
ACH-000496,1,13993340864440020692,30,TIGD3 (220359)
ACH-000496,1,13993340864440020692,31,ARF4 (378)
ACH-000496,1,13993340864440020692,32,FXN (2395)
ACH-000496,1,13993340864440020692,33,ZFX (7543)
ACH-000496,1,13993340864440020692,34,DUSP4 (1846)
ACH-000496,1,13993340864440020692,35,TRERF1 (55809)
ACH-000496,1,13993340864440020692,36,FBXO42 (54455)
ACH-000496,1,13993340864440020692,37,PHF12 (57649)
ACH-000496,1,13993340864440020692,38,VPS33A (65082)
ACH-000496,1,13993340864440020692,39,PCYT1A (5130)
ACH-000496,1,13993340864440020692,40,PIK3CA (5290)
ACH-000496,1,13993340864440020692,41,SDHB (6390)
ACH-000496,1,13993340864440020692,42,MDM2 (4193)
ACH-000496,1,13993340864440020692,43,RAD51D (5892)
ACH-000496,1,13993340864440020692,44,TOMM70 (9868)
ACH-000496,1,13993340864440020692,45,SEC62 (7095)
ACH-000496,1,13993340864440020692,46,FDXR (2232)
ACH-000496,1,13993340864440020692,47,MYBBP1A (10514)
ACH-000496,1,13993340864440020692,48,SHOC2 (8036)
ACH-000496,1,13993340864440020692,49,UBE2D3 (7323)
ACH-000496,1,13993340864440020692,50,DDX39B (7919)
ACH-000496,2,14581022419058531416,1,SMC5 (23137)
ACH-000496,2,14581022419058531416,2,DLST (1743)
ACH-000496,2,14581022419058531416,3,TCOF1 (6949)
ACH-000496,2,14581022419058531416,4,TTC7A (57217)
ACH-000496,2,14581022419058531416,5,NDUFA4 (4697)
ACH-000496,2,14581022419058531416,6,TRNAU1AP (54952)
ACH-000496,2,14581022419058531416,7,NDUFB10 (4716)
ACH-000496,2,14581022419058531416,8,SMARCE1 (6605)
ACH-000496,2,14581022419058531416,9,TOE1 (114034)
ACH-000496,2,14581022419058531416,10,LSM12 (124801)
ACH-000496,2,14581022419058531416,11,MRPS16 (51021)
ACH-000496,2,14581022419058531416,12,ACO2 (50)
ACH-000496,2,14581022419058531416,13,MRPL53 (116540)
ACH-000496,2,14581022419058531416,14,SERBP1 (26135)
ACH-000496,2,14581022419058531416,15,RAD1 (5810)
ACH-000496,2,14581022419058531416,16,RNF4 (6047)
ACH-000496,2,14581022419058531416,17,PSMG2 (56984)
ACH-000496,2,14581022419058531416,18,H2BC9 (8345)
ACH-000496,2,14581022419058531416,19,IMPDH2 (3615)
ACH-000496,2,14581022419058531416,20,OTUD5 (55593)
ACH-000496,2,14581022419058531416,21,SMCHD1 (23347)
ACH-000496,2,14581022419058531416,22,BUD13 (84811)
ACH-000496,2,14581022419058531416,23,SCAP (22937)
ACH-000496,2,14581022419058531416,24,NONO (4841)
ACH-000496,2,14581022419058531416,25,NDE1 (54820)
ACH-000496,2,14581022419058531416,26,METAP1 (23173)
ACH-000496,2,14581022419058531416,27,MRPS6 (64968)
ACH-000496,2,14581022419058531416,28,STAMBP (10617)
ACH-000496,2,14581022419058531416,29,CTC1 (80169)
ACH-000496,2,14581022419058531416,30,ARPC4 (10093)
ACH-000496,2,14581022419058531416,31,RHOA (387)
ACH-000496,2,14581022419058531416,32,ATL2 (64225)
ACH-000496,2,14581022419058531416,33,NAPG (8774)
ACH-000496,2,14581022419058531416,34,FBXW11 (23291)
ACH-000496,2,14581022419058531416,35,GCN1 (10985)
ACH-000496,2,14581022419058531416,36,CCNB1 (891)
ACH-000496,2,14581022419058531416,37,CDK6 (1021)
ACH-000496,2,14581022419058531416,38,REXO2 (25996)
ACH-000496,2,14581022419058531416,39,SGF29 (112869)
ACH-000496,2,14581022419058531416,40,ITGAV (3685)
ACH-000496,2,14581022419058531416,41,AP2S1 (1175)
ACH-000496,2,14581022419058531416,42,TRIM37 (4591)
ACH-000496,2,14581022419058531416,43,RBM18 (92400)
ACH-000496,2,14581022419058531416,44,CDS2 (8760)
ACH-000496,2,14581022419058531416,45,XRCC2 (7516)
ACH-000496,2,14581022419058531416,46,MCL1 (4170)
ACH-000496,2,14581022419058531416,47,GEMIN2 (8487)
ACH-000496,2,14581022419058531416,48,WWTR1 (25937)
ACH-000496,2,14581022419058531416,49,DNAJC19 (131118)
ACH-000496,2,14581022419058531416,50,UBAP2L (9898)
ACH-000496,3,14950664915718322853,1,PPP6R3 (55291)
ACH-000496,3,14950664915718322853,2,IGF1R (3480)
ACH-000496,3,14950664915718322853,3,PFAS (5198)
ACH-000496,3,14950664915718322853,4,CAB39 (51719)
ACH-000496,3,14950664915718322853,5,STK11 (6794)
ACH-000496,3,14950664915718322853,6,STIL (6491)
ACH-000496,3,14950664915718322853,7,PAXIP1 (22976)
ACH-000496,3,14950664915718322853,8,ARID2 (196528)
ACH-000496,3,14950664915718322853,9,AIFM1 (9131)
ACH-000496,3,14950664915718322853,10,NDUFA4 (4697)
ACH-000496,3,14950664915718322853,11,CTDSPL2 (51496)
ACH-000496,3,14950664915718322853,12,DAXX (1616)
ACH-000496,3,14950664915718322853,13,CCNB1 (891)
ACH-000496,3,14950664915718322853,14,CFLAR (8837)
ACH-000496,3,14950664915718322853,15,CBLL1 (79872)
ACH-000496,3,14950664915718322853,16,INTS6 (26512)
ACH-000496,3,14950664915718322853,17,ATP1B3 (483)
ACH-000496,3,14950664915718322853,18,LDB1 (8861)
ACH-000496,3,14950664915718322853,19,ELOF1 (84337)
ACH-000496,3,14950664915718322853,20,TCOF1 (6949)
ACH-000496,3,14950664915718322853,21,WRN (7486)
ACH-000496,3,14950664915718322853,22,SEPSECS (51091)
ACH-000496,3,14950664915718322853,23,MRPL35 (51318)
ACH-000496,3,14950664915718322853,24,HNF1B (6928)
ACH-000496,3,14950664915718322853,25,DAP3 (7818)
ACH-000496,3,14950664915718322853,26,USE1 (55850)
ACH-000496,3,14950664915718322853,27,STX4 (6810)
ACH-000496,3,14950664915718322853,28,MRPL53 (116540)
ACH-000496,3,14950664915718322853,29,NIPBL (25836)
ACH-000496,3,14950664915718322853,30,TOMM20 (9804)
ACH-000496,3,14950664915718322853,31,FBXO42 (54455)
ACH-000496,3,14950664915718322853,32,ACTR3 (10096)
ACH-000496,3,14950664915718322853,33,NCAPD3 (23310)
ACH-000496,3,14950664915718322853,34,HUS1 (3364)
ACH-000496,3,14950664915718322853,35,HARS2 (23438)
ACH-000496,3,14950664915718322853,36,SRSF10 (10772)
ACH-000496,3,14950664915718322853,37,PFDN5 (5204)
ACH-000496,3,14950664915718322853,38,DDX3X (1654)
ACH-000496,3,14950664915718322853,39,SMCHD1 (23347)
ACH-000496,3,14950664915718322853,40,DDX19A (55308)
ACH-000496,3,14950664915718322853,41,JUN (3725)
ACH-000496,3,14950664915718322853,42,STN1 (79991)
ACH-000496,3,14950664915718322853,43,RFK (55312)
ACH-000496,3,14950664915718322853,44,NDC1 (55706)
ACH-000496,3,14950664915718322853,45,SLC30A9 (10463)
ACH-000496,3,14950664915718322853,46,MED1 (5469)
ACH-000496,3,14950664915718322853,47,FLII (2314)
ACH-000496,3,14950664915718322853,48,GEMIN2 (8487)
ACH-000496,3,14950664915718322853,49,ANKRD49 (54851)
ACH-000496,3,14950664915718322853,50,TAPT1 (202018)
ACH-000496,4,9150737678132595423,1,SQLE (6713)
ACH-000496,4,9150737678132595423,2,DOLPP1 (57171)
ACH-000496,4,9150737678132595423,3,USP8 (9101)
ACH-000496,4,9150737678132595423,4,TAFAZZIN (6901)
ACH-000496,4,9150737678132595423,5,NFE2L2 (4780)
ACH-000496,4,9150737678132595423,6,GEMIN4 (50628)
ACH-000496,4,9150737678132595423,7,SLC16A1 (6566)
ACH-000496,4,9150737678132595423,8,STEEP1 (63932)
ACH-000496,4,9150737678132595423,9,OTUD5 (55593)
ACH-000496,4,9150737678132595423,10,CBLL1 (79872)
ACH-000496,4,9150737678132595423,11,KIF4A (24137)
ACH-000496,4,9150737678132595423,12,TIMM17A (10440)
ACH-000496,4,9150737678132595423,13,TRIP13 (9319)
ACH-000496,4,9150737678132595423,14,ZNF407 (55628)
ACH-000496,4,9150737678132595423,15,SAMM50 (25813)
ACH-000496,4,9150737678132595423,16,EEFSEC (60678)
ACH-000496,4,9150737678132595423,17,MTX2 (10651)
ACH-000496,4,9150737678132595423,18,DNM1L (10059)
ACH-000496,4,9150737678132595423,19,ZMYND8 (23613)
ACH-000496,4,9150737678132595423,20,CRLS1 (54675)
ACH-000496,4,9150737678132595423,21,HSP90B1 (7184)
ACH-000496,4,9150737678132595423,22,TOMM70 (9868)
ACH-000496,4,9150737678132595423,23,MRPS5 (64969)
ACH-000496,4,9150737678132595423,24,PTPA (5524)
ACH-000496,4,9150737678132595423,25,MRPL32 (64983)
ACH-000496,4,9150737678132595423,26,MDM4 (4194)
ACH-000496,4,9150737678132595423,27,TIPRL (261726)
ACH-000496,4,9150737678132595423,28,MDM2 (4193)
ACH-000496,4,9150737678132595423,29,ASCC3 (10973)
ACH-000496,4,9150737678132595423,30,FURIN (5045)
ACH-000496,4,9150737678132595423,31,VBP1 (7411)
ACH-000496,4,9150737678132595423,32,PPM1D (8493)
ACH-000496,4,9150737678132595423,33,CDAN1 (146059)
ACH-000496,4,9150737678132595423,34,GCN1 (10985)
ACH-000496,4,9150737678132595423,35,NMNAT1 (64802)
ACH-000496,4,9150737678132595423,36,USE1 (55850)
ACH-000496,4,9150737678132595423,37,ARMC5 (79798)
ACH-000496,4,9150737678132595423,38,CEP85 (64793)
ACH-000496,4,9150737678132595423,39,ATP6V1H (51606)
ACH-000496,4,9150737678132595423,40,STX4 (6810)
ACH-000496,4,9150737678132595423,41,EXOC1 (55763)
ACH-000496,4,9150737678132595423,42,COA7 (65260)
ACH-000496,4,9150737678132595423,43,STK11 (6794)
ACH-000496,4,9150737678132595423,44,PNKP (11284)
ACH-000496,4,9150737678132595423,45,TAPT1 (202018)
ACH-000496,4,9150737678132595423,46,MRPL35 (51318)
ACH-000496,4,9150737678132595423,47,VARS2 (57176)
ACH-000496,4,9150737678132595423,48,TAF1D (79101)
ACH-000496,4,9150737678132595423,49,MYH9 (4627)
ACH-000496,4,9150737678132595423,50,HNF1B (6928)
ACH-000496,5,15930979014100115821,1,PTP4A1 (7803)
ACH-000496,5,15930979014100115821,2,PPP1CA (5499)
ACH-000496,5,15930979014100115821,3,IRS2 (8660)
ACH-000496,5,15930979014100115821,4,MBTPS1 (8720)
ACH-000496,5,15930979014100115821,5,HSP90B1 (7184)
ACH-000496,5,15930979014100115821,6,TAF5L (27097)
ACH-000496,5,15930979014100115821,7,MRPL4 (51073)
ACH-000496,5,15930979014100115821,8,DHX29 (54505)
ACH-000496,5,15930979014100115821,9,RIC1 (57589)
ACH-000496,5,15930979014100115821,10,NARS2 (79731)
ACH-000496,5,15930979014100115821,11,OPA1 (4976)
ACH-000496,5,15930979014100115821,12,NDUFAB1 (4706)
ACH-000496,5,15930979014100115821,13,PPA2 (27068)
ACH-000496,5,15930979014100115821,14,YME1L1 (10730)
ACH-000496,5,15930979014100115821,15,APC (324)
ACH-000496,5,15930979014100115821,16,HNRNPA2B1 (3181)
ACH-000496,5,15930979014100115821,17,CCND1 (595)
ACH-000496,5,15930979014100115821,18,MRPS5 (64969)
ACH-000496,5,15930979014100115821,19,H2AX (3014)
ACH-000496,5,15930979014100115821,20,ADSS2 (159)
ACH-000496,5,15930979014100115821,21,GRB2 (2885)
ACH-000496,5,15930979014100115821,22,PKN2 (5586)
ACH-000496,5,15930979014100115821,23,LMNA (4000)
ACH-000496,5,15930979014100115821,24,MRPL55 (128308)
ACH-000496,5,15930979014100115821,25,COX6A1 (1337)
ACH-000496,5,15930979014100115821,26,METTL1 (4234)
ACH-000496,5,15930979014100115821,27,RAD51C (5889)
ACH-000496,5,15930979014100115821,28,BPTF (2186)
ACH-000496,5,15930979014100115821,29,PTDSS1 (9791)
ACH-000496,5,15930979014100115821,30,CAB39 (51719)
ACH-000496,5,15930979014100115821,31,USP9X (8239)
ACH-000496,5,15930979014100115821,32,GLMN (11146)
ACH-000496,5,15930979014100115821,33,SSBP1 (6742)
ACH-000496,5,15930979014100115821,34,DOCK5 (80005)
ACH-000496,5,15930979014100115821,35,GTF3C3 (9330)
ACH-000496,5,15930979014100115821,36,MIOS (54468)
ACH-000496,5,15930979014100115821,37,TKT (7086)
ACH-000496,5,15930979014100115821,38,SNAP23 (8773)
ACH-000496,5,15930979014100115821,39,KCTD5 (54442)
ACH-000496,5,15930979014100115821,40,ATP1B3 (483)
ACH-000496,5,15930979014100115821,41,SLC7A1 (6541)
ACH-000496,5,15930979014100115821,42,COA7 (65260)
ACH-000496,5,15930979014100115821,43,FECH (2235)
ACH-000496,5,15930979014100115821,44,GPX4 (2879)
ACH-000496,5,15930979014100115821,45,DNAJC11 (55735)
ACH-000496,5,15930979014100115821,46,VPS33A (65082)
ACH-000496,5,15930979014100115821,47,FBXW11 (23291)
ACH-000496,5,15930979014100115821,48,OXSM (54995)
ACH-000496,5,15930979014100115821,49,AHCYL1 (10768)
ACH-000496,5,15930979014100115821,50,UBQLN4 (56893)
ACH-000496,6,12379535219340079601,1,SDHB (6390)
ACH-000496,6,12379535219340079601,2,MCL1 (4170)
ACH-000496,6,12379535219340079601,3,PET117 (100303755)
ACH-000496,6,12379535219340079601,4,FXN (2395)
ACH-000496,6,12379535219340079601,5,RARS2 (57038)
ACH-000496,6,12379535219340079601,6,RBBP7 (5931)
ACH-000496,6,12379535219340079601,7,COA7 (65260)
ACH-000496,6,12379535219340079601,8,YME1L1 (10730)
ACH-000496,6,12379535219340079601,9,STK11 (6794)
ACH-000496,6,12379535219340079601,10,UBE2C (11065)
ACH-000496,6,12379535219340079601,11,ACTB (60)
ACH-000496,6,12379535219340079601,12,METTL17 (64745)
ACH-000496,6,12379535219340079601,13,GLRX5 (51218)
ACH-000496,6,12379535219340079601,14,CHMP5 (51510)
ACH-000496,6,12379535219340079601,15,NDUFC2 (4718)
ACH-000496,6,12379535219340079601,16,NARS2 (79731)
ACH-000496,6,12379535219340079601,17,HECTD1 (25831)
ACH-000496,6,12379535219340079601,18,NOA1 (84273)
ACH-000496,6,12379535219340079601,19,GPI (2821)
ACH-000496,6,12379535219340079601,20,FDX1 (2230)
ACH-000496,6,12379535219340079601,21,NFE2L2 (4780)
ACH-000496,6,12379535219340079601,22,ANKRD49 (54851)
ACH-000496,6,12379535219340079601,23,MTHFD1 (4522)
ACH-000496,6,12379535219340079601,24,FECH (2235)
ACH-000496,6,12379535219340079601,25,WDR1 (9948)
ACH-000496,6,12379535219340079601,26,SEC62 (7095)
ACH-000496,6,12379535219340079601,27,TCF7L2 (6934)
ACH-000496,6,12379535219340079601,28,NDE1 (54820)
ACH-000496,6,12379535219340079601,29,MTG2 (26164)
ACH-000496,6,12379535219340079601,30,IMPDH2 (3615)
ACH-000496,6,12379535219340079601,31,MTPAP (55149)
ACH-000496,6,12379535219340079601,32,PPP2R2A (5520)
ACH-000496,6,12379535219340079601,33,XYLT2 (64132)
ACH-000496,6,12379535219340079601,34,DDX3X (1654)
ACH-000496,6,12379535219340079601,35,RAB6A (5870)
ACH-000496,6,12379535219340079601,36,GART (2618)
ACH-000496,6,12379535219340079601,37,RPAP2 (79871)
ACH-000496,6,12379535219340079601,38,NELFCD (51497)
ACH-000496,6,12379535219340079601,39,PTP4A1 (7803)
ACH-000496,6,12379535219340079601,40,DOLPP1 (57171)
ACH-000496,6,12379535219340079601,41,PPIL1 (51645)
ACH-000496,6,12379535219340079601,42,HAUS8 (93323)
ACH-000496,6,12379535219340079601,43,P2RY6 (5031)
ACH-000496,6,12379535219340079601,44,TCOF1 (6949)
ACH-000496,6,12379535219340079601,45,CUL3 (8452)
ACH-000496,6,12379535219340079601,46,MFN2 (9927)
ACH-000496,6,12379535219340079601,47,DAXX (1616)
ACH-000496,6,12379535219340079601,48,PFDN1 (5201)
ACH-000496,6,12379535219340079601,49,AIFM1 (9131)
ACH-000496,6,12379535219340079601,50,GFM1 (85476)
ACH-000496,7,996471542459947792,1,BRCA1 (672)
ACH-000496,7,996471542459947792,2,EIF2AK4 (440275)
ACH-000496,7,996471542459947792,3,POLE3 (54107)
ACH-000496,7,996471542459947792,4,MIOS (54468)
ACH-000496,7,996471542459947792,5,FAF2 (23197)
ACH-000496,7,996471542459947792,6,DICER1 (23405)
ACH-000496,7,996471542459947792,7,ZFP36L1 (677)
ACH-000496,7,996471542459947792,8,NXT1 (29107)
ACH-000496,7,996471542459947792,9,H2BC9 (8345)
ACH-000496,7,996471542459947792,10,LSM12 (124801)
ACH-000496,7,996471542459947792,11,WASHC2C (253725)
ACH-000496,7,996471542459947792,12,TSC1 (7248)
ACH-000496,7,996471542459947792,13,SGF29 (112869)
ACH-000496,7,996471542459947792,14,CRIPTO (6997)
ACH-000496,7,996471542459947792,15,KATNB1 (10300)
ACH-000496,7,996471542459947792,16,VARS2 (57176)
ACH-000496,7,996471542459947792,17,TAF1D (79101)
ACH-000496,7,996471542459947792,18,EGLN1 (54583)
ACH-000496,7,996471542459947792,19,HSD17B10 (3028)
ACH-000496,7,996471542459947792,20,MCL1 (4170)
ACH-000496,7,996471542459947792,21,LDLR (3949)
ACH-000496,7,996471542459947792,22,DHODH (1723)
ACH-000496,7,996471542459947792,23,UBE2Z (65264)
ACH-000496,7,996471542459947792,24,MTHFD1 (4522)
ACH-000496,7,996471542459947792,25,MYBBP1A (10514)
ACH-000496,7,996471542459947792,26,FGFR1 (2260)
ACH-000496,7,996471542459947792,27,TGIF1 (7050)
ACH-000496,7,996471542459947792,28,TTC7A (57217)
ACH-000496,7,996471542459947792,29,UQCRC2 (7385)
ACH-000496,7,996471542459947792,30,PSMG2 (56984)
ACH-000496,7,996471542459947792,31,UFM1 (51569)
ACH-000496,7,996471542459947792,32,PRDX1 (5052)
ACH-000496,7,996471542459947792,33,ANLN (54443)
ACH-000496,7,996471542459947792,34,XRN1 (54464)
ACH-000496,7,996471542459947792,35,NHLRC2 (374354)
ACH-000496,7,996471542459947792,36,SDHD (6392)
ACH-000496,7,996471542459947792,37,METTL17 (64745)
ACH-000496,7,996471542459947792,38,RIC8A (60626)
ACH-000496,7,996471542459947792,39,FPGS (2356)
ACH-000496,7,996471542459947792,40,FECH (2235)
ACH-000496,7,996471542459947792,41,ADRM1 (11047)
ACH-000496,7,996471542459947792,42,GART (2618)
ACH-000496,7,996471542459947792,43,ELP4 (26610)
ACH-000496,7,996471542459947792,44,POLRMT (5442)
ACH-000496,7,996471542459947792,45,CREBBP (1387)
ACH-000496,7,996471542459947792,46,SLC38A2 (54407)
ACH-000496,7,996471542459947792,47,MDM4 (4194)
ACH-000496,7,996471542459947792,48,MTPAP (55149)
ACH-000496,7,996471542459947792,49,PPP1CB (5500)
ACH-000496,7,996471542459947792,50,APC (324)
ACH-000496,8,11419175853693292289,1,CSNK1A1 (1452)
ACH-000496,8,11419175853693292289,2,MED9 (55090)
ACH-000496,8,11419175853693292289,3,DNAJC13 (23317)
ACH-000496,8,11419175853693292289,4,IPPK (64768)
ACH-000496,8,11419175853693292289,5,ZFP36L1 (677)
ACH-000496,8,11419175853693292289,6,USP9X (8239)
ACH-000496,8,11419175853693292289,7,BUD13 (84811)
ACH-000496,8,11419175853693292289,8,PET117 (100303755)
ACH-000496,8,11419175853693292289,9,UBE2H (7328)
ACH-000496,8,11419175853693292289,10,CCND3 (896)
ACH-000496,8,11419175853693292289,11,THG1L (54974)
ACH-000496,8,11419175853693292289,12,MRPL4 (51073)
ACH-000496,8,11419175853693292289,13,NDUFA4 (4697)
ACH-000496,8,11419175853693292289,14,XYLT2 (64132)
ACH-000496,8,11419175853693292289,15,MAPK1 (5594)
ACH-000496,8,11419175853693292289,16,WDR7 (23335)
ACH-000496,8,11419175853693292289,17,DOLPP1 (57171)
ACH-000496,8,11419175853693292289,18,ATP6V1H (51606)
ACH-000496,8,11419175853693292289,19,NBAS (51594)
ACH-000496,8,11419175853693292289,20,FBXO42 (54455)
ACH-000496,8,11419175853693292289,21,RPIA (22934)
ACH-000496,8,11419175853693292289,22,AHCYL1 (10768)
ACH-000496,8,11419175853693292289,23,ACO2 (50)
ACH-000496,8,11419175853693292289,24,PFDN1 (5201)
ACH-000496,8,11419175853693292289,25,HAPLN2 (60484)
ACH-000496,8,11419175853693292289,26,COA6 (388753)
ACH-000496,8,11419175853693292289,27,DARS2 (55157)
ACH-000496,8,11419175853693292289,28,SREBF1 (6720)
ACH-000496,8,11419175853693292289,29,SAMD4B (55095)
ACH-000496,8,11419175853693292289,30,CDK6 (1021)
ACH-000496,8,11419175853693292289,31,TRAF7 (84231)
ACH-000496,8,11419175853693292289,32,TRNAU1AP (54952)
ACH-000496,8,11419175853693292289,33,WWTR1 (25937)
ACH-000496,8,11419175853693292289,34,MED1 (5469)
ACH-000496,8,11419175853693292289,35,ICE2 (79664)
ACH-000496,8,11419175853693292289,36,BSG (682)
ACH-000496,8,11419175853693292289,37,GRSF1 (2926)
ACH-000496,8,11419175853693292289,38,MRPS7 (51081)
ACH-000496,8,11419175853693292289,39,ATP5F1C (509)
ACH-000496,8,11419175853693292289,40,PTK2 (5747)
ACH-000496,8,11419175853693292289,41,PDCD7 (10081)
ACH-000496,8,11419175853693292289,42,ADAR (103)
ACH-000496,8,11419175853693292289,43,PAXIP1 (22976)
ACH-000496,8,11419175853693292289,44,IMPDH2 (3615)
ACH-000496,8,11419175853693292289,45,OPA1 (4976)
ACH-000496,8,11419175853693292289,46,SLC33A1 (9197)
ACH-000496,8,11419175853693292289,47,RPUSD4 (84881)
ACH-000496,8,11419175853693292289,48,ZEB1 (6935)
ACH-000496,8,11419175853693292289,49,VPS37A (137492)
ACH-000496,8,11419175853693292289,50,MTX2 (10651)
ACH-000496,9,17559999895962567095,1,PTPMT1 (114971)
ACH-000496,9,17559999895962567095,2,NAMPT (10135)
ACH-000496,9,17559999895962567095,3,PET117 (100303755)
ACH-000496,9,17559999895962567095,4,ATP6V0E1 (8992)
ACH-000496,9,17559999895962567095,5,PAGR1 (79447)
ACH-000496,9,17559999895962567095,6,TRPM7 (54822)
ACH-000496,9,17559999895962567095,7,TKT (7086)
ACH-000496,9,17559999895962567095,8,THAP11 (57215)
ACH-000496,9,17559999895962567095,9,NUP50 (10762)
ACH-000496,9,17559999895962567095,10,PRDX1 (5052)
ACH-000496,9,17559999895962567095,11,SLC25A28 (81894)
ACH-000496,9,17559999895962567095,12,ZEB1 (6935)
ACH-000496,9,17559999895962567095,13,JUN (3725)
ACH-000496,9,17559999895962567095,14,HUS1 (3364)
ACH-000496,9,17559999895962567095,15,NDE1 (54820)
ACH-000496,9,17559999895962567095,16,TCF7L2 (6934)
ACH-000496,9,17559999895962567095,17,PTK2 (5747)
ACH-000496,9,17559999895962567095,18,TIMM17A (10440)
ACH-000496,9,17559999895962567095,19,PPP1R15B (84919)
ACH-000496,9,17559999895962567095,20,BRAT1 (221927)
ACH-000496,9,17559999895962567095,21,COX5A (9377)
ACH-000496,9,17559999895962567095,22,MCMBP (79892)
ACH-000496,9,17559999895962567095,23,NMNAT1 (64802)
ACH-000496,9,17559999895962567095,24,MYBBP1A (10514)
ACH-000496,9,17559999895962567095,25,PRKRA (8575)
ACH-000496,9,17559999895962567095,26,MRPS6 (64968)
ACH-000496,9,17559999895962567095,27,RTTN (25914)
ACH-000496,9,17559999895962567095,28,VRK1 (7443)
ACH-000496,9,17559999895962567095,29,EIF5AL1 (143244)
ACH-000496,9,17559999895962567095,30,MRPL49 (740)
ACH-000496,9,17559999895962567095,31,FGFR1 (2260)
ACH-000496,9,17559999895962567095,32,TRIP13 (9319)
ACH-000496,9,17559999895962567095,33,HYCC2 (285172)
ACH-000496,9,17559999895962567095,34,AMBRA1 (55626)
ACH-000496,9,17559999895962567095,35,ISCA2 (122961)
ACH-000496,9,17559999895962567095,36,PIK3CA (5290)
ACH-000496,9,17559999895962567095,37,PGP (283871)
ACH-000496,9,17559999895962567095,38,ZNF217 (7764)
ACH-000496,9,17559999895962567095,39,DAXX (1616)
ACH-000496,9,17559999895962567095,40,TOMM70 (9868)
ACH-000496,9,17559999895962567095,41,CCNL1 (57018)
ACH-000496,9,17559999895962567095,42,UAP1 (6675)
ACH-000496,9,17559999895962567095,43,RIC1 (57589)
ACH-000496,9,17559999895962567095,44,TGIF1 (7050)
ACH-000496,9,17559999895962567095,45,MTG2 (26164)
ACH-000496,9,17559999895962567095,46,KIF20A (10112)
ACH-000496,9,17559999895962567095,47,USP9X (8239)
ACH-000496,9,17559999895962567095,48,ARHGEF7 (8874)
ACH-000496,9,17559999895962567095,49,TFAM (7019)
ACH-000496,9,17559999895962567095,50,DNAJC19 (131118)
ACH-000496,10,17281469378546576922,1,WASHC2C (253725)
ACH-000496,10,17281469378546576922,2,CCNC (892)
ACH-000496,10,17281469378546576922,3,PPIL1 (51645)
ACH-000496,10,17281469378546576922,4,WDR73 (84942)
ACH-000496,10,17281469378546576922,5,CHMP7 (91782)
ACH-000496,10,17281469378546576922,6,MDM4 (4194)
ACH-000496,10,17281469378546576922,7,THG1L (54974)
ACH-000496,10,17281469378546576922,8,MED23 (9439)
ACH-000496,10,17281469378546576922,9,KATNB1 (10300)
ACH-000496,10,17281469378546576922,10,TTC7A (57217)
ACH-000496,10,17281469378546576922,11,TRERF1 (55809)
ACH-000496,10,17281469378546576922,12,UBE2S (27338)
ACH-000496,10,17281469378546576922,13,NARS2 (79731)
ACH-000496,10,17281469378546576922,14,WDR83 (84292)
ACH-000496,10,17281469378546576922,15,VRK1 (7443)
ACH-000496,10,17281469378546576922,16,CDH1 (999)
ACH-000496,10,17281469378546576922,17,YME1L1 (10730)
ACH-000496,10,17281469378546576922,18,IDH3A (3419)
ACH-000496,10,17281469378546576922,19,NDUFB10 (4716)
ACH-000496,10,17281469378546576922,20,SMARCB1 (6598)
ACH-000496,10,17281469378546576922,21,RPUSD4 (84881)
ACH-000496,10,17281469378546576922,22,INTS15 (79034)
ACH-000496,10,17281469378546576922,23,MTG2 (26164)
ACH-000496,10,17281469378546576922,24,SNAP23 (8773)
ACH-000496,10,17281469378546576922,25,KRAS (3845)
ACH-000496,10,17281469378546576922,26,XRN1 (54464)
ACH-000496,10,17281469378546576922,27,RAB10 (10890)
ACH-000496,10,17281469378546576922,28,SLC25A3 (5250)
ACH-000496,10,17281469378546576922,29,TOMM20 (9804)
ACH-000496,10,17281469378546576922,30,ATP6V1H (51606)
ACH-000496,10,17281469378546576922,31,WRN (7486)
ACH-000496,10,17281469378546576922,32,DET1 (55070)
ACH-000496,10,17281469378546576922,33,HSP90B1 (7184)
ACH-000496,10,17281469378546576922,34,H2BC9 (8345)
ACH-000496,10,17281469378546576922,35,ZEB1 (6935)
ACH-000496,10,17281469378546576922,36,SUGT1 (10910)
ACH-000496,10,17281469378546576922,37,AHCYL1 (10768)
ACH-000496,10,17281469378546576922,38,ASNS (440)
ACH-000496,10,17281469378546576922,39,MTCH2 (23788)
ACH-000496,10,17281469378546576922,40,VEZF1 (7716)
ACH-000496,10,17281469378546576922,41,MRPS11 (64963)
ACH-000496,10,17281469378546576922,42,GCN1 (10985)
ACH-000496,10,17281469378546576922,43,BIRC6 (57448)
ACH-000496,10,17281469378546576922,44,ACTR3 (10096)
ACH-000496,10,17281469378546576922,45,H2AX (3014)
ACH-000496,10,17281469378546576922,46,KRTCAP2 (200185)
ACH-000496,10,17281469378546576922,47,MYBBP1A (10514)
ACH-000496,10,17281469378546576922,48,ITGAV (3685)
ACH-000496,10,17281469378546576922,49,BSG (682)
ACH-000496,10,17281469378546576922,50,FZD5 (7855)
ACH-000496,11,1523246400279884523,1,TRIT1 (54802)
ACH-000496,11,1523246400279884523,2,MED24 (9862)
ACH-000496,11,1523246400279884523,3,FAM98B (283742)
ACH-000496,11,1523246400279884523,4,SLC25A3 (5250)
ACH-000496,11,1523246400279884523,5,DNAJC13 (23317)
ACH-000496,11,1523246400279884523,6,COX15 (1355)
ACH-000496,11,1523246400279884523,7,PTK2 (5747)
ACH-000496,11,1523246400279884523,8,SKA1 (220134)
ACH-000496,11,1523246400279884523,9,VRK1 (7443)
ACH-000496,11,1523246400279884523,10,ATIC (471)
ACH-000496,11,1523246400279884523,11,BIRC6 (57448)
ACH-000496,11,1523246400279884523,12,FPGS (2356)
ACH-000496,11,1523246400279884523,13,EIF5AL1 (143244)
ACH-000496,11,1523246400279884523,14,PRDX1 (5052)
ACH-000496,11,1523246400279884523,15,CRLS1 (54675)
ACH-000496,11,1523246400279884523,16,FOSL1 (8061)
ACH-000496,11,1523246400279884523,17,TFRC (7037)
ACH-000496,11,1523246400279884523,18,NBAS (51594)
ACH-000496,11,1523246400279884523,19,AIFM1 (9131)
ACH-000496,11,1523246400279884523,20,CSNK1A1 (1452)
ACH-000496,11,1523246400279884523,21,RPIA (22934)
ACH-000496,11,1523246400279884523,22,MRPL32 (64983)
ACH-000496,11,1523246400279884523,23,CTDSPL2 (51496)
ACH-000496,11,1523246400279884523,24,EAF1 (85403)
ACH-000496,11,1523246400279884523,25,CYC1 (1537)
ACH-000496,11,1523246400279884523,26,MAPK1 (5594)
ACH-000496,11,1523246400279884523,27,MCL1 (4170)
ACH-000496,11,1523246400279884523,28,MICOS10 (440574)
ACH-000496,11,1523246400279884523,29,DHODH (1723)
ACH-000496,11,1523246400279884523,30,ITGAV (3685)
ACH-000496,11,1523246400279884523,31,VBP1 (7411)
ACH-000496,11,1523246400279884523,32,ELMO2 (63916)
ACH-000496,11,1523246400279884523,33,ZWINT (11130)
ACH-000496,11,1523246400279884523,34,LDB1 (8861)
ACH-000496,11,1523246400279884523,35,NAMPT (10135)
ACH-000496,11,1523246400279884523,36,GOLT1B (51026)
ACH-000496,11,1523246400279884523,37,CCND3 (896)
ACH-000496,11,1523246400279884523,38,FADD (8772)
ACH-000496,11,1523246400279884523,39,FDXR (2232)
ACH-000496,11,1523246400279884523,40,CDIN1 (84529)
ACH-000496,11,1523246400279884523,41,ZEB1 (6935)
ACH-000496,11,1523246400279884523,42,TIGD3 (220359)
ACH-000496,11,1523246400279884523,43,PTP4A1 (7803)
ACH-000496,11,1523246400279884523,44,NDUFAB1 (4706)
ACH-000496,11,1523246400279884523,45,TMED10 (10972)
ACH-000496,11,1523246400279884523,46,MRPL15 (29088)
ACH-000496,11,1523246400279884523,47,COX18 (285521)
ACH-000496,11,1523246400279884523,48,GEMIN2 (8487)
ACH-000496,11,1523246400279884523,49,ICE2 (79664)
ACH-000496,11,1523246400279884523,50,TFAM (7019)
ACH-000496,12,8921321116064952675,1,PAICS (10606)
ACH-000496,12,8921321116064952675,2,TXNRD1 (7296)
ACH-000496,12,8921321116064952675,3,ELP2 (55250)
ACH-000496,12,8921321116064952675,4,PDS5A (23244)
ACH-000496,12,8921321116064952675,5,TSC22D2 (9819)
ACH-000496,12,8921321116064952675,6,GABPB1 (2553)
ACH-000496,12,8921321116064952675,7,SSBP1 (6742)
ACH-000496,12,8921321116064952675,8,SARNP (84324)
ACH-000496,12,8921321116064952675,9,MED19 (219541)
ACH-000496,12,8921321116064952675,10,PCYT1A (5130)
ACH-000496,12,8921321116064952675,11,TOMM70 (9868)
ACH-000496,12,8921321116064952675,12,PSMG1 (8624)
ACH-000496,12,8921321116064952675,13,CYC1 (1537)
ACH-000496,12,8921321116064952675,14,TOE1 (114034)
ACH-000496,12,8921321116064952675,15,STN1 (79991)
ACH-000496,12,8921321116064952675,16,PRKAR1A (5573)
ACH-000496,12,8921321116064952675,17,FGFR1 (2260)
ACH-000496,12,8921321116064952675,18,HEMK2 (29104)
ACH-000496,12,8921321116064952675,19,CIT (11113)
ACH-000496,12,8921321116064952675,20,PPP1CA (5499)
ACH-000496,12,8921321116064952675,21,COX10 (1352)
ACH-000496,12,8921321116064952675,22,PRRC2A (7916)
ACH-000496,12,8921321116064952675,23,KIF20A (10112)
ACH-000496,12,8921321116064952675,24,FAM50A (9130)
ACH-000496,12,8921321116064952675,25,WDR7 (23335)
ACH-000496,12,8921321116064952675,26,MED9 (55090)
ACH-000496,12,8921321116064952675,27,SERBP1 (26135)
ACH-000496,12,8921321116064952675,28,EGLN1 (54583)
ACH-000496,12,8921321116064952675,29,HMBS (3145)
ACH-000496,12,8921321116064952675,30,PCNX3 (399909)
ACH-000496,12,8921321116064952675,31,JUN (3725)
ACH-000496,12,8921321116064952675,32,MTX2 (10651)
ACH-000496,12,8921321116064952675,33,ELAVL1 (1994)
ACH-000496,12,8921321116064952675,34,KIF4A (24137)
ACH-000496,12,8921321116064952675,35,NCAPD3 (23310)
ACH-000496,12,8921321116064952675,36,BUD13 (84811)
ACH-000496,12,8921321116064952675,37,RPL22L1 (200916)
ACH-000496,12,8921321116064952675,38,MRPL15 (29088)
ACH-000496,12,8921321116064952675,39,FDX1 (2230)
ACH-000496,12,8921321116064952675,40,BIRC6 (57448)
ACH-000496,12,8921321116064952675,41,UQCRC2 (7385)
ACH-000496,12,8921321116064952675,42,COQ4 (51117)
ACH-000496,12,8921321116064952675,43,RARS2 (57038)
ACH-000496,12,8921321116064952675,44,C3orf38 (285237)
ACH-000496,12,8921321116064952675,45,DNAJC11 (55735)
ACH-000496,12,8921321116064952675,46,PTPN11 (5781)
ACH-000496,12,8921321116064952675,47,CCAR1 (55749)
ACH-000496,12,8921321116064952675,48,USP1 (7398)
ACH-000496,12,8921321116064952675,49,NAPG (8774)
ACH-000496,12,8921321116064952675,50,COASY (80347)
ACH-000496,13,3693838183811007122,1,NFE2L2 (4780)
ACH-000496,13,3693838183811007122,2,WDR83 (84292)
ACH-000496,13,3693838183811007122,3,TADA1 (117143)
ACH-000496,13,3693838183811007122,4,MTHFD1 (4522)
ACH-000496,13,3693838183811007122,5,FECH (2235)
ACH-000496,13,3693838183811007122,6,CCAR1 (55749)
ACH-000496,13,3693838183811007122,7,RPAP2 (79871)
ACH-000496,13,3693838183811007122,8,MAU2 (23383)
ACH-000496,13,3693838183811007122,9,NARS2 (79731)
ACH-000496,13,3693838183811007122,10,TAFAZZIN (6901)
ACH-000496,13,3693838183811007122,11,CCNL1 (57018)
ACH-000496,13,3693838183811007122,12,MMGT1 (93380)
ACH-000496,13,3693838183811007122,13,JTB (10899)
ACH-000496,13,3693838183811007122,14,MBTPS2 (51360)
ACH-000496,13,3693838183811007122,15,METTL1 (4234)
ACH-000496,13,3693838183811007122,16,PMM2 (5373)
ACH-000496,13,3693838183811007122,17,POLE3 (54107)
ACH-000496,13,3693838183811007122,18,JUN (3725)
ACH-000496,13,3693838183811007122,19,ELOF1 (84337)
ACH-000496,13,3693838183811007122,20,LSM12 (124801)
ACH-000496,13,3693838183811007122,21,UBA5 (79876)
ACH-000496,13,3693838183811007122,22,DYNLL1 (8655)
ACH-000496,13,3693838183811007122,23,NUP50 (10762)
ACH-000496,13,3693838183811007122,24,MED1 (5469)
ACH-000496,13,3693838183811007122,25,CCDC6 (8030)
ACH-000496,13,3693838183811007122,26,IMPDH2 (3615)
ACH-000496,13,3693838183811007122,27,DDX5 (1655)
ACH-000496,13,3693838183811007122,28,YME1L1 (10730)
ACH-000496,13,3693838183811007122,29,VBP1 (7411)
ACH-000496,13,3693838183811007122,30,DOLPP1 (57171)
ACH-000496,13,3693838183811007122,31,RIC1 (57589)
ACH-000496,13,3693838183811007122,32,TIMM8A (1678)
ACH-000496,13,3693838183811007122,33,ZMYND8 (23613)
ACH-000496,13,3693838183811007122,34,ADSL (158)
ACH-000496,13,3693838183811007122,35,HSD17B10 (3028)
ACH-000496,13,3693838183811007122,36,USP9X (8239)
ACH-000496,13,3693838183811007122,37,MRPL35 (51318)
ACH-000496,13,3693838183811007122,38,ACSL3 (2181)
ACH-000496,13,3693838183811007122,39,CUL3 (8452)
ACH-000496,13,3693838183811007122,40,NDUFC2 (4718)
ACH-000496,13,3693838183811007122,41,MTG1 (92170)
ACH-000496,13,3693838183811007122,42,UBAP2L (9898)
ACH-000496,13,3693838183811007122,43,IGF1R (3480)
ACH-000496,13,3693838183811007122,44,FZD5 (7855)
ACH-000496,13,3693838183811007122,45,GRB2 (2885)
ACH-000496,13,3693838183811007122,46,NONO (4841)
ACH-000496,13,3693838183811007122,47,GPI (2821)
ACH-000496,13,3693838183811007122,48,CREBBP (1387)
ACH-000496,13,3693838183811007122,49,RPUSD4 (84881)
ACH-000496,13,3693838183811007122,50,TRIM37 (4591)
ACH-000496,14,12122481082133298963,1,EGLN1 (54583)
ACH-000496,14,12122481082133298963,2,KRAS (3845)
ACH-000496,14,12122481082133298963,3,TCF7L2 (6934)
ACH-000496,14,12122481082133298963,4,SREBF1 (6720)
ACH-000496,14,12122481082133298963,5,BRCA1 (672)
ACH-000496,14,12122481082133298963,6,PET117 (100303755)
ACH-000496,14,12122481082133298963,7,UXS1 (80146)
ACH-000496,14,12122481082133298963,8,NIPBL (25836)
ACH-000496,14,12122481082133298963,9,OPA1 (4976)
ACH-000496,14,12122481082133298963,10,PCNX3 (399909)
ACH-000496,14,12122481082133298963,11,NMNAT1 (64802)
ACH-000496,14,12122481082133298963,12,TRIT1 (54802)
ACH-000496,14,12122481082133298963,13,CAND1 (55832)
ACH-000496,14,12122481082133298963,14,GEMIN4 (50628)
ACH-000496,14,12122481082133298963,15,ARPC4 (10093)
ACH-000496,14,12122481082133298963,16,RELA (5970)
ACH-000496,14,12122481082133298963,17,CCND1 (595)
ACH-000496,14,12122481082133298963,18,TAMM41 (132001)
ACH-000496,14,12122481082133298963,19,FAM50A (9130)
ACH-000496,14,12122481082133298963,20,COASY (80347)
ACH-000496,14,12122481082133298963,21,SSBP1 (6742)
ACH-000496,14,12122481082133298963,22,EP300 (2033)
ACH-000496,14,12122481082133298963,23,PGP (283871)
ACH-000496,14,12122481082133298963,24,SOX10 (6663)
ACH-000496,14,12122481082133298963,25,WDR48 (57599)
ACH-000496,14,12122481082133298963,26,OGDH (4967)
ACH-000496,14,12122481082133298963,27,APC (324)
ACH-000496,14,12122481082133298963,28,PRRC2A (7916)
ACH-000496,14,12122481082133298963,29,PTDSS1 (9791)
ACH-000496,14,12122481082133298963,30,EED (8726)
ACH-000496,14,12122481082133298963,31,ZWINT (11130)
ACH-000496,14,12122481082133298963,32,NDUFB6 (4712)
ACH-000496,14,12122481082133298963,33,ISCA2 (122961)
ACH-000496,14,12122481082133298963,34,PGM3 (5238)
ACH-000496,14,12122481082133298963,35,FDXR (2232)
ACH-000496,14,12122481082133298963,36,WDR83 (84292)
ACH-000496,14,12122481082133298963,37,POLRMT (5442)
ACH-000496,14,12122481082133298963,38,HNF1B (6928)
ACH-000496,14,12122481082133298963,39,VPS4A (27183)
ACH-000496,14,12122481082133298963,40,TRIP13 (9319)
ACH-000496,14,12122481082133298963,41,PTPN11 (5781)
ACH-000496,14,12122481082133298963,42,PTMA (5757)
ACH-000496,14,12122481082133298963,43,ACO2 (50)
ACH-000496,14,12122481082133298963,44,PFAS (5198)
ACH-000496,14,12122481082133298963,45,PTPA (5524)
ACH-000496,14,12122481082133298963,46,NDUFB10 (4716)
ACH-000496,14,12122481082133298963,47,WRN (7486)
ACH-000496,14,12122481082133298963,48,TIPRL (261726)
ACH-000496,14,12122481082133298963,49,GOLT1B (51026)
ACH-000496,14,12122481082133298963,50,TRIM37 (4591)
ACH-000496,15,4012700067275753781,1,FDFT1 (2222)
ACH-000496,15,4012700067275753781,2,BCL9L (283149)
ACH-000496,15,4012700067275753781,3,UBE2H (7328)
ACH-000496,15,4012700067275753781,4,PCYT1A (5130)
ACH-000496,15,4012700067275753781,5,HSP90B1 (7184)
ACH-000496,15,4012700067275753781,6,MAD2L1BP (9587)
ACH-000496,15,4012700067275753781,7,ZFP36L1 (677)
ACH-000496,15,4012700067275753781,8,DLST (1743)
ACH-000496,15,4012700067275753781,9,FADD (8772)
ACH-000496,15,4012700067275753781,10,USP7 (7874)
ACH-000496,15,4012700067275753781,11,IRS2 (8660)
ACH-000496,15,4012700067275753781,12,HECTD1 (25831)
ACH-000496,15,4012700067275753781,13,MRPL53 (116540)
ACH-000496,15,4012700067275753781,14,DDX39B (7919)
ACH-000496,15,4012700067275753781,15,UBR5 (51366)
ACH-000496,15,4012700067275753781,16,ACTB (60)
ACH-000496,15,4012700067275753781,17,TAMM41 (132001)
ACH-000496,15,4012700067275753781,18,WDR1 (9948)
ACH-000496,15,4012700067275753781,19,MMGT1 (93380)
ACH-000496,15,4012700067275753781,20,ELMO2 (63916)
ACH-000496,15,4012700067275753781,21,CARS2 (79587)
ACH-000496,15,4012700067275753781,22,APC (324)
ACH-000496,15,4012700067275753781,23,KATNB1 (10300)
ACH-000496,15,4012700067275753781,24,POLG (5428)
ACH-000496,15,4012700067275753781,25,FAF2 (23197)
ACH-000496,15,4012700067275753781,26,HNF1B (6928)
ACH-000496,15,4012700067275753781,27,SNAP23 (8773)
ACH-000496,15,4012700067275753781,28,OPA1 (4976)
ACH-000496,15,4012700067275753781,29,COP1 (64326)
ACH-000496,15,4012700067275753781,30,CRIPTO (6997)
ACH-000496,15,4012700067275753781,31,BCL9 (607)
ACH-000496,15,4012700067275753781,32,STIL (6491)
ACH-000496,15,4012700067275753781,33,KANSL1 (284058)
ACH-000496,15,4012700067275753781,34,NMT1 (4836)
ACH-000496,15,4012700067275753781,35,GLRX5 (51218)
ACH-000496,15,4012700067275753781,36,TUBB3 (10381)
ACH-000496,15,4012700067275753781,37,CSK (1445)
ACH-000496,15,4012700067275753781,38,MCL1 (4170)
ACH-000496,15,4012700067275753781,39,SARNP (84324)
ACH-000496,15,4012700067275753781,40,NFRKB (4798)
ACH-000496,15,4012700067275753781,41,MRPL41 (64975)
ACH-000496,15,4012700067275753781,42,RPL22L1 (200916)
ACH-000496,15,4012700067275753781,43,ZNF407 (55628)
ACH-000496,15,4012700067275753781,44,CDK6 (1021)
ACH-000496,15,4012700067275753781,45,PCNX3 (399909)
ACH-000496,15,4012700067275753781,46,MRPL4 (51073)
ACH-000496,15,4012700067275753781,47,UBA5 (79876)
ACH-000496,15,4012700067275753781,48,PMM2 (5373)
ACH-000496,15,4012700067275753781,49,FECH (2235)
ACH-000496,15,4012700067275753781,50,KCTD5 (54442)
ACH-000496,16,8969094961175355514,1,PARS2 (25973)
ACH-000496,16,8969094961175355514,2,EFR3A (23167)
ACH-000496,16,8969094961175355514,3,MIB1 (57534)
ACH-000496,16,8969094961175355514,4,HYCC2 (285172)
ACH-000496,16,8969094961175355514,5,BRAF (673)
ACH-000496,16,8969094961175355514,6,PFN1 (5216)
ACH-000496,16,8969094961175355514,7,ARMC5 (79798)
ACH-000496,16,8969094961175355514,8,KRAS (3845)
ACH-000496,16,8969094961175355514,9,SLC3A2 (6520)
ACH-000496,16,8969094961175355514,10,PFDN5 (5204)
ACH-000496,16,8969094961175355514,11,PET117 (100303755)
ACH-000496,16,8969094961175355514,12,RFK (55312)
ACH-000496,16,8969094961175355514,13,PNKP (11284)
ACH-000496,16,8969094961175355514,14,GART (2618)
ACH-000496,16,8969094961175355514,15,HAPSTR1 (29035)
ACH-000496,16,8969094961175355514,16,CEP85 (64793)
ACH-000496,16,8969094961175355514,17,RPAP2 (79871)
ACH-000496,16,8969094961175355514,18,SMARCB1 (6598)
ACH-000496,16,8969094961175355514,19,SOD2 (6648)
ACH-000496,16,8969094961175355514,20,LIPT1 (51601)
ACH-000496,16,8969094961175355514,21,TDP2 (51567)
ACH-000496,16,8969094961175355514,22,YME1L1 (10730)
ACH-000496,16,8969094961175355514,23,CFLAR (8837)
ACH-000496,16,8969094961175355514,24,AMBRA1 (55626)
ACH-000496,16,8969094961175355514,25,COP1 (64326)
ACH-000496,16,8969094961175355514,26,CTNNA1 (1495)
ACH-000496,16,8969094961175355514,27,EIF2AK4 (440275)
ACH-000496,16,8969094961175355514,28,ARF4 (378)
ACH-000496,16,8969094961175355514,29,RAF1 (5894)
ACH-000496,16,8969094961175355514,30,STAMBP (10617)
ACH-000496,16,8969094961175355514,31,KIF4A (24137)
ACH-000496,16,8969094961175355514,32,PRKAR1A (5573)
ACH-000496,16,8969094961175355514,33,MYBL2 (4605)
ACH-000496,16,8969094961175355514,34,SNAP23 (8773)
ACH-000496,16,8969094961175355514,35,METTL1 (4234)
ACH-000496,16,8969094961175355514,36,BRK1 (55845)
ACH-000496,16,8969094961175355514,37,UMPS (7372)
ACH-000496,16,8969094961175355514,38,FAM50A (9130)
ACH-000496,16,8969094961175355514,39,MDM2 (4193)
ACH-000496,16,8969094961175355514,40,MCMBP (79892)
ACH-000496,16,8969094961175355514,41,GTF3C3 (9330)
ACH-000496,16,8969094961175355514,42,XRCC3 (7517)
ACH-000496,16,8969094961175355514,43,RAB6A (5870)
ACH-000496,16,8969094961175355514,44,ACSL3 (2181)
ACH-000496,16,8969094961175355514,45,STIL (6491)
ACH-000496,16,8969094961175355514,46,BSG (682)
ACH-000496,16,8969094961175355514,47,MCL1 (4170)
ACH-000496,16,8969094961175355514,48,KLF5 (688)
ACH-000496,16,8969094961175355514,49,ATP5F1D (513)
ACH-000496,16,8969094961175355514,50,GFPT1 (2673)
ACH-000496,17,3882062630103392237,1,FOXA2 (3170)
ACH-000496,17,3882062630103392237,2,RNF168 (165918)
ACH-000496,17,3882062630103392237,3,CYB5B (80777)
ACH-000496,17,3882062630103392237,4,IER3IP1 (51124)
ACH-000496,17,3882062630103392237,5,GABPB1 (2553)
ACH-000496,17,3882062630103392237,6,TFRC (7037)
ACH-000496,17,3882062630103392237,7,FBXW11 (23291)
ACH-000496,17,3882062630103392237,8,SLC2A1 (6513)
ACH-000496,17,3882062630103392237,9,LIPT1 (51601)
ACH-000496,17,3882062630103392237,10,RPRD1B (58490)
ACH-000496,17,3882062630103392237,11,MRPS16 (51021)
ACH-000496,17,3882062630103392237,12,SLC7A1 (6541)
ACH-000496,17,3882062630103392237,13,MVD (4597)
ACH-000496,17,3882062630103392237,14,NDUFAB1 (4706)
ACH-000496,17,3882062630103392237,15,GEMIN2 (8487)
ACH-000496,17,3882062630103392237,16,MCMBP (79892)
ACH-000496,17,3882062630103392237,17,TRIP13 (9319)
ACH-000496,17,3882062630103392237,18,MDM4 (4194)
ACH-000496,17,3882062630103392237,19,OPA1 (4976)
ACH-000496,17,3882062630103392237,20,ATP6V0E1 (8992)
ACH-000496,17,3882062630103392237,21,ATIC (471)
ACH-000496,17,3882062630103392237,22,PTDSS1 (9791)
ACH-000496,17,3882062630103392237,23,FAM210A (125228)
ACH-000496,17,3882062630103392237,24,DYNLL1 (8655)
ACH-000496,17,3882062630103392237,25,MRPS12 (6183)
ACH-000496,17,3882062630103392237,26,SMARCE1 (6605)
ACH-000496,17,3882062630103392237,27,ICE2 (79664)
ACH-000496,17,3882062630103392237,28,MBTPS2 (51360)
ACH-000496,17,3882062630103392237,29,SLC30A9 (10463)
ACH-000496,17,3882062630103392237,30,KRTCAP2 (200185)
ACH-000496,17,3882062630103392237,31,COASY (80347)
ACH-000496,17,3882062630103392237,32,DSN1 (79980)
ACH-000496,17,3882062630103392237,33,FECH (2235)
ACH-000496,17,3882062630103392237,34,KDM2A (22992)
ACH-000496,17,3882062630103392237,35,GFPT1 (2673)
ACH-000496,17,3882062630103392237,36,PNKP (11284)
ACH-000496,17,3882062630103392237,37,MPPE1 (65258)
ACH-000496,17,3882062630103392237,38,H2BC9 (8345)
ACH-000496,17,3882062630103392237,39,MAPK1 (5594)
ACH-000496,17,3882062630103392237,40,FXN (2395)
ACH-000496,17,3882062630103392237,41,RAB10 (10890)
ACH-000496,17,3882062630103392237,42,CCNC (892)
ACH-000496,17,3882062630103392237,43,DET1 (55070)
ACH-000496,17,3882062630103392237,44,NHLRC2 (374354)
ACH-000496,17,3882062630103392237,45,MRPS10 (55173)
ACH-000496,17,3882062630103392237,46,UXS1 (80146)
ACH-000496,17,3882062630103392237,47,VPS37A (137492)
ACH-000496,17,3882062630103392237,48,SOX9 (6662)
ACH-000496,17,3882062630103392237,49,TCF7L2 (6934)
ACH-000496,17,3882062630103392237,50,CIT (11113)
ACH-000496,18,7103994115690343452,1,RAB6A (5870)
ACH-000496,18,7103994115690343452,2,DNAJC11 (55735)
ACH-000496,18,7103994115690343452,3,H2AX (3014)
ACH-000496,18,7103994115690343452,4,ISCA2 (122961)
ACH-000496,18,7103994115690343452,5,ARPC4 (10093)
ACH-000496,18,7103994115690343452,6,PPA2 (27068)
ACH-000496,18,7103994115690343452,7,PCYT1A (5130)
ACH-000496,18,7103994115690343452,8,PGM3 (5238)
ACH-000496,18,7103994115690343452,9,HNF1A (6927)
ACH-000496,18,7103994115690343452,10,DSN1 (79980)
ACH-000496,18,7103994115690343452,11,EIF5AL1 (143244)
ACH-000496,18,7103994115690343452,12,H2BC5 (3017)
ACH-000496,18,7103994115690343452,13,SLC25A28 (81894)
ACH-000496,18,7103994115690343452,14,PITRM1 (10531)
ACH-000496,18,7103994115690343452,15,RAF1 (5894)
ACH-000496,18,7103994115690343452,16,ATIC (471)
ACH-000496,18,7103994115690343452,17,FAF2 (23197)
ACH-000496,18,7103994115690343452,18,POLE3 (54107)
ACH-000496,18,7103994115690343452,19,SOCS3 (9021)
ACH-000496,18,7103994115690343452,20,RBM18 (92400)
ACH-000496,18,7103994115690343452,21,COX10 (1352)
ACH-000496,18,7103994115690343452,22,SUGT1 (10910)
ACH-000496,18,7103994115690343452,23,FXN (2395)
ACH-000496,18,7103994115690343452,24,PPP1CA (5499)
ACH-000496,18,7103994115690343452,25,NOA1 (84273)
ACH-000496,18,7103994115690343452,26,CARS2 (79587)
ACH-000496,18,7103994115690343452,27,TAF5L (27097)
ACH-000496,18,7103994115690343452,28,MLST8 (64223)
ACH-000496,18,7103994115690343452,29,TAFAZZIN (6901)
ACH-000496,18,7103994115690343452,30,MRPS10 (55173)
ACH-000496,18,7103994115690343452,31,TUBB3 (10381)
ACH-000496,18,7103994115690343452,32,EXOSC10 (5394)
ACH-000496,18,7103994115690343452,33,ZNF407 (55628)
ACH-000496,18,7103994115690343452,34,FLII (2314)
ACH-000496,18,7103994115690343452,35,DNAJC19 (131118)
ACH-000496,18,7103994115690343452,36,EGLN1 (54583)
ACH-000496,18,7103994115690343452,37,EARS2 (124454)
ACH-000496,18,7103994115690343452,38,BRAT1 (221927)
ACH-000496,18,7103994115690343452,39,EFR3A (23167)
ACH-000496,18,7103994115690343452,40,TSC22D2 (9819)
ACH-000496,18,7103994115690343452,41,CUL3 (8452)
ACH-000496,18,7103994115690343452,42,SMG7 (9887)
ACH-000496,18,7103994115690343452,43,ICE2 (79664)
ACH-000496,18,7103994115690343452,44,FURIN (5045)
ACH-000496,18,7103994115690343452,45,RAD1 (5810)
ACH-000496,18,7103994115690343452,46,CTC1 (80169)
ACH-000496,18,7103994115690343452,47,ATP6V0E1 (8992)
ACH-000496,18,7103994115690343452,48,RARS2 (57038)
ACH-000496,18,7103994115690343452,49,MRPS24 (64951)
ACH-000496,18,7103994115690343452,50,ACTB (60)
ACH-000496,19,714646730513516501,1,CTC1 (80169)
ACH-000496,19,714646730513516501,2,KIF4A (24137)
ACH-000496,19,714646730513516501,3,TUBE1 (51175)
ACH-000496,19,714646730513516501,4,KEAP1 (9817)
ACH-000496,19,714646730513516501,5,ATIC (471)
ACH-000496,19,714646730513516501,6,NDUFAB1 (4706)
ACH-000496,19,714646730513516501,7,LSM12 (124801)
ACH-000496,19,714646730513516501,8,MDM4 (4194)
ACH-000496,19,714646730513516501,9,MTHFD1 (4522)
ACH-000496,19,714646730513516501,10,ELP4 (26610)
ACH-000496,19,714646730513516501,11,TKT (7086)
ACH-000496,19,714646730513516501,12,HARS2 (23438)
ACH-000496,19,714646730513516501,13,FAM210A (125228)
ACH-000496,19,714646730513516501,14,ELMO2 (63916)
ACH-000496,19,714646730513516501,15,SLC30A9 (10463)
ACH-000496,19,714646730513516501,16,BIRC6 (57448)
ACH-000496,19,714646730513516501,17,NUP50 (10762)
ACH-000496,19,714646730513516501,18,SERBP1 (26135)
ACH-000496,19,714646730513516501,19,MEN1 (4221)
ACH-000496,19,714646730513516501,20,KLF5 (688)
ACH-000496,19,714646730513516501,21,SLC7A5 (8140)
ACH-000496,19,714646730513516501,22,PGP (283871)
ACH-000496,19,714646730513516501,23,RPIA (22934)
ACH-000496,19,714646730513516501,24,NDUFB3 (4709)
ACH-000496,19,714646730513516501,25,SLC7A1 (6541)
ACH-000496,19,714646730513516501,26,MRPS14 (63931)
ACH-000496,19,714646730513516501,27,CTNNB1 (1499)
ACH-000496,19,714646730513516501,28,STAG2 (10735)
ACH-000496,19,714646730513516501,29,UBE2C (11065)
ACH-000496,19,714646730513516501,30,NFRKB (4798)
ACH-000496,19,714646730513516501,31,ARPC4 (10093)
ACH-000496,19,714646730513516501,32,TRPM7 (54822)
ACH-000496,19,714646730513516501,33,RPL22L1 (200916)
ACH-000496,19,714646730513516501,34,SMCHD1 (23347)
ACH-000496,19,714646730513516501,35,HSPA8 (3312)
ACH-000496,19,714646730513516501,36,ELOF1 (84337)
ACH-000496,19,714646730513516501,37,NCKAP1 (10787)
ACH-000496,19,714646730513516501,38,METAP1 (23173)
ACH-000496,19,714646730513516501,39,TRIM37 (4591)
ACH-000496,19,714646730513516501,40,SOCS3 (9021)
ACH-000496,19,714646730513516501,41,DDX5 (1655)
ACH-000496,19,714646730513516501,42,LMNA (4000)
ACH-000496,19,714646730513516501,43,NDUFB11 (54539)
ACH-000496,19,714646730513516501,44,MTG1 (92170)
ACH-000496,19,714646730513516501,45,UBQLN4 (56893)
ACH-000496,19,714646730513516501,46,ARID2 (196528)
ACH-000496,19,714646730513516501,47,SLC25A26 (115286)
ACH-000496,19,714646730513516501,48,MRPL15 (29088)
ACH-000496,19,714646730513516501,49,PSMG1 (8624)
ACH-000496,19,714646730513516501,50,TELO2 (9894)
ACH-000552,0,3900475317171321596,1,ELP4 (26610)
ACH-000552,0,3900475317171321596,2,XRN1 (54464)
ACH-000552,0,3900475317171321596,3,SGF29 (112869)
ACH-000552,0,3900475317171321596,4,COQ4 (51117)
ACH-000552,0,3900475317171321596,5,H2BC5 (3017)
ACH-000552,0,3900475317171321596,6,FGFR1 (2260)
ACH-000552,0,3900475317171321596,7,CRIPTO (6997)
ACH-000552,0,3900475317171321596,8,VARS2 (57176)
ACH-000552,0,3900475317171321596,9,CRLS1 (54675)
ACH-000552,0,3900475317171321596,10,BRCA1 (672)
ACH-000552,0,3900475317171321596,11,ACSL3 (2181)
ACH-000552,0,3900475317171321596,12,C19orf53 (28974)
ACH-000552,0,3900475317171321596,13,WDR7 (23335)
ACH-000552,0,3900475317171321596,14,PGP (283871)
ACH-000552,0,3900475317171321596,15,PTPN11 (5781)
ACH-000552,0,3900475317171321596,16,GMNN (51053)
ACH-000552,0,3900475317171321596,17,WDR48 (57599)
ACH-000552,0,3900475317171321596,18,PHF12 (57649)
ACH-000552,0,3900475317171321596,19,MTX2 (10651)
ACH-000552,0,3900475317171321596,20,YPEL5 (51646)
ACH-000552,0,3900475317171321596,21,USP8 (9101)
ACH-000552,0,3900475317171321596,22,FBXO42 (54455)
ACH-000552,0,3900475317171321596,23,PDS5A (23244)
ACH-000552,0,3900475317171321596,24,HMBS (3145)
ACH-000552,0,3900475317171321596,25,PAGR1 (79447)
ACH-000552,0,3900475317171321596,26,UXS1 (80146)
ACH-000552,0,3900475317171321596,27,TKT (7086)
ACH-000552,0,3900475317171321596,28,SKA1 (220134)
ACH-000552,0,3900475317171321596,29,BSG (682)
ACH-000552,0,3900475317171321596,30,MAPK1 (5594)
ACH-000552,0,3900475317171321596,31,MLST8 (64223)
ACH-000552,0,3900475317171321596,32,ELMO2 (63916)
ACH-000552,0,3900475317171321596,33,NONO (4841)
ACH-000552,0,3900475317171321596,34,TYMS (7298)
ACH-000552,0,3900475317171321596,35,TIMM29 (90580)
ACH-000552,0,3900475317171321596,36,RTTN (25914)
ACH-000552,0,3900475317171321596,37,FAM50A (9130)
ACH-000552,0,3900475317171321596,38,PARS2 (25973)
ACH-000552,0,3900475317171321596,39,MRPS25 (64432)
ACH-000552,0,3900475317171321596,40,MRPS16 (51021)
ACH-000552,0,3900475317171321596,41,RAF1 (5894)
ACH-000552,0,3900475317171321596,42,UBE2H (7328)
ACH-000552,0,3900475317171321596,43,KNTC1 (9735)
ACH-000552,0,3900475317171321596,44,GPI (2821)
ACH-000552,0,3900475317171321596,45,MRPL55 (128308)
ACH-000552,0,3900475317171321596,46,IMPDH2 (3615)
ACH-000552,0,3900475317171321596,47,SARS2 (54938)
ACH-000552,0,3900475317171321596,48,PDCD5 (9141)
ACH-000552,0,3900475317171321596,49,BUD13 (84811)
ACH-000552,0,3900475317171321596,50,KANSL1 (284058)
ACH-000552,1,2293555446269609450,1,REXO2 (25996)
ACH-000552,1,2293555446269609450,2,GLRX5 (51218)
ACH-000552,1,2293555446269609450,3,ARF4 (378)
ACH-000552,1,2293555446269609450,4,UBA5 (79876)
ACH-000552,1,2293555446269609450,5,MBTPS1 (8720)
ACH-000552,1,2293555446269609450,6,AHCYL1 (10768)
ACH-000552,1,2293555446269609450,7,DHODH (1723)
ACH-000552,1,2293555446269609450,8,SGF29 (112869)
ACH-000552,1,2293555446269609450,9,MBTPS2 (51360)
ACH-000552,1,2293555446269609450,10,SSBP1 (6742)
ACH-000552,1,2293555446269609450,11,TOMM70 (9868)
ACH-000552,1,2293555446269609450,12,MRPS34 (65993)
ACH-000552,1,2293555446269609450,13,HECTD1 (25831)
ACH-000552,1,2293555446269609450,14,MED23 (9439)
ACH-000552,1,2293555446269609450,15,USP8 (9101)
ACH-000552,1,2293555446269609450,16,FDXR (2232)
ACH-000552,1,2293555446269609450,17,WDR1 (9948)
ACH-000552,1,2293555446269609450,18,BRAT1 (221927)
ACH-000552,1,2293555446269609450,19,LRPPRC (10128)
ACH-000552,1,2293555446269609450,20,SLC7A1 (6541)
ACH-000552,1,2293555446269609450,21,BAP1 (8314)
ACH-000552,1,2293555446269609450,22,DSN1 (79980)
ACH-000552,1,2293555446269609450,23,MRPL41 (64975)
ACH-000552,1,2293555446269609450,24,RIC8A (60626)
ACH-000552,1,2293555446269609450,25,ELOF1 (84337)
ACH-000552,1,2293555446269609450,26,NMNAT1 (64802)
ACH-000552,1,2293555446269609450,27,RPL22L1 (200916)
ACH-000552,1,2293555446269609450,28,PCYT1A (5130)
ACH-000552,1,2293555446269609450,29,ICE2 (79664)
ACH-000552,1,2293555446269609450,30,PPA2 (27068)
ACH-000552,1,2293555446269609450,31,TCF7L2 (6934)
ACH-000552,1,2293555446269609450,32,RGP1 (9827)
ACH-000552,1,2293555446269609450,33,PFAS (5198)
ACH-000552,1,2293555446269609450,34,SNAP23 (8773)
ACH-000552,1,2293555446269609450,35,SLC33A1 (9197)
ACH-000552,1,2293555446269609450,36,CCDC51 (79714)
ACH-000552,1,2293555446269609450,37,PRKAR1A (5573)
ACH-000552,1,2293555446269609450,38,SREBF1 (6720)
ACH-000552,1,2293555446269609450,39,IPPK (64768)
ACH-000552,1,2293555446269609450,40,GFM1 (85476)
ACH-000552,1,2293555446269609450,41,ARHGEF7 (8874)
ACH-000552,1,2293555446269609450,42,MRPS25 (64432)
ACH-000552,1,2293555446269609450,43,USP1 (7398)
ACH-000552,1,2293555446269609450,44,FAF2 (23197)
ACH-000552,1,2293555446269609450,45,PGP (283871)
ACH-000552,1,2293555446269609450,46,ACLY (47)
ACH-000552,1,2293555446269609450,47,CEP43 (11116)
ACH-000552,1,2293555446269609450,48,TIPRL (261726)
ACH-000552,1,2293555446269609450,49,KATNB1 (10300)
ACH-000552,1,2293555446269609450,50,KLF5 (688)
ACH-000552,2,17810180635548438106,1,XRN1 (54464)
ACH-000552,2,17810180635548438106,2,UQCRC2 (7385)
ACH-000552,2,17810180635548438106,3,PPIL1 (51645)
ACH-000552,2,17810180635548438106,4,TFAM (7019)
ACH-000552,2,17810180635548438106,5,ILK (3611)
ACH-000552,2,17810180635548438106,6,FDX1 (2230)
ACH-000552,2,17810180635548438106,7,IMPDH2 (3615)
ACH-000552,2,17810180635548438106,8,UROD (7389)
ACH-000552,2,17810180635548438106,9,TADA1 (117143)
ACH-000552,2,17810180635548438106,10,TAPT1 (202018)
ACH-000552,2,17810180635548438106,11,ELP2 (55250)
ACH-000552,2,17810180635548438106,12,MYH9 (4627)
ACH-000552,2,17810180635548438106,13,MICOS10 (440574)
ACH-000552,2,17810180635548438106,14,SNRPB2 (6629)
ACH-000552,2,17810180635548438106,15,HARS2 (23438)
ACH-000552,2,17810180635548438106,16,MIPEP (4285)
ACH-000552,2,17810180635548438106,17,GMNN (51053)
ACH-000552,2,17810180635548438106,18,C19orf53 (28974)
ACH-000552,2,17810180635548438106,19,BCL9L (283149)
ACH-000552,2,17810180635548438106,20,CREBBP (1387)
ACH-000552,2,17810180635548438106,21,GABPB1 (2553)
ACH-000552,2,17810180635548438106,22,VHL (7428)
ACH-000552,2,17810180635548438106,23,NOA1 (84273)
ACH-000552,2,17810180635548438106,24,KANSL1 (284058)
ACH-000552,2,17810180635548438106,25,TRERF1 (55809)
ACH-000552,2,17810180635548438106,26,SLC25A28 (81894)
ACH-000552,2,17810180635548438106,27,NDC1 (55706)
ACH-000552,2,17810180635548438106,28,CTC1 (80169)
ACH-000552,2,17810180635548438106,29,CFLAR (8837)
ACH-000552,2,17810180635548438106,30,STIL (6491)
ACH-000552,2,17810180635548438106,31,ELOF1 (84337)
ACH-000552,2,17810180635548438106,32,METAP1 (23173)
ACH-000552,2,17810180635548438106,33,P2RY6 (5031)
ACH-000552,2,17810180635548438106,34,HNRNPA2B1 (3181)
ACH-000552,2,17810180635548438106,35,GEMIN7 (79760)
ACH-000552,2,17810180635548438106,36,YPEL5 (51646)
ACH-000552,2,17810180635548438106,37,WDR48 (57599)
ACH-000552,2,17810180635548438106,38,MRPS25 (64432)
ACH-000552,2,17810180635548438106,39,MED19 (219541)
ACH-000552,2,17810180635548438106,40,PTMA (5757)
ACH-000552,2,17810180635548438106,41,TDP2 (51567)
ACH-000552,2,17810180635548438106,42,MYBBP1A (10514)
ACH-000552,2,17810180635548438106,43,TRPM7 (54822)
ACH-000552,2,17810180635548438106,44,MRPS12 (6183)
ACH-000552,2,17810180635548438106,45,UBIAD1 (29914)
ACH-000552,2,17810180635548438106,46,STEEP1 (63932)
ACH-000552,2,17810180635548438106,47,ADRM1 (11047)
ACH-000552,2,17810180635548438106,48,SDHA (6389)
ACH-000552,2,17810180635548438106,49,NBAS (51594)
ACH-000552,2,17810180635548438106,50,PARS2 (25973)
ACH-000552,3,16950077259036956011,1,ADSS2 (159)
ACH-000552,3,16950077259036956011,2,WWTR1 (25937)
ACH-000552,3,16950077259036956011,3,CAND1 (55832)
ACH-000552,3,16950077259036956011,4,EIF2AK4 (440275)
ACH-000552,3,16950077259036956011,5,IRS2 (8660)
ACH-000552,3,16950077259036956011,6,TGIF1 (7050)
ACH-000552,3,16950077259036956011,7,MRPS7 (51081)
ACH-000552,3,16950077259036956011,8,FAM210A (125228)
ACH-000552,3,16950077259036956011,9,RAB6A (5870)
ACH-000552,3,16950077259036956011,10,CTPS1 (1503)
ACH-000552,3,16950077259036956011,11,SEPSECS (51091)
ACH-000552,3,16950077259036956011,12,ACO2 (50)
ACH-000552,3,16950077259036956011,13,UBIAD1 (29914)
ACH-000552,3,16950077259036956011,14,PNKP (11284)
ACH-000552,3,16950077259036956011,15,HSD17B10 (3028)
ACH-000552,3,16950077259036956011,16,ATP5F1B (506)
ACH-000552,3,16950077259036956011,17,RIC1 (57589)
ACH-000552,3,16950077259036956011,18,TIMM29 (90580)
ACH-000552,3,16950077259036956011,19,MAPK1 (5594)
ACH-000552,3,16950077259036956011,20,YME1L1 (10730)
ACH-000552,3,16950077259036956011,21,FDXR (2232)
ACH-000552,3,16950077259036956011,22,UROD (7389)
ACH-000552,3,16950077259036956011,23,PPP1CB (5500)
ACH-000552,3,16950077259036956011,24,ZEB1 (6935)
ACH-000552,3,16950077259036956011,25,PRRC2A (7916)
ACH-000552,3,16950077259036956011,26,FDFT1 (2222)
ACH-000552,3,16950077259036956011,27,VHL (7428)
ACH-000552,3,16950077259036956011,28,SOD2 (6648)
ACH-000552,3,16950077259036956011,29,IGF1R (3480)
ACH-000552,3,16950077259036956011,30,NFRKB (4798)
ACH-000552,3,16950077259036956011,31,BAP1 (8314)
ACH-000552,3,16950077259036956011,32,GABPB1 (2553)
ACH-000552,3,16950077259036956011,33,XRN1 (54464)
ACH-000552,3,16950077259036956011,34,ATP5F1C (509)
ACH-000552,3,16950077259036956011,35,MRPS6 (64968)
ACH-000552,3,16950077259036956011,36,PARD6B (84612)
ACH-000552,3,16950077259036956011,37,NONO (4841)
ACH-000552,3,16950077259036956011,38,POP7 (10248)
ACH-000552,3,16950077259036956011,39,MRPL15 (29088)
ACH-000552,3,16950077259036956011,40,MTCH2 (23788)
ACH-000552,3,16950077259036956011,41,DHX29 (54505)
ACH-000552,3,16950077259036956011,42,MYBL2 (4605)
ACH-000552,3,16950077259036956011,43,MRPS10 (55173)
ACH-000552,3,16950077259036956011,44,SLC33A1 (9197)
ACH-000552,3,16950077259036956011,45,FGFR1 (2260)
ACH-000552,3,16950077259036956011,46,REXO2 (25996)
ACH-000552,3,16950077259036956011,47,CDH1 (999)
ACH-000552,3,16950077259036956011,48,ATP5F1D (513)
ACH-000552,3,16950077259036956011,49,TMED2 (10959)
ACH-000552,3,16950077259036956011,50,RFK (55312)
ACH-000552,4,7882248803291174689,1,IPPK (64768)
ACH-000552,4,7882248803291174689,2,PITRM1 (10531)
ACH-000552,4,7882248803291174689,3,PSMG1 (8624)
ACH-000552,4,7882248803291174689,4,CIT (11113)
ACH-000552,4,7882248803291174689,5,EGLN1 (54583)
ACH-000552,4,7882248803291174689,6,SYNCRIP (10492)
ACH-000552,4,7882248803291174689,7,CFLAR (8837)
ACH-000552,4,7882248803291174689,8,HAPLN2 (60484)
ACH-000552,4,7882248803291174689,9,MYH9 (4627)
ACH-000552,4,7882248803291174689,10,NIPBL (25836)
ACH-000552,4,7882248803291174689,11,LSM12 (124801)
ACH-000552,4,7882248803291174689,12,NPEPPS (9520)
ACH-000552,4,7882248803291174689,13,MRPL15 (29088)
ACH-000552,4,7882248803291174689,14,CCNL1 (57018)
ACH-000552,4,7882248803291174689,15,H2BC9 (8345)
ACH-000552,4,7882248803291174689,16,INTS15 (79034)
ACH-000552,4,7882248803291174689,17,MRPL35 (51318)
ACH-000552,4,7882248803291174689,18,FERMT1 (55612)
ACH-000552,4,7882248803291174689,19,AHCYL1 (10768)
ACH-000552,4,7882248803291174689,20,MIOS (54468)
ACH-000552,4,7882248803291174689,21,NELFCD (51497)
ACH-000552,4,7882248803291174689,22,BRAT1 (221927)
ACH-000552,4,7882248803291174689,23,GRB2 (2885)
ACH-000552,4,7882248803291174689,24,IMPDH2 (3615)
ACH-000552,4,7882248803291174689,25,SMCHD1 (23347)
ACH-000552,4,7882248803291174689,26,PRKRA (8575)
ACH-000552,4,7882248803291174689,27,TRPM7 (54822)
ACH-000552,4,7882248803291174689,28,RARS2 (57038)
ACH-000552,4,7882248803291174689,29,PSMG2 (56984)
ACH-000552,4,7882248803291174689,30,STEEP1 (63932)
ACH-000552,4,7882248803291174689,31,MRPS12 (6183)
ACH-000552,4,7882248803291174689,32,KATNB1 (10300)
ACH-000552,4,7882248803291174689,33,KEAP1 (9817)
ACH-000552,4,7882248803291174689,34,COX18 (285521)
ACH-000552,4,7882248803291174689,35,KLF5 (688)
ACH-000552,4,7882248803291174689,36,DHODH (1723)
ACH-000552,4,7882248803291174689,37,GMNN (51053)
ACH-000552,4,7882248803291174689,38,CTC1 (80169)
ACH-000552,4,7882248803291174689,39,DSCC1 (79075)
ACH-000552,4,7882248803291174689,40,GOLT1B (51026)
ACH-000552,4,7882248803291174689,41,POLG (5428)
ACH-000552,4,7882248803291174689,42,RHEB (6009)
ACH-000552,4,7882248803291174689,43,SDHB (6390)
ACH-000552,4,7882248803291174689,44,MRPS25 (64432)
ACH-000552,4,7882248803291174689,45,TACC3 (10460)
ACH-000552,4,7882248803291174689,46,EARS2 (124454)
ACH-000552,4,7882248803291174689,47,PRKAR1A (5573)
ACH-000552,4,7882248803291174689,48,HAUS8 (93323)
ACH-000552,4,7882248803291174689,49,ADSS2 (159)
ACH-000552,4,7882248803291174689,50,ATP5F1C (509)
ACH-000552,5,14856851221979360531,1,MRPL4 (51073)
ACH-000552,5,14856851221979360531,2,SLC30A9 (10463)
ACH-000552,5,14856851221979360531,3,IRS2 (8660)
ACH-000552,5,14856851221979360531,4,PFDN1 (5201)
ACH-000552,5,14856851221979360531,5,MRPL55 (128308)
ACH-000552,5,14856851221979360531,6,UBQLN4 (56893)
ACH-000552,5,14856851221979360531,7,PTMA (5757)
ACH-000552,5,14856851221979360531,8,SLC33A1 (9197)
ACH-000552,5,14856851221979360531,9,FERMT2 (10979)
ACH-000552,5,14856851221979360531,10,ATP6V1H (51606)
ACH-000552,5,14856851221979360531,11,GLMN (11146)
ACH-000552,5,14856851221979360531,12,CTPS1 (1503)
ACH-000552,5,14856851221979360531,13,OTUD5 (55593)
ACH-000552,5,14856851221979360531,14,SEPSECS (51091)
ACH-000552,5,14856851221979360531,15,ANAPC15 (25906)
ACH-000552,5,14856851221979360531,16,FDX1 (2230)
ACH-000552,5,14856851221979360531,17,CSK (1445)
ACH-000552,5,14856851221979360531,18,WWTR1 (25937)
ACH-000552,5,14856851221979360531,19,MED12 (9968)
ACH-000552,5,14856851221979360531,20,HNRNPA2B1 (3181)
ACH-000552,5,14856851221979360531,21,ARID2 (196528)
ACH-000552,5,14856851221979360531,22,SLC7A5 (8140)
ACH-000552,5,14856851221979360531,23,SNRPB2 (6629)
ACH-000552,5,14856851221979360531,24,PRDX1 (5052)
ACH-000552,5,14856851221979360531,25,PTP4A1 (7803)
ACH-000552,5,14856851221979360531,26,ITGB5 (3693)
ACH-000552,5,14856851221979360531,27,NDE1 (54820)
ACH-000552,5,14856851221979360531,28,SOCS3 (9021)
ACH-000552,5,14856851221979360531,29,PFDN5 (5204)
ACH-000552,5,14856851221979360531,30,SMCHD1 (23347)
ACH-000552,5,14856851221979360531,31,ISCA2 (122961)
ACH-000552,5,14856851221979360531,32,CDK8 (1024)
ACH-000552,5,14856851221979360531,33,MED24 (9862)
ACH-000552,5,14856851221979360531,34,NDC1 (55706)
ACH-000552,5,14856851221979360531,35,MRPL32 (64983)
ACH-000552,5,14856851221979360531,36,COX7C (1350)
ACH-000552,5,14856851221979360531,37,SDHD (6392)
ACH-000552,5,14856851221979360531,38,CEP43 (11116)
ACH-000552,5,14856851221979360531,39,MAD2L1BP (9587)
ACH-000552,5,14856851221979360531,40,GART (2618)
ACH-000552,5,14856851221979360531,41,UFM1 (51569)
ACH-000552,5,14856851221979360531,42,NUP50 (10762)
ACH-000552,5,14856851221979360531,43,PPP6R3 (55291)
ACH-000552,5,14856851221979360531,44,WASHC2C (253725)
ACH-000552,5,14856851221979360531,45,PPM1D (8493)
ACH-000552,5,14856851221979360531,46,LDLR (3949)
ACH-000552,5,14856851221979360531,47,BRAT1 (221927)
ACH-000552,5,14856851221979360531,48,SLC16A1 (6566)
ACH-000552,5,14856851221979360531,49,KIF18B (146909)
ACH-000552,5,14856851221979360531,50,POLRMT (5442)
ACH-000552,6,6721414000206963694,1,UBIAD1 (29914)
ACH-000552,6,6721414000206963694,2,NFRKB (4798)
ACH-000552,6,6721414000206963694,3,CDK6 (1021)
ACH-000552,6,6721414000206963694,4,CTC1 (80169)
ACH-000552,6,6721414000206963694,5,MEN1 (4221)
ACH-000552,6,6721414000206963694,6,CBLL1 (79872)
ACH-000552,6,6721414000206963694,7,MTCH2 (23788)
ACH-000552,6,6721414000206963694,8,TCF7L2 (6934)
ACH-000552,6,6721414000206963694,9,MRPS5 (64969)
ACH-000552,6,6721414000206963694,10,SOCS3 (9021)
ACH-000552,6,6721414000206963694,11,PRKRA (8575)
ACH-000552,6,6721414000206963694,12,DDX19A (55308)
ACH-000552,6,6721414000206963694,13,THG1L (54974)
ACH-000552,6,6721414000206963694,14,TIMM17A (10440)
ACH-000552,6,6721414000206963694,15,SMCHD1 (23347)
ACH-000552,6,6721414000206963694,16,TFAM (7019)
ACH-000552,6,6721414000206963694,17,KEAP1 (9817)
ACH-000552,6,6721414000206963694,18,H2BC5 (3017)
ACH-000552,6,6721414000206963694,19,COASY (80347)
ACH-000552,6,6721414000206963694,20,SLC2A1 (6513)
ACH-000552,6,6721414000206963694,21,FAM210A (125228)
ACH-000552,6,6721414000206963694,22,PRRC2A (7916)
ACH-000552,6,6721414000206963694,23,WTAP (9589)
ACH-000552,6,6721414000206963694,24,GABPB1 (2553)
ACH-000552,6,6721414000206963694,25,BRAT1 (221927)
ACH-000552,6,6721414000206963694,26,FGFR1 (2260)
ACH-000552,6,6721414000206963694,27,STN1 (79991)
ACH-000552,6,6721414000206963694,28,DHODH (1723)
ACH-000552,6,6721414000206963694,29,EP300 (2033)
ACH-000552,6,6721414000206963694,30,ATL2 (64225)
ACH-000552,6,6721414000206963694,31,UAP1 (6675)
ACH-000552,6,6721414000206963694,32,COQ4 (51117)
ACH-000552,6,6721414000206963694,33,MMGT1 (93380)
ACH-000552,6,6721414000206963694,34,ZNF217 (7764)
ACH-000552,6,6721414000206963694,35,MDM2 (4193)
ACH-000552,6,6721414000206963694,36,IER3IP1 (51124)
ACH-000552,6,6721414000206963694,37,FBXO42 (54455)
ACH-000552,6,6721414000206963694,38,ISCA2 (122961)
ACH-000552,6,6721414000206963694,39,CCAR1 (55749)
ACH-000552,6,6721414000206963694,40,PNKP (11284)
ACH-000552,6,6721414000206963694,41,YAP1 (10413)
ACH-000552,6,6721414000206963694,42,MRPS10 (55173)
ACH-000552,6,6721414000206963694,43,ATIC (471)
ACH-000552,6,6721414000206963694,44,NMNAT1 (64802)
ACH-000552,6,6721414000206963694,45,MCMBP (79892)
ACH-000552,6,6721414000206963694,46,ITGB1 (3688)
ACH-000552,6,6721414000206963694,47,SSBP1 (6742)
ACH-000552,6,6721414000206963694,48,USE1 (55850)
ACH-000552,6,6721414000206963694,49,TSC1 (7248)
ACH-000552,6,6721414000206963694,50,BSG (682)
ACH-000552,7,12346197119657519750,1,ACTB (60)
ACH-000552,7,12346197119657519750,2,SCD (6319)
ACH-000552,7,12346197119657519750,3,MICOS10 (440574)
ACH-000552,7,12346197119657519750,4,TFB2M (64216)
ACH-000552,7,12346197119657519750,5,PAXIP1 (22976)
ACH-000552,7,12346197119657519750,6,PCNX3 (399909)
ACH-000552,7,12346197119657519750,7,TKT (7086)
ACH-000552,7,12346197119657519750,8,MRPS6 (64968)
ACH-000552,7,12346197119657519750,9,MRPL28 (10573)
ACH-000552,7,12346197119657519750,10,ZMYND8 (23613)
ACH-000552,7,12346197119657519750,11,VPS37A (137492)
ACH-000552,7,12346197119657519750,12,OGDH (4967)
ACH-000552,7,12346197119657519750,13,BIRC6 (57448)
ACH-000552,7,12346197119657519750,14,TRNAU1AP (54952)
ACH-000552,7,12346197119657519750,15,MED1 (5469)
ACH-000552,7,12346197119657519750,16,MED19 (219541)
ACH-000552,7,12346197119657519750,17,INTS6 (26512)
ACH-000552,7,12346197119657519750,18,BCL9L (283149)
ACH-000552,7,12346197119657519750,19,EAPP (55837)
ACH-000552,7,12346197119657519750,20,HUS1 (3364)
ACH-000552,7,12346197119657519750,21,MBTPS2 (51360)
ACH-000552,7,12346197119657519750,22,MED9 (55090)
ACH-000552,7,12346197119657519750,23,SSBP3 (23648)
ACH-000552,7,12346197119657519750,24,NOA1 (84273)
ACH-000552,7,12346197119657519750,25,AIFM1 (9131)
ACH-000552,7,12346197119657519750,26,WNK1 (65125)
ACH-000552,7,12346197119657519750,27,RAD1 (5810)
ACH-000552,7,12346197119657519750,28,NDC1 (55706)
ACH-000552,7,12346197119657519750,29,TACC3 (10460)
ACH-000552,7,12346197119657519750,30,LDLR (3949)
ACH-000552,7,12346197119657519750,31,RELA (5970)
ACH-000552,7,12346197119657519750,32,ANLN (54443)
ACH-000552,7,12346197119657519750,33,WDR73 (84942)
ACH-000552,7,12346197119657519750,34,ARPC4 (10093)
ACH-000552,7,12346197119657519750,35,GABPA (2551)
ACH-000552,7,12346197119657519750,36,TRIM28 (10155)
ACH-000552,7,12346197119657519750,37,FXN (2395)
ACH-000552,7,12346197119657519750,38,MYB (4602)
ACH-000552,7,12346197119657519750,39,METAP1 (23173)
ACH-000552,7,12346197119657519750,40,AHCYL1 (10768)
ACH-000552,7,12346197119657519750,41,ACO2 (50)
ACH-000552,7,12346197119657519750,42,SOX9 (6662)
ACH-000552,7,12346197119657519750,43,XRN1 (54464)
ACH-000552,7,12346197119657519750,44,MRPS12 (6183)
ACH-000552,7,12346197119657519750,45,WTAP (9589)
ACH-000552,7,12346197119657519750,46,KNTC1 (9735)
ACH-000552,7,12346197119657519750,47,COA6 (388753)
ACH-000552,7,12346197119657519750,48,MTG2 (26164)
ACH-000552,7,12346197119657519750,49,DSCC1 (79075)
ACH-000552,7,12346197119657519750,50,WRN (7486)
ACH-000552,8,5844772298896173082,1,NOA1 (84273)
ACH-000552,8,5844772298896173082,2,PSMG2 (56984)
ACH-000552,8,5844772298896173082,3,ACTR3 (10096)
ACH-000552,8,5844772298896173082,4,MLST8 (64223)
ACH-000552,8,5844772298896173082,5,TAF1D (79101)
ACH-000552,8,5844772298896173082,6,BRK1 (55845)
ACH-000552,8,5844772298896173082,7,LSM12 (124801)
ACH-000552,8,5844772298896173082,8,TELO2 (9894)
ACH-000552,8,5844772298896173082,9,METTL17 (64745)
ACH-000552,8,5844772298896173082,10,MAD2L1BP (9587)
ACH-000552,8,5844772298896173082,11,MRPL38 (64978)
ACH-000552,8,5844772298896173082,12,H2BC9 (8345)
ACH-000552,8,5844772298896173082,13,SGF29 (112869)
ACH-000552,8,5844772298896173082,14,DSCC1 (79075)
ACH-000552,8,5844772298896173082,15,PRDX1 (5052)
ACH-000552,8,5844772298896173082,16,EAPP (55837)
ACH-000552,8,5844772298896173082,17,PTMA (5757)
ACH-000552,8,5844772298896173082,18,RHEB (6009)
ACH-000552,8,5844772298896173082,19,SEPHS2 (22928)
ACH-000552,8,5844772298896173082,20,KIF14 (9928)
ACH-000552,8,5844772298896173082,21,RHOA (387)
ACH-000552,8,5844772298896173082,22,MAU2 (23383)
ACH-000552,8,5844772298896173082,23,TIMM8A (1678)
ACH-000552,8,5844772298896173082,24,CIT (11113)
ACH-000552,8,5844772298896173082,25,ELP2 (55250)
ACH-000552,8,5844772298896173082,26,SERBP1 (26135)
ACH-000552,8,5844772298896173082,27,HNF1B (6928)
ACH-000552,8,5844772298896173082,28,PHF12 (57649)
ACH-000552,8,5844772298896173082,29,AP2S1 (1175)
ACH-000552,8,5844772298896173082,30,ZWINT (11130)
ACH-000552,8,5844772298896173082,31,PPIL1 (51645)
ACH-000552,8,5844772298896173082,32,SNAP23 (8773)
ACH-000552,8,5844772298896173082,33,DOLPP1 (57171)
ACH-000552,8,5844772298896173082,34,VARS2 (57176)
ACH-000552,8,5844772298896173082,35,RAD51C (5889)
ACH-000552,8,5844772298896173082,36,MED1 (5469)
ACH-000552,8,5844772298896173082,37,TSC1 (7248)
ACH-000552,8,5844772298896173082,38,WWTR1 (25937)
ACH-000552,8,5844772298896173082,39,SMARCE1 (6605)
ACH-000552,8,5844772298896173082,40,PPP2R2A (5520)
ACH-000552,8,5844772298896173082,41,OTUD5 (55593)
ACH-000552,8,5844772298896173082,42,KIF20A (10112)
ACH-000552,8,5844772298896173082,43,CDK8 (1024)
ACH-000552,8,5844772298896173082,44,GOLT1B (51026)
ACH-000552,8,5844772298896173082,45,MTG1 (92170)
ACH-000552,8,5844772298896173082,46,IER3IP1 (51124)
ACH-000552,8,5844772298896173082,47,NDUFC2 (4718)
ACH-000552,8,5844772298896173082,48,EXOC1 (55763)
ACH-000552,8,5844772298896173082,49,TACC3 (10460)
ACH-000552,8,5844772298896173082,50,TRIM37 (4591)
ACH-000552,9,15366545880297595569,1,CDK4 (1019)
ACH-000552,9,15366545880297595569,2,CREBBP (1387)
ACH-000552,9,15366545880297595569,3,STIL (6491)
ACH-000552,9,15366545880297595569,4,CARS2 (79587)
ACH-000552,9,15366545880297595569,5,DHODH (1723)
ACH-000552,9,15366545880297595569,6,TMED2 (10959)
ACH-000552,9,15366545880297595569,7,PRKRA (8575)
ACH-000552,9,15366545880297595569,8,KRAS (3845)
ACH-000552,9,15366545880297595569,9,GMNN (51053)
ACH-000552,9,15366545880297595569,10,AP2M1 (1173)
ACH-000552,9,15366545880297595569,11,NFRKB (4798)
ACH-000552,9,15366545880297595569,12,ILK (3611)
ACH-000552,9,15366545880297595569,13,LDB1 (8861)
ACH-000552,9,15366545880297595569,14,SLC25A28 (81894)
ACH-000552,9,15366545880297595569,15,RPIA (22934)
ACH-000552,9,15366545880297595569,16,ATIC (471)
ACH-000552,9,15366545880297595569,17,JUN (3725)
ACH-000552,9,15366545880297595569,18,SERBP1 (26135)
ACH-000552,9,15366545880297595569,19,GABPA (2551)
ACH-000552,9,15366545880297595569,20,UMPS (7372)
ACH-000552,9,15366545880297595569,21,INTS15 (79034)
ACH-000552,9,15366545880297595569,22,VHL (7428)
ACH-000552,9,15366545880297595569,23,VPS4B (9525)
ACH-000552,9,15366545880297595569,24,H2BC5 (3017)
ACH-000552,9,15366545880297595569,25,UAP1 (6675)
ACH-000552,9,15366545880297595569,26,PPAT (5471)
ACH-000552,9,15366545880297595569,27,DDX3X (1654)
ACH-000552,9,15366545880297595569,28,NPEPPS (9520)
ACH-000552,9,15366545880297595569,29,FBXW11 (23291)
ACH-000552,9,15366545880297595569,30,NXT1 (29107)
ACH-000552,9,15366545880297595569,31,USP7 (7874)
ACH-000552,9,15366545880297595569,32,ZNF407 (55628)
ACH-000552,9,15366545880297595569,33,COX7C (1350)
ACH-000552,9,15366545880297595569,34,CCDC51 (79714)
ACH-000552,9,15366545880297595569,35,OTUD5 (55593)
ACH-000552,9,15366545880297595569,36,NONO (4841)
ACH-000552,9,15366545880297595569,37,KIF20A (10112)
ACH-000552,9,15366545880297595569,38,SAMM50 (25813)
ACH-000552,9,15366545880297595569,39,PSMG1 (8624)
ACH-000552,9,15366545880297595569,40,COA6 (388753)
ACH-000552,9,15366545880297595569,41,OXSM (54995)
ACH-000552,9,15366545880297595569,42,KIF4A (24137)
ACH-000552,9,15366545880297595569,43,ASCC3 (10973)
ACH-000552,9,15366545880297595569,44,FDFT1 (2222)
ACH-000552,9,15366545880297595569,45,TSC1 (7248)
ACH-000552,9,15366545880297595569,46,PPM1D (8493)
ACH-000552,9,15366545880297595569,47,TEAD1 (7003)
ACH-000552,9,15366545880297595569,48,USP8 (9101)
ACH-000552,9,15366545880297595569,49,CBLL1 (79872)
ACH-000552,9,15366545880297595569,50,TOMM20 (9804)
ACH-000552,10,7334928758265451367,1,PRDX1 (5052)
ACH-000552,10,7334928758265451367,2,NXT1 (29107)
ACH-000552,10,7334928758265451367,3,PFAS (5198)
ACH-000552,10,7334928758265451367,4,TIGD3 (220359)
ACH-000552,10,7334928758265451367,5,DOCK5 (80005)
ACH-000552,10,7334928758265451367,6,BIRC6 (57448)
ACH-000552,10,7334928758265451367,7,MED24 (9862)
ACH-000552,10,7334928758265451367,8,COQ4 (51117)
ACH-000552,10,7334928758265451367,9,WNK1 (65125)
ACH-000552,10,7334928758265451367,10,ATP6V1H (51606)
ACH-000552,10,7334928758265451367,11,METTL17 (64745)
ACH-000552,10,7334928758265451367,12,YME1L1 (10730)
ACH-000552,10,7334928758265451367,13,RAD51D (5892)
ACH-000552,10,7334928758265451367,14,DSCC1 (79075)
ACH-000552,10,7334928758265451367,15,MDM4 (4194)
ACH-000552,10,7334928758265451367,16,TTC7A (57217)
ACH-000552,10,7334928758265451367,17,SLC2A1 (6513)
ACH-000552,10,7334928758265451367,18,HNRNPR (10236)
ACH-000552,10,7334928758265451367,19,GFPT1 (2673)
ACH-000552,10,7334928758265451367,20,MYB (4602)
ACH-000552,10,7334928758265451367,21,EIF5AL1 (143244)
ACH-000552,10,7334928758265451367,22,IDH3A (3419)
ACH-000552,10,7334928758265451367,23,TRIT1 (54802)
ACH-000552,10,7334928758265451367,24,NELFCD (51497)
ACH-000552,10,7334928758265451367,25,ATP5F1D (513)
ACH-000552,10,7334928758265451367,26,TRERF1 (55809)
ACH-000552,10,7334928758265451367,27,FAM210A (125228)
ACH-000552,10,7334928758265451367,28,USP7 (7874)
ACH-000552,10,7334928758265451367,29,NMT1 (4836)
ACH-000552,10,7334928758265451367,30,SLC20A1 (6574)
ACH-000552,10,7334928758265451367,31,MRPS5 (64969)
ACH-000552,10,7334928758265451367,32,NARS2 (79731)
ACH-000552,10,7334928758265451367,33,CTNNB1 (1499)
ACH-000552,10,7334928758265451367,34,SREBF1 (6720)
ACH-000552,10,7334928758265451367,35,ADAR (103)
ACH-000552,10,7334928758265451367,36,AP2M1 (1173)
ACH-000552,10,7334928758265451367,37,PCYT1A (5130)
ACH-000552,10,7334928758265451367,38,TSC1 (7248)
ACH-000552,10,7334928758265451367,39,PPP1R15B (84919)
ACH-000552,10,7334928758265451367,40,DSN1 (79980)
ACH-000552,10,7334928758265451367,41,TRIM37 (4591)
ACH-000552,10,7334928758265451367,42,ELAVL1 (1994)
ACH-000552,10,7334928758265451367,43,DLST (1743)
ACH-000552,10,7334928758265451367,44,DARS2 (55157)
ACH-000552,10,7334928758265451367,45,C19orf53 (28974)
ACH-000552,10,7334928758265451367,46,BCL9L (283149)
ACH-000552,10,7334928758265451367,47,GRSF1 (2926)
ACH-000552,10,7334928758265451367,48,RAB6A (5870)
ACH-000552,10,7334928758265451367,49,DHX29 (54505)
ACH-000552,10,7334928758265451367,50,VPS4B (9525)
ACH-000552,11,4993531302408838103,1,FAM185A (222234)
ACH-000552,11,4993531302408838103,2,STK11 (6794)
ACH-000552,11,4993531302408838103,3,WTAP (9589)
ACH-000552,11,4993531302408838103,4,LDB1 (8861)
ACH-000552,11,4993531302408838103,5,KIF20A (10112)
ACH-000552,11,4993531302408838103,6,TACC3 (10460)
ACH-000552,11,4993531302408838103,7,RRAGC (64121)
ACH-000552,11,4993531302408838103,8,ADSL (158)
ACH-000552,11,4993531302408838103,9,PRKAR1A (5573)
ACH-000552,11,4993531302408838103,10,TTC7A (57217)
ACH-000552,11,4993531302408838103,11,MRPL28 (10573)
ACH-000552,11,4993531302408838103,12,TAF5L (27097)
ACH-000552,11,4993531302408838103,13,UBE2Z (65264)
ACH-000552,11,4993531302408838103,14,TYMS (7298)
ACH-000552,11,4993531302408838103,15,CSK (1445)
ACH-000552,11,4993531302408838103,16,CRAMP1 (57585)
ACH-000552,11,4993531302408838103,17,UXS1 (80146)
ACH-000552,11,4993531302408838103,18,DNAJC13 (23317)
ACH-000552,11,4993531302408838103,19,OGDH (4967)
ACH-000552,11,4993531302408838103,20,TADA1 (117143)
ACH-000552,11,4993531302408838103,21,NXT1 (29107)
ACH-000552,11,4993531302408838103,22,KNTC1 (9735)
ACH-000552,11,4993531302408838103,23,FDXR (2232)
ACH-000552,11,4993531302408838103,24,NDUFB3 (4709)
ACH-000552,11,4993531302408838103,25,MRPS34 (65993)
ACH-000552,11,4993531302408838103,26,TIMM8A (1678)
ACH-000552,11,4993531302408838103,27,MED9 (55090)
ACH-000552,11,4993531302408838103,28,ARID1B (57492)
ACH-000552,11,4993531302408838103,29,KRTCAP2 (200185)
ACH-000552,11,4993531302408838103,30,ANAPC15 (25906)
ACH-000552,11,4993531302408838103,31,RPL22L1 (200916)
ACH-000552,11,4993531302408838103,32,PPP2R2A (5520)
ACH-000552,11,4993531302408838103,33,PPP4R2 (151987)
ACH-000552,11,4993531302408838103,34,H2BC9 (8345)
ACH-000552,11,4993531302408838103,35,IRS2 (8660)
ACH-000552,11,4993531302408838103,36,ELOF1 (84337)
ACH-000552,11,4993531302408838103,37,H2AX (3014)
ACH-000552,11,4993531302408838103,38,TAFAZZIN (6901)
ACH-000552,11,4993531302408838103,39,UQCRC2 (7385)
ACH-000552,11,4993531302408838103,40,ZWINT (11130)
ACH-000552,11,4993531302408838103,41,PARD6B (84612)
ACH-000552,11,4993531302408838103,42,MRPS11 (64963)
ACH-000552,11,4993531302408838103,43,USP9X (8239)
ACH-000552,11,4993531302408838103,44,SEPSECS (51091)
ACH-000552,11,4993531302408838103,45,FURIN (5045)
ACH-000552,11,4993531302408838103,46,TFB2M (64216)
ACH-000552,11,4993531302408838103,47,MYBL2 (4605)
ACH-000552,11,4993531302408838103,48,GCN1 (10985)
ACH-000552,11,4993531302408838103,49,UMPS (7372)
ACH-000552,11,4993531302408838103,50,HARS2 (23438)
ACH-000552,12,1620495910218195478,1,RGP1 (9827)
ACH-000552,12,1620495910218195478,2,ESCO2 (157570)
ACH-000552,12,1620495910218195478,3,MTG1 (92170)
ACH-000552,12,1620495910218195478,4,UBE2D3 (7323)
ACH-000552,12,1620495910218195478,5,SOX10 (6663)
ACH-000552,12,1620495910218195478,6,MMGT1 (93380)
ACH-000552,12,1620495910218195478,7,POLE3 (54107)
ACH-000552,12,1620495910218195478,8,EP300 (2033)
ACH-000552,12,1620495910218195478,9,TDP2 (51567)
ACH-000552,12,1620495910218195478,10,SQLE (6713)
ACH-000552,12,1620495910218195478,11,FDPS (2224)
ACH-000552,12,1620495910218195478,12,KIF4A (24137)
ACH-000552,12,1620495910218195478,13,SLC33A1 (9197)
ACH-000552,12,1620495910218195478,14,EARS2 (124454)
ACH-000552,12,1620495910218195478,15,CCAR1 (55749)
ACH-000552,12,1620495910218195478,16,ILK (3611)
ACH-000552,12,1620495910218195478,17,TMED10 (10972)
ACH-000552,12,1620495910218195478,18,WASHC2C (253725)
ACH-000552,12,1620495910218195478,19,UBQLN4 (56893)
ACH-000552,12,1620495910218195478,20,PFAS (5198)
ACH-000552,12,1620495910218195478,21,MRPL39 (54148)
ACH-000552,12,1620495910218195478,22,VPS37A (137492)
ACH-000552,12,1620495910218195478,23,CRIPTO (6997)
ACH-000552,12,1620495910218195478,24,SNRPB2 (6629)
ACH-000552,12,1620495910218195478,25,RTTN (25914)
ACH-000552,12,1620495910218195478,26,PET117 (100303755)
ACH-000552,12,1620495910218195478,27,ATP1B3 (483)
ACH-000552,12,1620495910218195478,28,METTL17 (64745)
ACH-000552,12,1620495910218195478,29,UQCRC2 (7385)
ACH-000552,12,1620495910218195478,30,PPP1CB (5500)
ACH-000552,12,1620495910218195478,31,GEMIN7 (79760)
ACH-000552,12,1620495910218195478,32,UFM1 (51569)
ACH-000552,12,1620495910218195478,33,LDB1 (8861)
ACH-000552,12,1620495910218195478,34,SARNP (84324)
ACH-000552,12,1620495910218195478,35,SEPSECS (51091)
ACH-000552,12,1620495910218195478,36,ZWINT (11130)
ACH-000552,12,1620495910218195478,37,PTPN11 (5781)
ACH-000552,12,1620495910218195478,38,ATF4 (468)
ACH-000552,12,1620495910218195478,39,CYC1 (1537)
ACH-000552,12,1620495910218195478,40,CCND3 (896)
ACH-000552,12,1620495910218195478,41,TELO2 (9894)
ACH-000552,12,1620495910218195478,42,TTC7A (57217)
ACH-000552,12,1620495910218195478,43,STIL (6491)
ACH-000552,12,1620495910218195478,44,AP2S1 (1175)
ACH-000552,12,1620495910218195478,45,UBR5 (51366)
ACH-000552,12,1620495910218195478,46,SDHB (6390)
ACH-000552,12,1620495910218195478,47,CUL2 (8453)
ACH-000552,12,1620495910218195478,48,GABPA (2551)
ACH-000552,12,1620495910218195478,49,CEP43 (11116)
ACH-000552,12,1620495910218195478,50,SHOC2 (8036)
ACH-000552,13,15553094330488887247,1,NMNAT1 (64802)
ACH-000552,13,15553094330488887247,2,BUD13 (84811)
ACH-000552,13,15553094330488887247,3,PTPN11 (5781)
ACH-000552,13,15553094330488887247,4,KNTC1 (9735)
ACH-000552,13,15553094330488887247,5,CDAN1 (146059)
ACH-000552,13,15553094330488887247,6,ARMC5 (79798)
ACH-000552,13,15553094330488887247,7,ARHGEF7 (8874)
ACH-000552,13,15553094330488887247,8,ADAR (103)
ACH-000552,13,15553094330488887247,9,EARS2 (124454)
ACH-000552,13,15553094330488887247,10,MBTPS2 (51360)
ACH-000552,13,15553094330488887247,11,XRCC2 (7516)
ACH-000552,13,15553094330488887247,12,ZNF217 (7764)
ACH-000552,13,15553094330488887247,13,MMGT1 (93380)
ACH-000552,13,15553094330488887247,14,HSP90B1 (7184)
ACH-000552,13,15553094330488887247,15,STEEP1 (63932)
ACH-000552,13,15553094330488887247,16,CCNL1 (57018)
ACH-000552,13,15553094330488887247,17,ATP6V0E1 (8992)
ACH-000552,13,15553094330488887247,18,KDM2A (22992)
ACH-000552,13,15553094330488887247,19,ZMYND8 (23613)
ACH-000552,13,15553094330488887247,20,COX6A1 (1337)
ACH-000552,13,15553094330488887247,21,MTHFD1 (4522)
ACH-000552,13,15553094330488887247,22,FAM210A (125228)
ACH-000552,13,15553094330488887247,23,CCNB1 (891)
ACH-000552,13,15553094330488887247,24,SEC62 (7095)
ACH-000552,13,15553094330488887247,25,VPS4B (9525)
ACH-000552,13,15553094330488887247,26,PKN2 (5586)
ACH-000552,13,15553094330488887247,27,GEMIN2 (8487)
ACH-000552,13,15553094330488887247,28,MED24 (9862)
ACH-000552,13,15553094330488887247,29,FDXR (2232)
ACH-000552,13,15553094330488887247,30,ZFX (7543)
ACH-000552,13,15553094330488887247,31,NR2C2AP (126382)
ACH-000552,13,15553094330488887247,32,CDH1 (999)
ACH-000552,13,15553094330488887247,33,PCNX3 (399909)
ACH-000552,13,15553094330488887247,34,GPI (2821)
ACH-000552,13,15553094330488887247,35,WDR1 (9948)
ACH-000552,13,15553094330488887247,36,CREBBP (1387)
ACH-000552,13,15553094330488887247,37,CDIN1 (84529)
ACH-000552,13,15553094330488887247,38,ITGAV (3685)
ACH-000552,13,15553094330488887247,39,PTPMT1 (114971)
ACH-000552,13,15553094330488887247,40,COX5A (9377)
ACH-000552,13,15553094330488887247,41,FERMT2 (10979)
ACH-000552,13,15553094330488887247,42,MTX2 (10651)
ACH-000552,13,15553094330488887247,43,TRIT1 (54802)
ACH-000552,13,15553094330488887247,44,EFR3A (23167)
ACH-000552,13,15553094330488887247,45,ACSL3 (2181)
ACH-000552,13,15553094330488887247,46,ARID2 (196528)
ACH-000552,13,15553094330488887247,47,GART (2618)
ACH-000552,13,15553094330488887247,48,MYBBP1A (10514)
ACH-000552,13,15553094330488887247,49,MVD (4597)
ACH-000552,13,15553094330488887247,50,LDLR (3949)
ACH-000552,14,18181191632267738142,1,CDS2 (8760)
ACH-000552,14,18181191632267738142,2,COX6A1 (1337)
ACH-000552,14,18181191632267738142,3,PPP1CB (5500)
ACH-000552,14,18181191632267738142,4,SNAP23 (8773)
ACH-000552,14,18181191632267738142,5,PPP1CA (5499)
ACH-000552,14,18181191632267738142,6,CAD (790)
ACH-000552,14,18181191632267738142,7,AP2S1 (1175)
ACH-000552,14,18181191632267738142,8,ATP1B3 (483)
ACH-000552,14,18181191632267738142,9,TDP2 (51567)
ACH-000552,14,18181191632267738142,10,CAND1 (55832)
ACH-000552,14,18181191632267738142,11,SREBF1 (6720)
ACH-000552,14,18181191632267738142,12,TRERF1 (55809)
ACH-000552,14,18181191632267738142,13,ELOF1 (84337)
ACH-000552,14,18181191632267738142,14,SOX9 (6662)
ACH-000552,14,18181191632267738142,15,DNM1L (10059)
ACH-000552,14,18181191632267738142,16,FDFT1 (2222)
ACH-000552,14,18181191632267738142,17,FDXR (2232)
ACH-000552,14,18181191632267738142,18,GABPA (2551)
ACH-000552,14,18181191632267738142,19,ARF4 (378)
ACH-000552,14,18181191632267738142,20,GEMIN4 (50628)
ACH-000552,14,18181191632267738142,21,TRNAU1AP (54952)
ACH-000552,14,18181191632267738142,22,RPRD1B (58490)
ACH-000552,14,18181191632267738142,23,CFLAR (8837)
ACH-000552,14,18181191632267738142,24,ZFP36L1 (677)
ACH-000552,14,18181191632267738142,25,YAP1 (10413)
ACH-000552,14,18181191632267738142,26,TIPRL (261726)
ACH-000552,14,18181191632267738142,27,PDCD5 (9141)
ACH-000552,14,18181191632267738142,28,PHF12 (57649)
ACH-000552,14,18181191632267738142,29,CCAR1 (55749)
ACH-000552,14,18181191632267738142,30,DOCK5 (80005)
ACH-000552,14,18181191632267738142,31,TIMM22 (29928)
ACH-000552,14,18181191632267738142,32,MRPL53 (116540)
ACH-000552,14,18181191632267738142,33,TMED10 (10972)
ACH-000552,14,18181191632267738142,34,RIC1 (57589)
ACH-000552,14,18181191632267738142,35,VARS2 (57176)
ACH-000552,14,18181191632267738142,36,WDR48 (57599)
ACH-000552,14,18181191632267738142,37,DDX3X (1654)
ACH-000552,14,18181191632267738142,38,MED24 (9862)
ACH-000552,14,18181191632267738142,39,DNAJB13 (374407)
ACH-000552,14,18181191632267738142,40,LRPPRC (10128)
ACH-000552,14,18181191632267738142,41,WDR7 (23335)
ACH-000552,14,18181191632267738142,42,XRCC2 (7516)
ACH-000552,14,18181191632267738142,43,UBE2H (7328)
ACH-000552,14,18181191632267738142,44,TEN1 (100134934)
ACH-000552,14,18181191632267738142,45,SLC16A1 (6566)
ACH-000552,14,18181191632267738142,46,GOLT1B (51026)
ACH-000552,14,18181191632267738142,47,PET117 (100303755)
ACH-000552,14,18181191632267738142,48,POLG (5428)
ACH-000552,14,18181191632267738142,49,CAB39 (51719)
ACH-000552,14,18181191632267738142,50,COASY (80347)
ACH-000552,15,7497523353888939085,1,ACLY (47)
ACH-000552,15,7497523353888939085,2,SMC5 (23137)
ACH-000552,15,7497523353888939085,3,TMED2 (10959)
ACH-000552,15,7497523353888939085,4,GLRX5 (51218)
ACH-000552,15,7497523353888939085,5,PITRM1 (10531)
ACH-000552,15,7497523353888939085,6,MRPL53 (116540)
ACH-000552,15,7497523353888939085,7,KIF4A (24137)
ACH-000552,15,7497523353888939085,8,ITGAV (3685)
ACH-000552,15,7497523353888939085,9,EED (8726)
ACH-000552,15,7497523353888939085,10,RPAP2 (79871)
ACH-000552,15,7497523353888939085,11,PKN2 (5586)
ACH-000552,15,7497523353888939085,12,VPS37A (137492)
ACH-000552,15,7497523353888939085,13,POP7 (10248)
ACH-000552,15,7497523353888939085,14,VEZF1 (7716)
ACH-000552,15,7497523353888939085,15,DET1 (55070)
ACH-000552,15,7497523353888939085,16,MTG1 (92170)
ACH-000552,15,7497523353888939085,17,ELOF1 (84337)
ACH-000552,15,7497523353888939085,18,CCNC (892)
ACH-000552,15,7497523353888939085,19,STN1 (79991)
ACH-000552,15,7497523353888939085,20,CDS2 (8760)
ACH-000552,15,7497523353888939085,21,FARS2 (10667)
ACH-000552,15,7497523353888939085,22,ARID2 (196528)
ACH-000552,15,7497523353888939085,23,IDH3A (3419)
ACH-000552,15,7497523353888939085,24,BPTF (2186)
ACH-000552,15,7497523353888939085,25,TIGD3 (220359)
ACH-000552,15,7497523353888939085,26,KIF18B (146909)
ACH-000552,15,7497523353888939085,27,MRPL18 (29074)
ACH-000552,15,7497523353888939085,28,GART (2618)
ACH-000552,15,7497523353888939085,29,FXN (2395)
ACH-000552,15,7497523353888939085,30,SLC16A1 (6566)
ACH-000552,15,7497523353888939085,31,MRPS7 (51081)
ACH-000552,15,7497523353888939085,32,COA6 (388753)
ACH-000552,15,7497523353888939085,33,SKA1 (220134)
ACH-000552,15,7497523353888939085,34,XRCC3 (7517)
ACH-000552,15,7497523353888939085,35,FBXO42 (54455)
ACH-000552,15,7497523353888939085,36,TEDC1 (283643)
ACH-000552,15,7497523353888939085,37,GCN1 (10985)
ACH-000552,15,7497523353888939085,38,APC (324)
ACH-000552,15,7497523353888939085,39,ADSS2 (159)
ACH-000552,15,7497523353888939085,40,HNRNPR (10236)
ACH-000552,15,7497523353888939085,41,MED12 (9968)
ACH-000552,15,7497523353888939085,42,MTPAP (55149)
ACH-000552,15,7497523353888939085,43,SSBP1 (6742)
ACH-000552,15,7497523353888939085,44,IGF1R (3480)
ACH-000552,15,7497523353888939085,45,PPIL1 (51645)
ACH-000552,15,7497523353888939085,46,CDIN1 (84529)
ACH-000552,15,7497523353888939085,47,FAM210A (125228)
ACH-000552,15,7497523353888939085,48,TELO2 (9894)
ACH-000552,15,7497523353888939085,49,ACSL3 (2181)
ACH-000552,15,7497523353888939085,50,YME1L1 (10730)
ACH-000552,16,1031705758035589640,1,ANKRD49 (54851)
ACH-000552,16,1031705758035589640,2,XRN1 (54464)
ACH-000552,16,1031705758035589640,3,TAMM41 (132001)
ACH-000552,16,1031705758035589640,4,MTCH2 (23788)
ACH-000552,16,1031705758035589640,5,MAPK1 (5594)
ACH-000552,16,1031705758035589640,6,ATL2 (64225)
ACH-000552,16,1031705758035589640,7,SQLE (6713)
ACH-000552,16,1031705758035589640,8,MLST8 (64223)
ACH-000552,16,1031705758035589640,9,ATIC (471)
ACH-000552,16,1031705758035589640,10,NXT1 (29107)
ACH-000552,16,1031705758035589640,11,PNKP (11284)
ACH-000552,16,1031705758035589640,12,CRIPTO (6997)
ACH-000552,16,1031705758035589640,13,MED24 (9862)
ACH-000552,16,1031705758035589640,14,ATP6V0E1 (8992)
ACH-000552,16,1031705758035589640,15,KDM2A (22992)
ACH-000552,16,1031705758035589640,16,HSD17B10 (3028)
ACH-000552,16,1031705758035589640,17,BAP1 (8314)
ACH-000552,16,1031705758035589640,18,OGDH (4967)
ACH-000552,16,1031705758035589640,19,SLC38A2 (54407)
ACH-000552,16,1031705758035589640,20,WDR7 (23335)
ACH-000552,16,1031705758035589640,21,CUL3 (8452)
ACH-000552,16,1031705758035589640,22,SSBP1 (6742)
ACH-000552,16,1031705758035589640,23,LDLR (3949)
ACH-000552,16,1031705758035589640,24,PARD6B (84612)
ACH-000552,16,1031705758035589640,25,LRPPRC (10128)
ACH-000552,16,1031705758035589640,26,CIT (11113)
ACH-000552,16,1031705758035589640,27,RRAGC (64121)
ACH-000552,16,1031705758035589640,28,MRPL53 (116540)
ACH-000552,16,1031705758035589640,29,CEP43 (11116)
ACH-000552,16,1031705758035589640,30,TAF5L (27097)
ACH-000552,16,1031705758035589640,31,CDK8 (1024)
ACH-000552,16,1031705758035589640,32,STK11 (6794)
ACH-000552,16,1031705758035589640,33,NFE2L2 (4780)
ACH-000552,16,1031705758035589640,34,NAMPT (10135)
ACH-000552,16,1031705758035589640,35,WRN (7486)
ACH-000552,16,1031705758035589640,36,SDHA (6389)
ACH-000552,16,1031705758035589640,37,CFLAR (8837)
ACH-000552,16,1031705758035589640,38,EFR3A (23167)
ACH-000552,16,1031705758035589640,39,SLC25A26 (115286)
ACH-000552,16,1031705758035589640,40,DNAJC13 (23317)
ACH-000552,16,1031705758035589640,41,UBIAD1 (29914)
ACH-000552,16,1031705758035589640,42,HAPLN2 (60484)
ACH-000552,16,1031705758035589640,43,MED12 (9968)
ACH-000552,16,1031705758035589640,44,PSMG1 (8624)
ACH-000552,16,1031705758035589640,45,ARID1B (57492)
ACH-000552,16,1031705758035589640,46,SDHD (6392)
ACH-000552,16,1031705758035589640,47,PGP (283871)
ACH-000552,16,1031705758035589640,48,TWNK (56652)
ACH-000552,16,1031705758035589640,49,WDR48 (57599)
ACH-000552,16,1031705758035589640,50,WASHC2C (253725)
ACH-000552,17,14190191756937670329,1,NDUFB4 (4710)
ACH-000552,17,14190191756937670329,2,TRIT1 (54802)
ACH-000552,17,14190191756937670329,3,TXNRD1 (7296)
ACH-000552,17,14190191756937670329,4,UBR5 (51366)
ACH-000552,17,14190191756937670329,5,GFPT1 (2673)
ACH-000552,17,14190191756937670329,6,VRK1 (7443)
ACH-000552,17,14190191756937670329,7,APC (324)
ACH-000552,17,14190191756937670329,8,KCTD5 (54442)
ACH-000552,17,14190191756937670329,9,TMED10 (10972)
ACH-000552,17,14190191756937670329,10,SLC20A1 (6574)
ACH-000552,17,14190191756937670329,11,MAU2 (23383)
ACH-000552,17,14190191756937670329,12,METTL17 (64745)
ACH-000552,17,14190191756937670329,13,HUS1 (3364)
ACH-000552,17,14190191756937670329,14,NR2C2AP (126382)
ACH-000552,17,14190191756937670329,15,COX15 (1355)
ACH-000552,17,14190191756937670329,16,PDS5A (23244)
ACH-000552,17,14190191756937670329,17,BAP1 (8314)
ACH-000552,17,14190191756937670329,18,SKA1 (220134)
ACH-000552,17,14190191756937670329,19,GABPA (2551)
ACH-000552,17,14190191756937670329,20,BSG (682)
ACH-000552,17,14190191756937670329,21,VPS33A (65082)
ACH-000552,17,14190191756937670329,22,CCNC (892)
ACH-000552,17,14190191756937670329,23,FAM210A (125228)
ACH-000552,17,14190191756937670329,24,ICE2 (79664)
ACH-000552,17,14190191756937670329,25,SDHD (6392)
ACH-000552,17,14190191756937670329,26,EARS2 (124454)
ACH-000552,17,14190191756937670329,27,KRAS (3845)
ACH-000552,17,14190191756937670329,28,STIL (6491)
ACH-000552,17,14190191756937670329,29,AIFM1 (9131)
ACH-000552,17,14190191756937670329,30,CFL1 (1072)
ACH-000552,17,14190191756937670329,31,UROD (7389)
ACH-000552,17,14190191756937670329,32,PTP4A1 (7803)
ACH-000552,17,14190191756937670329,33,MIPEP (4285)
ACH-000552,17,14190191756937670329,34,CHMP7 (91782)
ACH-000552,17,14190191756937670329,35,C3orf38 (285237)
ACH-000552,17,14190191756937670329,36,GART (2618)
ACH-000552,17,14190191756937670329,37,MRPL18 (29074)
ACH-000552,17,14190191756937670329,38,STN1 (79991)
ACH-000552,17,14190191756937670329,39,CEP85 (64793)
ACH-000552,17,14190191756937670329,40,KDM2A (22992)
ACH-000552,17,14190191756937670329,41,NDC1 (55706)
ACH-000552,17,14190191756937670329,42,CUL3 (8452)
ACH-000552,17,14190191756937670329,43,CCND3 (896)
ACH-000552,17,14190191756937670329,44,TWNK (56652)
ACH-000552,17,14190191756937670329,45,VEZF1 (7716)
ACH-000552,17,14190191756937670329,46,RELA (5970)
ACH-000552,17,14190191756937670329,47,PIK3CA (5290)
ACH-000552,17,14190191756937670329,48,ATP5F1D (513)
ACH-000552,17,14190191756937670329,49,FECH (2235)
ACH-000552,17,14190191756937670329,50,SLC25A26 (115286)
ACH-000552,18,11049366829789298353,1,ICE2 (79664)
ACH-000552,18,11049366829789298353,2,MRPS12 (6183)
ACH-000552,18,11049366829789298353,3,CRLS1 (54675)
ACH-000552,18,11049366829789298353,4,ARMC5 (79798)
ACH-000552,18,11049366829789298353,5,POP7 (10248)
ACH-000552,18,11049366829789298353,6,JTB (10899)
ACH-000552,18,11049366829789298353,7,MVD (4597)
ACH-000552,18,11049366829789298353,8,DNM1L (10059)
ACH-000552,18,11049366829789298353,9,TSC1 (7248)
ACH-000552,18,11049366829789298353,10,VPS4A (27183)
ACH-000552,18,11049366829789298353,11,GMNN (51053)
ACH-000552,18,11049366829789298353,12,NDUFAB1 (4706)
ACH-000552,18,11049366829789298353,13,PCYT1A (5130)
ACH-000552,18,11049366829789298353,14,TMX2 (51075)
ACH-000552,18,11049366829789298353,15,METTL17 (64745)
ACH-000552,18,11049366829789298353,16,OXSM (54995)
ACH-000552,18,11049366829789298353,17,FURIN (5045)
ACH-000552,18,11049366829789298353,18,CCDC51 (79714)
ACH-000552,18,11049366829789298353,19,DNAJC11 (55735)
ACH-000552,18,11049366829789298353,20,TRIT1 (54802)
ACH-000552,18,11049366829789298353,21,CTNNA1 (1495)
ACH-000552,18,11049366829789298353,22,NHLRC2 (374354)
ACH-000552,18,11049366829789298353,23,IRF2BP2 (359948)
ACH-000552,18,11049366829789298353,24,EGLN1 (54583)
ACH-000552,18,11049366829789298353,25,BRCA2 (675)
ACH-000552,18,11049366829789298353,26,COP1 (64326)
ACH-000552,18,11049366829789298353,27,HNF1B (6928)
ACH-000552,18,11049366829789298353,28,GOLGA7 (51125)
ACH-000552,18,11049366829789298353,29,BPTF (2186)
ACH-000552,18,11049366829789298353,30,MRPS6 (64968)
ACH-000552,18,11049366829789298353,31,EP300 (2033)
ACH-000552,18,11049366829789298353,32,TRNAU1AP (54952)
ACH-000552,18,11049366829789298353,33,CUL3 (8452)
ACH-000552,18,11049366829789298353,34,EXOC1 (55763)
ACH-000552,18,11049366829789298353,35,BRAT1 (221927)
ACH-000552,18,11049366829789298353,36,UBA5 (79876)
ACH-000552,18,11049366829789298353,37,FOSL1 (8061)
ACH-000552,18,11049366829789298353,38,DLST (1743)
ACH-000552,18,11049366829789298353,39,HSD17B10 (3028)
ACH-000552,18,11049366829789298353,40,TTC7A (57217)
ACH-000552,18,11049366829789298353,41,EAPP (55837)
ACH-000552,18,11049366829789298353,42,TRPM7 (54822)
ACH-000552,18,11049366829789298353,43,SQLE (6713)
ACH-000552,18,11049366829789298353,44,PSMG1 (8624)
ACH-000552,18,11049366829789298353,45,MTPAP (55149)
ACH-000552,18,11049366829789298353,46,CTNNB1 (1499)
ACH-000552,18,11049366829789298353,47,NOA1 (84273)
ACH-000552,18,11049366829789298353,48,DUSP4 (1846)
ACH-000552,18,11049366829789298353,49,EARS2 (124454)
ACH-000552,18,11049366829789298353,50,GEMIN2 (8487)
ACH-000552,19,13431237431254324507,1,LMNA (4000)
ACH-000552,19,13431237431254324507,2,TWNK (56652)
ACH-000552,19,13431237431254324507,3,PTPN11 (5781)
ACH-000552,19,13431237431254324507,4,UBQLN4 (56893)
ACH-000552,19,13431237431254324507,5,TAFAZZIN (6901)
ACH-000552,19,13431237431254324507,6,ATP2B1 (490)
ACH-000552,19,13431237431254324507,7,RIC1 (57589)
ACH-000552,19,13431237431254324507,8,PSMG1 (8624)
ACH-000552,19,13431237431254324507,9,CCNB1 (891)
ACH-000552,19,13431237431254324507,10,PMM2 (5373)
ACH-000552,19,13431237431254324507,11,HEMK2 (29104)
ACH-000552,19,13431237431254324507,12,FADD (8772)
ACH-000552,19,13431237431254324507,13,ADSL (158)
ACH-000552,19,13431237431254324507,14,ADRM1 (11047)
ACH-000552,19,13431237431254324507,15,TYMS (7298)
ACH-000552,19,13431237431254324507,16,DNAJC13 (23317)
ACH-000552,19,13431237431254324507,17,FDPS (2224)
ACH-000552,19,13431237431254324507,18,H2AX (3014)
ACH-000552,19,13431237431254324507,19,HMBS (3145)
ACH-000552,19,13431237431254324507,20,AP2S1 (1175)
ACH-000552,19,13431237431254324507,21,VRK1 (7443)
ACH-000552,19,13431237431254324507,22,UQCRC2 (7385)
ACH-000552,19,13431237431254324507,23,GOLGA7 (51125)
ACH-000552,19,13431237431254324507,24,CHMP7 (91782)
ACH-000552,19,13431237431254324507,25,XRCC3 (7517)
ACH-000552,19,13431237431254324507,26,RPIA (22934)
ACH-000552,19,13431237431254324507,27,FAM50A (9130)
ACH-000552,19,13431237431254324507,28,ISCA2 (122961)
ACH-000552,19,13431237431254324507,29,MRPL55 (128308)
ACH-000552,19,13431237431254324507,30,PFDN1 (5201)
ACH-000552,19,13431237431254324507,31,MNAT1 (4331)
ACH-000552,19,13431237431254324507,32,SLC3A2 (6520)
ACH-000552,19,13431237431254324507,33,DNM1L (10059)
ACH-000552,19,13431237431254324507,34,BIRC6 (57448)
ACH-000552,19,13431237431254324507,35,MMGT1 (93380)
ACH-000552,19,13431237431254324507,36,CTNNB1 (1499)
ACH-000552,19,13431237431254324507,37,SLC16A1 (6566)
ACH-000552,19,13431237431254324507,38,ACSL3 (2181)
ACH-000552,19,13431237431254324507,39,EAF1 (85403)
ACH-000552,19,13431237431254324507,40,MRPS16 (51021)
ACH-000552,19,13431237431254324507,41,DDX19A (55308)
ACH-000552,19,13431237431254324507,42,TRIT1 (54802)
ACH-000552,19,13431237431254324507,43,PRKRA (8575)
ACH-000552,19,13431237431254324507,44,MRPL35 (51318)
ACH-000552,19,13431237431254324507,45,BRCA2 (675)
ACH-000552,19,13431237431254324507,46,TOE1 (114034)
ACH-000552,19,13431237431254324507,47,GART (2618)
ACH-000552,19,13431237431254324507,48,ARID2 (196528)
ACH-000552,19,13431237431254324507,49,COX7C (1350)
ACH-000552,19,13431237431254324507,50,THAP11 (57215)
ACH-000790,0,1037348841388770999,1,VRK1 (7443)
ACH-000790,0,1037348841388770999,2,HAPSTR1 (29035)
ACH-000790,0,1037348841388770999,3,TFB2M (64216)
ACH-000790,0,1037348841388770999,4,ACLY (47)
ACH-000790,0,1037348841388770999,5,HNRNPA2B1 (3181)
ACH-000790,0,1037348841388770999,6,TUBE1 (51175)
ACH-000790,0,1037348841388770999,7,RBBP7 (5931)
ACH-000790,0,1037348841388770999,8,ENO1 (2023)
ACH-000790,0,1037348841388770999,9,MTHFD1 (4522)
ACH-000790,0,1037348841388770999,10,WASHC2C (253725)
ACH-000790,0,1037348841388770999,11,METTL17 (64745)
ACH-000790,0,1037348841388770999,12,SEC62 (7095)
ACH-000790,0,1037348841388770999,13,UBR5 (51366)
ACH-000790,0,1037348841388770999,14,TIPRL (261726)
ACH-000790,0,1037348841388770999,15,MIPEP (4285)
ACH-000790,0,1037348841388770999,16,UBE2C (11065)
ACH-000790,0,1037348841388770999,17,GRB2 (2885)
ACH-000790,0,1037348841388770999,18,CARS2 (79587)
ACH-000790,0,1037348841388770999,19,ACSL3 (2181)
ACH-000790,0,1037348841388770999,20,H2AX (3014)
ACH-000790,0,1037348841388770999,21,TIMM17A (10440)
ACH-000790,0,1037348841388770999,22,CDH1 (999)
ACH-000790,0,1037348841388770999,23,EED (8726)
ACH-000790,0,1037348841388770999,24,ITGAV (3685)
ACH-000790,0,1037348841388770999,25,XRCC3 (7517)
ACH-000790,0,1037348841388770999,26,PPP2R3C (55012)
ACH-000790,0,1037348841388770999,27,CCAR1 (55749)
ACH-000790,0,1037348841388770999,28,CRIPTO (6997)
ACH-000790,0,1037348841388770999,29,PPP1CB (5500)
ACH-000790,0,1037348841388770999,30,CCNC (892)
ACH-000790,0,1037348841388770999,31,NCAPD3 (23310)
ACH-000790,0,1037348841388770999,32,DARS2 (55157)
ACH-000790,0,1037348841388770999,33,DDX3X (1654)
ACH-000790,0,1037348841388770999,34,AMBRA1 (55626)
ACH-000790,0,1037348841388770999,35,WWTR1 (25937)
ACH-000790,0,1037348841388770999,36,PMM2 (5373)
ACH-000790,0,1037348841388770999,37,RTTN (25914)
ACH-000790,0,1037348841388770999,38,PRDX1 (5052)
ACH-000790,0,1037348841388770999,39,BRAF (673)
ACH-000790,0,1037348841388770999,40,WTAP (9589)
ACH-000790,0,1037348841388770999,41,LDLR (3949)
ACH-000790,0,1037348841388770999,42,SSBP1 (6742)
ACH-000790,0,1037348841388770999,43,SOCS3 (9021)
ACH-000790,0,1037348841388770999,44,EAF1 (85403)
ACH-000790,0,1037348841388770999,45,SLC16A1 (6566)
ACH-000790,0,1037348841388770999,46,SSBP3 (23648)
ACH-000790,0,1037348841388770999,47,HNF1A (6927)
ACH-000790,0,1037348841388770999,48,CDIN1 (84529)
ACH-000790,0,1037348841388770999,49,NCKAP1 (10787)
ACH-000790,0,1037348841388770999,50,HSPA8 (3312)
ACH-000790,1,4719562005569090885,1,PFDN1 (5201)
ACH-000790,1,4719562005569090885,2,PDS5A (23244)
ACH-000790,1,4719562005569090885,3,OPA1 (4976)
ACH-000790,1,4719562005569090885,4,POP7 (10248)
ACH-000790,1,4719562005569090885,5,CCDC51 (79714)
ACH-000790,1,4719562005569090885,6,FERMT2 (10979)
ACH-000790,1,4719562005569090885,7,METAP1 (23173)
ACH-000790,1,4719562005569090885,8,PDCD5 (9141)
ACH-000790,1,4719562005569090885,9,NFRKB (4798)
ACH-000790,1,4719562005569090885,10,DAXX (1616)
ACH-000790,1,4719562005569090885,11,CCDC6 (8030)
ACH-000790,1,4719562005569090885,12,ITGAV (3685)
ACH-000790,1,4719562005569090885,13,PTPA (5524)
ACH-000790,1,4719562005569090885,14,SARNP (84324)
ACH-000790,1,4719562005569090885,15,SAMM50 (25813)
ACH-000790,1,4719562005569090885,16,BCL9L (283149)
ACH-000790,1,4719562005569090885,17,ACTR3 (10096)
ACH-000790,1,4719562005569090885,18,GLRX5 (51218)
ACH-000790,1,4719562005569090885,19,MED24 (9862)
ACH-000790,1,4719562005569090885,20,MRPL55 (128308)
ACH-000790,1,4719562005569090885,21,ZEB1 (6935)
ACH-000790,1,4719562005569090885,22,TSC2 (7249)
ACH-000790,1,4719562005569090885,23,ITGB1 (3688)
ACH-000790,1,4719562005569090885,24,HNRNPA2B1 (3181)
ACH-000790,1,4719562005569090885,25,SEPSECS (51091)
ACH-000790,1,4719562005569090885,26,TEDC1 (283643)
ACH-000790,1,4719562005569090885,27,AIFM1 (9131)
ACH-000790,1,4719562005569090885,28,BRCA1 (672)
ACH-000790,1,4719562005569090885,29,CDIN1 (84529)
ACH-000790,1,4719562005569090885,30,RIC1 (57589)
ACH-000790,1,4719562005569090885,31,KLF5 (688)
ACH-000790,1,4719562005569090885,32,TXNRD1 (7296)
ACH-000790,1,4719562005569090885,33,VRK1 (7443)
ACH-000790,1,4719562005569090885,34,COA7 (65260)
ACH-000790,1,4719562005569090885,35,RPRD1B (58490)
ACH-000790,1,4719562005569090885,36,TOMM20 (9804)
ACH-000790,1,4719562005569090885,37,COX7C (1350)
ACH-000790,1,4719562005569090885,38,TEN1 (100134934)
ACH-000790,1,4719562005569090885,39,TGIF1 (7050)
ACH-000790,1,4719562005569090885,40,MRPS12 (6183)
ACH-000790,1,4719562005569090885,41,TMX2 (51075)
ACH-000790,1,4719562005569090885,42,DARS2 (55157)
ACH-000790,1,4719562005569090885,43,LRPPRC (10128)
ACH-000790,1,4719562005569090885,44,RNF4 (6047)
ACH-000790,1,4719562005569090885,45,DHODH (1723)
ACH-000790,1,4719562005569090885,46,TFB2M (64216)
ACH-000790,1,4719562005569090885,47,DDX39B (7919)
ACH-000790,1,4719562005569090885,48,GEMIN4 (50628)
ACH-000790,1,4719562005569090885,49,HSP90B1 (7184)
ACH-000790,1,4719562005569090885,50,COA6 (388753)
ACH-000790,2,5547799058045282878,1,NOA1 (84273)
ACH-000790,2,5547799058045282878,2,MTX2 (10651)
ACH-000790,2,5547799058045282878,3,PRRC2A (7916)
ACH-000790,2,5547799058045282878,4,PPP6R3 (55291)
ACH-000790,2,5547799058045282878,5,DSCC1 (79075)
ACH-000790,2,5547799058045282878,6,C3orf38 (285237)
ACH-000790,2,5547799058045282878,7,PDS5A (23244)
ACH-000790,2,5547799058045282878,8,VARS2 (57176)
ACH-000790,2,5547799058045282878,9,MTCH2 (23788)
ACH-000790,2,5547799058045282878,10,RAF1 (5894)
ACH-000790,2,5547799058045282878,11,BRK1 (55845)
ACH-000790,2,5547799058045282878,12,CHMP5 (51510)
ACH-000790,2,5547799058045282878,13,KRTCAP2 (200185)
ACH-000790,2,5547799058045282878,14,WDR73 (84942)
ACH-000790,2,5547799058045282878,15,EAPP (55837)
ACH-000790,2,5547799058045282878,16,TACC3 (10460)
ACH-000790,2,5547799058045282878,17,UBE2D3 (7323)
ACH-000790,2,5547799058045282878,18,SSBP3 (23648)
ACH-000790,2,5547799058045282878,19,ARID1B (57492)
ACH-000790,2,5547799058045282878,20,FDX1 (2230)
ACH-000790,2,5547799058045282878,21,IDH3A (3419)
ACH-000790,2,5547799058045282878,22,STN1 (79991)
ACH-000790,2,5547799058045282878,23,TIPRL (261726)
ACH-000790,2,5547799058045282878,24,CRAMP1 (57585)
ACH-000790,2,5547799058045282878,25,AHCYL1 (10768)
ACH-000790,2,5547799058045282878,26,NUP50 (10762)
ACH-000790,2,5547799058045282878,27,BRAF (673)
ACH-000790,2,5547799058045282878,28,SMG7 (9887)
ACH-000790,2,5547799058045282878,29,DNAJC13 (23317)
ACH-000790,2,5547799058045282878,30,PFDN1 (5201)
ACH-000790,2,5547799058045282878,31,ACTR3 (10096)
ACH-000790,2,5547799058045282878,32,HARS2 (23438)
ACH-000790,2,5547799058045282878,33,UBE2H (7328)
ACH-000790,2,5547799058045282878,34,VPS4A (27183)
ACH-000790,2,5547799058045282878,35,MRPL38 (64978)
ACH-000790,2,5547799058045282878,36,ESCO2 (157570)
ACH-000790,2,5547799058045282878,37,TKT (7086)
ACH-000790,2,5547799058045282878,38,SNRPB2 (6629)
ACH-000790,2,5547799058045282878,39,ARPC4 (10093)
ACH-000790,2,5547799058045282878,40,AP2S1 (1175)
ACH-000790,2,5547799058045282878,41,FDPS (2224)
ACH-000790,2,5547799058045282878,42,ATP6V1H (51606)
ACH-000790,2,5547799058045282878,43,PFDN5 (5204)
ACH-000790,2,5547799058045282878,44,ZEB1 (6935)
ACH-000790,2,5547799058045282878,45,ARHGEF7 (8874)
ACH-000790,2,5547799058045282878,46,GRSF1 (2926)
ACH-000790,2,5547799058045282878,47,LSM12 (124801)
ACH-000790,2,5547799058045282878,48,KIF18B (146909)
ACH-000790,2,5547799058045282878,49,HNRNPR (10236)
ACH-000790,2,5547799058045282878,50,IMPDH2 (3615)
ACH-000790,3,17755728304671531497,1,TEN1 (100134934)
ACH-000790,3,17755728304671531497,2,CCAR1 (55749)
ACH-000790,3,17755728304671531497,3,CARS2 (79587)
ACH-000790,3,17755728304671531497,4,ACTB (60)
ACH-000790,3,17755728304671531497,5,USP1 (7398)
ACH-000790,3,17755728304671531497,6,HAPLN2 (60484)
ACH-000790,3,17755728304671531497,7,WDR1 (9948)
ACH-000790,3,17755728304671531497,8,MIOS (54468)
ACH-000790,3,17755728304671531497,9,VPS33A (65082)
ACH-000790,3,17755728304671531497,10,PPP1CA (5499)
ACH-000790,3,17755728304671531497,11,STAG2 (10735)
ACH-000790,3,17755728304671531497,12,FECH (2235)
ACH-000790,3,17755728304671531497,13,ATP1B3 (483)
ACH-000790,3,17755728304671531497,14,BRD2 (6046)
ACH-000790,3,17755728304671531497,15,NFE2L2 (4780)
ACH-000790,3,17755728304671531497,16,CTC1 (80169)
ACH-000790,3,17755728304671531497,17,NONO (4841)
ACH-000790,3,17755728304671531497,18,FDPS (2224)
ACH-000790,3,17755728304671531497,19,SCAP (22937)
ACH-000790,3,17755728304671531497,20,ASCC3 (10973)
ACH-000790,3,17755728304671531497,21,NAMPT (10135)
ACH-000790,3,17755728304671531497,22,EXOSC10 (5394)
ACH-000790,3,17755728304671531497,23,NAA20 (51126)
ACH-000790,3,17755728304671531497,24,SOCS3 (9021)
ACH-000790,3,17755728304671531497,25,SLC7A5 (8140)
ACH-000790,3,17755728304671531497,26,MAPK14 (1432)
ACH-000790,3,17755728304671531497,27,LIPT1 (51601)
ACH-000790,3,17755728304671531497,28,CTNNA1 (1495)
ACH-000790,3,17755728304671531497,29,MMGT1 (93380)
ACH-000790,3,17755728304671531497,30,CRIPTO (6997)
ACH-000790,3,17755728304671531497,31,TOE1 (114034)
ACH-000790,3,17755728304671531497,32,VBP1 (7411)
ACH-000790,3,17755728304671531497,33,CCNL1 (57018)
ACH-000790,3,17755728304671531497,34,CBFB (865)
ACH-000790,3,17755728304671531497,35,MTG1 (92170)
ACH-000790,3,17755728304671531497,36,GFM1 (85476)
ACH-000790,3,17755728304671531497,37,WTAP (9589)
ACH-000790,3,17755728304671531497,38,DYNLL1 (8655)
ACH-000790,3,17755728304671531497,39,MVD (4597)
ACH-000790,3,17755728304671531497,40,DLST (1743)
ACH-000790,3,17755728304671531497,41,UBAP2L (9898)
ACH-000790,3,17755728304671531497,42,NELFCD (51497)
ACH-000790,3,17755728304671531497,43,MRPS10 (55173)
ACH-000790,3,17755728304671531497,44,UBIAD1 (29914)
ACH-000790,3,17755728304671531497,45,MRPS11 (64963)
ACH-000790,3,17755728304671531497,46,UBE2H (7328)
ACH-000790,3,17755728304671531497,47,DNM1L (10059)
ACH-000790,3,17755728304671531497,48,SERBP1 (26135)
ACH-000790,3,17755728304671531497,49,MAD2L1BP (9587)
ACH-000790,3,17755728304671531497,50,RELA (5970)
ACH-000790,4,15380191864030801898,1,MCL1 (4170)
ACH-000790,4,15380191864030801898,2,SMCHD1 (23347)
ACH-000790,4,15380191864030801898,3,WRN (7486)
ACH-000790,4,15380191864030801898,4,SLC20A1 (6574)
ACH-000790,4,15380191864030801898,5,H2BC9 (8345)
ACH-000790,4,15380191864030801898,6,DSN1 (79980)
ACH-000790,4,15380191864030801898,7,CRIPTO (6997)
ACH-000790,4,15380191864030801898,8,PITRM1 (10531)
ACH-000790,4,15380191864030801898,9,CIT (11113)
ACH-000790,4,15380191864030801898,10,DSCC1 (79075)
ACH-000790,4,15380191864030801898,11,NARS2 (79731)
ACH-000790,4,15380191864030801898,12,PIK3CA (5290)
ACH-000790,4,15380191864030801898,13,C3orf38 (285237)
ACH-000790,4,15380191864030801898,14,ESCO2 (157570)
ACH-000790,4,15380191864030801898,15,KATNB1 (10300)
ACH-000790,4,15380191864030801898,16,STAMBP (10617)
ACH-000790,4,15380191864030801898,17,FAM98B (283742)
ACH-000790,4,15380191864030801898,18,RAD1 (5810)
ACH-000790,4,15380191864030801898,19,CDH1 (999)
ACH-000790,4,15380191864030801898,20,ELMO2 (63916)
ACH-000790,4,15380191864030801898,21,GABPA (2551)
ACH-000790,4,15380191864030801898,22,JUN (3725)
ACH-000790,4,15380191864030801898,23,MAPK14 (1432)
ACH-000790,4,15380191864030801898,24,METTL1 (4234)
ACH-000790,4,15380191864030801898,25,CFLAR (8837)
ACH-000790,4,15380191864030801898,26,PGP (283871)
ACH-000790,4,15380191864030801898,27,STX4 (6810)
ACH-000790,4,15380191864030801898,28,TIMM22 (29928)
ACH-000790,4,15380191864030801898,29,PMM2 (5373)
ACH-000790,4,15380191864030801898,30,PPP6R3 (55291)
ACH-000790,4,15380191864030801898,31,SREBF1 (6720)
ACH-000790,4,15380191864030801898,32,VRK1 (7443)
ACH-000790,4,15380191864030801898,33,CUL2 (8453)
ACH-000790,4,15380191864030801898,34,PPP2R3C (55012)
ACH-000790,4,15380191864030801898,35,ATP5F1C (509)
ACH-000790,4,15380191864030801898,36,BPTF (2186)
ACH-000790,4,15380191864030801898,37,NR2C2AP (126382)
ACH-000790,4,15380191864030801898,38,PPP1CA (5499)
ACH-000790,4,15380191864030801898,39,DDX5 (1655)
ACH-000790,4,15380191864030801898,40,DICER1 (23405)
ACH-000790,4,15380191864030801898,41,NCAPD3 (23310)
ACH-000790,4,15380191864030801898,42,DNAJC13 (23317)
ACH-000790,4,15380191864030801898,43,PAICS (10606)
ACH-000790,4,15380191864030801898,44,PCNX3 (399909)
ACH-000790,4,15380191864030801898,45,MRPS12 (6183)
ACH-000790,4,15380191864030801898,46,RPRD1B (58490)
ACH-000790,4,15380191864030801898,47,MRPL49 (740)
ACH-000790,4,15380191864030801898,48,DNAJC19 (131118)
ACH-000790,4,15380191864030801898,49,TMED2 (10959)
ACH-000790,4,15380191864030801898,50,HAPLN2 (60484)
ACH-000790,5,2111085632945149706,1,NBAS (51594)
ACH-000790,5,2111085632945149706,2,ARID2 (196528)
ACH-000790,5,2111085632945149706,3,GRB2 (2885)
ACH-000790,5,2111085632945149706,4,SLC7A1 (6541)
ACH-000790,5,2111085632945149706,5,SNRPB2 (6629)
ACH-000790,5,2111085632945149706,6,SLC25A28 (81894)
ACH-000790,5,2111085632945149706,7,SOCS3 (9021)
ACH-000790,5,2111085632945149706,8,APC (324)
ACH-000790,5,2111085632945149706,9,DSCC1 (79075)
ACH-000790,5,2111085632945149706,10,PPP1CA (5499)
ACH-000790,5,2111085632945149706,11,SLC38A2 (54407)
ACH-000790,5,2111085632945149706,12,AMBRA1 (55626)
ACH-000790,5,2111085632945149706,13,IDH3A (3419)
ACH-000790,5,2111085632945149706,14,DAXX (1616)
ACH-000790,5,2111085632945149706,15,HSP90B1 (7184)
ACH-000790,5,2111085632945149706,16,DNAJB13 (374407)
ACH-000790,5,2111085632945149706,17,MTG1 (92170)
ACH-000790,5,2111085632945149706,18,PGM3 (5238)
ACH-000790,5,2111085632945149706,19,UBE2D3 (7323)
ACH-000790,5,2111085632945149706,20,PPP1R15B (84919)
ACH-000790,5,2111085632945149706,21,ANAPC15 (25906)
ACH-000790,5,2111085632945149706,22,HMBS (3145)
ACH-000790,5,2111085632945149706,23,CFL1 (1072)
ACH-000790,5,2111085632945149706,24,RAB10 (10890)
ACH-000790,5,2111085632945149706,25,RIC8A (60626)
ACH-000790,5,2111085632945149706,26,TRIT1 (54802)
ACH-000790,5,2111085632945149706,27,ATIC (471)
ACH-000790,5,2111085632945149706,28,KEAP1 (9817)
ACH-000790,5,2111085632945149706,29,FDPS (2224)
ACH-000790,5,2111085632945149706,30,ESCO2 (157570)
ACH-000790,5,2111085632945149706,31,COQ4 (51117)
ACH-000790,5,2111085632945149706,32,DAP3 (7818)
ACH-000790,5,2111085632945149706,33,SARNP (84324)
ACH-000790,5,2111085632945149706,34,UAP1 (6675)
ACH-000790,5,2111085632945149706,35,UBAP2L (9898)
ACH-000790,5,2111085632945149706,36,NDUFB3 (4709)
ACH-000790,5,2111085632945149706,37,SMARCE1 (6605)
ACH-000790,5,2111085632945149706,38,EXOC1 (55763)
ACH-000790,5,2111085632945149706,39,NOA1 (84273)
ACH-000790,5,2111085632945149706,40,SGF29 (112869)
ACH-000790,5,2111085632945149706,41,RPP25L (138716)
ACH-000790,5,2111085632945149706,42,EED (8726)
ACH-000790,5,2111085632945149706,43,MAU2 (23383)
ACH-000790,5,2111085632945149706,44,SDHD (6392)
ACH-000790,5,2111085632945149706,45,RAD1 (5810)
ACH-000790,5,2111085632945149706,46,C3orf38 (285237)
ACH-000790,5,2111085632945149706,47,ATF4 (468)
ACH-000790,5,2111085632945149706,48,MPPE1 (65258)
ACH-000790,5,2111085632945149706,49,ACLY (47)
ACH-000790,5,2111085632945149706,50,RHEB (6009)
ACH-000790,6,1664373235048876782,1,DNAJB13 (374407)
ACH-000790,6,1664373235048876782,2,OXSM (54995)
ACH-000790,6,1664373235048876782,3,TYMS (7298)
ACH-000790,6,1664373235048876782,4,CDAN1 (146059)
ACH-000790,6,1664373235048876782,5,FAM185A (222234)
ACH-000790,6,1664373235048876782,6,MRPL55 (128308)
ACH-000790,6,1664373235048876782,7,KRTCAP2 (200185)
ACH-000790,6,1664373235048876782,8,SGF29 (112869)
ACH-000790,6,1664373235048876782,9,COX18 (285521)
ACH-000790,6,1664373235048876782,10,VPS33A (65082)
ACH-000790,6,1664373235048876782,11,AIFM1 (9131)
ACH-000790,6,1664373235048876782,12,HMBS (3145)
ACH-000790,6,1664373235048876782,13,PCYT1A (5130)
ACH-000790,6,1664373235048876782,14,ITGB5 (3693)
ACH-000790,6,1664373235048876782,15,SLC38A2 (54407)
ACH-000790,6,1664373235048876782,16,DHX29 (54505)
ACH-000790,6,1664373235048876782,17,ITGB1 (3688)
ACH-000790,6,1664373235048876782,18,CDS2 (8760)
ACH-000790,6,1664373235048876782,19,JUN (3725)
ACH-000790,6,1664373235048876782,20,WDR7 (23335)
ACH-000790,6,1664373235048876782,21,TIMM17A (10440)
ACH-000790,6,1664373235048876782,22,HUS1 (3364)
ACH-000790,6,1664373235048876782,23,USP8 (9101)
ACH-000790,6,1664373235048876782,24,CCDC51 (79714)
ACH-000790,6,1664373235048876782,25,METTL17 (64745)
ACH-000790,6,1664373235048876782,26,CTPS1 (1503)
ACH-000790,6,1664373235048876782,27,RAB6A (5870)
ACH-000790,6,1664373235048876782,28,CIT (11113)
ACH-000790,6,1664373235048876782,29,NAPG (8774)
ACH-000790,6,1664373235048876782,30,GEMIN2 (8487)
ACH-000790,6,1664373235048876782,31,MRPS7 (51081)
ACH-000790,6,1664373235048876782,32,CSK (1445)
ACH-000790,6,1664373235048876782,33,MPPE1 (65258)
ACH-000790,6,1664373235048876782,34,ANKRD49 (54851)
ACH-000790,6,1664373235048876782,35,NHLRC2 (374354)
ACH-000790,6,1664373235048876782,36,MCL1 (4170)
ACH-000790,6,1664373235048876782,37,UBE2D3 (7323)
ACH-000790,6,1664373235048876782,38,PPP6C (5537)
ACH-000790,6,1664373235048876782,39,WASHC2C (253725)
ACH-000790,6,1664373235048876782,40,ATP6V0E1 (8992)
ACH-000790,6,1664373235048876782,41,FLII (2314)
ACH-000790,6,1664373235048876782,42,NDC1 (55706)
ACH-000790,6,1664373235048876782,43,NMT1 (4836)
ACH-000790,6,1664373235048876782,44,OTUD5 (55593)
ACH-000790,6,1664373235048876782,45,HNRNPR (10236)
ACH-000790,6,1664373235048876782,46,PPM1D (8493)
ACH-000790,6,1664373235048876782,47,MTCH2 (23788)
ACH-000790,6,1664373235048876782,48,PRDX1 (5052)
ACH-000790,6,1664373235048876782,49,CCNB1 (891)
ACH-000790,6,1664373235048876782,50,CDK6 (1021)
ACH-000790,7,18303520820399594701,1,PTP4A1 (7803)
ACH-000790,7,18303520820399594701,2,MIOS (54468)
ACH-000790,7,18303520820399594701,3,HSD17B10 (3028)
ACH-000790,7,18303520820399594701,4,RPAP2 (79871)
ACH-000790,7,18303520820399594701,5,SLC30A9 (10463)
ACH-000790,7,18303520820399594701,6,PDS5A (23244)
ACH-000790,7,18303520820399594701,7,KNTC1 (9735)
ACH-000790,7,18303520820399594701,8,TIGD3 (220359)
ACH-000790,7,18303520820399594701,9,GRB2 (2885)
ACH-000790,7,18303520820399594701,10,USP1 (7398)
ACH-000790,7,18303520820399594701,11,PPIL1 (51645)
ACH-000790,7,18303520820399594701,12,TSC1 (7248)
ACH-000790,7,18303520820399594701,13,ZWINT (11130)
ACH-000790,7,18303520820399594701,14,VPS4A (27183)
ACH-000790,7,18303520820399594701,15,UBIAD1 (29914)
ACH-000790,7,18303520820399594701,16,SERBP1 (26135)
ACH-000790,7,18303520820399594701,17,NFRKB (4798)
ACH-000790,7,18303520820399594701,18,MIB1 (57534)
ACH-000790,7,18303520820399594701,19,MED23 (9439)
ACH-000790,7,18303520820399594701,20,UBE2S (27338)
ACH-000790,7,18303520820399594701,21,CAB39 (51719)
ACH-000790,7,18303520820399594701,22,RAD51C (5889)
ACH-000790,7,18303520820399594701,23,IER3IP1 (51124)
ACH-000790,7,18303520820399594701,24,FOSL1 (8061)
ACH-000790,7,18303520820399594701,25,FGFR1 (2260)
ACH-000790,7,18303520820399594701,26,HUS1 (3364)
ACH-000790,7,18303520820399594701,27,GEMIN4 (50628)
ACH-000790,7,18303520820399594701,28,POP7 (10248)
ACH-000790,7,18303520820399594701,29,H2BC5 (3017)
ACH-000790,7,18303520820399594701,30,LAMTOR2 (28956)
ACH-000790,7,18303520820399594701,31,MRPL39 (54148)
ACH-000790,7,18303520820399594701,32,COA6 (388753)
ACH-000790,7,18303520820399594701,33,SOX10 (6663)
ACH-000790,7,18303520820399594701,34,NSMCE4A (54780)
ACH-000790,7,18303520820399594701,35,EEFSEC (60678)
ACH-000790,7,18303520820399594701,36,AMBRA1 (55626)
ACH-000790,7,18303520820399594701,37,ATXN7L3 (56970)
ACH-000790,7,18303520820399594701,38,MED1 (5469)
ACH-000790,7,18303520820399594701,39,HNRNPA2B1 (3181)
ACH-000790,7,18303520820399594701,40,MED9 (55090)
ACH-000790,7,18303520820399594701,41,H2AX (3014)
ACH-000790,7,18303520820399594701,42,P2RY6 (5031)
ACH-000790,7,18303520820399594701,43,ASCC3 (10973)
ACH-000790,7,18303520820399594701,44,NDC1 (55706)
ACH-000790,7,18303520820399594701,45,DDX3X (1654)
ACH-000790,7,18303520820399594701,46,PTK2 (5747)
ACH-000790,7,18303520820399594701,47,TIMM17A (10440)
ACH-000790,7,18303520820399594701,48,GOLGA7 (51125)
ACH-000790,7,18303520820399594701,49,NPEPPS (9520)
ACH-000790,7,18303520820399594701,50,CCDC6 (8030)
ACH-000790,8,11937871349454196276,1,H2AX (3014)
ACH-000790,8,11937871349454196276,2,CUL2 (8453)
ACH-000790,8,11937871349454196276,3,HYCC2 (285172)
ACH-000790,8,11937871349454196276,4,ISCA2 (122961)
ACH-000790,8,11937871349454196276,5,PPP1R15B (84919)
ACH-000790,8,11937871349454196276,6,WRN (7486)
ACH-000790,8,11937871349454196276,7,ATF4 (468)
ACH-000790,8,11937871349454196276,8,CTDSPL2 (51496)
ACH-000790,8,11937871349454196276,9,SLC2A1 (6513)
ACH-000790,8,11937871349454196276,10,REXO2 (25996)
ACH-000790,8,11937871349454196276,11,AP2S1 (1175)
ACH-000790,8,11937871349454196276,12,NHLRC2 (374354)
ACH-000790,8,11937871349454196276,13,WNK1 (65125)
ACH-000790,8,11937871349454196276,14,RTTN (25914)
ACH-000790,8,11937871349454196276,15,TIMM8A (1678)
ACH-000790,8,11937871349454196276,16,RAF1 (5894)
ACH-000790,8,11937871349454196276,17,PRKAR1A (5573)
ACH-000790,8,11937871349454196276,18,OXSM (54995)
ACH-000790,8,11937871349454196276,19,KIF20A (10112)
ACH-000790,8,11937871349454196276,20,ATXN7L3 (56970)
ACH-000790,8,11937871349454196276,21,PPA2 (27068)
ACH-000790,8,11937871349454196276,22,LDLR (3949)
ACH-000790,8,11937871349454196276,23,TSC1 (7248)
ACH-000790,8,11937871349454196276,24,KANSL1 (284058)
ACH-000790,8,11937871349454196276,25,ATP2B1 (490)
ACH-000790,8,11937871349454196276,26,MRPS6 (64968)
ACH-000790,8,11937871349454196276,27,ENO1 (2023)
ACH-000790,8,11937871349454196276,28,CDH1 (999)
ACH-000790,8,11937871349454196276,29,HSP90B1 (7184)
ACH-000790,8,11937871349454196276,30,PPM1D (8493)
ACH-000790,8,11937871349454196276,31,EAPP (55837)
ACH-000790,8,11937871349454196276,32,TRIT1 (54802)
ACH-000790,8,11937871349454196276,33,SGF29 (112869)
ACH-000790,8,11937871349454196276,34,MEN1 (4221)
ACH-000790,8,11937871349454196276,35,JTB (10899)
ACH-000790,8,11937871349454196276,36,POLE3 (54107)
ACH-000790,8,11937871349454196276,37,GEMIN4 (50628)
ACH-000790,8,11937871349454196276,38,VHL (7428)
ACH-000790,8,11937871349454196276,39,TMED10 (10972)
ACH-000790,8,11937871349454196276,40,PPP1CB (5500)
ACH-000790,8,11937871349454196276,41,TAFAZZIN (6901)
ACH-000790,8,11937871349454196276,42,FAF2 (23197)
ACH-000790,8,11937871349454196276,43,MICOS10 (440574)
ACH-000790,8,11937871349454196276,44,HAPLN2 (60484)
ACH-000790,8,11937871349454196276,45,MED12 (9968)
ACH-000790,8,11937871349454196276,46,HNRNPR (10236)
ACH-000790,8,11937871349454196276,47,ZFP36L1 (677)
ACH-000790,8,11937871349454196276,48,NXT1 (29107)
ACH-000790,8,11937871349454196276,49,PTPA (5524)
ACH-000790,8,11937871349454196276,50,MIOS (54468)
ACH-000790,9,4011009416391369213,1,SOX9 (6662)
ACH-000790,9,4011009416391369213,2,REXO2 (25996)
ACH-000790,9,4011009416391369213,3,CDK8 (1024)
ACH-000790,9,4011009416391369213,4,BUD13 (84811)
ACH-000790,9,4011009416391369213,5,PGM3 (5238)
ACH-000790,9,4011009416391369213,6,GART (2618)
ACH-000790,9,4011009416391369213,7,ELP2 (55250)
ACH-000790,9,4011009416391369213,8,PPP4R2 (151987)
ACH-000790,9,4011009416391369213,9,NAA20 (51126)
ACH-000790,9,4011009416391369213,10,MRPL35 (51318)
ACH-000790,9,4011009416391369213,11,PGP (283871)
ACH-000790,9,4011009416391369213,12,CTC1 (80169)
ACH-000790,9,4011009416391369213,13,NR2C2AP (126382)
ACH-000790,9,4011009416391369213,14,YPEL5 (51646)
ACH-000790,9,4011009416391369213,15,WASHC2C (253725)
ACH-000790,9,4011009416391369213,16,AP2S1 (1175)
ACH-000790,9,4011009416391369213,17,LSM12 (124801)
ACH-000790,9,4011009416391369213,18,METAP1 (23173)
ACH-000790,9,4011009416391369213,19,MAD2L1BP (9587)
ACH-000790,9,4011009416391369213,20,FXN (2395)
ACH-000790,9,4011009416391369213,21,TADA1 (117143)
ACH-000790,9,4011009416391369213,22,SCD (6319)
ACH-000790,9,4011009416391369213,23,ATP1B3 (483)
ACH-000790,9,4011009416391369213,24,ARMC5 (79798)
ACH-000790,9,4011009416391369213,25,SLC3A2 (6520)
ACH-000790,9,4011009416391369213,26,COX5A (9377)
ACH-000790,9,4011009416391369213,27,PCNX3 (399909)
ACH-000790,9,4011009416391369213,28,PITRM1 (10531)
ACH-000790,9,4011009416391369213,29,SLC33A1 (9197)
ACH-000790,9,4011009416391369213,30,TYMS (7298)
ACH-000790,9,4011009416391369213,31,MED24 (9862)
ACH-000790,9,4011009416391369213,32,H2BC5 (3017)
ACH-000790,9,4011009416391369213,33,PTMA (5757)
ACH-000790,9,4011009416391369213,34,INTS15 (79034)
ACH-000790,9,4011009416391369213,35,WDR7 (23335)
ACH-000790,9,4011009416391369213,36,ANKRD49 (54851)
ACH-000790,9,4011009416391369213,37,NELFCD (51497)
ACH-000790,9,4011009416391369213,38,STX4 (6810)
ACH-000790,9,4011009416391369213,39,ELAVL1 (1994)
ACH-000790,9,4011009416391369213,40,LIPT1 (51601)
ACH-000790,9,4011009416391369213,41,RPAP2 (79871)
ACH-000790,9,4011009416391369213,42,POLRMT (5442)
ACH-000790,9,4011009416391369213,43,HNRNPA2B1 (3181)
ACH-000790,9,4011009416391369213,44,PPAT (5471)
ACH-000790,9,4011009416391369213,45,NAMPT (10135)
ACH-000790,9,4011009416391369213,46,ACLY (47)
ACH-000790,9,4011009416391369213,47,SEPSECS (51091)
ACH-000790,9,4011009416391369213,48,STAG2 (10735)
ACH-000790,9,4011009416391369213,49,SAMD4B (55095)
ACH-000790,9,4011009416391369213,50,PFDN1 (5201)
ACH-000790,10,11813089380837372156,1,PPP1R15B (84919)
ACH-000790,10,11813089380837372156,2,MRPL55 (128308)
ACH-000790,10,11813089380837372156,3,UBE2D3 (7323)
ACH-000790,10,11813089380837372156,4,PFN1 (5216)
ACH-000790,10,11813089380837372156,5,WTAP (9589)
ACH-000790,10,11813089380837372156,6,STEEP1 (63932)
ACH-000790,10,11813089380837372156,7,ATXN7L3 (56970)
ACH-000790,10,11813089380837372156,8,PPP1CB (5500)
ACH-000790,10,11813089380837372156,9,SLC33A1 (9197)
ACH-000790,10,11813089380837372156,10,HYCC2 (285172)
ACH-000790,10,11813089380837372156,11,SEPHS2 (22928)
ACH-000790,10,11813089380837372156,12,POLRMT (5442)
ACH-000790,10,11813089380837372156,13,REXO2 (25996)
ACH-000790,10,11813089380837372156,14,DDX3X (1654)
ACH-000790,10,11813089380837372156,15,RAD1 (5810)
ACH-000790,10,11813089380837372156,16,RPIA (22934)
ACH-000790,10,11813089380837372156,17,COA7 (65260)
ACH-000790,10,11813089380837372156,18,TRNAU1AP (54952)
ACH-000790,10,11813089380837372156,19,TOMM70 (9868)
ACH-000790,10,11813089380837372156,20,DSCC1 (79075)
ACH-000790,10,11813089380837372156,21,FPGS (2356)
ACH-000790,10,11813089380837372156,22,TIMM29 (90580)
ACH-000790,10,11813089380837372156,23,COX15 (1355)
ACH-000790,10,11813089380837372156,24,DNAJB13 (374407)
ACH-000790,10,11813089380837372156,25,BRCA1 (672)
ACH-000790,10,11813089380837372156,26,HAPSTR1 (29035)
ACH-000790,10,11813089380837372156,27,CUL2 (8453)
ACH-000790,10,11813089380837372156,28,SDHD (6392)
ACH-000790,10,11813089380837372156,29,ATP5F1D (513)
ACH-000790,10,11813089380837372156,30,SOX10 (6663)
ACH-000790,10,11813089380837372156,31,MBTPS1 (8720)
ACH-000790,10,11813089380837372156,32,LIPT1 (51601)
ACH-000790,10,11813089380837372156,33,STAMBP (10617)
ACH-000790,10,11813089380837372156,34,TRAF7 (84231)
ACH-000790,10,11813089380837372156,35,KIF20A (10112)
ACH-000790,10,11813089380837372156,36,ILK (3611)
ACH-000790,10,11813089380837372156,37,FOSL1 (8061)
ACH-000790,10,11813089380837372156,38,BIRC6 (57448)
ACH-000790,10,11813089380837372156,39,NPEPPS (9520)
ACH-000790,10,11813089380837372156,40,IER3IP1 (51124)
ACH-000790,10,11813089380837372156,41,UBE2S (27338)
ACH-000790,10,11813089380837372156,42,ICE2 (79664)
ACH-000790,10,11813089380837372156,43,FECH (2235)
ACH-000790,10,11813089380837372156,44,RPUSD4 (84881)
ACH-000790,10,11813089380837372156,45,SLC2A1 (6513)
ACH-000790,10,11813089380837372156,46,CHMP5 (51510)
ACH-000790,10,11813089380837372156,47,RPL22L1 (200916)
ACH-000790,10,11813089380837372156,48,EEFSEC (60678)
ACH-000790,10,11813089380837372156,49,CCAR1 (55749)
ACH-000790,10,11813089380837372156,50,SLC16A1 (6566)
ACH-000790,11,6982258510067422328,1,CIT (11113)
ACH-000790,11,6982258510067422328,2,PFDN5 (5204)
ACH-000790,11,6982258510067422328,3,AHCYL1 (10768)
ACH-000790,11,6982258510067422328,4,CTDSPL2 (51496)
ACH-000790,11,6982258510067422328,5,DHODH (1723)
ACH-000790,11,6982258510067422328,6,ATP5F1C (509)
ACH-000790,11,6982258510067422328,7,NDE1 (54820)
ACH-000790,11,6982258510067422328,8,BRD2 (6046)
ACH-000790,11,6982258510067422328,9,NDUFB6 (4712)
ACH-000790,11,6982258510067422328,10,FBXW11 (23291)
ACH-000790,11,6982258510067422328,11,RAD1 (5810)
ACH-000790,11,6982258510067422328,12,ATP6V0E1 (8992)
ACH-000790,11,6982258510067422328,13,BRCA1 (672)
ACH-000790,11,6982258510067422328,14,TMX2 (51075)
ACH-000790,11,6982258510067422328,15,DET1 (55070)
ACH-000790,11,6982258510067422328,16,TOMM70 (9868)
ACH-000790,11,6982258510067422328,17,WASHC2C (253725)
ACH-000790,11,6982258510067422328,18,DNAJC19 (131118)
ACH-000790,11,6982258510067422328,19,DYNLL1 (8655)
ACH-000790,11,6982258510067422328,20,KIF18B (146909)
ACH-000790,11,6982258510067422328,21,ELP4 (26610)
ACH-000790,11,6982258510067422328,22,CCNL1 (57018)
ACH-000790,11,6982258510067422328,23,XRN1 (54464)
ACH-000790,11,6982258510067422328,24,EAPP (55837)
ACH-000790,11,6982258510067422328,25,TSC1 (7248)
ACH-000790,11,6982258510067422328,26,COX18 (285521)
ACH-000790,11,6982258510067422328,27,COX5A (9377)
ACH-000790,11,6982258510067422328,28,DDX19A (55308)
ACH-000790,11,6982258510067422328,29,UBA5 (79876)
ACH-000790,11,6982258510067422328,30,TADA1 (117143)
ACH-000790,11,6982258510067422328,31,TWNK (56652)
ACH-000790,11,6982258510067422328,32,ATXN7L3 (56970)
ACH-000790,11,6982258510067422328,33,FGFR1 (2260)
ACH-000790,11,6982258510067422328,34,NIPBL (25836)
ACH-000790,11,6982258510067422328,35,SLC7A1 (6541)
ACH-000790,11,6982258510067422328,36,ZEB1 (6935)
ACH-000790,11,6982258510067422328,37,TCF7L2 (6934)
ACH-000790,11,6982258510067422328,38,PPAT (5471)
ACH-000790,11,6982258510067422328,39,COASY (80347)
ACH-000790,11,6982258510067422328,40,PCNX3 (399909)
ACH-000790,11,6982258510067422328,41,CCND1 (595)
ACH-000790,11,6982258510067422328,42,GRSF1 (2926)
ACH-000790,11,6982258510067422328,43,IRS2 (8660)
ACH-000790,11,6982258510067422328,44,TEAD1 (7003)
ACH-000790,11,6982258510067422328,45,HYCC2 (285172)
ACH-000790,11,6982258510067422328,46,CEP85 (64793)
ACH-000790,11,6982258510067422328,47,SQLE (6713)
ACH-000790,11,6982258510067422328,48,MMGT1 (93380)
ACH-000790,11,6982258510067422328,49,CAD (790)
ACH-000790,11,6982258510067422328,50,RELA (5970)
ACH-000790,12,14911313025752307704,1,PTPMT1 (114971)
ACH-000790,12,14911313025752307704,2,RHOA (387)
ACH-000790,12,14911313025752307704,3,CBLL1 (79872)
ACH-000790,12,14911313025752307704,4,DNAJC11 (55735)
ACH-000790,12,14911313025752307704,5,EARS2 (124454)
ACH-000790,12,14911313025752307704,6,CCND3 (896)
ACH-000790,12,14911313025752307704,7,SDHB (6390)
ACH-000790,12,14911313025752307704,8,MNAT1 (4331)
ACH-000790,12,14911313025752307704,9,RBBP7 (5931)
ACH-000790,12,14911313025752307704,10,MAPK1 (5594)
ACH-000790,12,14911313025752307704,11,TSC2 (7249)
ACH-000790,12,14911313025752307704,12,SKA1 (220134)
ACH-000790,12,14911313025752307704,13,CDS2 (8760)
ACH-000790,12,14911313025752307704,14,ASCC3 (10973)
ACH-000790,12,14911313025752307704,15,FERMT2 (10979)
ACH-000790,12,14911313025752307704,16,STAMBP (10617)
ACH-000790,12,14911313025752307704,17,TEDC1 (283643)
ACH-000790,12,14911313025752307704,18,SLC33A1 (9197)
ACH-000790,12,14911313025752307704,19,MDM4 (4194)
ACH-000790,12,14911313025752307704,20,ADSL (158)
ACH-000790,12,14911313025752307704,21,BRAF (673)
ACH-000790,12,14911313025752307704,22,TRIM37 (4591)
ACH-000790,12,14911313025752307704,23,OXSM (54995)
ACH-000790,12,14911313025752307704,24,SDHA (6389)
ACH-000790,12,14911313025752307704,25,COX18 (285521)
ACH-000790,12,14911313025752307704,26,MYH9 (4627)
ACH-000790,12,14911313025752307704,27,ISCA2 (122961)
ACH-000790,12,14911313025752307704,28,PFDN5 (5204)
ACH-000790,12,14911313025752307704,29,MRPS14 (63931)
ACH-000790,12,14911313025752307704,30,TIGD3 (220359)
ACH-000790,12,14911313025752307704,31,H2BC9 (8345)
ACH-000790,12,14911313025752307704,32,GEMIN2 (8487)
ACH-000790,12,14911313025752307704,33,SAMD4B (55095)
ACH-000790,12,14911313025752307704,34,TMED2 (10959)
ACH-000790,12,14911313025752307704,35,MED1 (5469)
ACH-000790,12,14911313025752307704,36,CYC1 (1537)
ACH-000790,12,14911313025752307704,37,MRPL32 (64983)
ACH-000790,12,14911313025752307704,38,NDUFB6 (4712)
ACH-000790,12,14911313025752307704,39,CRIPTO (6997)
ACH-000790,12,14911313025752307704,40,GFPT1 (2673)
ACH-000790,12,14911313025752307704,41,NDUFB11 (54539)
ACH-000790,12,14911313025752307704,42,BCL9L (283149)
ACH-000790,12,14911313025752307704,43,STN1 (79991)
ACH-000790,12,14911313025752307704,44,LIPT1 (51601)
ACH-000790,12,14911313025752307704,45,IGF1R (3480)
ACH-000790,12,14911313025752307704,46,NELFCD (51497)
ACH-000790,12,14911313025752307704,47,PITRM1 (10531)
ACH-000790,12,14911313025752307704,48,TAF5L (27097)
ACH-000790,12,14911313025752307704,49,H2BC5 (3017)
ACH-000790,12,14911313025752307704,50,NBAS (51594)
ACH-000790,13,9401166681464533926,1,WDR7 (23335)
ACH-000790,13,9401166681464533926,2,TYMS (7298)
ACH-000790,13,9401166681464533926,3,PRKRA (8575)
ACH-000790,13,9401166681464533926,4,TAFAZZIN (6901)
ACH-000790,13,9401166681464533926,5,TSC2 (7249)
ACH-000790,13,9401166681464533926,6,COX5A (9377)
ACH-000790,13,9401166681464533926,7,MTX2 (10651)
ACH-000790,13,9401166681464533926,8,SOX9 (6662)
ACH-000790,13,9401166681464533926,9,HMBS (3145)
ACH-000790,13,9401166681464533926,10,MTPAP (55149)
ACH-000790,13,9401166681464533926,11,PCYT1A (5130)
ACH-000790,13,9401166681464533926,12,ISCA2 (122961)
ACH-000790,13,9401166681464533926,13,VARS2 (57176)
ACH-000790,13,9401166681464533926,14,TTC7A (57217)
ACH-000790,13,9401166681464533926,15,SOCS3 (9021)
ACH-000790,13,9401166681464533926,16,PET117 (100303755)
ACH-000790,13,9401166681464533926,17,TRNAU1AP (54952)
ACH-000790,13,9401166681464533926,18,PTDSS1 (9791)
ACH-000790,13,9401166681464533926,19,ILK (3611)
ACH-000790,13,9401166681464533926,20,FDPS (2224)
ACH-000790,13,9401166681464533926,21,MLST8 (64223)
ACH-000790,13,9401166681464533926,22,EXOSC10 (5394)
ACH-000790,13,9401166681464533926,23,SOX10 (6663)
ACH-000790,13,9401166681464533926,24,HYCC2 (285172)
ACH-000790,13,9401166681464533926,25,MDM4 (4194)
ACH-000790,13,9401166681464533926,26,COX7C (1350)
ACH-000790,13,9401166681464533926,27,ATP5F1C (509)
ACH-000790,13,9401166681464533926,28,ARHGEF7 (8874)
ACH-000790,13,9401166681464533926,29,VBP1 (7411)
ACH-000790,13,9401166681464533926,30,MTHFD1 (4522)
ACH-000790,13,9401166681464533926,31,COX6A1 (1337)
ACH-000790,13,9401166681464533926,32,DDX5 (1655)
ACH-000790,13,9401166681464533926,33,KATNB1 (10300)
ACH-000790,13,9401166681464533926,34,FOSL1 (8061)
ACH-000790,13,9401166681464533926,35,KANSL1 (284058)
ACH-000790,13,9401166681464533926,36,CEP43 (11116)
ACH-000790,13,9401166681464533926,37,GCN1 (10985)
ACH-000790,13,9401166681464533926,38,PAXIP1 (22976)
ACH-000790,13,9401166681464533926,39,ATP5F1D (513)
ACH-000790,13,9401166681464533926,40,MED19 (219541)
ACH-000790,13,9401166681464533926,41,AP2M1 (1173)
ACH-000790,13,9401166681464533926,42,MYH9 (4627)
ACH-000790,13,9401166681464533926,43,ARID1B (57492)
ACH-000790,13,9401166681464533926,44,CYB5B (80777)
ACH-000790,13,9401166681464533926,45,RELA (5970)
ACH-000790,13,9401166681464533926,46,FECH (2235)
ACH-000790,13,9401166681464533926,47,UBE2D3 (7323)
ACH-000790,13,9401166681464533926,48,ADSS2 (159)
ACH-000790,13,9401166681464533926,49,PTP4A1 (7803)
ACH-000790,13,9401166681464533926,50,GEMIN2 (8487)
ACH-000790,14,9259544191549608160,1,FURIN (5045)
ACH-000790,14,9259544191549608160,2,RPL22L1 (200916)
ACH-000790,14,9259544191549608160,3,TKT (7086)
ACH-000790,14,9259544191549608160,4,GPX4 (2879)
ACH-000790,14,9259544191549608160,5,AIFM1 (9131)
ACH-000790,14,9259544191549608160,6,METTL1 (4234)
ACH-000790,14,9259544191549608160,7,TADA1 (117143)
ACH-000790,14,9259544191549608160,8,CYC1 (1537)
ACH-000790,14,9259544191549608160,9,TSC22D2 (9819)
ACH-000790,14,9259544191549608160,10,RPP25L (138716)
ACH-000790,14,9259544191549608160,11,SLC25A3 (5250)
ACH-000790,14,9259544191549608160,12,CCDC51 (79714)
ACH-000790,14,9259544191549608160,13,GEMIN7 (79760)
ACH-000790,14,9259544191549608160,14,POP7 (10248)
ACH-000790,14,9259544191549608160,15,GRSF1 (2926)
ACH-000790,14,9259544191549608160,16,RHOA (387)
ACH-000790,14,9259544191549608160,17,MCMBP (79892)
ACH-000790,14,9259544191549608160,18,EP300 (2033)
ACH-000790,14,9259544191549608160,19,ZFX (7543)
ACH-000790,14,9259544191549608160,20,CDIN1 (84529)
ACH-000790,14,9259544191549608160,21,ACTR3 (10096)
ACH-000790,14,9259544191549608160,22,HNRNPR (10236)
ACH-000790,14,9259544191549608160,23,MRPS6 (64968)
ACH-000790,14,9259544191549608160,24,ADSS2 (159)
ACH-000790,14,9259544191549608160,25,COA7 (65260)
ACH-000790,14,9259544191549608160,26,DSCC1 (79075)
ACH-000790,14,9259544191549608160,27,ATP6V1H (51606)
ACH-000790,14,9259544191549608160,28,NMNAT1 (64802)
ACH-000790,14,9259544191549608160,29,PNKP (11284)
ACH-000790,14,9259544191549608160,30,LDLR (3949)
ACH-000790,14,9259544191549608160,31,CRAMP1 (57585)
ACH-000790,14,9259544191549608160,32,NHLRC2 (374354)
ACH-000790,14,9259544191549608160,33,SAMD4B (55095)
ACH-000790,14,9259544191549608160,34,XRCC3 (7517)
ACH-000790,14,9259544191549608160,35,GEMIN2 (8487)
ACH-000790,14,9259544191549608160,36,EXOSC10 (5394)
ACH-000790,14,9259544191549608160,37,SMCHD1 (23347)
ACH-000790,14,9259544191549608160,38,PET117 (100303755)
ACH-000790,14,9259544191549608160,39,COX6A1 (1337)
ACH-000790,14,9259544191549608160,40,FPGS (2356)
ACH-000790,14,9259544191549608160,41,NBAS (51594)
ACH-000790,14,9259544191549608160,42,POLRMT (5442)
ACH-000790,14,9259544191549608160,43,GMPS (8833)
ACH-000790,14,9259544191549608160,44,FBXO42 (54455)
ACH-000790,14,9259544191549608160,45,VEZF1 (7716)
ACH-000790,14,9259544191549608160,46,NDUFC2 (4718)
ACH-000790,14,9259544191549608160,47,GOLT1B (51026)
ACH-000790,14,9259544191549608160,48,NAA20 (51126)
ACH-000790,14,9259544191549608160,49,BIRC6 (57448)
ACH-000790,14,9259544191549608160,50,SHOC2 (8036)
ACH-000790,15,11372170953730780570,1,MYBBP1A (10514)
ACH-000790,15,11372170953730780570,2,NDUFA8 (4702)
ACH-000790,15,11372170953730780570,3,JUN (3725)
ACH-000790,15,11372170953730780570,4,EFR3A (23167)
ACH-000790,15,11372170953730780570,5,POLE3 (54107)
ACH-000790,15,11372170953730780570,6,FXN (2395)
ACH-000790,15,11372170953730780570,7,ADSS2 (159)
ACH-000790,15,11372170953730780570,8,IDH3A (3419)
ACH-000790,15,11372170953730780570,9,H2BC5 (3017)
ACH-000790,15,11372170953730780570,10,UBIAD1 (29914)
ACH-000790,15,11372170953730780570,11,CSK (1445)
ACH-000790,15,11372170953730780570,12,ANKRD49 (54851)
ACH-000790,15,11372170953730780570,13,CYB5B (80777)
ACH-000790,15,11372170953730780570,14,NDUFAB1 (4706)
ACH-000790,15,11372170953730780570,15,FAM98B (283742)
ACH-000790,15,11372170953730780570,16,SNAP23 (8773)
ACH-000790,15,11372170953730780570,17,UBAP2L (9898)
ACH-000790,15,11372170953730780570,18,ZMYND8 (23613)
ACH-000790,15,11372170953730780570,19,MRPS5 (64969)
ACH-000790,15,11372170953730780570,20,TRIP13 (9319)
ACH-000790,15,11372170953730780570,21,DNAJC19 (131118)
ACH-000790,15,11372170953730780570,22,MRPL55 (128308)
ACH-000790,15,11372170953730780570,23,SOCS3 (9021)
ACH-000790,15,11372170953730780570,24,ZNF407 (55628)
ACH-000790,15,11372170953730780570,25,PRDX1 (5052)
ACH-000790,15,11372170953730780570,26,CUL3 (8452)
ACH-000790,15,11372170953730780570,27,DDX3X (1654)
ACH-000790,15,11372170953730780570,28,TFAM (7019)
ACH-000790,15,11372170953730780570,29,UMPS (7372)
ACH-000790,15,11372170953730780570,30,KIF14 (9928)
ACH-000790,15,11372170953730780570,31,BRAF (673)
ACH-000790,15,11372170953730780570,32,CCND3 (896)
ACH-000790,15,11372170953730780570,33,BRCA2 (675)
ACH-000790,15,11372170953730780570,34,VEZF1 (7716)
ACH-000790,15,11372170953730780570,35,PTMA (5757)
ACH-000790,15,11372170953730780570,36,NAA20 (51126)
ACH-000790,15,11372170953730780570,37,WWTR1 (25937)
ACH-000790,15,11372170953730780570,38,PTK2 (5747)
ACH-000790,15,11372170953730780570,39,PPM1D (8493)
ACH-000790,15,11372170953730780570,40,IPPK (64768)
ACH-000790,15,11372170953730780570,41,NONO (4841)
ACH-000790,15,11372170953730780570,42,WDR83 (84292)
ACH-000790,15,11372170953730780570,43,VARS2 (57176)
ACH-000790,15,11372170953730780570,44,DNAJC13 (23317)
ACH-000790,15,11372170953730780570,45,CHMP5 (51510)
ACH-000790,15,11372170953730780570,46,TRIM28 (10155)
ACH-000790,15,11372170953730780570,47,DAXX (1616)
ACH-000790,15,11372170953730780570,48,GMNN (51053)
ACH-000790,15,11372170953730780570,49,BCL9 (607)
ACH-000790,15,11372170953730780570,50,COQ4 (51117)
ACH-000790,16,17737819293165473490,1,ISCA2 (122961)
ACH-000790,16,17737819293165473490,2,CCDC6 (8030)
ACH-000790,16,17737819293165473490,3,EIF2AK4 (440275)
ACH-000790,16,17737819293165473490,4,MAD2L1BP (9587)
ACH-000790,16,17737819293165473490,5,PFDN5 (5204)
ACH-000790,16,17737819293165473490,6,COA7 (65260)
ACH-000790,16,17737819293165473490,7,PSMG1 (8624)
ACH-000790,16,17737819293165473490,8,NIPBL (25836)
ACH-000790,16,17737819293165473490,9,GABPA (2551)
ACH-000790,16,17737819293165473490,10,PFAS (5198)
ACH-000790,16,17737819293165473490,11,TAMM41 (132001)
ACH-000790,16,17737819293165473490,12,CTPS1 (1503)
ACH-000790,16,17737819293165473490,13,CFLAR (8837)
ACH-000790,16,17737819293165473490,14,ATP1B3 (483)
ACH-000790,16,17737819293165473490,15,RHOA (387)
ACH-000790,16,17737819293165473490,16,P2RY6 (5031)
ACH-000790,16,17737819293165473490,17,PPP1R15B (84919)
ACH-000790,16,17737819293165473490,18,TFAM (7019)
ACH-000790,16,17737819293165473490,19,COP1 (64326)
ACH-000790,16,17737819293165473490,20,ATP5F1B (506)
ACH-000790,16,17737819293165473490,21,FOXA2 (3170)
ACH-000790,16,17737819293165473490,22,PSMG2 (56984)
ACH-000790,16,17737819293165473490,23,RPL22L1 (200916)
ACH-000790,16,17737819293165473490,24,GTF3C3 (9330)
ACH-000790,16,17737819293165473490,25,PAICS (10606)
ACH-000790,16,17737819293165473490,26,TYMS (7298)
ACH-000790,16,17737819293165473490,27,EEFSEC (60678)
ACH-000790,16,17737819293165473490,28,INTS15 (79034)
ACH-000790,16,17737819293165473490,29,MTX2 (10651)
ACH-000790,16,17737819293165473490,30,PIK3CA (5290)
ACH-000790,16,17737819293165473490,31,MCL1 (4170)
ACH-000790,16,17737819293165473490,32,TRPM7 (54822)
ACH-000790,16,17737819293165473490,33,RAD51C (5889)
ACH-000790,16,17737819293165473490,34,HUS1 (3364)
ACH-000790,16,17737819293165473490,35,NELFCD (51497)
ACH-000790,16,17737819293165473490,36,MRPL4 (51073)
ACH-000790,16,17737819293165473490,37,ITGB1 (3688)
ACH-000790,16,17737819293165473490,38,NDUFB11 (54539)
ACH-000790,16,17737819293165473490,39,RAD1 (5810)
ACH-000790,16,17737819293165473490,40,TKT (7086)
ACH-000790,16,17737819293165473490,41,SREBF1 (6720)
ACH-000790,16,17737819293165473490,42,MRPS14 (63931)
ACH-000790,16,17737819293165473490,43,TXNRD1 (7296)
ACH-000790,16,17737819293165473490,44,METTL17 (64745)
ACH-000790,16,17737819293165473490,45,SLC7A5 (8140)
ACH-000790,16,17737819293165473490,46,CHMP5 (51510)
ACH-000790,16,17737819293165473490,47,TOE1 (114034)
ACH-000790,16,17737819293165473490,48,SSBP3 (23648)
ACH-000790,16,17737819293165473490,49,SERBP1 (26135)
ACH-000790,16,17737819293165473490,50,MLST8 (64223)
ACH-000790,17,13122984364935143079,1,MRPL39 (54148)
ACH-000790,17,13122984364935143079,2,PPP4R2 (151987)
ACH-000790,17,13122984364935143079,3,GEMIN2 (8487)
ACH-000790,17,13122984364935143079,4,ZFX (7543)
ACH-000790,17,13122984364935143079,5,TADA1 (117143)
ACH-000790,17,13122984364935143079,6,SDHB (6390)
ACH-000790,17,13122984364935143079,7,PPP1CB (5500)
ACH-000790,17,13122984364935143079,8,CDIN1 (84529)
ACH-000790,17,13122984364935143079,9,CRLS1 (54675)
ACH-000790,17,13122984364935143079,10,JUN (3725)
ACH-000790,17,13122984364935143079,11,MIPEP (4285)
ACH-000790,17,13122984364935143079,12,TSC22D2 (9819)
ACH-000790,17,13122984364935143079,13,STEEP1 (63932)
ACH-000790,17,13122984364935143079,14,MTG2 (26164)
ACH-000790,17,13122984364935143079,15,MED9 (55090)
ACH-000790,17,13122984364935143079,16,PTK2 (5747)
ACH-000790,17,13122984364935143079,17,ATP2B1 (490)
ACH-000790,17,13122984364935143079,18,USP9X (8239)
ACH-000790,17,13122984364935143079,19,CREBBP (1387)
ACH-000790,17,13122984364935143079,20,VPS4A (27183)
ACH-000790,17,13122984364935143079,21,ARMC5 (79798)
ACH-000790,17,13122984364935143079,22,TIMM8A (1678)
ACH-000790,17,13122984364935143079,23,FZD5 (7855)
ACH-000790,17,13122984364935143079,24,TRIM28 (10155)
ACH-000790,17,13122984364935143079,25,CAB39 (51719)
ACH-000790,17,13122984364935143079,26,USP8 (9101)
ACH-000790,17,13122984364935143079,27,MRPL28 (10573)
ACH-000790,17,13122984364935143079,28,TGIF1 (7050)
ACH-000790,17,13122984364935143079,29,TMX2 (51075)
ACH-000790,17,13122984364935143079,30,NDUFB6 (4712)
ACH-000790,17,13122984364935143079,31,IMPDH2 (3615)
ACH-000790,17,13122984364935143079,32,SOD2 (6648)
ACH-000790,17,13122984364935143079,33,ACLY (47)
ACH-000790,17,13122984364935143079,34,TTC7A (57217)
ACH-000790,17,13122984364935143079,35,SHOC2 (8036)
ACH-000790,17,13122984364935143079,36,P2RY6 (5031)
ACH-000790,17,13122984364935143079,37,PFN1 (5216)
ACH-000790,17,13122984364935143079,38,ATP1B3 (483)
ACH-000790,17,13122984364935143079,39,CCNL1 (57018)
ACH-000790,17,13122984364935143079,40,MVD (4597)
ACH-000790,17,13122984364935143079,41,PCNX3 (399909)
ACH-000790,17,13122984364935143079,42,XRN1 (54464)
ACH-000790,17,13122984364935143079,43,TRIM37 (4591)
ACH-000790,17,13122984364935143079,44,DDX5 (1655)
ACH-000790,17,13122984364935143079,45,EED (8726)
ACH-000790,17,13122984364935143079,46,EGLN1 (54583)
ACH-000790,17,13122984364935143079,47,VARS2 (57176)
ACH-000790,17,13122984364935143079,48,SMARCE1 (6605)
ACH-000790,17,13122984364935143079,49,JTB (10899)
ACH-000790,17,13122984364935143079,50,USP7 (7874)
ACH-000790,18,2478913340847409521,1,CDK4 (1019)
ACH-000790,18,2478913340847409521,2,MRPS16 (51021)
ACH-000790,18,2478913340847409521,3,UBA5 (79876)
ACH-000790,18,2478913340847409521,4,RAD51C (5889)
ACH-000790,18,2478913340847409521,5,METTL1 (4234)
ACH-000790,18,2478913340847409521,6,POLG (5428)
ACH-000790,18,2478913340847409521,7,COX10 (1352)
ACH-000790,18,2478913340847409521,8,CCNB1 (891)
ACH-000790,18,2478913340847409521,9,AIFM1 (9131)
ACH-000790,18,2478913340847409521,10,SYNCRIP (10492)
ACH-000790,18,2478913340847409521,11,KIF20A (10112)
ACH-000790,18,2478913340847409521,12,APC (324)
ACH-000790,18,2478913340847409521,13,SQLE (6713)
ACH-000790,18,2478913340847409521,14,FXN (2395)
ACH-000790,18,2478913340847409521,15,SMARCB1 (6598)
ACH-000790,18,2478913340847409521,16,RAD1 (5810)
ACH-000790,18,2478913340847409521,17,KEAP1 (9817)
ACH-000790,18,2478913340847409521,18,MCL1 (4170)
ACH-000790,18,2478913340847409521,19,MRPL32 (64983)
ACH-000790,18,2478913340847409521,20,MIPEP (4285)
ACH-000790,18,2478913340847409521,21,NXT1 (29107)
ACH-000790,18,2478913340847409521,22,TRIP13 (9319)
ACH-000790,18,2478913340847409521,23,FGFR1 (2260)
ACH-000790,18,2478913340847409521,24,NUP50 (10762)
ACH-000790,18,2478913340847409521,25,PSMG1 (8624)
ACH-000790,18,2478913340847409521,26,ATP5F1B (506)
ACH-000790,18,2478913340847409521,27,NDE1 (54820)
ACH-000790,18,2478913340847409521,28,HMBS (3145)
ACH-000790,18,2478913340847409521,29,HNRNPA2B1 (3181)
ACH-000790,18,2478913340847409521,30,GFM1 (85476)
ACH-000790,18,2478913340847409521,31,RBBP7 (5931)
ACH-000790,18,2478913340847409521,32,CTDSPL2 (51496)
ACH-000790,18,2478913340847409521,33,NDC1 (55706)
ACH-000790,18,2478913340847409521,34,TEAD1 (7003)
ACH-000790,18,2478913340847409521,35,NDUFAB1 (4706)
ACH-000790,18,2478913340847409521,36,RIC1 (57589)
ACH-000790,18,2478913340847409521,37,EAPP (55837)
ACH-000790,18,2478913340847409521,38,IMPDH2 (3615)
ACH-000790,18,2478913340847409521,39,LDB1 (8861)
ACH-000790,18,2478913340847409521,40,UBIAD1 (29914)
ACH-000790,18,2478913340847409521,41,PDS5A (23244)
ACH-000790,18,2478913340847409521,42,ATP5F1C (509)
ACH-000790,18,2478913340847409521,43,RNF168 (165918)
ACH-000790,18,2478913340847409521,44,ARF4 (378)
ACH-000790,18,2478913340847409521,45,DSCC1 (79075)
ACH-000790,18,2478913340847409521,46,ELOF1 (84337)
ACH-000790,18,2478913340847409521,47,PCYT1A (5130)
ACH-000790,18,2478913340847409521,48,MEN1 (4221)
ACH-000790,18,2478913340847409521,49,WDR83 (84292)
ACH-000790,18,2478913340847409521,50,MTCH2 (23788)
ACH-000790,19,1564221733003869093,1,KCTD5 (54442)
ACH-000790,19,1564221733003869093,2,EXOSC10 (5394)
ACH-000790,19,1564221733003869093,3,LIPT1 (51601)
ACH-000790,19,1564221733003869093,4,H2BC5 (3017)
ACH-000790,19,1564221733003869093,5,TRIM37 (4591)
ACH-000790,19,1564221733003869093,6,ARPC4 (10093)
ACH-000790,19,1564221733003869093,7,NPEPPS (9520)
ACH-000790,19,1564221733003869093,8,SSBP3 (23648)
ACH-000790,19,1564221733003869093,9,PPP2R3C (55012)
ACH-000790,19,1564221733003869093,10,PET117 (100303755)
ACH-000790,19,1564221733003869093,11,SLC2A1 (6513)
ACH-000790,19,1564221733003869093,12,POLE3 (54107)
ACH-000790,19,1564221733003869093,13,MEN1 (4221)
ACH-000790,19,1564221733003869093,14,UBE2Z (65264)
ACH-000790,19,1564221733003869093,15,FARS2 (10667)
ACH-000790,19,1564221733003869093,16,TCF7L2 (6934)
ACH-000790,19,1564221733003869093,17,MRPS11 (64963)
ACH-000790,19,1564221733003869093,18,COA6 (388753)
ACH-000790,19,1564221733003869093,19,C3orf38 (285237)
ACH-000790,19,1564221733003869093,20,ELMO2 (63916)
ACH-000790,19,1564221733003869093,21,CCNB1 (891)
ACH-000790,19,1564221733003869093,22,C19orf53 (28974)
ACH-000790,19,1564221733003869093,23,RAB6A (5870)
ACH-000790,19,1564221733003869093,24,PGM3 (5238)
ACH-000790,19,1564221733003869093,25,PPP1CA (5499)
ACH-000790,19,1564221733003869093,26,DET1 (55070)
ACH-000790,19,1564221733003869093,27,CEP43 (11116)
ACH-000790,19,1564221733003869093,28,EIF2AK4 (440275)
ACH-000790,19,1564221733003869093,29,LAMTOR2 (28956)
ACH-000790,19,1564221733003869093,30,MED19 (219541)
ACH-000790,19,1564221733003869093,31,RPRD1B (58490)
ACH-000790,19,1564221733003869093,32,MRPL35 (51318)
ACH-000790,19,1564221733003869093,33,CUL2 (8453)
ACH-000790,19,1564221733003869093,34,DNAJC13 (23317)
ACH-000790,19,1564221733003869093,35,HECTD1 (25831)
ACH-000790,19,1564221733003869093,36,LSM12 (124801)
ACH-000790,19,1564221733003869093,37,TEAD1 (7003)
ACH-000790,19,1564221733003869093,38,P2RY6 (5031)
ACH-000790,19,1564221733003869093,39,CDK4 (1019)
ACH-000790,19,1564221733003869093,40,UBQLN4 (56893)
ACH-000790,19,1564221733003869093,41,PFAS (5198)
ACH-000790,19,1564221733003869093,42,PRPF39 (55015)
ACH-000790,19,1564221733003869093,43,SMG7 (9887)
ACH-000790,19,1564221733003869093,44,CAND1 (55832)
ACH-000790,19,1564221733003869093,45,TRIM28 (10155)
ACH-000790,19,1564221733003869093,46,ATIC (471)
ACH-000790,19,1564221733003869093,47,GFM1 (85476)
ACH-000790,19,1564221733003869093,48,CAB39 (51719)
ACH-000790,19,1564221733003869093,49,RIC1 (57589)
ACH-000790,19,1564221733003869093,50,COQ4 (51117)
ACH-000793,0,1734206344820085531,1,TSC22D2 (9819)
ACH-000793,0,1734206344820085531,2,MRPS25 (64432)
ACH-000793,0,1734206344820085531,3,ADAR (103)
ACH-000793,0,1734206344820085531,4,EEFSEC (60678)
ACH-000793,0,1734206344820085531,5,UBE2S (27338)
ACH-000793,0,1734206344820085531,6,DNAJC19 (131118)
ACH-000793,0,1734206344820085531,7,ELMO2 (63916)
ACH-000793,0,1734206344820085531,8,ZEB1 (6935)
ACH-000793,0,1734206344820085531,9,MAD2L1BP (9587)
ACH-000793,0,1734206344820085531,10,UBAP2L (9898)
ACH-000793,0,1734206344820085531,11,HAUS8 (93323)
ACH-000793,0,1734206344820085531,12,ARID1B (57492)
ACH-000793,0,1734206344820085531,13,CSK (1445)
ACH-000793,0,1734206344820085531,14,PNKP (11284)
ACH-000793,0,1734206344820085531,15,TRIT1 (54802)
ACH-000793,0,1734206344820085531,16,PPP2R2A (5520)
ACH-000793,0,1734206344820085531,17,DOCK5 (80005)
ACH-000793,0,1734206344820085531,18,EARS2 (124454)
ACH-000793,0,1734206344820085531,19,GTF3C3 (9330)
ACH-000793,0,1734206344820085531,20,IMPDH2 (3615)
ACH-000793,0,1734206344820085531,21,PARS2 (25973)
ACH-000793,0,1734206344820085531,22,P2RY6 (5031)
ACH-000793,0,1734206344820085531,23,FDFT1 (2222)
ACH-000793,0,1734206344820085531,24,MPPE1 (65258)
ACH-000793,0,1734206344820085531,25,CTNNA1 (1495)
ACH-000793,0,1734206344820085531,26,ATP5F1C (509)
ACH-000793,0,1734206344820085531,27,RIC1 (57589)
ACH-000793,0,1734206344820085531,28,TAFAZZIN (6901)
ACH-000793,0,1734206344820085531,29,MRPS11 (64963)
ACH-000793,0,1734206344820085531,30,EAF1 (85403)
ACH-000793,0,1734206344820085531,31,FBXO42 (54455)
ACH-000793,0,1734206344820085531,32,CREBBP (1387)
ACH-000793,0,1734206344820085531,33,DDX39B (7919)
ACH-000793,0,1734206344820085531,34,UBR5 (51366)
ACH-000793,0,1734206344820085531,35,PPM1D (8493)
ACH-000793,0,1734206344820085531,36,HNF1A (6927)
ACH-000793,0,1734206344820085531,37,MAPK1 (5594)
ACH-000793,0,1734206344820085531,38,SLC3A2 (6520)
ACH-000793,0,1734206344820085531,39,TCOF1 (6949)
ACH-000793,0,1734206344820085531,40,PPIL1 (51645)
ACH-000793,0,1734206344820085531,41,CBLL1 (79872)
ACH-000793,0,1734206344820085531,42,FERMT1 (55612)
ACH-000793,0,1734206344820085531,43,HEMK2 (29104)
ACH-000793,0,1734206344820085531,44,PGP (283871)
ACH-000793,0,1734206344820085531,45,WDR1 (9948)
ACH-000793,0,1734206344820085531,46,KRAS (3845)
ACH-000793,0,1734206344820085531,47,FAF2 (23197)
ACH-000793,0,1734206344820085531,48,DICER1 (23405)
ACH-000793,0,1734206344820085531,49,OXSM (54995)
ACH-000793,0,1734206344820085531,50,RBM18 (92400)
ACH-000793,1,9263196446418785549,1,FPGS (2356)
ACH-000793,1,9263196446418785549,2,SOX9 (6662)
ACH-000793,1,9263196446418785549,3,DYNLL1 (8655)
ACH-000793,1,9263196446418785549,4,ATIC (471)
ACH-000793,1,9263196446418785549,5,ESCO2 (157570)
ACH-000793,1,9263196446418785549,6,VHL (7428)
ACH-000793,1,9263196446418785549,7,AP2S1 (1175)
ACH-000793,1,9263196446418785549,8,NFRKB (4798)
ACH-000793,1,9263196446418785549,9,FAM50A (9130)
ACH-000793,1,9263196446418785549,10,HYCC2 (285172)
ACH-000793,1,9263196446418785549,11,NCKAP1 (10787)
ACH-000793,1,9263196446418785549,12,ATL2 (64225)
ACH-000793,1,9263196446418785549,13,BCL9 (607)
ACH-000793,1,9263196446418785549,14,TAMM41 (132001)
ACH-000793,1,9263196446418785549,15,DICER1 (23405)
ACH-000793,1,9263196446418785549,16,SMC5 (23137)
ACH-000793,1,9263196446418785549,17,TOMM70 (9868)
ACH-000793,1,9263196446418785549,18,HSPA8 (3312)
ACH-000793,1,9263196446418785549,19,DLST (1743)
ACH-000793,1,9263196446418785549,20,NDUFB11 (54539)
ACH-000793,1,9263196446418785549,21,FADD (8772)
ACH-000793,1,9263196446418785549,22,CTPS1 (1503)
ACH-000793,1,9263196446418785549,23,LMNA (4000)
ACH-000793,1,9263196446418785549,24,PFDN5 (5204)
ACH-000793,1,9263196446418785549,25,KIF4A (24137)
ACH-000793,1,9263196446418785549,26,TSC1 (7248)
ACH-000793,1,9263196446418785549,27,CRIPTO (6997)
ACH-000793,1,9263196446418785549,28,PET117 (100303755)
ACH-000793,1,9263196446418785549,29,GEMIN2 (8487)
ACH-000793,1,9263196446418785549,30,ANKRD49 (54851)
ACH-000793,1,9263196446418785549,31,MRPS34 (65993)
ACH-000793,1,9263196446418785549,32,IDH3A (3419)
ACH-000793,1,9263196446418785549,33,PFDN1 (5201)
ACH-000793,1,9263196446418785549,34,PITRM1 (10531)
ACH-000793,1,9263196446418785549,35,TRIM37 (4591)
ACH-000793,1,9263196446418785549,36,KIF18B (146909)
ACH-000793,1,9263196446418785549,37,ARHGEF7 (8874)
ACH-000793,1,9263196446418785549,38,PSMG2 (56984)
ACH-000793,1,9263196446418785549,39,RIC8A (60626)
ACH-000793,1,9263196446418785549,40,PPP1CA (5499)
ACH-000793,1,9263196446418785549,41,TFRC (7037)
ACH-000793,1,9263196446418785549,42,DHX29 (54505)
ACH-000793,1,9263196446418785549,43,TRPM7 (54822)
ACH-000793,1,9263196446418785549,44,BRK1 (55845)
ACH-000793,1,9263196446418785549,45,PTPA (5524)
ACH-000793,1,9263196446418785549,46,DET1 (55070)
ACH-000793,1,9263196446418785549,47,ITGB5 (3693)
ACH-000793,1,9263196446418785549,48,TYMS (7298)
ACH-000793,1,9263196446418785549,49,BIRC6 (57448)
ACH-000793,1,9263196446418785549,50,UBE2C (11065)
ACH-000793,2,1301551219987470094,1,ACSL3 (2181)
ACH-000793,2,1301551219987470094,2,PPP1CB (5500)
ACH-000793,2,1301551219987470094,3,PCYT1A (5130)
ACH-000793,2,1301551219987470094,4,EARS2 (124454)
ACH-000793,2,1301551219987470094,5,ATIC (471)
ACH-000793,2,1301551219987470094,6,NMNAT1 (64802)
ACH-000793,2,1301551219987470094,7,SNRPB2 (6629)
ACH-000793,2,1301551219987470094,8,FLII (2314)
ACH-000793,2,1301551219987470094,9,CHMP7 (91782)
ACH-000793,2,1301551219987470094,10,MRPL4 (51073)
ACH-000793,2,1301551219987470094,11,GTF3C3 (9330)
ACH-000793,2,1301551219987470094,12,WRN (7486)
ACH-000793,2,1301551219987470094,13,PTPA (5524)
ACH-000793,2,1301551219987470094,14,FDX1 (2230)
ACH-000793,2,1301551219987470094,15,KANSL1 (284058)
ACH-000793,2,1301551219987470094,16,SERBP1 (26135)
ACH-000793,2,1301551219987470094,17,SSBP3 (23648)
ACH-000793,2,1301551219987470094,18,FADD (8772)
ACH-000793,2,1301551219987470094,19,ADSS2 (159)
ACH-000793,2,1301551219987470094,20,SAMD4B (55095)
ACH-000793,2,1301551219987470094,21,TOE1 (114034)
ACH-000793,2,1301551219987470094,22,PTK2 (5747)
ACH-000793,2,1301551219987470094,23,RTTN (25914)
ACH-000793,2,1301551219987470094,24,CRLS1 (54675)
ACH-000793,2,1301551219987470094,25,FAM185A (222234)
ACH-000793,2,1301551219987470094,26,AP2S1 (1175)
ACH-000793,2,1301551219987470094,27,THAP11 (57215)
ACH-000793,2,1301551219987470094,28,IER3IP1 (51124)
ACH-000793,2,1301551219987470094,29,NMT1 (4836)
ACH-000793,2,1301551219987470094,30,FOXA2 (3170)
ACH-000793,2,1301551219987470094,31,ATP2B1 (490)
ACH-000793,2,1301551219987470094,32,RIC8A (60626)
ACH-000793,2,1301551219987470094,33,UBE2D3 (7323)
ACH-000793,2,1301551219987470094,34,GABPA (2551)
ACH-000793,2,1301551219987470094,35,PPP4R2 (151987)
ACH-000793,2,1301551219987470094,36,CEP43 (11116)
ACH-000793,2,1301551219987470094,37,CDK6 (1021)
ACH-000793,2,1301551219987470094,38,HECTD1 (25831)
ACH-000793,2,1301551219987470094,39,HNF1A (6927)
ACH-000793,2,1301551219987470094,40,PTPN11 (5781)
ACH-000793,2,1301551219987470094,41,IPPK (64768)
ACH-000793,2,1301551219987470094,42,ARHGEF7 (8874)
ACH-000793,2,1301551219987470094,43,STX4 (6810)
ACH-000793,2,1301551219987470094,44,DUSP4 (1846)
ACH-000793,2,1301551219987470094,45,MBTPS1 (8720)
ACH-000793,2,1301551219987470094,46,HMBS (3145)
ACH-000793,2,1301551219987470094,47,ARPC4 (10093)
ACH-000793,2,1301551219987470094,48,MYB (4602)
ACH-000793,2,1301551219987470094,49,ACTR3 (10096)
ACH-000793,2,1301551219987470094,50,MRPL35 (51318)
ACH-000793,3,1543283358831786175,1,DSN1 (79980)
ACH-000793,3,1543283358831786175,2,SREBF1 (6720)
ACH-000793,3,1543283358831786175,3,IGF1R (3480)
ACH-000793,3,1543283358831786175,4,RPP25L (138716)
ACH-000793,3,1543283358831786175,5,MAPK14 (1432)
ACH-000793,3,1543283358831786175,6,WRN (7486)
ACH-000793,3,1543283358831786175,7,TTC7A (57217)
ACH-000793,3,1543283358831786175,8,WWTR1 (25937)
ACH-000793,3,1543283358831786175,9,GPX4 (2879)
ACH-000793,3,1543283358831786175,10,MCL1 (4170)
ACH-000793,3,1543283358831786175,11,KIF20A (10112)
ACH-000793,3,1543283358831786175,12,SKA1 (220134)
ACH-000793,3,1543283358831786175,13,GMPS (8833)
ACH-000793,3,1543283358831786175,14,ZNF407 (55628)
ACH-000793,3,1543283358831786175,15,XYLT2 (64132)
ACH-000793,3,1543283358831786175,16,SERBP1 (26135)
ACH-000793,3,1543283358831786175,17,PMM2 (5373)
ACH-000793,3,1543283358831786175,18,USP8 (9101)
ACH-000793,3,1543283358831786175,19,SMCHD1 (23347)
ACH-000793,3,1543283358831786175,20,FPGS (2356)
ACH-000793,3,1543283358831786175,21,DAP3 (7818)
ACH-000793,3,1543283358831786175,22,STEEP1 (63932)
ACH-000793,3,1543283358831786175,23,FADD (8772)
ACH-000793,3,1543283358831786175,24,DNAJC19 (131118)
ACH-000793,3,1543283358831786175,25,MTCH2 (23788)
ACH-000793,3,1543283358831786175,26,PFDN5 (5204)
ACH-000793,3,1543283358831786175,27,MRPS12 (6183)
ACH-000793,3,1543283358831786175,28,PHF12 (57649)
ACH-000793,3,1543283358831786175,29,UAP1 (6675)
ACH-000793,3,1543283358831786175,30,CIT (11113)
ACH-000793,3,1543283358831786175,31,UBAP2L (9898)
ACH-000793,3,1543283358831786175,32,DDX19A (55308)
ACH-000793,3,1543283358831786175,33,GABPB1 (2553)
ACH-000793,3,1543283358831786175,34,THG1L (54974)
ACH-000793,3,1543283358831786175,35,MICOS10 (440574)
ACH-000793,3,1543283358831786175,36,PTP4A1 (7803)
ACH-000793,3,1543283358831786175,37,SLC30A9 (10463)
ACH-000793,3,1543283358831786175,38,PCYT1A (5130)
ACH-000793,3,1543283358831786175,39,TDP2 (51567)
ACH-000793,3,1543283358831786175,40,CEP85 (64793)
ACH-000793,3,1543283358831786175,41,TXNRD1 (7296)
ACH-000793,3,1543283358831786175,42,CUL3 (8452)
ACH-000793,3,1543283358831786175,43,IPPK (64768)
ACH-000793,3,1543283358831786175,44,PPP1CA (5499)
ACH-000793,3,1543283358831786175,45,REXO2 (25996)
ACH-000793,3,1543283358831786175,46,MTG1 (92170)
ACH-000793,3,1543283358831786175,47,MRPL4 (51073)
ACH-000793,3,1543283358831786175,48,TRIM28 (10155)
ACH-000793,3,1543283358831786175,49,C3orf38 (285237)
ACH-000793,3,1543283358831786175,50,RIC8A (60626)
ACH-000793,4,5895005931430131741,1,WDR73 (84942)
ACH-000793,4,5895005931430131741,2,CSK (1445)
ACH-000793,4,5895005931430131741,3,RARS2 (57038)
ACH-000793,4,5895005931430131741,4,MYBBP1A (10514)
ACH-000793,4,5895005931430131741,5,MAPK14 (1432)
ACH-000793,4,5895005931430131741,6,MED24 (9862)
ACH-000793,4,5895005931430131741,7,PDCD5 (9141)
ACH-000793,4,5895005931430131741,8,IMPDH2 (3615)
ACH-000793,4,5895005931430131741,9,CDIN1 (84529)
ACH-000793,4,5895005931430131741,10,GART (2618)
ACH-000793,4,5895005931430131741,11,TIMM17A (10440)
ACH-000793,4,5895005931430131741,12,CEP85 (64793)
ACH-000793,4,5895005931430131741,13,HAPSTR1 (29035)
ACH-000793,4,5895005931430131741,14,ACTR3 (10096)
ACH-000793,4,5895005931430131741,15,STIL (6491)
ACH-000793,4,5895005931430131741,16,H2BC9 (8345)
ACH-000793,4,5895005931430131741,17,CCND1 (595)
ACH-000793,4,5895005931430131741,18,PPP2R3C (55012)
ACH-000793,4,5895005931430131741,19,HAUS8 (93323)
ACH-000793,4,5895005931430131741,20,PFDN5 (5204)
ACH-000793,4,5895005931430131741,21,RAD1 (5810)
ACH-000793,4,5895005931430131741,22,APC (324)
ACH-000793,4,5895005931430131741,23,BRD2 (6046)
ACH-000793,4,5895005931430131741,24,CCNL1 (57018)
ACH-000793,4,5895005931430131741,25,GPX4 (2879)
ACH-000793,4,5895005931430131741,26,FDFT1 (2222)
ACH-000793,4,5895005931430131741,27,FURIN (5045)
ACH-000793,4,5895005931430131741,28,ARID1B (57492)
ACH-000793,4,5895005931430131741,29,BAP1 (8314)
ACH-000793,4,5895005931430131741,30,MIPEP (4285)
ACH-000793,4,5895005931430131741,31,STAMBP (10617)
ACH-000793,4,5895005931430131741,32,MRPS24 (64951)
ACH-000793,4,5895005931430131741,33,SHOC2 (8036)
ACH-000793,4,5895005931430131741,34,NMNAT1 (64802)
ACH-000793,4,5895005931430131741,35,CAD (790)
ACH-000793,4,5895005931430131741,36,SYNCRIP (10492)
ACH-000793,4,5895005931430131741,37,SOX10 (6663)
ACH-000793,4,5895005931430131741,38,WDR83 (84292)
ACH-000793,4,5895005931430131741,39,AP2M1 (1173)
ACH-000793,4,5895005931430131741,40,WNK1 (65125)
ACH-000793,4,5895005931430131741,41,NFE2L2 (4780)
ACH-000793,4,5895005931430131741,42,PTDSS1 (9791)
ACH-000793,4,5895005931430131741,43,ACSL3 (2181)
ACH-000793,4,5895005931430131741,44,NDC1 (55706)
ACH-000793,4,5895005931430131741,45,MRPS34 (65993)
ACH-000793,4,5895005931430131741,46,ATIC (471)
ACH-000793,4,5895005931430131741,47,DNAJC19 (131118)
ACH-000793,4,5895005931430131741,48,ATP5F1D (513)
ACH-000793,4,5895005931430131741,49,ELP2 (55250)
ACH-000793,4,5895005931430131741,50,BRCA1 (672)
ACH-000793,5,6495787985386919728,1,MRPL4 (51073)
ACH-000793,5,6495787985386919728,2,MRPS12 (6183)
ACH-000793,5,6495787985386919728,3,MYBBP1A (10514)
ACH-000793,5,6495787985386919728,4,TRPM7 (54822)
ACH-000793,5,6495787985386919728,5,PFDN1 (5201)
ACH-000793,5,6495787985386919728,6,MPPE1 (65258)
ACH-000793,5,6495787985386919728,7,MMGT1 (93380)
ACH-000793,5,6495787985386919728,8,RPRD1B (58490)
ACH-000793,5,6495787985386919728,9,MCMBP (79892)
ACH-000793,5,6495787985386919728,10,GLRX5 (51218)
ACH-000793,5,6495787985386919728,11,HNRNPR (10236)
ACH-000793,5,6495787985386919728,12,GLMN (11146)
ACH-000793,5,6495787985386919728,13,WDR1 (9948)
ACH-000793,5,6495787985386919728,14,DOCK5 (80005)
ACH-000793,5,6495787985386919728,15,MRPS25 (64432)
ACH-000793,5,6495787985386919728,16,H2BC9 (8345)
ACH-000793,5,6495787985386919728,17,WASHC2C (253725)
ACH-000793,5,6495787985386919728,18,STIL (6491)
ACH-000793,5,6495787985386919728,19,TMX2 (51075)
ACH-000793,5,6495787985386919728,20,MYB (4602)
ACH-000793,5,6495787985386919728,21,RFK (55312)
ACH-000793,5,6495787985386919728,22,PPM1D (8493)
ACH-000793,5,6495787985386919728,23,POP7 (10248)
ACH-000793,5,6495787985386919728,24,NAA20 (51126)
ACH-000793,5,6495787985386919728,25,FERMT2 (10979)
ACH-000793,5,6495787985386919728,26,SNRPB2 (6629)
ACH-000793,5,6495787985386919728,27,ILK (3611)
ACH-000793,5,6495787985386919728,28,TEN1 (100134934)
ACH-000793,5,6495787985386919728,29,KCMF1 (56888)
ACH-000793,5,6495787985386919728,30,CIT (11113)
ACH-000793,5,6495787985386919728,31,JUN (3725)
ACH-000793,5,6495787985386919728,32,CCND3 (896)
ACH-000793,5,6495787985386919728,33,UBA5 (79876)
ACH-000793,5,6495787985386919728,34,ATP2B1 (490)
ACH-000793,5,6495787985386919728,35,DNAJC19 (131118)
ACH-000793,5,6495787985386919728,36,MIOS (54468)
ACH-000793,5,6495787985386919728,37,NDUFB11 (54539)
ACH-000793,5,6495787985386919728,38,KATNB1 (10300)
ACH-000793,5,6495787985386919728,39,UBE2D3 (7323)
ACH-000793,5,6495787985386919728,40,GEMIN2 (8487)
ACH-000793,5,6495787985386919728,41,ATP6V0E1 (8992)
ACH-000793,5,6495787985386919728,42,PARD6B (84612)
ACH-000793,5,6495787985386919728,43,MAD2L1BP (9587)
ACH-000793,5,6495787985386919728,44,NPEPPS (9520)
ACH-000793,5,6495787985386919728,45,ITGAV (3685)
ACH-000793,5,6495787985386919728,46,MED24 (9862)
ACH-000793,5,6495787985386919728,47,CTC1 (80169)
ACH-000793,5,6495787985386919728,48,CCAR1 (55749)
ACH-000793,5,6495787985386919728,49,FDXR (2232)
ACH-000793,5,6495787985386919728,50,KDM2A (22992)
ACH-000793,6,2352287985254908094,1,ADRM1 (11047)
ACH-000793,6,2352287985254908094,2,RAF1 (5894)
ACH-000793,6,2352287985254908094,3,AP2M1 (1173)
ACH-000793,6,2352287985254908094,4,COA7 (65260)
ACH-000793,6,2352287985254908094,5,WTAP (9589)
ACH-000793,6,2352287985254908094,6,SLC7A1 (6541)
ACH-000793,6,2352287985254908094,7,BRD2 (6046)
ACH-000793,6,2352287985254908094,8,MRPS10 (55173)
ACH-000793,6,2352287985254908094,9,PDCD7 (10081)
ACH-000793,6,2352287985254908094,10,MMGT1 (93380)
ACH-000793,6,2352287985254908094,11,MAU2 (23383)
ACH-000793,6,2352287985254908094,12,ATP5F1D (513)
ACH-000793,6,2352287985254908094,13,NOA1 (84273)
ACH-000793,6,2352287985254908094,14,UQCRC2 (7385)
ACH-000793,6,2352287985254908094,15,HSP90B1 (7184)
ACH-000793,6,2352287985254908094,16,GLRX5 (51218)
ACH-000793,6,2352287985254908094,17,MED9 (55090)
ACH-000793,6,2352287985254908094,18,SLC25A26 (115286)
ACH-000793,6,2352287985254908094,19,SHOC2 (8036)
ACH-000793,6,2352287985254908094,20,SDHD (6392)
ACH-000793,6,2352287985254908094,21,ELAVL1 (1994)
ACH-000793,6,2352287985254908094,22,PARD6B (84612)
ACH-000793,6,2352287985254908094,23,ITGB1 (3688)
ACH-000793,6,2352287985254908094,24,DOCK5 (80005)
ACH-000793,6,2352287985254908094,25,CDAN1 (146059)
ACH-000793,6,2352287985254908094,26,UBQLN4 (56893)
ACH-000793,6,2352287985254908094,27,CYB5B (80777)
ACH-000793,6,2352287985254908094,28,RBM18 (92400)
ACH-000793,6,2352287985254908094,29,CUL2 (8453)
ACH-000793,6,2352287985254908094,30,SEC62 (7095)
ACH-000793,6,2352287985254908094,31,SOD2 (6648)
ACH-000793,6,2352287985254908094,32,ELP4 (26610)
ACH-000793,6,2352287985254908094,33,CDH1 (999)
ACH-000793,6,2352287985254908094,34,FDPS (2224)
ACH-000793,6,2352287985254908094,35,CRLS1 (54675)
ACH-000793,6,2352287985254908094,36,NAMPT (10135)
ACH-000793,6,2352287985254908094,37,ATXN7L3 (56970)
ACH-000793,6,2352287985254908094,38,WWTR1 (25937)
ACH-000793,6,2352287985254908094,39,RHOA (387)
ACH-000793,6,2352287985254908094,40,DAP3 (7818)
ACH-000793,6,2352287985254908094,41,TIPRL (261726)
ACH-000793,6,2352287985254908094,42,RAD51D (5892)
ACH-000793,6,2352287985254908094,43,ARPC4 (10093)
ACH-000793,6,2352287985254908094,44,ATP6V0E1 (8992)
ACH-000793,6,2352287985254908094,45,BAP1 (8314)
ACH-000793,6,2352287985254908094,46,DLST (1743)
ACH-000793,6,2352287985254908094,47,PRRC2A (7916)
ACH-000793,6,2352287985254908094,48,ANAPC15 (25906)
ACH-000793,6,2352287985254908094,49,PIK3CA (5290)
ACH-000793,6,2352287985254908094,50,HUS1 (3364)
ACH-000793,7,9037895801329243638,1,FAM50A (9130)
ACH-000793,7,9037895801329243638,2,MRPS7 (51081)
ACH-000793,7,9037895801329243638,3,CDK4 (1019)
ACH-000793,7,9037895801329243638,4,NDE1 (54820)
ACH-000793,7,9037895801329243638,5,MRPL39 (54148)
ACH-000793,7,9037895801329243638,6,TRPM7 (54822)
ACH-000793,7,9037895801329243638,7,IRS2 (8660)
ACH-000793,7,9037895801329243638,8,ILK (3611)
ACH-000793,7,9037895801329243638,9,MRPS5 (64969)
ACH-000793,7,9037895801329243638,10,NDUFB10 (4716)
ACH-000793,7,9037895801329243638,11,MRPS6 (64968)
ACH-000793,7,9037895801329243638,12,PPIL1 (51645)
ACH-000793,7,9037895801329243638,13,MIPEP (4285)
ACH-000793,7,9037895801329243638,14,SLC7A1 (6541)
ACH-000793,7,9037895801329243638,15,PSMG1 (8624)
ACH-000793,7,9037895801329243638,16,PFAS (5198)
ACH-000793,7,9037895801329243638,17,KANSL1 (284058)
ACH-000793,7,9037895801329243638,18,MED24 (9862)
ACH-000793,7,9037895801329243638,19,PCYT1A (5130)
ACH-000793,7,9037895801329243638,20,ACLY (47)
ACH-000793,7,9037895801329243638,21,MEN1 (4221)
ACH-000793,7,9037895801329243638,22,ATP5F1D (513)
ACH-000793,7,9037895801329243638,23,DNM1L (10059)
ACH-000793,7,9037895801329243638,24,PTK2 (5747)
ACH-000793,7,9037895801329243638,25,TSC1 (7248)
ACH-000793,7,9037895801329243638,26,PPP6R3 (55291)
ACH-000793,7,9037895801329243638,27,NELFCD (51497)
ACH-000793,7,9037895801329243638,28,NDUFAB1 (4706)
ACH-000793,7,9037895801329243638,29,PDS5A (23244)
ACH-000793,7,9037895801329243638,30,DDX5 (1655)
ACH-000793,7,9037895801329243638,31,HMBS (3145)
ACH-000793,7,9037895801329243638,32,TEAD1 (7003)
ACH-000793,7,9037895801329243638,33,TIMM22 (29928)
ACH-000793,7,9037895801329243638,34,POLG (5428)
ACH-000793,7,9037895801329243638,35,MTX2 (10651)
ACH-000793,7,9037895801329243638,36,SLC16A1 (6566)
ACH-000793,7,9037895801329243638,37,HAPLN2 (60484)
ACH-000793,7,9037895801329243638,38,IGF1R (3480)
ACH-000793,7,9037895801329243638,39,ARF4 (378)
ACH-000793,7,9037895801329243638,40,STK11 (6794)
ACH-000793,7,9037895801329243638,41,GRB2 (2885)
ACH-000793,7,9037895801329243638,42,DDX39B (7919)
ACH-000793,7,9037895801329243638,43,FAM185A (222234)
ACH-000793,7,9037895801329243638,44,MCL1 (4170)
ACH-000793,7,9037895801329243638,45,FLII (2314)
ACH-000793,7,9037895801329243638,46,COA6 (388753)
ACH-000793,7,9037895801329243638,47,EGLN1 (54583)
ACH-000793,7,9037895801329243638,48,USE1 (55850)
ACH-000793,7,9037895801329243638,49,AP2S1 (1175)
ACH-000793,7,9037895801329243638,50,STEEP1 (63932)
ACH-000793,8,8962545095765643003,1,ACTB (60)
ACH-000793,8,8962545095765643003,2,GOLT1B (51026)
ACH-000793,8,8962545095765643003,3,DLST (1743)
ACH-000793,8,8962545095765643003,4,PFN1 (5216)
ACH-000793,8,8962545095765643003,5,MRPS24 (64951)
ACH-000793,8,8962545095765643003,6,PCYT1A (5130)
ACH-000793,8,8962545095765643003,7,ANKRD49 (54851)
ACH-000793,8,8962545095765643003,8,CAND1 (55832)
ACH-000793,8,8962545095765643003,9,ATIC (471)
ACH-000793,8,8962545095765643003,10,FOSL1 (8061)
ACH-000793,8,8962545095765643003,11,PTPMT1 (114971)
ACH-000793,8,8962545095765643003,12,WWTR1 (25937)
ACH-000793,8,8962545095765643003,13,UBA5 (79876)
ACH-000793,8,8962545095765643003,14,CIT (11113)
ACH-000793,8,8962545095765643003,15,ADSL (158)
ACH-000793,8,8962545095765643003,16,MRPL15 (29088)
ACH-000793,8,8962545095765643003,17,MAPK14 (1432)
ACH-000793,8,8962545095765643003,18,TRERF1 (55809)
ACH-000793,8,8962545095765643003,19,HEMK2 (29104)
ACH-000793,8,8962545095765643003,20,CDH1 (999)
ACH-000793,8,8962545095765643003,21,CAD (790)
ACH-000793,8,8962545095765643003,22,PPM1D (8493)
ACH-000793,8,8962545095765643003,23,IER3IP1 (51124)
ACH-000793,8,8962545095765643003,24,WDR73 (84942)
ACH-000793,8,8962545095765643003,25,PPP2R3C (55012)
ACH-000793,8,8962545095765643003,26,AHCYL1 (10768)
ACH-000793,8,8962545095765643003,27,MIPEP (4285)
ACH-000793,8,8962545095765643003,28,PRDX1 (5052)
ACH-000793,8,8962545095765643003,29,RELA (5970)
ACH-000793,8,8962545095765643003,30,VPS4B (9525)
ACH-000793,8,8962545095765643003,31,UBR5 (51366)
ACH-000793,8,8962545095765643003,32,IGF1R (3480)
ACH-000793,8,8962545095765643003,33,NUP50 (10762)
ACH-000793,8,8962545095765643003,34,MICOS10 (440574)
ACH-000793,8,8962545095765643003,35,VPS4A (27183)
ACH-000793,8,8962545095765643003,36,XRCC3 (7517)
ACH-000793,8,8962545095765643003,37,ATP6V0E1 (8992)
ACH-000793,8,8962545095765643003,38,RIC8A (60626)
ACH-000793,8,8962545095765643003,39,ZFP36L1 (677)
ACH-000793,8,8962545095765643003,40,NAPG (8774)
ACH-000793,8,8962545095765643003,41,MRPL55 (128308)
ACH-000793,8,8962545095765643003,42,TGIF1 (7050)
ACH-000793,8,8962545095765643003,43,HMBS (3145)
ACH-000793,8,8962545095765643003,44,USP7 (7874)
ACH-000793,8,8962545095765643003,45,FDXR (2232)
ACH-000793,8,8962545095765643003,46,EARS2 (124454)
ACH-000793,8,8962545095765643003,47,SCD (6319)
ACH-000793,8,8962545095765643003,48,LRPPRC (10128)
ACH-000793,8,8962545095765643003,49,MRPS6 (64968)
ACH-000793,8,8962545095765643003,50,RBBP7 (5931)
ACH-000793,9,8423382134366887034,1,ATP5F1B (506)
ACH-000793,9,8423382134366887034,2,H2BC5 (3017)
ACH-000793,9,8423382134366887034,3,PPP1R15B (84919)
ACH-000793,9,8423382134366887034,4,RHEB (6009)
ACH-000793,9,8423382134366887034,5,HAPSTR1 (29035)
ACH-000793,9,8423382134366887034,6,KLF5 (688)
ACH-000793,9,8423382134366887034,7,PARD6B (84612)
ACH-000793,9,8423382134366887034,8,IDH3A (3419)
ACH-000793,9,8423382134366887034,9,GOLGA7 (51125)
ACH-000793,9,8423382134366887034,10,ATP5F1D (513)
ACH-000793,9,8423382134366887034,11,SNAP23 (8773)
ACH-000793,9,8423382134366887034,12,CREBBP (1387)
ACH-000793,9,8423382134366887034,13,UROD (7389)
ACH-000793,9,8423382134366887034,14,ELOF1 (84337)
ACH-000793,9,8423382134366887034,15,PMM2 (5373)
ACH-000793,9,8423382134366887034,16,HYCC2 (285172)
ACH-000793,9,8423382134366887034,17,SHOC2 (8036)
ACH-000793,9,8423382134366887034,18,SLC7A5 (8140)
ACH-000793,9,8423382134366887034,19,KRAS (3845)
ACH-000793,9,8423382134366887034,20,BIRC6 (57448)
ACH-000793,9,8423382134366887034,21,MRPL49 (740)
ACH-000793,9,8423382134366887034,22,SCD (6319)
ACH-000793,9,8423382134366887034,23,NRAS (4893)
ACH-000793,9,8423382134366887034,24,PGM3 (5238)
ACH-000793,9,8423382134366887034,25,ANKRD49 (54851)
ACH-000793,9,8423382134366887034,26,MYBBP1A (10514)
ACH-000793,9,8423382134366887034,27,NONO (4841)
ACH-000793,9,8423382134366887034,28,PRPF39 (55015)
ACH-000793,9,8423382134366887034,29,EGLN1 (54583)
ACH-000793,9,8423382134366887034,30,BRAF (673)
ACH-000793,9,8423382134366887034,31,PRDX1 (5052)
ACH-000793,9,8423382134366887034,32,SMARCE1 (6605)
ACH-000793,9,8423382134366887034,33,FURIN (5045)
ACH-000793,9,8423382134366887034,34,POLE3 (54107)
ACH-000793,9,8423382134366887034,35,KIF14 (9928)
ACH-000793,9,8423382134366887034,36,PFDN1 (5201)
ACH-000793,9,8423382134366887034,37,VBP1 (7411)
ACH-000793,9,8423382134366887034,38,XYLT2 (64132)
ACH-000793,9,8423382134366887034,39,DOLPP1 (57171)
ACH-000793,9,8423382134366887034,40,PTK2 (5747)
ACH-000793,9,8423382134366887034,41,MVD (4597)
ACH-000793,9,8423382134366887034,42,SERBP1 (26135)
ACH-000793,9,8423382134366887034,43,DUSP4 (1846)
ACH-000793,9,8423382134366887034,44,SDHA (6389)
ACH-000793,9,8423382134366887034,45,MBTPS1 (8720)
ACH-000793,9,8423382134366887034,46,FBXO42 (54455)
ACH-000793,9,8423382134366887034,47,MRPS7 (51081)
ACH-000793,9,8423382134366887034,48,SCAP (22937)
ACH-000793,9,8423382134366887034,49,ARID2 (196528)
ACH-000793,9,8423382134366887034,50,MRPS10 (55173)
ACH-000793,10,6930982750489120379,1,PGP (283871)
ACH-000793,10,6930982750489120379,2,GART (2618)
ACH-000793,10,6930982750489120379,3,FOXA2 (3170)
ACH-000793,10,6930982750489120379,4,HYCC2 (285172)
ACH-000793,10,6930982750489120379,5,NAA20 (51126)
ACH-000793,10,6930982750489120379,6,CTNNB1 (1499)
ACH-000793,10,6930982750489120379,7,FAM185A (222234)
ACH-000793,10,6930982750489120379,8,MED9 (55090)
ACH-000793,10,6930982750489120379,9,MRPS5 (64969)
ACH-000793,10,6930982750489120379,10,STEEP1 (63932)
ACH-000793,10,6930982750489120379,11,KEAP1 (9817)
ACH-000793,10,6930982750489120379,12,RBM18 (92400)
ACH-000793,10,6930982750489120379,13,FPGS (2356)
ACH-000793,10,6930982750489120379,14,VRK1 (7443)
ACH-000793,10,6930982750489120379,15,PAXIP1 (22976)
ACH-000793,10,6930982750489120379,16,COX6A1 (1337)
ACH-000793,10,6930982750489120379,17,NXT1 (29107)
ACH-000793,10,6930982750489120379,18,JUN (3725)
ACH-000793,10,6930982750489120379,19,TACC3 (10460)
ACH-000793,10,6930982750489120379,20,CARS2 (79587)
ACH-000793,10,6930982750489120379,21,AP2M1 (1173)
ACH-000793,10,6930982750489120379,22,MRPS11 (64963)
ACH-000793,10,6930982750489120379,23,ASCC3 (10973)
ACH-000793,10,6930982750489120379,24,SMCHD1 (23347)
ACH-000793,10,6930982750489120379,25,BCL9 (607)
ACH-000793,10,6930982750489120379,26,SOCS3 (9021)
ACH-000793,10,6930982750489120379,27,MTG1 (92170)
ACH-000793,10,6930982750489120379,28,UBE2C (11065)
ACH-000793,10,6930982750489120379,29,WNK1 (65125)
ACH-000793,10,6930982750489120379,30,DNAJC11 (55735)
ACH-000793,10,6930982750489120379,31,DICER1 (23405)
ACH-000793,10,6930982750489120379,32,SDHB (6390)
ACH-000793,10,6930982750489120379,33,GPI (2821)
ACH-000793,10,6930982750489120379,34,MRPS12 (6183)
ACH-000793,10,6930982750489120379,35,EFR3A (23167)
ACH-000793,10,6930982750489120379,36,CCNB1 (891)
ACH-000793,10,6930982750489120379,37,MED19 (219541)
ACH-000793,10,6930982750489120379,38,ITGB5 (3693)
ACH-000793,10,6930982750489120379,39,DSCC1 (79075)
ACH-000793,10,6930982750489120379,40,BCL9L (283149)
ACH-000793,10,6930982750489120379,41,HNRNPA2B1 (3181)
ACH-000793,10,6930982750489120379,42,KANSL1 (284058)
ACH-000793,10,6930982750489120379,43,FDX1 (2230)
ACH-000793,10,6930982750489120379,44,GLRX5 (51218)
ACH-000793,10,6930982750489120379,45,SERBP1 (26135)
ACH-000793,10,6930982750489120379,46,GOLGA7 (51125)
ACH-000793,10,6930982750489120379,47,PPP1CA (5499)
ACH-000793,10,6930982750489120379,48,KNTC1 (9735)
ACH-000793,10,6930982750489120379,49,TUBB3 (10381)
ACH-000793,10,6930982750489120379,50,FERMT1 (55612)
ACH-000793,11,14830789708739029104,1,FOSL1 (8061)
ACH-000793,11,14830789708739029104,2,FXN (2395)
ACH-000793,11,14830789708739029104,3,RGP1 (9827)
ACH-000793,11,14830789708739029104,4,HNRNPA2B1 (3181)
ACH-000793,11,14830789708739029104,5,NDC1 (55706)
ACH-000793,11,14830789708739029104,6,FAM210A (125228)
ACH-000793,11,14830789708739029104,7,UBE2S (27338)
ACH-000793,11,14830789708739029104,8,FLII (2314)
ACH-000793,11,14830789708739029104,9,MDM2 (4193)
ACH-000793,11,14830789708739029104,10,MRPL32 (64983)
ACH-000793,11,14830789708739029104,11,CEP43 (11116)
ACH-000793,11,14830789708739029104,12,FERMT2 (10979)
ACH-000793,11,14830789708739029104,13,PPP6C (5537)
ACH-000793,11,14830789708739029104,14,MTG2 (26164)
ACH-000793,11,14830789708739029104,15,PPM1D (8493)
ACH-000793,11,14830789708739029104,16,MFN2 (9927)
ACH-000793,11,14830789708739029104,17,CREBBP (1387)
ACH-000793,11,14830789708739029104,18,PPAT (5471)
ACH-000793,11,14830789708739029104,19,ELP4 (26610)
ACH-000793,11,14830789708739029104,20,OTUD5 (55593)
ACH-000793,11,14830789708739029104,21,PPA2 (27068)
ACH-000793,11,14830789708739029104,22,PFN1 (5216)
ACH-000793,11,14830789708739029104,23,GOLGA7 (51125)
ACH-000793,11,14830789708739029104,24,SOX10 (6663)
ACH-000793,11,14830789708739029104,25,MRPL41 (64975)
ACH-000793,11,14830789708739029104,26,SEPHS2 (22928)
ACH-000793,11,14830789708739029104,27,POLG (5428)
ACH-000793,11,14830789708739029104,28,MRPS25 (64432)
ACH-000793,11,14830789708739029104,29,RRAGC (64121)
ACH-000793,11,14830789708739029104,30,SARNP (84324)
ACH-000793,11,14830789708739029104,31,MRPS12 (6183)
ACH-000793,11,14830789708739029104,32,DET1 (55070)
ACH-000793,11,14830789708739029104,33,PSMG1 (8624)
ACH-000793,11,14830789708739029104,34,ADSS2 (159)
ACH-000793,11,14830789708739029104,35,POLRMT (5442)
ACH-000793,11,14830789708739029104,36,WWTR1 (25937)
ACH-000793,11,14830789708739029104,37,RTTN (25914)
ACH-000793,11,14830789708739029104,38,ATP2B1 (490)
ACH-000793,11,14830789708739029104,39,TRPM7 (54822)
ACH-000793,11,14830789708739029104,40,WRN (7486)
ACH-000793,11,14830789708739029104,41,METTL17 (64745)
ACH-000793,11,14830789708739029104,42,PGM3 (5238)
ACH-000793,11,14830789708739029104,43,LDB1 (8861)
ACH-000793,11,14830789708739029104,44,XRN1 (54464)
ACH-000793,11,14830789708739029104,45,SMARCB1 (6598)
ACH-000793,11,14830789708739029104,46,ATP6V0E1 (8992)
ACH-000793,11,14830789708739029104,47,RARS2 (57038)
ACH-000793,11,14830789708739029104,48,TTC7A (57217)
ACH-000793,11,14830789708739029104,49,BRCA1 (672)
ACH-000793,11,14830789708739029104,50,TEDC1 (283643)
ACH-000793,12,3544458219278823118,1,IPPK (64768)
ACH-000793,12,3544458219278823118,2,ARID1B (57492)
ACH-000793,12,3544458219278823118,3,PTPN11 (5781)
ACH-000793,12,3544458219278823118,4,SSBP3 (23648)
ACH-000793,12,3544458219278823118,5,USP8 (9101)
ACH-000793,12,3544458219278823118,6,PTK2 (5747)
ACH-000793,12,3544458219278823118,7,OPA1 (4976)
ACH-000793,12,3544458219278823118,8,HAPSTR1 (29035)
ACH-000793,12,3544458219278823118,9,CRIPTO (6997)
ACH-000793,12,3544458219278823118,10,SDHA (6389)
ACH-000793,12,3544458219278823118,11,RNF168 (165918)
ACH-000793,12,3544458219278823118,12,IER3IP1 (51124)
ACH-000793,12,3544458219278823118,13,NHLRC2 (374354)
ACH-000793,12,3544458219278823118,14,XYLT2 (64132)
ACH-000793,12,3544458219278823118,15,HSD17B10 (3028)
ACH-000793,12,3544458219278823118,16,FURIN (5045)
ACH-000793,12,3544458219278823118,17,GPI (2821)
ACH-000793,12,3544458219278823118,18,FAM185A (222234)
ACH-000793,12,3544458219278823118,19,RNF4 (6047)
ACH-000793,12,3544458219278823118,20,EP300 (2033)
ACH-000793,12,3544458219278823118,21,MIPEP (4285)
ACH-000793,12,3544458219278823118,22,MYBL2 (4605)
ACH-000793,12,3544458219278823118,23,INTS6 (26512)
ACH-000793,12,3544458219278823118,24,CTDSPL2 (51496)
ACH-000793,12,3544458219278823118,25,PSMG1 (8624)
ACH-000793,12,3544458219278823118,26,PFDN5 (5204)
ACH-000793,12,3544458219278823118,27,TRERF1 (55809)
ACH-000793,12,3544458219278823118,28,PMM2 (5373)
ACH-000793,12,3544458219278823118,29,TMED10 (10972)
ACH-000793,12,3544458219278823118,30,NSMCE4A (54780)
ACH-000793,12,3544458219278823118,31,KLF5 (688)
ACH-000793,12,3544458219278823118,32,LSM12 (124801)
ACH-000793,12,3544458219278823118,33,GLMN (11146)
ACH-000793,12,3544458219278823118,34,LRPPRC (10128)
ACH-000793,12,3544458219278823118,35,VARS2 (57176)
ACH-000793,12,3544458219278823118,36,MED1 (5469)
ACH-000793,12,3544458219278823118,37,PPP4R2 (151987)
ACH-000793,12,3544458219278823118,38,FOXA2 (3170)
ACH-000793,12,3544458219278823118,39,POLRMT (5442)
ACH-000793,12,3544458219278823118,40,TRIP13 (9319)
ACH-000793,12,3544458219278823118,41,IMPDH2 (3615)
ACH-000793,12,3544458219278823118,42,PRKRA (8575)
ACH-000793,12,3544458219278823118,43,GTF3C3 (9330)
ACH-000793,12,3544458219278823118,44,AP2M1 (1173)
ACH-000793,12,3544458219278823118,45,PCNX3 (399909)
ACH-000793,12,3544458219278823118,46,DNAJC11 (55735)
ACH-000793,12,3544458219278823118,47,ATP5F1C (509)
ACH-000793,12,3544458219278823118,48,FBXO42 (54455)
ACH-000793,12,3544458219278823118,49,COQ4 (51117)
ACH-000793,12,3544458219278823118,50,TAF1D (79101)
ACH-000793,13,13752992324372191815,1,FAM98B (283742)
ACH-000793,13,13752992324372191815,2,DOLPP1 (57171)
ACH-000793,13,13752992324372191815,3,CIT (11113)
ACH-000793,13,13752992324372191815,4,KCMF1 (56888)
ACH-000793,13,13752992324372191815,5,UBR5 (51366)
ACH-000793,13,13752992324372191815,6,SCD (6319)
ACH-000793,13,13752992324372191815,7,PGM3 (5238)
ACH-000793,13,13752992324372191815,8,CUL3 (8452)
ACH-000793,13,13752992324372191815,9,BRCA2 (675)
ACH-000793,13,13752992324372191815,10,DNAJC19 (131118)
ACH-000793,13,13752992324372191815,11,ADAR (103)
ACH-000793,13,13752992324372191815,12,DLST (1743)
ACH-000793,13,13752992324372191815,13,SERBP1 (26135)
ACH-000793,13,13752992324372191815,14,CDS2 (8760)
ACH-000793,13,13752992324372191815,15,COA6 (388753)
ACH-000793,13,13752992324372191815,16,IRS2 (8660)
ACH-000793,13,13752992324372191815,17,GOLT1B (51026)
ACH-000793,13,13752992324372191815,18,SLC33A1 (9197)
ACH-000793,13,13752992324372191815,19,ZEB1 (6935)
ACH-000793,13,13752992324372191815,20,RRAGC (64121)
ACH-000793,13,13752992324372191815,21,UFM1 (51569)
ACH-000793,13,13752992324372191815,22,EGLN1 (54583)
ACH-000793,13,13752992324372191815,23,NMT1 (4836)
ACH-000793,13,13752992324372191815,24,PTK2 (5747)
ACH-000793,13,13752992324372191815,25,RPAP2 (79871)
ACH-000793,13,13752992324372191815,26,NDUFB3 (4709)
ACH-000793,13,13752992324372191815,27,EXOC1 (55763)
ACH-000793,13,13752992324372191815,28,COASY (80347)
ACH-000793,13,13752992324372191815,29,RBBP7 (5931)
ACH-000793,13,13752992324372191815,30,WDR7 (23335)
ACH-000793,13,13752992324372191815,31,VPS37A (137492)
ACH-000793,13,13752992324372191815,32,POLG (5428)
ACH-000793,13,13752992324372191815,33,BPTF (2186)
ACH-000793,13,13752992324372191815,34,NELFCD (51497)
ACH-000793,13,13752992324372191815,35,USP7 (7874)
ACH-000793,13,13752992324372191815,36,PDCD7 (10081)
ACH-000793,13,13752992324372191815,37,UBE2Z (65264)
ACH-000793,13,13752992324372191815,38,TAF1D (79101)
ACH-000793,13,13752992324372191815,39,RAB6A (5870)
ACH-000793,13,13752992324372191815,40,MDM2 (4193)
ACH-000793,13,13752992324372191815,41,CCAR1 (55749)
ACH-000793,13,13752992324372191815,42,PPP1CA (5499)
ACH-000793,13,13752992324372191815,43,ARPC4 (10093)
ACH-000793,13,13752992324372191815,44,CCDC51 (79714)
ACH-000793,13,13752992324372191815,45,SLC25A26 (115286)
ACH-000793,13,13752992324372191815,46,LSM12 (124801)
ACH-000793,13,13752992324372191815,47,ARID1B (57492)
ACH-000793,13,13752992324372191815,48,PKN2 (5586)
ACH-000793,13,13752992324372191815,49,HAPLN2 (60484)
ACH-000793,13,13752992324372191815,50,FBXO42 (54455)
ACH-000793,14,17659879776187362488,1,GMNN (51053)
ACH-000793,14,17659879776187362488,2,DNAJC13 (23317)
ACH-000793,14,17659879776187362488,3,SOD2 (6648)
ACH-000793,14,17659879776187362488,4,RAB6A (5870)
ACH-000793,14,17659879776187362488,5,LDB1 (8861)
ACH-000793,14,17659879776187362488,6,EP300 (2033)
ACH-000793,14,17659879776187362488,7,BRD2 (6046)
ACH-000793,14,17659879776187362488,8,VBP1 (7411)
ACH-000793,14,17659879776187362488,9,NMT1 (4836)
ACH-000793,14,17659879776187362488,10,SSBP3 (23648)
ACH-000793,14,17659879776187362488,11,BUD13 (84811)
ACH-000793,14,17659879776187362488,12,XRCC2 (7516)
ACH-000793,14,17659879776187362488,13,ADAR (103)
ACH-000793,14,17659879776187362488,14,MPPE1 (65258)
ACH-000793,14,17659879776187362488,15,MAPK14 (1432)
ACH-000793,14,17659879776187362488,16,METAP1 (23173)
ACH-000793,14,17659879776187362488,17,PFDN5 (5204)
ACH-000793,14,17659879776187362488,18,RAD51D (5892)
ACH-000793,14,17659879776187362488,19,C3orf38 (285237)
ACH-000793,14,17659879776187362488,20,DARS2 (55157)
ACH-000793,14,17659879776187362488,21,SAMD4B (55095)
ACH-000793,14,17659879776187362488,22,ATL2 (64225)
ACH-000793,14,17659879776187362488,23,TOE1 (114034)
ACH-000793,14,17659879776187362488,24,SDHA (6389)
ACH-000793,14,17659879776187362488,25,RARS2 (57038)
ACH-000793,14,17659879776187362488,26,IER3IP1 (51124)
ACH-000793,14,17659879776187362488,27,ENO1 (2023)
ACH-000793,14,17659879776187362488,28,STEEP1 (63932)
ACH-000793,14,17659879776187362488,29,DHX29 (54505)
ACH-000793,14,17659879776187362488,30,SDHD (6392)
ACH-000793,14,17659879776187362488,31,CRLS1 (54675)
ACH-000793,14,17659879776187362488,32,METTL1 (4234)
ACH-000793,14,17659879776187362488,33,RPP25L (138716)
ACH-000793,14,17659879776187362488,34,DSCC1 (79075)
ACH-000793,14,17659879776187362488,35,AP2M1 (1173)
ACH-000793,14,17659879776187362488,36,PPA2 (27068)
ACH-000793,14,17659879776187362488,37,ACLY (47)
ACH-000793,14,17659879776187362488,38,ZMYND8 (23613)
ACH-000793,14,17659879776187362488,39,IMPDH2 (3615)
ACH-000793,14,17659879776187362488,40,TSC22D2 (9819)
ACH-000793,14,17659879776187362488,41,ACSL3 (2181)
ACH-000793,14,17659879776187362488,42,PCNX3 (399909)
ACH-000793,14,17659879776187362488,43,MTPAP (55149)
ACH-000793,14,17659879776187362488,44,DNAJC19 (131118)
ACH-000793,14,17659879776187362488,45,UFM1 (51569)
ACH-000793,14,17659879776187362488,46,RELA (5970)
ACH-000793,14,17659879776187362488,47,SERBP1 (26135)
ACH-000793,14,17659879776187362488,48,ELAVL1 (1994)
ACH-000793,14,17659879776187362488,49,CRAMP1 (57585)
ACH-000793,14,17659879776187362488,50,HUS1 (3364)
ACH-000793,15,13887779616318986526,1,COASY (80347)
ACH-000793,15,13887779616318986526,2,DDX39B (7919)
ACH-000793,15,13887779616318986526,3,EFR3A (23167)
ACH-000793,15,13887779616318986526,4,XRCC2 (7516)
ACH-000793,15,13887779616318986526,5,SAMM50 (25813)
ACH-000793,15,13887779616318986526,6,YAP1 (10413)
ACH-000793,15,13887779616318986526,7,MTG2 (26164)
ACH-000793,15,13887779616318986526,8,HNRNPA2B1 (3181)
ACH-000793,15,13887779616318986526,9,SLC25A26 (115286)
ACH-000793,15,13887779616318986526,10,UBA5 (79876)
ACH-000793,15,13887779616318986526,11,MDM2 (4193)
ACH-000793,15,13887779616318986526,12,ATF4 (468)
ACH-000793,15,13887779616318986526,13,PTPN11 (5781)
ACH-000793,15,13887779616318986526,14,MIOS (54468)
ACH-000793,15,13887779616318986526,15,EXOSC10 (5394)
ACH-000793,15,13887779616318986526,16,RGP1 (9827)
ACH-000793,15,13887779616318986526,17,RIC1 (57589)
ACH-000793,15,13887779616318986526,18,GCN1 (10985)
ACH-000793,15,13887779616318986526,19,ICE2 (79664)
ACH-000793,15,13887779616318986526,20,SOCS3 (9021)
ACH-000793,15,13887779616318986526,21,UXS1 (80146)
ACH-000793,15,13887779616318986526,22,GRB2 (2885)
ACH-000793,15,13887779616318986526,23,TFB2M (64216)
ACH-000793,15,13887779616318986526,24,PPM1D (8493)
ACH-000793,15,13887779616318986526,25,EAPP (55837)
ACH-000793,15,13887779616318986526,26,ESCO2 (157570)
ACH-000793,15,13887779616318986526,27,EEFSEC (60678)
ACH-000793,15,13887779616318986526,28,ZWINT (11130)
ACH-000793,15,13887779616318986526,29,PAICS (10606)
ACH-000793,15,13887779616318986526,30,COX10 (1352)
ACH-000793,15,13887779616318986526,31,MPPE1 (65258)
ACH-000793,15,13887779616318986526,32,TDP2 (51567)
ACH-000793,15,13887779616318986526,33,CDK8 (1024)
ACH-000793,15,13887779616318986526,34,NHLRC2 (374354)
ACH-000793,15,13887779616318986526,35,GMPS (8833)
ACH-000793,15,13887779616318986526,36,ITGAV (3685)
ACH-000793,15,13887779616318986526,37,TUBB3 (10381)
ACH-000793,15,13887779616318986526,38,XRN1 (54464)
ACH-000793,15,13887779616318986526,39,STEEP1 (63932)
ACH-000793,15,13887779616318986526,40,AMBRA1 (55626)
ACH-000793,15,13887779616318986526,41,CAD (790)
ACH-000793,15,13887779616318986526,42,YME1L1 (10730)
ACH-000793,15,13887779616318986526,43,POLE3 (54107)
ACH-000793,15,13887779616318986526,44,NDC1 (55706)
ACH-000793,15,13887779616318986526,45,NDUFAB1 (4706)
ACH-000793,15,13887779616318986526,46,TIGD3 (220359)
ACH-000793,15,13887779616318986526,47,SQLE (6713)
ACH-000793,15,13887779616318986526,48,BRK1 (55845)
ACH-000793,15,13887779616318986526,49,NDUFB11 (54539)
ACH-000793,15,13887779616318986526,50,TEN1 (100134934)
ACH-000793,16,1799298873500121812,1,RHOA (387)
ACH-000793,16,1799298873500121812,2,CRLS1 (54675)
ACH-000793,16,1799298873500121812,3,CDK6 (1021)
ACH-000793,16,1799298873500121812,4,TFAM (7019)
ACH-000793,16,1799298873500121812,5,EAPP (55837)
ACH-000793,16,1799298873500121812,6,TUBB3 (10381)
ACH-000793,16,1799298873500121812,7,MIOS (54468)
ACH-000793,16,1799298873500121812,8,FARS2 (10667)
ACH-000793,16,1799298873500121812,9,ACTB (60)
ACH-000793,16,1799298873500121812,10,XYLT2 (64132)
ACH-000793,16,1799298873500121812,11,CFL1 (1072)
ACH-000793,16,1799298873500121812,12,GPI (2821)
ACH-000793,16,1799298873500121812,13,ELP4 (26610)
ACH-000793,16,1799298873500121812,14,RPUSD4 (84881)
ACH-000793,16,1799298873500121812,15,PPP1CB (5500)
ACH-000793,16,1799298873500121812,16,BRAF (673)
ACH-000793,16,1799298873500121812,17,BUD13 (84811)
ACH-000793,16,1799298873500121812,18,NPEPPS (9520)
ACH-000793,16,1799298873500121812,19,BCL9L (283149)
ACH-000793,16,1799298873500121812,20,GEMIN2 (8487)
ACH-000793,16,1799298873500121812,21,POLG (5428)
ACH-000793,16,1799298873500121812,22,NDUFAB1 (4706)
ACH-000793,16,1799298873500121812,23,SMCHD1 (23347)
ACH-000793,16,1799298873500121812,24,EXOC1 (55763)
ACH-000793,16,1799298873500121812,25,BPTF (2186)
ACH-000793,16,1799298873500121812,26,CCNL1 (57018)
ACH-000793,16,1799298873500121812,27,TIGD3 (220359)
ACH-000793,16,1799298873500121812,28,NDUFA4 (4697)
ACH-000793,16,1799298873500121812,29,ITGB1 (3688)
ACH-000793,16,1799298873500121812,30,MTG1 (92170)
ACH-000793,16,1799298873500121812,31,CTC1 (80169)
ACH-000793,16,1799298873500121812,32,TEAD1 (7003)
ACH-000793,16,1799298873500121812,33,DET1 (55070)
ACH-000793,16,1799298873500121812,34,STX4 (6810)
ACH-000793,16,1799298873500121812,35,CCNB1 (891)
ACH-000793,16,1799298873500121812,36,SARS2 (54938)
ACH-000793,16,1799298873500121812,37,SLC16A1 (6566)
ACH-000793,16,1799298873500121812,38,HNF1A (6927)
ACH-000793,16,1799298873500121812,39,SLC25A28 (81894)
ACH-000793,16,1799298873500121812,40,MED19 (219541)
ACH-000793,16,1799298873500121812,41,ADAR (103)
ACH-000793,16,1799298873500121812,42,CUL2 (8453)
ACH-000793,16,1799298873500121812,43,WASHC2C (253725)
ACH-000793,16,1799298873500121812,44,FERMT2 (10979)
ACH-000793,16,1799298873500121812,45,VARS2 (57176)
ACH-000793,16,1799298873500121812,46,HAPSTR1 (29035)
ACH-000793,16,1799298873500121812,47,PKN2 (5586)
ACH-000793,16,1799298873500121812,48,FADD (8772)
ACH-000793,16,1799298873500121812,49,MRPL28 (10573)
ACH-000793,16,1799298873500121812,50,NCAPD3 (23310)
ACH-000793,17,14963009727448891924,1,RAB6A (5870)
ACH-000793,17,14963009727448891924,2,DICER1 (23405)
ACH-000793,17,14963009727448891924,3,ACLY (47)
ACH-000793,17,14963009727448891924,4,KIF18B (146909)
ACH-000793,17,14963009727448891924,5,IPPK (64768)
ACH-000793,17,14963009727448891924,6,PDCD5 (9141)
ACH-000793,17,14963009727448891924,7,MRPS10 (55173)
ACH-000793,17,14963009727448891924,8,CDS2 (8760)
ACH-000793,17,14963009727448891924,9,FAM210A (125228)
ACH-000793,17,14963009727448891924,10,TIMM17A (10440)
ACH-000793,17,14963009727448891924,11,CDAN1 (146059)
ACH-000793,17,14963009727448891924,12,KATNB1 (10300)
ACH-000793,17,14963009727448891924,13,SGF29 (112869)
ACH-000793,17,14963009727448891924,14,CTC1 (80169)
ACH-000793,17,14963009727448891924,15,PIK3CA (5290)
ACH-000793,17,14963009727448891924,16,PAGR1 (79447)
ACH-000793,17,14963009727448891924,17,IER3IP1 (51124)
ACH-000793,17,14963009727448891924,18,RNF4 (6047)
ACH-000793,17,14963009727448891924,19,MICOS10 (440574)
ACH-000793,17,14963009727448891924,20,PGM3 (5238)
ACH-000793,17,14963009727448891924,21,COP1 (64326)
ACH-000793,17,14963009727448891924,22,PDS5A (23244)
ACH-000793,17,14963009727448891924,23,STX4 (6810)
ACH-000793,17,14963009727448891924,24,KIF14 (9928)
ACH-000793,17,14963009727448891924,25,GPX4 (2879)
ACH-000793,17,14963009727448891924,26,HARS2 (23438)
ACH-000793,17,14963009727448891924,27,WDR7 (23335)
ACH-000793,17,14963009727448891924,28,SEC62 (7095)
ACH-000793,17,14963009727448891924,29,DET1 (55070)
ACH-000793,17,14963009727448891924,30,LAMTOR2 (28956)
ACH-000793,17,14963009727448891924,31,SOD2 (6648)
ACH-000793,17,14963009727448891924,32,EAPP (55837)
ACH-000793,17,14963009727448891924,33,PDCD7 (10081)
ACH-000793,17,14963009727448891924,34,RAF1 (5894)
ACH-000793,17,14963009727448891924,35,ATIC (471)
ACH-000793,17,14963009727448891924,36,AP2M1 (1173)
ACH-000793,17,14963009727448891924,37,PAXIP1 (22976)
ACH-000793,17,14963009727448891924,38,TYMS (7298)
ACH-000793,17,14963009727448891924,39,EARS2 (124454)
ACH-000793,17,14963009727448891924,40,CRAMP1 (57585)
ACH-000793,17,14963009727448891924,41,EP300 (2033)
ACH-000793,17,14963009727448891924,42,SEPHS2 (22928)
ACH-000793,17,14963009727448891924,43,MEN1 (4221)
ACH-000793,17,14963009727448891924,44,FAM185A (222234)
ACH-000793,17,14963009727448891924,45,ATP5F1D (513)
ACH-000793,17,14963009727448891924,46,TRAF7 (84231)
ACH-000793,17,14963009727448891924,47,MDM2 (4193)
ACH-000793,17,14963009727448891924,48,OTUD5 (55593)
ACH-000793,17,14963009727448891924,49,TOMM70 (9868)
ACH-000793,17,14963009727448891924,50,UFM1 (51569)
ACH-000793,18,6569254213107072848,1,HARS2 (23438)
ACH-000793,18,6569254213107072848,2,ELOF1 (84337)
ACH-000793,18,6569254213107072848,3,PSMG2 (56984)
ACH-000793,18,6569254213107072848,4,PIK3CA (5290)
ACH-000793,18,6569254213107072848,5,PARS2 (25973)
ACH-000793,18,6569254213107072848,6,STAMBP (10617)
ACH-000793,18,6569254213107072848,7,IRS2 (8660)
ACH-000793,18,6569254213107072848,8,RARS2 (57038)
ACH-000793,18,6569254213107072848,9,AP2M1 (1173)
ACH-000793,18,6569254213107072848,10,EIF2AK4 (440275)
ACH-000793,18,6569254213107072848,11,HECTD1 (25831)
ACH-000793,18,6569254213107072848,12,CAND1 (55832)
ACH-000793,18,6569254213107072848,13,EGLN1 (54583)
ACH-000793,18,6569254213107072848,14,CDH1 (999)
ACH-000793,18,6569254213107072848,15,ARF4 (378)
ACH-000793,18,6569254213107072848,16,SAMD4B (55095)
ACH-000793,18,6569254213107072848,17,MTHFD1 (4522)
ACH-000793,18,6569254213107072848,18,MRPL4 (51073)
ACH-000793,18,6569254213107072848,19,CFLAR (8837)
ACH-000793,18,6569254213107072848,20,ILK (3611)
ACH-000793,18,6569254213107072848,21,VPS33A (65082)
ACH-000793,18,6569254213107072848,22,ATL2 (64225)
ACH-000793,18,6569254213107072848,23,XRN1 (54464)
ACH-000793,18,6569254213107072848,24,DHODH (1723)
ACH-000793,18,6569254213107072848,25,PPP2R2A (5520)
ACH-000793,18,6569254213107072848,26,GFPT1 (2673)
ACH-000793,18,6569254213107072848,27,MBTPS1 (8720)
ACH-000793,18,6569254213107072848,28,CRAMP1 (57585)
ACH-000793,18,6569254213107072848,29,TFRC (7037)
ACH-000793,18,6569254213107072848,30,FAM50A (9130)
ACH-000793,18,6569254213107072848,31,RNF4 (6047)
ACH-000793,18,6569254213107072848,32,TEAD1 (7003)
ACH-000793,18,6569254213107072848,33,MDM4 (4194)
ACH-000793,18,6569254213107072848,34,MTCH2 (23788)
ACH-000793,18,6569254213107072848,35,SYNCRIP (10492)
ACH-000793,18,6569254213107072848,36,ITGB5 (3693)
ACH-000793,18,6569254213107072848,37,NMNAT1 (64802)
ACH-000793,18,6569254213107072848,38,CREBBP (1387)
ACH-000793,18,6569254213107072848,39,HAUS8 (93323)
ACH-000793,18,6569254213107072848,40,DAP3 (7818)
ACH-000793,18,6569254213107072848,41,MYBBP1A (10514)
ACH-000793,18,6569254213107072848,42,SDHA (6389)
ACH-000793,18,6569254213107072848,43,RPAP2 (79871)
ACH-000793,18,6569254213107072848,44,GTF3C3 (9330)
ACH-000793,18,6569254213107072848,45,HSPA8 (3312)
ACH-000793,18,6569254213107072848,46,PKN2 (5586)
ACH-000793,18,6569254213107072848,47,MCL1 (4170)
ACH-000793,18,6569254213107072848,48,BRAT1 (221927)
ACH-000793,18,6569254213107072848,49,TOMM70 (9868)
ACH-000793,18,6569254213107072848,50,BIRC6 (57448)
ACH-000793,19,18093215105519123026,1,DSN1 (79980)
ACH-000793,19,18093215105519123026,2,CREBBP (1387)
ACH-000793,19,18093215105519123026,3,LRPPRC (10128)
ACH-000793,19,18093215105519123026,4,RIC1 (57589)
ACH-000793,19,18093215105519123026,5,MRPL38 (64978)
ACH-000793,19,18093215105519123026,6,SCD (6319)
ACH-000793,19,18093215105519123026,7,CCNL1 (57018)
ACH-000793,19,18093215105519123026,8,PDCD7 (10081)
ACH-000793,19,18093215105519123026,9,NAMPT (10135)
ACH-000793,19,18093215105519123026,10,NCKAP1 (10787)
ACH-000793,19,18093215105519123026,11,HYCC2 (285172)
ACH-000793,19,18093215105519123026,12,CHMP7 (91782)
ACH-000793,19,18093215105519123026,13,KCTD5 (54442)
ACH-000793,19,18093215105519123026,14,ARID2 (196528)
ACH-000793,19,18093215105519123026,15,JUN (3725)
ACH-000793,19,18093215105519123026,16,MMGT1 (93380)
ACH-000793,19,18093215105519123026,17,MRPL32 (64983)
ACH-000793,19,18093215105519123026,18,OPA1 (4976)
ACH-000793,19,18093215105519123026,19,OGDH (4967)
ACH-000793,19,18093215105519123026,20,IDH3A (3419)
ACH-000793,19,18093215105519123026,21,NDUFA4 (4697)
ACH-000793,19,18093215105519123026,22,TRAF7 (84231)
ACH-000793,19,18093215105519123026,23,BRCA1 (672)
ACH-000793,19,18093215105519123026,24,MBTPS1 (8720)
ACH-000793,19,18093215105519123026,25,HNRNPR (10236)
ACH-000793,19,18093215105519123026,26,IRF2BP2 (359948)
ACH-000793,19,18093215105519123026,27,SREBF1 (6720)
ACH-000793,19,18093215105519123026,28,DHX29 (54505)
ACH-000793,19,18093215105519123026,29,FERMT1 (55612)
ACH-000793,19,18093215105519123026,30,MYBBP1A (10514)
ACH-000793,19,18093215105519123026,31,VPS37A (137492)
ACH-000793,19,18093215105519123026,32,WASHC2C (253725)
ACH-000793,19,18093215105519123026,33,CYB5B (80777)
ACH-000793,19,18093215105519123026,34,RNF168 (165918)
ACH-000793,19,18093215105519123026,35,SAMD4B (55095)
ACH-000793,19,18093215105519123026,36,NCAPD3 (23310)
ACH-000793,19,18093215105519123026,37,TRIT1 (54802)
ACH-000793,19,18093215105519123026,38,RPP25L (138716)
ACH-000793,19,18093215105519123026,39,MRPL18 (29074)
ACH-000793,19,18093215105519123026,40,PPP6C (5537)
ACH-000793,19,18093215105519123026,41,MRPL53 (116540)
ACH-000793,19,18093215105519123026,42,ADAR (103)
ACH-000793,19,18093215105519123026,43,TACC3 (10460)
ACH-000793,19,18093215105519123026,44,INTS15 (79034)
ACH-000793,19,18093215105519123026,45,MRPS24 (64951)
ACH-000793,19,18093215105519123026,46,DDX3X (1654)
ACH-000793,19,18093215105519123026,47,NONO (4841)
ACH-000793,19,18093215105519123026,48,CCNC (892)
ACH-000793,19,18093215105519123026,49,MIOS (54468)
ACH-000793,19,18093215105519123026,50,TUBE1 (51175)
ACH-000890,0,11576709349001734154,1,PKN2 (5586)
ACH-000890,0,11576709349001734154,2,TCF7L2 (6934)
ACH-000890,0,11576709349001734154,3,SEPHS2 (22928)
ACH-000890,0,11576709349001734154,4,SLC38A2 (54407)
ACH-000890,0,11576709349001734154,5,CBLL1 (79872)
ACH-000890,0,11576709349001734154,6,USP1 (7398)
ACH-000890,0,11576709349001734154,7,GEMIN7 (79760)
ACH-000890,0,11576709349001734154,8,TAFAZZIN (6901)
ACH-000890,0,11576709349001734154,9,PITRM1 (10531)
ACH-000890,0,11576709349001734154,10,BCL9L (283149)
ACH-000890,0,11576709349001734154,11,TDP2 (51567)
ACH-000890,0,11576709349001734154,12,CREBBP (1387)
ACH-000890,0,11576709349001734154,13,MED1 (5469)
ACH-000890,0,11576709349001734154,14,MRPL18 (29074)
ACH-000890,0,11576709349001734154,15,USP7 (7874)
ACH-000890,0,11576709349001734154,16,CBFB (865)
ACH-000890,0,11576709349001734154,17,VARS2 (57176)
ACH-000890,0,11576709349001734154,18,CFLAR (8837)
ACH-000890,0,11576709349001734154,19,HAPSTR1 (29035)
ACH-000890,0,11576709349001734154,20,GPX4 (2879)
ACH-000890,0,11576709349001734154,21,NDUFA4 (4697)
ACH-000890,0,11576709349001734154,22,NDE1 (54820)
ACH-000890,0,11576709349001734154,23,VRK1 (7443)
ACH-000890,0,11576709349001734154,24,RGP1 (9827)
ACH-000890,0,11576709349001734154,25,NIPBL (25836)
ACH-000890,0,11576709349001734154,26,MYH9 (4627)
ACH-000890,0,11576709349001734154,27,ASCC3 (10973)
ACH-000890,0,11576709349001734154,28,EAF1 (85403)
ACH-000890,0,11576709349001734154,29,NSMCE4A (54780)
ACH-000890,0,11576709349001734154,30,HSP90B1 (7184)
ACH-000890,0,11576709349001734154,31,ARHGEF7 (8874)
ACH-000890,0,11576709349001734154,32,TIGD3 (220359)
ACH-000890,0,11576709349001734154,33,PCNX3 (399909)
ACH-000890,0,11576709349001734154,34,SREBF1 (6720)
ACH-000890,0,11576709349001734154,35,HMBS (3145)
ACH-000890,0,11576709349001734154,36,GEMIN2 (8487)
ACH-000890,0,11576709349001734154,37,MYBL2 (4605)
ACH-000890,0,11576709349001734154,38,STAMBP (10617)
ACH-000890,0,11576709349001734154,39,RHOA (387)
ACH-000890,0,11576709349001734154,40,WDR48 (57599)
ACH-000890,0,11576709349001734154,41,BRK1 (55845)
ACH-000890,0,11576709349001734154,42,ARMC5 (79798)
ACH-000890,0,11576709349001734154,43,MRPL55 (128308)
ACH-000890,0,11576709349001734154,44,NMT1 (4836)
ACH-000890,0,11576709349001734154,45,ACLY (47)
ACH-000890,0,11576709349001734154,46,UBE2H (7328)
ACH-000890,0,11576709349001734154,47,PFDN5 (5204)
ACH-000890,0,11576709349001734154,48,GMPS (8833)
ACH-000890,0,11576709349001734154,49,SDHD (6392)
ACH-000890,0,11576709349001734154,50,ATIC (471)
ACH-000890,1,10656818611668867582,1,BRK1 (55845)
ACH-000890,1,10656818611668867582,2,ATL2 (64225)
ACH-000890,1,10656818611668867582,3,PPP6R3 (55291)
ACH-000890,1,10656818611668867582,4,PPIL1 (51645)
ACH-000890,1,10656818611668867582,5,SARNP (84324)
ACH-000890,1,10656818611668867582,6,PTPA (5524)
ACH-000890,1,10656818611668867582,7,ANKRD49 (54851)
ACH-000890,1,10656818611668867582,8,HECTD1 (25831)
ACH-000890,1,10656818611668867582,9,DLST (1743)
ACH-000890,1,10656818611668867582,10,LSM12 (124801)
ACH-000890,1,10656818611668867582,11,UBQLN4 (56893)
ACH-000890,1,10656818611668867582,12,PRKRA (8575)
ACH-000890,1,10656818611668867582,13,CFLAR (8837)
ACH-000890,1,10656818611668867582,14,TUBB3 (10381)
ACH-000890,1,10656818611668867582,15,SHOC2 (8036)
ACH-000890,1,10656818611668867582,16,BCL9 (607)
ACH-000890,1,10656818611668867582,17,STK11 (6794)
ACH-000890,1,10656818611668867582,18,SSBP3 (23648)
ACH-000890,1,10656818611668867582,19,TFAM (7019)
ACH-000890,1,10656818611668867582,20,ATP6V0E1 (8992)
ACH-000890,1,10656818611668867582,21,BSG (682)
ACH-000890,1,10656818611668867582,22,NHLRC2 (374354)
ACH-000890,1,10656818611668867582,23,PTP4A1 (7803)
ACH-000890,1,10656818611668867582,24,TEDC1 (283643)
ACH-000890,1,10656818611668867582,25,CBFB (865)
ACH-000890,1,10656818611668867582,26,TYMS (7298)
ACH-000890,1,10656818611668867582,27,EAF1 (85403)
ACH-000890,1,10656818611668867582,28,THAP11 (57215)
ACH-000890,1,10656818611668867582,29,PAICS (10606)
ACH-000890,1,10656818611668867582,30,MFN2 (9927)
ACH-000890,1,10656818611668867582,31,CDS2 (8760)
ACH-000890,1,10656818611668867582,32,SLC25A28 (81894)
ACH-000890,1,10656818611668867582,33,PPP6C (5537)
ACH-000890,1,10656818611668867582,34,MDM4 (4194)
ACH-000890,1,10656818611668867582,35,POLE3 (54107)
ACH-000890,1,10656818611668867582,36,RNF4 (6047)
ACH-000890,1,10656818611668867582,37,H2AX (3014)
ACH-000890,1,10656818611668867582,38,LAMTOR2 (28956)
ACH-000890,1,10656818611668867582,39,NRAS (4893)
ACH-000890,1,10656818611668867582,40,FOSL1 (8061)
ACH-000890,1,10656818611668867582,41,MLST8 (64223)
ACH-000890,1,10656818611668867582,42,JUN (3725)
ACH-000890,1,10656818611668867582,43,PPP2R2A (5520)
ACH-000890,1,10656818611668867582,44,KATNB1 (10300)
ACH-000890,1,10656818611668867582,45,MTPAP (55149)
ACH-000890,1,10656818611668867582,46,MCL1 (4170)
ACH-000890,1,10656818611668867582,47,PRPF39 (55015)
ACH-000890,1,10656818611668867582,48,CDH1 (999)
ACH-000890,1,10656818611668867582,49,GLRX5 (51218)
ACH-000890,1,10656818611668867582,50,CCNB1 (891)
ACH-000890,2,8185107329771721202,1,MYB (4602)
ACH-000890,2,8185107329771721202,2,FXN (2395)
ACH-000890,2,8185107329771721202,3,HAPLN2 (60484)
ACH-000890,2,8185107329771721202,4,UBE2C (11065)
ACH-000890,2,8185107329771721202,5,PET117 (100303755)
ACH-000890,2,8185107329771721202,6,WTAP (9589)
ACH-000890,2,8185107329771721202,7,TDP2 (51567)
ACH-000890,2,8185107329771721202,8,NIPBL (25836)
ACH-000890,2,8185107329771721202,9,TFRC (7037)
ACH-000890,2,8185107329771721202,10,PIK3CA (5290)
ACH-000890,2,8185107329771721202,11,ATL2 (64225)
ACH-000890,2,8185107329771721202,12,TOE1 (114034)
ACH-000890,2,8185107329771721202,13,AIFM1 (9131)
ACH-000890,2,8185107329771721202,14,ATP5F1B (506)
ACH-000890,2,8185107329771721202,15,RNF4 (6047)
ACH-000890,2,8185107329771721202,16,DHX29 (54505)
ACH-000890,2,8185107329771721202,17,MRPL18 (29074)
ACH-000890,2,8185107329771721202,18,METTL1 (4234)
ACH-000890,2,8185107329771721202,19,MYBBP1A (10514)
ACH-000890,2,8185107329771721202,20,PRRC2A (7916)
ACH-000890,2,8185107329771721202,21,RPRD1B (58490)
ACH-000890,2,8185107329771721202,22,ATP5F1D (513)
ACH-000890,2,8185107329771721202,23,MED1 (5469)
ACH-000890,2,8185107329771721202,24,TIMM29 (90580)
ACH-000890,2,8185107329771721202,25,ELP2 (55250)
ACH-000890,2,8185107329771721202,26,KCMF1 (56888)
ACH-000890,2,8185107329771721202,27,ASCC3 (10973)
ACH-000890,2,8185107329771721202,28,PDCD7 (10081)
ACH-000890,2,8185107329771721202,29,LSM12 (124801)
ACH-000890,2,8185107329771721202,30,SLC20A1 (6574)
ACH-000890,2,8185107329771721202,31,KIF4A (24137)
ACH-000890,2,8185107329771721202,32,PARD6B (84612)
ACH-000890,2,8185107329771721202,33,DARS2 (55157)
ACH-000890,2,8185107329771721202,34,MRPL38 (64978)
ACH-000890,2,8185107329771721202,35,TIMM22 (29928)
ACH-000890,2,8185107329771721202,36,SOX9 (6662)
ACH-000890,2,8185107329771721202,37,TRIM28 (10155)
ACH-000890,2,8185107329771721202,38,MIOS (54468)
ACH-000890,2,8185107329771721202,39,MDM4 (4194)
ACH-000890,2,8185107329771721202,40,EXOSC10 (5394)
ACH-000890,2,8185107329771721202,41,AHCYL1 (10768)
ACH-000890,2,8185107329771721202,42,TTC7A (57217)
ACH-000890,2,8185107329771721202,43,FAM210A (125228)
ACH-000890,2,8185107329771721202,44,PAGR1 (79447)
ACH-000890,2,8185107329771721202,45,ARF4 (378)
ACH-000890,2,8185107329771721202,46,CAD (790)
ACH-000890,2,8185107329771721202,47,SOX10 (6663)
ACH-000890,2,8185107329771721202,48,DOLPP1 (57171)
ACH-000890,2,8185107329771721202,49,CBFB (865)
ACH-000890,2,8185107329771721202,50,FAM50A (9130)
ACH-000890,3,15236174550567917661,1,SLC3A2 (6520)
ACH-000890,3,15236174550567917661,2,MDM2 (4193)
ACH-000890,3,15236174550567917661,3,SOD2 (6648)
ACH-000890,3,15236174550567917661,4,IPPK (64768)
ACH-000890,3,15236174550567917661,5,CRLS1 (54675)
ACH-000890,3,15236174550567917661,6,CTNNA1 (1495)
ACH-000890,3,15236174550567917661,7,YPEL5 (51646)
ACH-000890,3,15236174550567917661,8,CARS2 (79587)
ACH-000890,3,15236174550567917661,9,ADRM1 (11047)
ACH-000890,3,15236174550567917661,10,COX5A (9377)
ACH-000890,3,15236174550567917661,11,PPP6R3 (55291)
ACH-000890,3,15236174550567917661,12,KEAP1 (9817)
ACH-000890,3,15236174550567917661,13,KDM2A (22992)
ACH-000890,3,15236174550567917661,14,GCN1 (10985)
ACH-000890,3,15236174550567917661,15,NDUFB10 (4716)
ACH-000890,3,15236174550567917661,16,MBTPS1 (8720)
ACH-000890,3,15236174550567917661,17,CCND3 (896)
ACH-000890,3,15236174550567917661,18,DAXX (1616)
ACH-000890,3,15236174550567917661,19,MRPL41 (64975)
ACH-000890,3,15236174550567917661,20,SSBP3 (23648)
ACH-000890,3,15236174550567917661,21,UBA5 (79876)
ACH-000890,3,15236174550567917661,22,MRPL32 (64983)
ACH-000890,3,15236174550567917661,23,PPP6C (5537)
ACH-000890,3,15236174550567917661,24,SNRPB2 (6629)
ACH-000890,3,15236174550567917661,25,COX7C (1350)
ACH-000890,3,15236174550567917661,26,SEC62 (7095)
ACH-000890,3,15236174550567917661,27,ESCO2 (157570)
ACH-000890,3,15236174550567917661,28,SLC20A1 (6574)
ACH-000890,3,15236174550567917661,29,FOXA2 (3170)
ACH-000890,3,15236174550567917661,30,MRPS25 (64432)
ACH-000890,3,15236174550567917661,31,MAU2 (23383)
ACH-000890,3,15236174550567917661,32,MRPL39 (54148)
ACH-000890,3,15236174550567917661,33,USE1 (55850)
ACH-000890,3,15236174550567917661,34,XRCC2 (7516)
ACH-000890,3,15236174550567917661,35,PPAT (5471)
ACH-000890,3,15236174550567917661,36,SAMM50 (25813)
ACH-000890,3,15236174550567917661,37,TTC7A (57217)
ACH-000890,3,15236174550567917661,38,RRAGC (64121)
ACH-000890,3,15236174550567917661,39,INTS6 (26512)
ACH-000890,3,15236174550567917661,40,ADAR (103)
ACH-000890,3,15236174550567917661,41,TMED10 (10972)
ACH-000890,3,15236174550567917661,42,ELOF1 (84337)
ACH-000890,3,15236174550567917661,43,RBBP7 (5931)
ACH-000890,3,15236174550567917661,44,MRPS12 (6183)
ACH-000890,3,15236174550567917661,45,TUBE1 (51175)
ACH-000890,3,15236174550567917661,46,ISCA2 (122961)
ACH-000890,3,15236174550567917661,47,POP7 (10248)
ACH-000890,3,15236174550567917661,48,METAP1 (23173)
ACH-000890,3,15236174550567917661,49,TCF7L2 (6934)
ACH-000890,3,15236174550567917661,50,MED9 (55090)
ACH-000890,4,2711937573195041872,1,EAF1 (85403)
ACH-000890,4,2711937573195041872,2,COASY (80347)
ACH-000890,4,2711937573195041872,3,NAPG (8774)
ACH-000890,4,2711937573195041872,4,POP7 (10248)
ACH-000890,4,2711937573195041872,5,UBR5 (51366)
ACH-000890,4,2711937573195041872,6,FARS2 (10667)
ACH-000890,4,2711937573195041872,7,PFDN5 (5204)
ACH-000890,4,2711937573195041872,8,PHF12 (57649)
ACH-000890,4,2711937573195041872,9,CRLS1 (54675)
ACH-000890,4,2711937573195041872,10,GCN1 (10985)
ACH-000890,4,2711937573195041872,11,SMC5 (23137)
ACH-000890,4,2711937573195041872,12,TOE1 (114034)
ACH-000890,4,2711937573195041872,13,FOXA2 (3170)
ACH-000890,4,2711937573195041872,14,CTC1 (80169)
ACH-000890,4,2711937573195041872,15,TAFAZZIN (6901)
ACH-000890,4,2711937573195041872,16,CCND3 (896)
ACH-000890,4,2711937573195041872,17,VBP1 (7411)
ACH-000890,4,2711937573195041872,18,WDR83 (84292)
ACH-000890,4,2711937573195041872,19,TRIP13 (9319)
ACH-000890,4,2711937573195041872,20,KIF4A (24137)
ACH-000890,4,2711937573195041872,21,PPP6C (5537)
ACH-000890,4,2711937573195041872,22,TELO2 (9894)
ACH-000890,4,2711937573195041872,23,RNF168 (165918)
ACH-000890,4,2711937573195041872,24,PPP1R15B (84919)
ACH-000890,4,2711937573195041872,25,SMARCB1 (6598)
ACH-000890,4,2711937573195041872,26,COA6 (388753)
ACH-000890,4,2711937573195041872,27,FOSL1 (8061)
ACH-000890,4,2711937573195041872,28,PPIL1 (51645)
ACH-000890,4,2711937573195041872,29,TUBB3 (10381)
ACH-000890,4,2711937573195041872,30,DDX19A (55308)
ACH-000890,4,2711937573195041872,31,PTK2 (5747)
ACH-000890,4,2711937573195041872,32,DUSP4 (1846)
ACH-000890,4,2711937573195041872,33,PSMG2 (56984)
ACH-000890,4,2711937573195041872,34,NDUFC2 (4718)
ACH-000890,4,2711937573195041872,35,USP7 (7874)
ACH-000890,4,2711937573195041872,36,STAMBP (10617)
ACH-000890,4,2711937573195041872,37,HAUS8 (93323)
ACH-000890,4,2711937573195041872,38,MRPL49 (740)
ACH-000890,4,2711937573195041872,39,SAMM50 (25813)
ACH-000890,4,2711937573195041872,40,PITRM1 (10531)
ACH-000890,4,2711937573195041872,41,MRPS7 (51081)
ACH-000890,4,2711937573195041872,42,CDIN1 (84529)
ACH-000890,4,2711937573195041872,43,NDUFB10 (4716)
ACH-000890,4,2711937573195041872,44,PAGR1 (79447)
ACH-000890,4,2711937573195041872,45,FBXO42 (54455)
ACH-000890,4,2711937573195041872,46,DOLPP1 (57171)
ACH-000890,4,2711937573195041872,47,PDCD7 (10081)
ACH-000890,4,2711937573195041872,48,ENO1 (2023)
ACH-000890,4,2711937573195041872,49,ISCA2 (122961)
ACH-000890,4,2711937573195041872,50,YAP1 (10413)
ACH-000890,5,15295850152403328869,1,NAMPT (10135)
ACH-000890,5,15295850152403328869,2,MVD (4597)
ACH-000890,5,15295850152403328869,3,RPUSD4 (84881)
ACH-000890,5,15295850152403328869,4,EEFSEC (60678)
ACH-000890,5,15295850152403328869,5,VPS33A (65082)
ACH-000890,5,15295850152403328869,6,RPP25L (138716)
ACH-000890,5,15295850152403328869,7,PFDN1 (5201)
ACH-000890,5,15295850152403328869,8,NDUFB4 (4710)
ACH-000890,5,15295850152403328869,9,OXSM (54995)
ACH-000890,5,15295850152403328869,10,HEMK2 (29104)
ACH-000890,5,15295850152403328869,11,KLF5 (688)
ACH-000890,5,15295850152403328869,12,TIGD3 (220359)
ACH-000890,5,15295850152403328869,13,DSCC1 (79075)
ACH-000890,5,15295850152403328869,14,STN1 (79991)
ACH-000890,5,15295850152403328869,15,SLC2A1 (6513)
ACH-000890,5,15295850152403328869,16,CCND3 (896)
ACH-000890,5,15295850152403328869,17,USE1 (55850)
ACH-000890,5,15295850152403328869,18,UBE2C (11065)
ACH-000890,5,15295850152403328869,19,FURIN (5045)
ACH-000890,5,15295850152403328869,20,OTUD5 (55593)
ACH-000890,5,15295850152403328869,21,MED1 (5469)
ACH-000890,5,15295850152403328869,22,PHF12 (57649)
ACH-000890,5,15295850152403328869,23,AMBRA1 (55626)
ACH-000890,5,15295850152403328869,24,LMNA (4000)
ACH-000890,5,15295850152403328869,25,SLC33A1 (9197)
ACH-000890,5,15295850152403328869,26,WDR73 (84942)
ACH-000890,5,15295850152403328869,27,GRSF1 (2926)
ACH-000890,5,15295850152403328869,28,MED12 (9968)
ACH-000890,5,15295850152403328869,29,RHOA (387)
ACH-000890,5,15295850152403328869,30,UBA5 (79876)
ACH-000890,5,15295850152403328869,31,TAFAZZIN (6901)
ACH-000890,5,15295850152403328869,32,CTNNB1 (1499)
ACH-000890,5,15295850152403328869,33,XRCC2 (7516)
ACH-000890,5,15295850152403328869,34,PRKRA (8575)
ACH-000890,5,15295850152403328869,35,METTL1 (4234)
ACH-000890,5,15295850152403328869,36,TIMM17A (10440)
ACH-000890,5,15295850152403328869,37,EXOSC10 (5394)
ACH-000890,5,15295850152403328869,38,BCL9L (283149)
ACH-000890,5,15295850152403328869,39,VPS4B (9525)
ACH-000890,5,15295850152403328869,40,IGF1R (3480)
ACH-000890,5,15295850152403328869,41,MED24 (9862)
ACH-000890,5,15295850152403328869,42,ATP1B3 (483)
ACH-000890,5,15295850152403328869,43,MRPS5 (64969)
ACH-000890,5,15295850152403328869,44,TRIM37 (4591)
ACH-000890,5,15295850152403328869,45,FPGS (2356)
ACH-000890,5,15295850152403328869,46,SOCS3 (9021)
ACH-000890,5,15295850152403328869,47,TSC2 (7249)
ACH-000890,5,15295850152403328869,48,MRPL15 (29088)
ACH-000890,5,15295850152403328869,49,LAMTOR2 (28956)
ACH-000890,5,15295850152403328869,50,KDM2A (22992)
ACH-000890,6,7246801323686665283,1,HYCC2 (285172)
ACH-000890,6,7246801323686665283,2,ATP6V0E1 (8992)
ACH-000890,6,7246801323686665283,3,LDB1 (8861)
ACH-000890,6,7246801323686665283,4,MRPL38 (64978)
ACH-000890,6,7246801323686665283,5,FARS2 (10667)
ACH-000890,6,7246801323686665283,6,STAG2 (10735)
ACH-000890,6,7246801323686665283,7,UMPS (7372)
ACH-000890,6,7246801323686665283,8,TRPM7 (54822)
ACH-000890,6,7246801323686665283,9,TAPT1 (202018)
ACH-000890,6,7246801323686665283,10,ATP2B1 (490)
ACH-000890,6,7246801323686665283,11,EARS2 (124454)
ACH-000890,6,7246801323686665283,12,SMG7 (9887)
ACH-000890,6,7246801323686665283,13,VPS4A (27183)
ACH-000890,6,7246801323686665283,14,YME1L1 (10730)
ACH-000890,6,7246801323686665283,15,GEMIN4 (50628)
ACH-000890,6,7246801323686665283,16,IRF2BP2 (359948)
ACH-000890,6,7246801323686665283,17,VBP1 (7411)
ACH-000890,6,7246801323686665283,18,NRAS (4893)
ACH-000890,6,7246801323686665283,19,KIF4A (24137)
ACH-000890,6,7246801323686665283,20,SHOC2 (8036)
ACH-000890,6,7246801323686665283,21,RIC1 (57589)
ACH-000890,6,7246801323686665283,22,TEDC1 (283643)
ACH-000890,6,7246801323686665283,23,MRPS6 (64968)
ACH-000890,6,7246801323686665283,24,PDCD5 (9141)
ACH-000890,6,7246801323686665283,25,ADAR (103)
ACH-000890,6,7246801323686665283,26,MRPL53 (116540)
ACH-000890,6,7246801323686665283,27,RAB10 (10890)
ACH-000890,6,7246801323686665283,28,USP8 (9101)
ACH-000890,6,7246801323686665283,29,SCAP (22937)
ACH-000890,6,7246801323686665283,30,KCTD5 (54442)
ACH-000890,6,7246801323686665283,31,MRPS10 (55173)
ACH-000890,6,7246801323686665283,32,GABPB1 (2553)
ACH-000890,6,7246801323686665283,33,UBIAD1 (29914)
ACH-000890,6,7246801323686665283,34,NDUFAB1 (4706)
ACH-000890,6,7246801323686665283,35,ELOF1 (84337)
ACH-000890,6,7246801323686665283,36,WDR1 (9948)
ACH-000890,6,7246801323686665283,37,VPS4B (9525)
ACH-000890,6,7246801323686665283,38,FAM50A (9130)
ACH-000890,6,7246801323686665283,39,JTB (10899)
ACH-000890,6,7246801323686665283,40,MRPS5 (64969)
ACH-000890,6,7246801323686665283,41,ZEB1 (6935)
ACH-000890,6,7246801323686665283,42,NPEPPS (9520)
ACH-000890,6,7246801323686665283,43,TEAD1 (7003)
ACH-000890,6,7246801323686665283,44,TRIM37 (4591)
ACH-000890,6,7246801323686665283,45,ACSL3 (2181)
ACH-000890,6,7246801323686665283,46,MTHFD1 (4522)
ACH-000890,6,7246801323686665283,47,ARID2 (196528)
ACH-000890,6,7246801323686665283,48,OPA1 (4976)
ACH-000890,6,7246801323686665283,49,SLC16A1 (6566)
ACH-000890,6,7246801323686665283,50,WDR7 (23335)
ACH-000890,7,13348541222986182177,1,RARS2 (57038)
ACH-000890,7,13348541222986182177,2,GLMN (11146)
ACH-000890,7,13348541222986182177,3,NDUFC2 (4718)
ACH-000890,7,13348541222986182177,4,TRERF1 (55809)
ACH-000890,7,13348541222986182177,5,PTMA (5757)
ACH-000890,7,13348541222986182177,6,PARD6B (84612)
ACH-000890,7,13348541222986182177,7,DDX5 (1655)
ACH-000890,7,13348541222986182177,8,NDUFB11 (54539)
ACH-000890,7,13348541222986182177,9,APC (324)
ACH-000890,7,13348541222986182177,10,PFDN1 (5201)
ACH-000890,7,13348541222986182177,11,WDR83 (84292)
ACH-000890,7,13348541222986182177,12,CCDC51 (79714)
ACH-000890,7,13348541222986182177,13,MIPEP (4285)
ACH-000890,7,13348541222986182177,14,KANSL1 (284058)
ACH-000890,7,13348541222986182177,15,ANKRD49 (54851)
ACH-000890,7,13348541222986182177,16,MICOS10 (440574)
ACH-000890,7,13348541222986182177,17,FAM50A (9130)
ACH-000890,7,13348541222986182177,18,ARID1B (57492)
ACH-000890,7,13348541222986182177,19,MRPS6 (64968)
ACH-000890,7,13348541222986182177,20,SOX10 (6663)
ACH-000890,7,13348541222986182177,21,SLC33A1 (9197)
ACH-000890,7,13348541222986182177,22,RAD51C (5889)
ACH-000890,7,13348541222986182177,23,COX10 (1352)
ACH-000890,7,13348541222986182177,24,MRPL39 (54148)
ACH-000890,7,13348541222986182177,25,NDUFB10 (4716)
ACH-000890,7,13348541222986182177,26,ITGB5 (3693)
ACH-000890,7,13348541222986182177,27,HAUS8 (93323)
ACH-000890,7,13348541222986182177,28,PTPN11 (5781)
ACH-000890,7,13348541222986182177,29,ZFX (7543)
ACH-000890,7,13348541222986182177,30,VEZF1 (7716)
ACH-000890,7,13348541222986182177,31,ZFP36L1 (677)
ACH-000890,7,13348541222986182177,32,CEP85 (64793)
ACH-000890,7,13348541222986182177,33,FBXW11 (23291)
ACH-000890,7,13348541222986182177,34,BPTF (2186)
ACH-000890,7,13348541222986182177,35,PPP2R2A (5520)
ACH-000890,7,13348541222986182177,36,RPL22L1 (200916)
ACH-000890,7,13348541222986182177,37,PNKP (11284)
ACH-000890,7,13348541222986182177,38,IPPK (64768)
ACH-000890,7,13348541222986182177,39,PFN1 (5216)
ACH-000890,7,13348541222986182177,40,MRPL53 (116540)
ACH-000890,7,13348541222986182177,41,KIF14 (9928)
ACH-000890,7,13348541222986182177,42,AMBRA1 (55626)
ACH-000890,7,13348541222986182177,43,BRAF (673)
ACH-000890,7,13348541222986182177,44,SMARCE1 (6605)
ACH-000890,7,13348541222986182177,45,STK11 (6794)
ACH-000890,7,13348541222986182177,46,RAB10 (10890)
ACH-000890,7,13348541222986182177,47,ATP5F1B (506)
ACH-000890,7,13348541222986182177,48,ARF4 (378)
ACH-000890,7,13348541222986182177,49,TKT (7086)
ACH-000890,7,13348541222986182177,50,LSM12 (124801)
ACH-000890,8,10574379113961593499,1,SSBP3 (23648)
ACH-000890,8,10574379113961593499,2,PTPN11 (5781)
ACH-000890,8,10574379113961593499,3,UBAP2L (9898)
ACH-000890,8,10574379113961593499,4,PFN1 (5216)
ACH-000890,8,10574379113961593499,5,HSP90B1 (7184)
ACH-000890,8,10574379113961593499,6,CCNC (892)
ACH-000890,8,10574379113961593499,7,TRPM7 (54822)
ACH-000890,8,10574379113961593499,8,INTS6 (26512)
ACH-000890,8,10574379113961593499,9,DHX29 (54505)
ACH-000890,8,10574379113961593499,10,DAP3 (7818)
ACH-000890,8,10574379113961593499,11,TMED2 (10959)
ACH-000890,8,10574379113961593499,12,TUBE1 (51175)
ACH-000890,8,10574379113961593499,13,GPX4 (2879)
ACH-000890,8,10574379113961593499,14,TCOF1 (6949)
ACH-000890,8,10574379113961593499,15,WDR1 (9948)
ACH-000890,8,10574379113961593499,16,TADA1 (117143)
ACH-000890,8,10574379113961593499,17,UBE2S (27338)
ACH-000890,8,10574379113961593499,18,SUGT1 (10910)
ACH-000890,8,10574379113961593499,19,METTL1 (4234)
ACH-000890,8,10574379113961593499,20,PET117 (100303755)
ACH-000890,8,10574379113961593499,21,TSC1 (7248)
ACH-000890,8,10574379113961593499,22,KIF18B (146909)
ACH-000890,8,10574379113961593499,23,ZNF407 (55628)
ACH-000890,8,10574379113961593499,24,CUL3 (8452)
ACH-000890,8,10574379113961593499,25,LRPPRC (10128)
ACH-000890,8,10574379113961593499,26,SNRPB2 (6629)
ACH-000890,8,10574379113961593499,27,GPI (2821)
ACH-000890,8,10574379113961593499,28,VPS4B (9525)
ACH-000890,8,10574379113961593499,29,SMCHD1 (23347)
ACH-000890,8,10574379113961593499,30,EP300 (2033)
ACH-000890,8,10574379113961593499,31,MIOS (54468)
ACH-000890,8,10574379113961593499,32,UXS1 (80146)
ACH-000890,8,10574379113961593499,33,GMPS (8833)
ACH-000890,8,10574379113961593499,34,HNF1B (6928)
ACH-000890,8,10574379113961593499,35,CFLAR (8837)
ACH-000890,8,10574379113961593499,36,DDX3X (1654)
ACH-000890,8,10574379113961593499,37,TOMM70 (9868)
ACH-000890,8,10574379113961593499,38,PKN2 (5586)
ACH-000890,8,10574379113961593499,39,TEDC1 (283643)
ACH-000890,8,10574379113961593499,40,EGLN1 (54583)
ACH-000890,8,10574379113961593499,41,TEN1 (100134934)
ACH-000890,8,10574379113961593499,42,YME1L1 (10730)
ACH-000890,8,10574379113961593499,43,RRAGC (64121)
ACH-000890,8,10574379113961593499,44,TAF1D (79101)
ACH-000890,8,10574379113961593499,45,TRIP13 (9319)
ACH-000890,8,10574379113961593499,46,ADAR (103)
ACH-000890,8,10574379113961593499,47,FXN (2395)
ACH-000890,8,10574379113961593499,48,KRTCAP2 (200185)
ACH-000890,8,10574379113961593499,49,PTMA (5757)
ACH-000890,8,10574379113961593499,50,FGFR1 (2260)
ACH-000890,9,1095815097698870778,1,GRB2 (2885)
ACH-000890,9,1095815097698870778,2,TFRC (7037)
ACH-000890,9,1095815097698870778,3,UMPS (7372)
ACH-000890,9,1095815097698870778,4,INTS6 (26512)
ACH-000890,9,1095815097698870778,5,SLC20A1 (6574)
ACH-000890,9,1095815097698870778,6,NRAS (4893)
ACH-000890,9,1095815097698870778,7,DYNLL1 (8655)
ACH-000890,9,1095815097698870778,8,TRIM28 (10155)
ACH-000890,9,1095815097698870778,9,AMBRA1 (55626)
ACH-000890,9,1095815097698870778,10,VARS2 (57176)
ACH-000890,9,1095815097698870778,11,TOE1 (114034)
ACH-000890,9,1095815097698870778,12,MRPL38 (64978)
ACH-000890,9,1095815097698870778,13,COASY (80347)
ACH-000890,9,1095815097698870778,14,MIPEP (4285)
ACH-000890,9,1095815097698870778,15,MRPS34 (65993)
ACH-000890,9,1095815097698870778,16,PRPF39 (55015)
ACH-000890,9,1095815097698870778,17,NDUFB4 (4710)
ACH-000890,9,1095815097698870778,18,CDH1 (999)
ACH-000890,9,1095815097698870778,19,PAICS (10606)
ACH-000890,9,1095815097698870778,20,PET117 (100303755)
ACH-000890,9,1095815097698870778,21,RFK (55312)
ACH-000890,9,1095815097698870778,22,ZNF217 (7764)
ACH-000890,9,1095815097698870778,23,ZEB1 (6935)
ACH-000890,9,1095815097698870778,24,CSNK1A1 (1452)
ACH-000890,9,1095815097698870778,25,SMCHD1 (23347)
ACH-000890,9,1095815097698870778,26,MDM4 (4194)
ACH-000890,9,1095815097698870778,27,USE1 (55850)
ACH-000890,9,1095815097698870778,28,TAMM41 (132001)
ACH-000890,9,1095815097698870778,29,MRPL15 (29088)
ACH-000890,9,1095815097698870778,30,USP7 (7874)
ACH-000890,9,1095815097698870778,31,MFN2 (9927)
ACH-000890,9,1095815097698870778,32,SARNP (84324)
ACH-000890,9,1095815097698870778,33,TADA1 (117143)
ACH-000890,9,1095815097698870778,34,MDM2 (4193)
ACH-000890,9,1095815097698870778,35,ELMO2 (63916)
ACH-000890,9,1095815097698870778,36,KIF4A (24137)
ACH-000890,9,1095815097698870778,37,TUBE1 (51175)
ACH-000890,9,1095815097698870778,38,CRLS1 (54675)
ACH-000890,9,1095815097698870778,39,ARID2 (196528)
ACH-000890,9,1095815097698870778,40,CTNNB1 (1499)
ACH-000890,9,1095815097698870778,41,ATP5F1D (513)
ACH-000890,9,1095815097698870778,42,WTAP (9589)
ACH-000890,9,1095815097698870778,43,PCNX3 (399909)
ACH-000890,9,1095815097698870778,44,FDXR (2232)
ACH-000890,9,1095815097698870778,45,IER3IP1 (51124)
ACH-000890,9,1095815097698870778,46,SEC62 (7095)
ACH-000890,9,1095815097698870778,47,COX10 (1352)
ACH-000890,9,1095815097698870778,48,STEEP1 (63932)
ACH-000890,9,1095815097698870778,49,EXOC1 (55763)
ACH-000890,9,1095815097698870778,50,VRK1 (7443)
ACH-000890,10,17092929146608246100,1,ELAVL1 (1994)
ACH-000890,10,17092929146608246100,2,IPPK (64768)
ACH-000890,10,17092929146608246100,3,ELP2 (55250)
ACH-000890,10,17092929146608246100,4,NDUFA8 (4702)
ACH-000890,10,17092929146608246100,5,MCMBP (79892)
ACH-000890,10,17092929146608246100,6,FDPS (2224)
ACH-000890,10,17092929146608246100,7,BRCA1 (672)
ACH-000890,10,17092929146608246100,8,ATL2 (64225)
ACH-000890,10,17092929146608246100,9,TDP2 (51567)
ACH-000890,10,17092929146608246100,10,MRPL4 (51073)
ACH-000890,10,17092929146608246100,11,GEMIN4 (50628)
ACH-000890,10,17092929146608246100,12,MBTPS2 (51360)
ACH-000890,10,17092929146608246100,13,CHMP5 (51510)
ACH-000890,10,17092929146608246100,14,USP8 (9101)
ACH-000890,10,17092929146608246100,15,TCOF1 (6949)
ACH-000890,10,17092929146608246100,16,MRPS25 (64432)
ACH-000890,10,17092929146608246100,17,UBE2H (7328)
ACH-000890,10,17092929146608246100,18,FAF2 (23197)
ACH-000890,10,17092929146608246100,19,PCYT1A (5130)
ACH-000890,10,17092929146608246100,20,MEN1 (4221)
ACH-000890,10,17092929146608246100,21,SMARCE1 (6605)
ACH-000890,10,17092929146608246100,22,SCD (6319)
ACH-000890,10,17092929146608246100,23,VEZF1 (7716)
ACH-000890,10,17092929146608246100,24,MRPL38 (64978)
ACH-000890,10,17092929146608246100,25,ACLY (47)
ACH-000890,10,17092929146608246100,26,SERBP1 (26135)
ACH-000890,10,17092929146608246100,27,METTL17 (64745)
ACH-000890,10,17092929146608246100,28,VHL (7428)
ACH-000890,10,17092929146608246100,29,EIF2AK4 (440275)
ACH-000890,10,17092929146608246100,30,NDUFB11 (54539)
ACH-000890,10,17092929146608246100,31,PAGR1 (79447)
ACH-000890,10,17092929146608246100,32,MIPEP (4285)
ACH-000890,10,17092929146608246100,33,MRPL15 (29088)
ACH-000890,10,17092929146608246100,34,PTPMT1 (114971)
ACH-000890,10,17092929146608246100,35,UBQLN4 (56893)
ACH-000890,10,17092929146608246100,36,EAPP (55837)
ACH-000890,10,17092929146608246100,37,PKN2 (5586)
ACH-000890,10,17092929146608246100,38,TRIM28 (10155)
ACH-000890,10,17092929146608246100,39,PPM1D (8493)
ACH-000890,10,17092929146608246100,40,WNK1 (65125)
ACH-000890,10,17092929146608246100,41,DSCC1 (79075)
ACH-000890,10,17092929146608246100,42,TRIT1 (54802)
ACH-000890,10,17092929146608246100,43,WASHC2C (253725)
ACH-000890,10,17092929146608246100,44,ISCA2 (122961)
ACH-000890,10,17092929146608246100,45,COA7 (65260)
ACH-000890,10,17092929146608246100,46,MRPS14 (63931)
ACH-000890,10,17092929146608246100,47,TIPRL (261726)
ACH-000890,10,17092929146608246100,48,TUBE1 (51175)
ACH-000890,10,17092929146608246100,49,PARD6B (84612)
ACH-000890,10,17092929146608246100,50,RARS2 (57038)
ACH-000890,11,10124183500316998696,1,CTDSPL2 (51496)
ACH-000890,11,10124183500316998696,2,AP2M1 (1173)
ACH-000890,11,10124183500316998696,3,IRS2 (8660)
ACH-000890,11,10124183500316998696,4,DNM1L (10059)
ACH-000890,11,10124183500316998696,5,USP1 (7398)
ACH-000890,11,10124183500316998696,6,PGP (283871)
ACH-000890,11,10124183500316998696,7,THAP11 (57215)
ACH-000890,11,10124183500316998696,8,NDE1 (54820)
ACH-000890,11,10124183500316998696,9,TOE1 (114034)
ACH-000890,11,10124183500316998696,10,ACSL3 (2181)
ACH-000890,11,10124183500316998696,11,LRPPRC (10128)
ACH-000890,11,10124183500316998696,12,MRPS7 (51081)
ACH-000890,11,10124183500316998696,13,KIF20A (10112)
ACH-000890,11,10124183500316998696,14,UBR5 (51366)
ACH-000890,11,10124183500316998696,15,GEMIN7 (79760)
ACH-000890,11,10124183500316998696,16,RIC8A (60626)
ACH-000890,11,10124183500316998696,17,RHEB (6009)
ACH-000890,11,10124183500316998696,18,CDK4 (1019)
ACH-000890,11,10124183500316998696,19,APC (324)
ACH-000890,11,10124183500316998696,20,FBXW11 (23291)
ACH-000890,11,10124183500316998696,21,MAPK1 (5594)
ACH-000890,11,10124183500316998696,22,TUBB3 (10381)
ACH-000890,11,10124183500316998696,23,POLE3 (54107)
ACH-000890,11,10124183500316998696,24,WRN (7486)
ACH-000890,11,10124183500316998696,25,NAPG (8774)
ACH-000890,11,10124183500316998696,26,NOA1 (84273)
ACH-000890,11,10124183500316998696,27,HSP90B1 (7184)
ACH-000890,11,10124183500316998696,28,BRCA1 (672)
ACH-000890,11,10124183500316998696,29,PARD6B (84612)
ACH-000890,11,10124183500316998696,30,MICOS10 (440574)
ACH-000890,11,10124183500316998696,31,VPS4B (9525)
ACH-000890,11,10124183500316998696,32,FOSL1 (8061)
ACH-000890,11,10124183500316998696,33,FAM98B (283742)
ACH-000890,11,10124183500316998696,34,H2BC5 (3017)
ACH-000890,11,10124183500316998696,35,FAM185A (222234)
ACH-000890,11,10124183500316998696,36,PMM2 (5373)
ACH-000890,11,10124183500316998696,37,NSMCE4A (54780)
ACH-000890,11,10124183500316998696,38,TIMM17A (10440)
ACH-000890,11,10124183500316998696,39,FZD5 (7855)
ACH-000890,11,10124183500316998696,40,CREBBP (1387)
ACH-000890,11,10124183500316998696,41,EFR3A (23167)
ACH-000890,11,10124183500316998696,42,CYC1 (1537)
ACH-000890,11,10124183500316998696,43,FAM50A (9130)
ACH-000890,11,10124183500316998696,44,SRSF10 (10772)
ACH-000890,11,10124183500316998696,45,RHOA (387)
ACH-000890,11,10124183500316998696,46,STAG2 (10735)
ACH-000890,11,10124183500316998696,47,ATIC (471)
ACH-000890,11,10124183500316998696,48,CBFB (865)
ACH-000890,11,10124183500316998696,49,TAF5L (27097)
ACH-000890,11,10124183500316998696,50,WDR7 (23335)
ACH-000890,12,16244527578398422857,1,TFAM (7019)
ACH-000890,12,16244527578398422857,2,FGFR1 (2260)
ACH-000890,12,16244527578398422857,3,MRPL38 (64978)
ACH-000890,12,16244527578398422857,4,PRKRA (8575)
ACH-000890,12,16244527578398422857,5,AHCYL1 (10768)
ACH-000890,12,16244527578398422857,6,WDR73 (84942)
ACH-000890,12,16244527578398422857,7,ITGAV (3685)
ACH-000890,12,16244527578398422857,8,PAGR1 (79447)
ACH-000890,12,16244527578398422857,9,ACTR3 (10096)
ACH-000890,12,16244527578398422857,10,PAICS (10606)
ACH-000890,12,16244527578398422857,11,METTL17 (64745)
ACH-000890,12,16244527578398422857,12,LDLR (3949)
ACH-000890,12,16244527578398422857,13,MED9 (55090)
ACH-000890,12,16244527578398422857,14,NONO (4841)
ACH-000890,12,16244527578398422857,15,TOMM20 (9804)
ACH-000890,12,16244527578398422857,16,SCAP (22937)
ACH-000890,12,16244527578398422857,17,TUBB3 (10381)
ACH-000890,12,16244527578398422857,18,FAM98B (283742)
ACH-000890,12,16244527578398422857,19,IRS2 (8660)
ACH-000890,12,16244527578398422857,20,KNTC1 (9735)
ACH-000890,12,16244527578398422857,21,CDAN1 (146059)
ACH-000890,12,16244527578398422857,22,XRCC3 (7517)
ACH-000890,12,16244527578398422857,23,UBE2S (27338)
ACH-000890,12,16244527578398422857,24,PSMG1 (8624)
ACH-000890,12,16244527578398422857,25,UBE2D3 (7323)
ACH-000890,12,16244527578398422857,26,FDPS (2224)
ACH-000890,12,16244527578398422857,27,EXOC1 (55763)
ACH-000890,12,16244527578398422857,28,STAMBP (10617)
ACH-000890,12,16244527578398422857,29,PRRC2A (7916)
ACH-000890,12,16244527578398422857,30,PITRM1 (10531)
ACH-000890,12,16244527578398422857,31,RNF4 (6047)
ACH-000890,12,16244527578398422857,32,NAA20 (51126)
ACH-000890,12,16244527578398422857,33,FLII (2314)
ACH-000890,12,16244527578398422857,34,MICOS10 (440574)
ACH-000890,12,16244527578398422857,35,ICE2 (79664)
ACH-000890,12,16244527578398422857,36,GMPS (8833)
ACH-000890,12,16244527578398422857,37,ASNS (440)
ACH-000890,12,16244527578398422857,38,BCL9L (283149)
ACH-000890,12,16244527578398422857,39,ENO1 (2023)
ACH-000890,12,16244527578398422857,40,FARS2 (10667)
ACH-000890,12,16244527578398422857,41,MRPL53 (116540)
ACH-000890,12,16244527578398422857,42,SUGT1 (10910)
ACH-000890,12,16244527578398422857,43,MLST8 (64223)
ACH-000890,12,16244527578398422857,44,UQCRC2 (7385)
ACH-000890,12,16244527578398422857,45,USP1 (7398)
ACH-000890,12,16244527578398422857,46,LRPPRC (10128)
ACH-000890,12,16244527578398422857,47,PET117 (100303755)
ACH-000890,12,16244527578398422857,48,MAD2L1BP (9587)
ACH-000890,12,16244527578398422857,49,TAMM41 (132001)
ACH-000890,12,16244527578398422857,50,DNAJC13 (23317)
ACH-000890,13,3952216034815043636,1,EARS2 (124454)
ACH-000890,13,3952216034815043636,2,HARS2 (23438)
ACH-000890,13,3952216034815043636,3,LRPPRC (10128)
ACH-000890,13,3952216034815043636,4,NUP50 (10762)
ACH-000890,13,3952216034815043636,5,GFM1 (85476)
ACH-000890,13,3952216034815043636,6,UBQLN4 (56893)
ACH-000890,13,3952216034815043636,7,SLC33A1 (9197)
ACH-000890,13,3952216034815043636,8,MTPAP (55149)
ACH-000890,13,3952216034815043636,9,MAU2 (23383)
ACH-000890,13,3952216034815043636,10,ADSS2 (159)
ACH-000890,13,3952216034815043636,11,PFN1 (5216)
ACH-000890,13,3952216034815043636,12,CSNK1A1 (1452)
ACH-000890,13,3952216034815043636,13,PET117 (100303755)
ACH-000890,13,3952216034815043636,14,ATP1B3 (483)
ACH-000890,13,3952216034815043636,15,TIMM29 (90580)
ACH-000890,13,3952216034815043636,16,PSMG2 (56984)
ACH-000890,13,3952216034815043636,17,MAPK14 (1432)
ACH-000890,13,3952216034815043636,18,TFAM (7019)
ACH-000890,13,3952216034815043636,19,PFDN5 (5204)
ACH-000890,13,3952216034815043636,20,FERMT2 (10979)
ACH-000890,13,3952216034815043636,21,SOCS3 (9021)
ACH-000890,13,3952216034815043636,22,CCNB1 (891)
ACH-000890,13,3952216034815043636,23,CCAR1 (55749)
ACH-000890,13,3952216034815043636,24,COP1 (64326)
ACH-000890,13,3952216034815043636,25,MYB (4602)
ACH-000890,13,3952216034815043636,26,FURIN (5045)
ACH-000890,13,3952216034815043636,27,ZNF407 (55628)
ACH-000890,13,3952216034815043636,28,EGLN1 (54583)
ACH-000890,13,3952216034815043636,29,TFRC (7037)
ACH-000890,13,3952216034815043636,30,SSBP1 (6742)
ACH-000890,13,3952216034815043636,31,USP8 (9101)
ACH-000890,13,3952216034815043636,32,SGF29 (112869)
ACH-000890,13,3952216034815043636,33,CRIPTO (6997)
ACH-000890,13,3952216034815043636,34,RPUSD4 (84881)
ACH-000890,13,3952216034815043636,35,TAF1D (79101)
ACH-000890,13,3952216034815043636,36,FPGS (2356)
ACH-000890,13,3952216034815043636,37,ACLY (47)
ACH-000890,13,3952216034815043636,38,ZEB1 (6935)
ACH-000890,13,3952216034815043636,39,HNRNPA2B1 (3181)
ACH-000890,13,3952216034815043636,40,IMPDH2 (3615)
ACH-000890,13,3952216034815043636,41,PPP2R3C (55012)
ACH-000890,13,3952216034815043636,42,SREBF1 (6720)
ACH-000890,13,3952216034815043636,43,NMT1 (4836)
ACH-000890,13,3952216034815043636,44,ANLN (54443)
ACH-000890,13,3952216034815043636,45,ENO1 (2023)
ACH-000890,13,3952216034815043636,46,XRN1 (54464)
ACH-000890,13,3952216034815043636,47,ATP6V1H (51606)
ACH-000890,13,3952216034815043636,48,SLC20A1 (6574)
ACH-000890,13,3952216034815043636,49,ACSL3 (2181)
ACH-000890,13,3952216034815043636,50,MRPL49 (740)
ACH-000890,14,8449230259969691209,1,MBTPS2 (51360)
ACH-000890,14,8449230259969691209,2,MYBBP1A (10514)
ACH-000890,14,8449230259969691209,3,FERMT1 (55612)
ACH-000890,14,8449230259969691209,4,KCTD5 (54442)
ACH-000890,14,8449230259969691209,5,MCL1 (4170)
ACH-000890,14,8449230259969691209,6,GLMN (11146)
ACH-000890,14,8449230259969691209,7,PTMA (5757)
ACH-000890,14,8449230259969691209,8,CCDC51 (79714)
ACH-000890,14,8449230259969691209,9,SHOC2 (8036)
ACH-000890,14,8449230259969691209,10,ARPC4 (10093)
ACH-000890,14,8449230259969691209,11,PRKRA (8575)
ACH-000890,14,8449230259969691209,12,GABPA (2551)
ACH-000890,14,8449230259969691209,13,SRSF10 (10772)
ACH-000890,14,8449230259969691209,14,MRPL18 (29074)
ACH-000890,14,8449230259969691209,15,PPP1CA (5499)
ACH-000890,14,8449230259969691209,16,CFL1 (1072)
ACH-000890,14,8449230259969691209,17,GOLT1B (51026)
ACH-000890,14,8449230259969691209,18,MRPL55 (128308)
ACH-000890,14,8449230259969691209,19,EAF1 (85403)
ACH-000890,14,8449230259969691209,20,POLRMT (5442)
ACH-000890,14,8449230259969691209,21,UBAP2L (9898)
ACH-000890,14,8449230259969691209,22,MVD (4597)
ACH-000890,14,8449230259969691209,23,COX7C (1350)
ACH-000890,14,8449230259969691209,24,CCNB1 (891)
ACH-000890,14,8449230259969691209,25,KNTC1 (9735)
ACH-000890,14,8449230259969691209,26,FZD5 (7855)
ACH-000890,14,8449230259969691209,27,IRF2BP2 (359948)
ACH-000890,14,8449230259969691209,28,MRPS34 (65993)
ACH-000890,14,8449230259969691209,29,NAMPT (10135)
ACH-000890,14,8449230259969691209,30,ATIC (471)
ACH-000890,14,8449230259969691209,31,MYB (4602)
ACH-000890,14,8449230259969691209,32,SQLE (6713)
ACH-000890,14,8449230259969691209,33,CSNK1A1 (1452)
ACH-000890,14,8449230259969691209,34,OPA1 (4976)
ACH-000890,14,8449230259969691209,35,DLST (1743)
ACH-000890,14,8449230259969691209,36,SAMD4B (55095)
ACH-000890,14,8449230259969691209,37,AIFM1 (9131)
ACH-000890,14,8449230259969691209,38,MRPL49 (740)
ACH-000890,14,8449230259969691209,39,ARF4 (378)
ACH-000890,14,8449230259969691209,40,DOLPP1 (57171)
ACH-000890,14,8449230259969691209,41,DUSP4 (1846)
ACH-000890,14,8449230259969691209,42,PFAS (5198)
ACH-000890,14,8449230259969691209,43,MTG1 (92170)
ACH-000890,14,8449230259969691209,44,DDX5 (1655)
ACH-000890,14,8449230259969691209,45,MRPS24 (64951)
ACH-000890,14,8449230259969691209,46,SCAP (22937)
ACH-000890,14,8449230259969691209,47,CCDC6 (8030)
ACH-000890,14,8449230259969691209,48,METTL17 (64745)
ACH-000890,14,8449230259969691209,49,P2RY6 (5031)
ACH-000890,14,8449230259969691209,50,ZWINT (11130)
ACH-000890,15,10916694406488491774,1,STAG2 (10735)
ACH-000890,15,10916694406488491774,2,POLRMT (5442)
ACH-000890,15,10916694406488491774,3,PARD6B (84612)
ACH-000890,15,10916694406488491774,4,MYBL2 (4605)
ACH-000890,15,10916694406488491774,5,COX15 (1355)
ACH-000890,15,10916694406488491774,6,SMCHD1 (23347)
ACH-000890,15,10916694406488491774,7,DNAJB13 (374407)
ACH-000890,15,10916694406488491774,8,NHLRC2 (374354)
ACH-000890,15,10916694406488491774,9,KRAS (3845)
ACH-000890,15,10916694406488491774,10,TIGD3 (220359)
ACH-000890,15,10916694406488491774,11,ANAPC15 (25906)
ACH-000890,15,10916694406488491774,12,NAMPT (10135)
ACH-000890,15,10916694406488491774,13,RGP1 (9827)
ACH-000890,15,10916694406488491774,14,SEPHS2 (22928)
ACH-000890,15,10916694406488491774,15,VPS4A (27183)
ACH-000890,15,10916694406488491774,16,MRPS24 (64951)
ACH-000890,15,10916694406488491774,17,PFDN5 (5204)
ACH-000890,15,10916694406488491774,18,PDCD7 (10081)
ACH-000890,15,10916694406488491774,19,KNTC1 (9735)
ACH-000890,15,10916694406488491774,20,DAP3 (7818)
ACH-000890,15,10916694406488491774,21,POP7 (10248)
ACH-000890,15,10916694406488491774,22,AMBRA1 (55626)
ACH-000890,15,10916694406488491774,23,FDX1 (2230)
ACH-000890,15,10916694406488491774,24,EIF2AK4 (440275)
ACH-000890,15,10916694406488491774,25,LIPT1 (51601)
ACH-000890,15,10916694406488491774,26,STN1 (79991)
ACH-000890,15,10916694406488491774,27,CCAR1 (55749)
ACH-000890,15,10916694406488491774,28,IMPDH2 (3615)
ACH-000890,15,10916694406488491774,29,ACLY (47)
ACH-000890,15,10916694406488491774,30,MYH9 (4627)
ACH-000890,15,10916694406488491774,31,LSM12 (124801)
ACH-000890,15,10916694406488491774,32,ITGB1 (3688)
ACH-000890,15,10916694406488491774,33,BIRC6 (57448)
ACH-000890,15,10916694406488491774,34,SGF29 (112869)
ACH-000890,15,10916694406488491774,35,SARS2 (54938)
ACH-000890,15,10916694406488491774,36,NIPBL (25836)
ACH-000890,15,10916694406488491774,37,TAFAZZIN (6901)
ACH-000890,15,10916694406488491774,38,TIMM17A (10440)
ACH-000890,15,10916694406488491774,39,SNRPB2 (6629)
ACH-000890,15,10916694406488491774,40,PHF12 (57649)
ACH-000890,15,10916694406488491774,41,MRPL15 (29088)
ACH-000890,15,10916694406488491774,42,INTS6 (26512)
ACH-000890,15,10916694406488491774,43,TOMM20 (9804)
ACH-000890,15,10916694406488491774,44,MMGT1 (93380)
ACH-000890,15,10916694406488491774,45,AHCYL1 (10768)
ACH-000890,15,10916694406488491774,46,PFDN1 (5201)
ACH-000890,15,10916694406488491774,47,TSC2 (7249)
ACH-000890,15,10916694406488491774,48,MRPL32 (64983)
ACH-000890,15,10916694406488491774,49,HARS2 (23438)
ACH-000890,15,10916694406488491774,50,METAP1 (23173)
ACH-000890,16,10126603977838823977,1,H2BC9 (8345)
ACH-000890,16,10126603977838823977,2,MCL1 (4170)
ACH-000890,16,10126603977838823977,3,ADRM1 (11047)
ACH-000890,16,10126603977838823977,4,COX18 (285521)
ACH-000890,16,10126603977838823977,5,SMARCB1 (6598)
ACH-000890,16,10126603977838823977,6,COX6A1 (1337)
ACH-000890,16,10126603977838823977,7,TADA1 (117143)
ACH-000890,16,10126603977838823977,8,OTUD5 (55593)
ACH-000890,16,10126603977838823977,9,BIRC6 (57448)
ACH-000890,16,10126603977838823977,10,KATNB1 (10300)
ACH-000890,16,10126603977838823977,11,FERMT1 (55612)
ACH-000890,16,10126603977838823977,12,YPEL5 (51646)
ACH-000890,16,10126603977838823977,13,KIF14 (9928)
ACH-000890,16,10126603977838823977,14,ISCA2 (122961)
ACH-000890,16,10126603977838823977,15,PRPF39 (55015)
ACH-000890,16,10126603977838823977,16,TYMS (7298)
ACH-000890,16,10126603977838823977,17,GMNN (51053)
ACH-000890,16,10126603977838823977,18,NDUFB11 (54539)
ACH-000890,16,10126603977838823977,19,H2BC5 (3017)
ACH-000890,16,10126603977838823977,20,BAP1 (8314)
ACH-000890,16,10126603977838823977,21,BUD13 (84811)
ACH-000890,16,10126603977838823977,22,PPP2R2A (5520)
ACH-000890,16,10126603977838823977,23,RAB6A (5870)
ACH-000890,16,10126603977838823977,24,STAG2 (10735)
ACH-000890,16,10126603977838823977,25,FBXO42 (54455)
ACH-000890,16,10126603977838823977,26,EIF2AK4 (440275)
ACH-000890,16,10126603977838823977,27,SARS2 (54938)
ACH-000890,16,10126603977838823977,28,BPTF (2186)
ACH-000890,16,10126603977838823977,29,MAD2L1BP (9587)
ACH-000890,16,10126603977838823977,30,MTG2 (26164)
ACH-000890,16,10126603977838823977,31,SDHA (6389)
ACH-000890,16,10126603977838823977,32,POLE3 (54107)
ACH-000890,16,10126603977838823977,33,PRKRA (8575)
ACH-000890,16,10126603977838823977,34,VRK1 (7443)
ACH-000890,16,10126603977838823977,35,KRAS (3845)
ACH-000890,16,10126603977838823977,36,ELOF1 (84337)
ACH-000890,16,10126603977838823977,37,TTC7A (57217)
ACH-000890,16,10126603977838823977,38,SLC33A1 (9197)
ACH-000890,16,10126603977838823977,39,ARMC5 (79798)
ACH-000890,16,10126603977838823977,40,PFDN1 (5201)
ACH-000890,16,10126603977838823977,41,RAB10 (10890)
ACH-000890,16,10126603977838823977,42,NDC1 (55706)
ACH-000890,16,10126603977838823977,43,FAF2 (23197)
ACH-000890,16,10126603977838823977,44,CBFB (865)
ACH-000890,16,10126603977838823977,45,SQLE (6713)
ACH-000890,16,10126603977838823977,46,CAND1 (55832)
ACH-000890,16,10126603977838823977,47,UBE2C (11065)
ACH-000890,16,10126603977838823977,48,FXN (2395)
ACH-000890,16,10126603977838823977,49,ACTR3 (10096)
ACH-000890,16,10126603977838823977,50,UXS1 (80146)
ACH-000890,17,17685881656471995596,1,IRS2 (8660)
ACH-000890,17,17685881656471995596,2,NBAS (51594)
ACH-000890,17,17685881656471995596,3,VBP1 (7411)
ACH-000890,17,17685881656471995596,4,BIRC6 (57448)
ACH-000890,17,17685881656471995596,5,SDHB (6390)
ACH-000890,17,17685881656471995596,6,CFLAR (8837)
ACH-000890,17,17685881656471995596,7,CDK4 (1019)
ACH-000890,17,17685881656471995596,8,ELOF1 (84337)
ACH-000890,17,17685881656471995596,9,NAPG (8774)
ACH-000890,17,17685881656471995596,10,DNAJC19 (131118)
ACH-000890,17,17685881656471995596,11,CTPS1 (1503)
ACH-000890,17,17685881656471995596,12,KIF20A (10112)
ACH-000890,17,17685881656471995596,13,SLC25A3 (5250)
ACH-000890,17,17685881656471995596,14,SLC7A1 (6541)
ACH-000890,17,17685881656471995596,15,UMPS (7372)
ACH-000890,17,17685881656471995596,16,NMT1 (4836)
ACH-000890,17,17685881656471995596,17,UBE2H (7328)
ACH-000890,17,17685881656471995596,18,XRCC2 (7516)
ACH-000890,17,17685881656471995596,19,TCF7L2 (6934)
ACH-000890,17,17685881656471995596,20,BRCA2 (675)
ACH-000890,17,17685881656471995596,21,TEDC1 (283643)
ACH-000890,17,17685881656471995596,22,DDX19A (55308)
ACH-000890,17,17685881656471995596,23,DOLPP1 (57171)
ACH-000890,17,17685881656471995596,24,KEAP1 (9817)
ACH-000890,17,17685881656471995596,25,EGLN1 (54583)
ACH-000890,17,17685881656471995596,26,HNF1B (6928)
ACH-000890,17,17685881656471995596,27,MYBBP1A (10514)
ACH-000890,17,17685881656471995596,28,FPGS (2356)
ACH-000890,17,17685881656471995596,29,GLMN (11146)
ACH-000890,17,17685881656471995596,30,SOX10 (6663)
ACH-000890,17,17685881656471995596,31,ATP5F1D (513)
ACH-000890,17,17685881656471995596,32,XRN1 (54464)
ACH-000890,17,17685881656471995596,33,ANKRD49 (54851)
ACH-000890,17,17685881656471995596,34,HARS2 (23438)
ACH-000890,17,17685881656471995596,35,SLC2A1 (6513)
ACH-000890,17,17685881656471995596,36,BRD2 (6046)
ACH-000890,17,17685881656471995596,37,MRPL15 (29088)
ACH-000890,17,17685881656471995596,38,CDIN1 (84529)
ACH-000890,17,17685881656471995596,39,DNAJC11 (55735)
ACH-000890,17,17685881656471995596,40,NDUFA8 (4702)
ACH-000890,17,17685881656471995596,41,STEEP1 (63932)
ACH-000890,17,17685881656471995596,42,USP9X (8239)
ACH-000890,17,17685881656471995596,43,TIGD3 (220359)
ACH-000890,17,17685881656471995596,44,ANAPC15 (25906)
ACH-000890,17,17685881656471995596,45,GABPB1 (2553)
ACH-000890,17,17685881656471995596,46,MRPL49 (740)
ACH-000890,17,17685881656471995596,47,FZD5 (7855)
ACH-000890,17,17685881656471995596,48,TEN1 (100134934)
ACH-000890,17,17685881656471995596,49,SMG7 (9887)
ACH-000890,17,17685881656471995596,50,KIF4A (24137)
ACH-000890,18,2779322444313284042,1,ELOF1 (84337)
ACH-000890,18,2779322444313284042,2,MRPL49 (740)
ACH-000890,18,2779322444313284042,3,ITGB1 (3688)
ACH-000890,18,2779322444313284042,4,STK11 (6794)
ACH-000890,18,2779322444313284042,5,PFDN1 (5201)
ACH-000890,18,2779322444313284042,6,XRN1 (54464)
ACH-000890,18,2779322444313284042,7,TFRC (7037)
ACH-000890,18,2779322444313284042,8,SEPSECS (51091)
ACH-000890,18,2779322444313284042,9,TRAF7 (84231)
ACH-000890,18,2779322444313284042,10,MED19 (219541)
ACH-000890,18,2779322444313284042,11,FPGS (2356)
ACH-000890,18,2779322444313284042,12,RPL22L1 (200916)
ACH-000890,18,2779322444313284042,13,BRCA1 (672)
ACH-000890,18,2779322444313284042,14,STN1 (79991)
ACH-000890,18,2779322444313284042,15,NDUFB11 (54539)
ACH-000890,18,2779322444313284042,16,ARPC4 (10093)
ACH-000890,18,2779322444313284042,17,HYCC2 (285172)
ACH-000890,18,2779322444313284042,18,STAMBP (10617)
ACH-000890,18,2779322444313284042,19,MRPS12 (6183)
ACH-000890,18,2779322444313284042,20,SDHD (6392)
ACH-000890,18,2779322444313284042,21,MAPK14 (1432)
ACH-000890,18,2779322444313284042,22,ICE2 (79664)
ACH-000890,18,2779322444313284042,23,HNF1A (6927)
ACH-000890,18,2779322444313284042,24,GFM1 (85476)
ACH-000890,18,2779322444313284042,25,UBR5 (51366)
ACH-000890,18,2779322444313284042,26,AP2S1 (1175)
ACH-000890,18,2779322444313284042,27,COA6 (388753)
ACH-000890,18,2779322444313284042,28,CTNNA1 (1495)
ACH-000890,18,2779322444313284042,29,CDK8 (1024)
ACH-000890,18,2779322444313284042,30,P2RY6 (5031)
ACH-000890,18,2779322444313284042,31,SOX10 (6663)
ACH-000890,18,2779322444313284042,32,CRLS1 (54675)
ACH-000890,18,2779322444313284042,33,EGLN1 (54583)
ACH-000890,18,2779322444313284042,34,SLC25A28 (81894)
ACH-000890,18,2779322444313284042,35,MRPL55 (128308)
ACH-000890,18,2779322444313284042,36,MED24 (9862)
ACH-000890,18,2779322444313284042,37,PMM2 (5373)
ACH-000890,18,2779322444313284042,38,DNAJC19 (131118)
ACH-000890,18,2779322444313284042,39,MED23 (9439)
ACH-000890,18,2779322444313284042,40,NDUFB10 (4716)
ACH-000890,18,2779322444313284042,41,TEN1 (100134934)
ACH-000890,18,2779322444313284042,42,DAXX (1616)
ACH-000890,18,2779322444313284042,43,PPA2 (27068)
ACH-000890,18,2779322444313284042,44,MTCH2 (23788)
ACH-000890,18,2779322444313284042,45,HEMK2 (29104)
ACH-000890,18,2779322444313284042,46,CCAR1 (55749)
ACH-000890,18,2779322444313284042,47,CCNB1 (891)
ACH-000890,18,2779322444313284042,48,NCKAP1 (10787)
ACH-000890,18,2779322444313284042,49,SMG7 (9887)
ACH-000890,18,2779322444313284042,50,SLC25A26 (115286)
ACH-000890,19,6399922056385917495,1,MEN1 (4221)
ACH-000890,19,6399922056385917495,2,SLC33A1 (9197)
ACH-000890,19,6399922056385917495,3,FAF2 (23197)
ACH-000890,19,6399922056385917495,4,SOX9 (6662)
ACH-000890,19,6399922056385917495,5,SMARCE1 (6605)
ACH-000890,19,6399922056385917495,6,UBE2D3 (7323)
ACH-000890,19,6399922056385917495,7,ACLY (47)
ACH-000890,19,6399922056385917495,8,CHMP7 (91782)
ACH-000890,19,6399922056385917495,9,JUN (3725)
ACH-000890,19,6399922056385917495,10,MICOS10 (440574)
ACH-000890,19,6399922056385917495,11,IPPK (64768)
ACH-000890,19,6399922056385917495,12,TMED10 (10972)
ACH-000890,19,6399922056385917495,13,ELP4 (26610)
ACH-000890,19,6399922056385917495,14,ZNF217 (7764)
ACH-000890,19,6399922056385917495,15,PTK2 (5747)
ACH-000890,19,6399922056385917495,16,JTB (10899)
ACH-000890,19,6399922056385917495,17,FERMT1 (55612)
ACH-000890,19,6399922056385917495,18,TSC2 (7249)
ACH-000890,19,6399922056385917495,19,POLE3 (54107)
ACH-000890,19,6399922056385917495,20,PTDSS1 (9791)
ACH-000890,19,6399922056385917495,21,MTPAP (55149)
ACH-000890,19,6399922056385917495,22,TYMS (7298)
ACH-000890,19,6399922056385917495,23,BAP1 (8314)
ACH-000890,19,6399922056385917495,24,ELMO2 (63916)
ACH-000890,19,6399922056385917495,25,MYBL2 (4605)
ACH-000890,19,6399922056385917495,26,TACC3 (10460)
ACH-000890,19,6399922056385917495,27,ZEB1 (6935)
ACH-000890,19,6399922056385917495,28,MTCH2 (23788)
ACH-000890,19,6399922056385917495,29,NOA1 (84273)
ACH-000890,19,6399922056385917495,30,STX4 (6810)
ACH-000890,19,6399922056385917495,31,TTC7A (57217)
ACH-000890,19,6399922056385917495,32,NDUFAB1 (4706)
ACH-000890,19,6399922056385917495,33,HNRNPR (10236)
ACH-000890,19,6399922056385917495,34,TAF1D (79101)
ACH-000890,19,6399922056385917495,35,SAMD4B (55095)
ACH-000890,19,6399922056385917495,36,DNAJC13 (23317)
ACH-000890,19,6399922056385917495,37,PRKAR1A (5573)
ACH-000890,19,6399922056385917495,38,FDPS (2224)
ACH-000890,19,6399922056385917495,39,CSNK1A1 (1452)
ACH-000890,19,6399922056385917495,40,PMM2 (5373)
ACH-000890,19,6399922056385917495,41,CDS2 (8760)
ACH-000890,19,6399922056385917495,42,BIRC6 (57448)
ACH-000890,19,6399922056385917495,43,NDE1 (54820)
ACH-000890,19,6399922056385917495,44,INTS6 (26512)
ACH-000890,19,6399922056385917495,45,DAP3 (7818)
ACH-000890,19,6399922056385917495,46,BRCA1 (672)
ACH-000890,19,6399922056385917495,47,UBE2S (27338)
ACH-000890,19,6399922056385917495,48,INTS15 (79034)
ACH-000890,19,6399922056385917495,49,SDHD (6392)
ACH-000890,19,6399922056385917495,50,PPP1R15B (84919)
ACH-000950,0,13861693480088666264,1,LAMTOR2 (28956)
ACH-000950,0,13861693480088666264,2,XRCC2 (7516)
ACH-000950,0,13861693480088666264,3,TACC3 (10460)
ACH-000950,0,13861693480088666264,4,WWTR1 (25937)
ACH-000950,0,13861693480088666264,5,INTS6 (26512)
ACH-000950,0,13861693480088666264,6,XYLT2 (64132)
ACH-000950,0,13861693480088666264,7,TCF7L2 (6934)
ACH-000950,0,13861693480088666264,8,PTPN11 (5781)
ACH-000950,0,13861693480088666264,9,GFPT1 (2673)
ACH-000950,0,13861693480088666264,10,SNAP23 (8773)
ACH-000950,0,13861693480088666264,11,CBFB (865)
ACH-000950,0,13861693480088666264,12,ADRM1 (11047)
ACH-000950,0,13861693480088666264,13,KRAS (3845)
ACH-000950,0,13861693480088666264,14,EXOC1 (55763)
ACH-000950,0,13861693480088666264,15,BRAT1 (221927)
ACH-000950,0,13861693480088666264,16,TFAM (7019)
ACH-000950,0,13861693480088666264,17,ATIC (471)
ACH-000950,0,13861693480088666264,18,ARID2 (196528)
ACH-000950,0,13861693480088666264,19,FAF2 (23197)
ACH-000950,0,13861693480088666264,20,BPTF (2186)
ACH-000950,0,13861693480088666264,21,ISCA2 (122961)
ACH-000950,0,13861693480088666264,22,FAM50A (9130)
ACH-000950,0,13861693480088666264,23,PFN1 (5216)
ACH-000950,0,13861693480088666264,24,WDR83 (84292)
ACH-000950,0,13861693480088666264,25,METAP1 (23173)
ACH-000950,0,13861693480088666264,26,ADSS2 (159)
ACH-000950,0,13861693480088666264,27,TOE1 (114034)
ACH-000950,0,13861693480088666264,28,IDH3A (3419)
ACH-000950,0,13861693480088666264,29,WTAP (9589)
ACH-000950,0,13861693480088666264,30,ELOF1 (84337)
ACH-000950,0,13861693480088666264,31,PCYT1A (5130)
ACH-000950,0,13861693480088666264,32,OPA1 (4976)
ACH-000950,0,13861693480088666264,33,STEEP1 (63932)
ACH-000950,0,13861693480088666264,34,CYB5B (80777)
ACH-000950,0,13861693480088666264,35,AIFM1 (9131)
ACH-000950,0,13861693480088666264,36,XRN1 (54464)
ACH-000950,0,13861693480088666264,37,FECH (2235)
ACH-000950,0,13861693480088666264,38,RNF168 (165918)
ACH-000950,0,13861693480088666264,39,HAPLN2 (60484)
ACH-000950,0,13861693480088666264,40,ILK (3611)
ACH-000950,0,13861693480088666264,41,POP7 (10248)
ACH-000950,0,13861693480088666264,42,UROD (7389)
ACH-000950,0,13861693480088666264,43,WDR48 (57599)
ACH-000950,0,13861693480088666264,44,KATNB1 (10300)
ACH-000950,0,13861693480088666264,45,HSD17B10 (3028)
ACH-000950,0,13861693480088666264,46,KEAP1 (9817)
ACH-000950,0,13861693480088666264,47,IGF1R (3480)
ACH-000950,0,13861693480088666264,48,MCL1 (4170)
ACH-000950,0,13861693480088666264,49,TAF5L (27097)
ACH-000950,0,13861693480088666264,50,VPS4B (9525)
ACH-000950,1,866007149367915491,1,H2BC5 (3017)
ACH-000950,1,866007149367915491,2,RIC8A (60626)
ACH-000950,1,866007149367915491,3,TUBB3 (10381)
ACH-000950,1,866007149367915491,4,PPP2R2A (5520)
ACH-000950,1,866007149367915491,5,NDUFB4 (4710)
ACH-000950,1,866007149367915491,6,POP7 (10248)
ACH-000950,1,866007149367915491,7,TKT (7086)
ACH-000950,1,866007149367915491,8,SGF29 (112869)
ACH-000950,1,866007149367915491,9,FXN (2395)
ACH-000950,1,866007149367915491,10,ARHGEF7 (8874)
ACH-000950,1,866007149367915491,11,NONO (4841)
ACH-000950,1,866007149367915491,12,P2RY6 (5031)
ACH-000950,1,866007149367915491,13,FGFR1 (2260)
ACH-000950,1,866007149367915491,14,DNAJC11 (55735)
ACH-000950,1,866007149367915491,15,MRPS10 (55173)
ACH-000950,1,866007149367915491,16,COX7C (1350)
ACH-000950,1,866007149367915491,17,UBE2Z (65264)
ACH-000950,1,866007149367915491,18,FOSL1 (8061)
ACH-000950,1,866007149367915491,19,JUN (3725)
ACH-000950,1,866007149367915491,20,ANAPC15 (25906)
ACH-000950,1,866007149367915491,21,CTDSPL2 (51496)
ACH-000950,1,866007149367915491,22,MTG1 (92170)
ACH-000950,1,866007149367915491,23,VPS33A (65082)
ACH-000950,1,866007149367915491,24,SHOC2 (8036)
ACH-000950,1,866007149367915491,25,SKA1 (220134)
ACH-000950,1,866007149367915491,26,KIF18B (146909)
ACH-000950,1,866007149367915491,27,NDUFB10 (4716)
ACH-000950,1,866007149367915491,28,SERBP1 (26135)
ACH-000950,1,866007149367915491,29,DDX19A (55308)
ACH-000950,1,866007149367915491,30,GEMIN4 (50628)
ACH-000950,1,866007149367915491,31,MRPS12 (6183)
ACH-000950,1,866007149367915491,32,ZFX (7543)
ACH-000950,1,866007149367915491,33,MCMBP (79892)
ACH-000950,1,866007149367915491,34,MYBL2 (4605)
ACH-000950,1,866007149367915491,35,THAP11 (57215)
ACH-000950,1,866007149367915491,36,FDXR (2232)
ACH-000950,1,866007149367915491,37,ATP5F1B (506)
ACH-000950,1,866007149367915491,38,RPL22L1 (200916)
ACH-000950,1,866007149367915491,39,INTS15 (79034)
ACH-000950,1,866007149367915491,40,SAMD4B (55095)
ACH-000950,1,866007149367915491,41,NDC1 (55706)
ACH-000950,1,866007149367915491,42,ITGB5 (3693)
ACH-000950,1,866007149367915491,43,UBE2S (27338)
ACH-000950,1,866007149367915491,44,RAB6A (5870)
ACH-000950,1,866007149367915491,45,NFRKB (4798)
ACH-000950,1,866007149367915491,46,MED24 (9862)
ACH-000950,1,866007149367915491,47,NR2C2AP (126382)
ACH-000950,1,866007149367915491,48,MRPL39 (54148)
ACH-000950,1,866007149367915491,49,BPTF (2186)
ACH-000950,1,866007149367915491,50,PDS5A (23244)
ACH-000950,2,7273370081856702138,1,HUS1 (3364)
ACH-000950,2,7273370081856702138,2,CRAMP1 (57585)
ACH-000950,2,7273370081856702138,3,CAB39 (51719)
ACH-000950,2,7273370081856702138,4,SQLE (6713)
ACH-000950,2,7273370081856702138,5,MRPL38 (64978)
ACH-000950,2,7273370081856702138,6,EXOSC10 (5394)
ACH-000950,2,7273370081856702138,7,RAD51C (5889)
ACH-000950,2,7273370081856702138,8,IDH3A (3419)
ACH-000950,2,7273370081856702138,9,CRIPTO (6997)
ACH-000950,2,7273370081856702138,10,VBP1 (7411)
ACH-000950,2,7273370081856702138,11,ATP2B1 (490)
ACH-000950,2,7273370081856702138,12,IRS2 (8660)
ACH-000950,2,7273370081856702138,13,FGFR1 (2260)
ACH-000950,2,7273370081856702138,14,COX18 (285521)
ACH-000950,2,7273370081856702138,15,TFRC (7037)
ACH-000950,2,7273370081856702138,16,OXSM (54995)
ACH-000950,2,7273370081856702138,17,TOMM70 (9868)
ACH-000950,2,7273370081856702138,18,PTDSS1 (9791)
ACH-000950,2,7273370081856702138,19,CAND1 (55832)
ACH-000950,2,7273370081856702138,20,ILK (3611)
ACH-000950,2,7273370081856702138,21,PMM2 (5373)
ACH-000950,2,7273370081856702138,22,P2RY6 (5031)
ACH-000950,2,7273370081856702138,23,TAF1D (79101)
ACH-000950,2,7273370081856702138,24,SOD2 (6648)
ACH-000950,2,7273370081856702138,25,UBIAD1 (29914)
ACH-000950,2,7273370081856702138,26,ITGB5 (3693)
ACH-000950,2,7273370081856702138,27,NXT1 (29107)
ACH-000950,2,7273370081856702138,28,PTP4A1 (7803)
ACH-000950,2,7273370081856702138,29,BRAT1 (221927)
ACH-000950,2,7273370081856702138,30,PPP1CB (5500)
ACH-000950,2,7273370081856702138,31,THG1L (54974)
ACH-000950,2,7273370081856702138,32,UAP1 (6675)
ACH-000950,2,7273370081856702138,33,NDUFAB1 (4706)
ACH-000950,2,7273370081856702138,34,PDS5A (23244)
ACH-000950,2,7273370081856702138,35,MED1 (5469)
ACH-000950,2,7273370081856702138,36,MTCH2 (23788)
ACH-000950,2,7273370081856702138,37,CCND3 (896)
ACH-000950,2,7273370081856702138,38,PPP2R3C (55012)
ACH-000950,2,7273370081856702138,39,ZNF217 (7764)
ACH-000950,2,7273370081856702138,40,DDX3X (1654)
ACH-000950,2,7273370081856702138,41,MLST8 (64223)
ACH-000950,2,7273370081856702138,42,ATP5F1D (513)
ACH-000950,2,7273370081856702138,43,CTC1 (80169)
ACH-000950,2,7273370081856702138,44,BRAF (673)
ACH-000950,2,7273370081856702138,45,DSN1 (79980)
ACH-000950,2,7273370081856702138,46,ISCA2 (122961)
ACH-000950,2,7273370081856702138,47,C19orf53 (28974)
ACH-000950,2,7273370081856702138,48,SUGT1 (10910)
ACH-000950,2,7273370081856702138,49,AHCYL1 (10768)
ACH-000950,2,7273370081856702138,50,WDR48 (57599)
ACH-000950,3,1279104023130020601,1,STK11 (6794)
ACH-000950,3,1279104023130020601,2,POLE3 (54107)
ACH-000950,3,1279104023130020601,3,MTCH2 (23788)
ACH-000950,3,1279104023130020601,4,PITRM1 (10531)
ACH-000950,3,1279104023130020601,5,MED19 (219541)
ACH-000950,3,1279104023130020601,6,SLC16A1 (6566)
ACH-000950,3,1279104023130020601,7,MRPS24 (64951)
ACH-000950,3,1279104023130020601,8,MED24 (9862)
ACH-000950,3,1279104023130020601,9,MRPL55 (128308)
ACH-000950,3,1279104023130020601,10,SLC7A1 (6541)
ACH-000950,3,1279104023130020601,11,UQCRC2 (7385)
ACH-000950,3,1279104023130020601,12,PHF12 (57649)
ACH-000950,3,1279104023130020601,13,DNAJC19 (131118)
ACH-000950,3,1279104023130020601,14,RPAP2 (79871)
ACH-000950,3,1279104023130020601,15,SMC5 (23137)
ACH-000950,3,1279104023130020601,16,SMCHD1 (23347)
ACH-000950,3,1279104023130020601,17,PDCD5 (9141)
ACH-000950,3,1279104023130020601,18,CCNL1 (57018)
ACH-000950,3,1279104023130020601,19,MRPL53 (116540)
ACH-000950,3,1279104023130020601,20,CDS2 (8760)
ACH-000950,3,1279104023130020601,21,SGF29 (112869)
ACH-000950,3,1279104023130020601,22,CSNK1A1 (1452)
ACH-000950,3,1279104023130020601,23,FERMT2 (10979)
ACH-000950,3,1279104023130020601,24,EAPP (55837)
ACH-000950,3,1279104023130020601,25,TIMM22 (29928)
ACH-000950,3,1279104023130020601,26,LSM12 (124801)
ACH-000950,3,1279104023130020601,27,YPEL5 (51646)
ACH-000950,3,1279104023130020601,28,VPS4A (27183)
ACH-000950,3,1279104023130020601,29,PKN2 (5586)
ACH-000950,3,1279104023130020601,30,TSC1 (7248)
ACH-000950,3,1279104023130020601,31,WRN (7486)
ACH-000950,3,1279104023130020601,32,DHODH (1723)
ACH-000950,3,1279104023130020601,33,TAMM41 (132001)
ACH-000950,3,1279104023130020601,34,SLC25A3 (5250)
ACH-000950,3,1279104023130020601,35,UROD (7389)
ACH-000950,3,1279104023130020601,36,FARS2 (10667)
ACH-000950,3,1279104023130020601,37,CDAN1 (146059)
ACH-000950,3,1279104023130020601,38,MRPL32 (64983)
ACH-000950,3,1279104023130020601,39,PMM2 (5373)
ACH-000950,3,1279104023130020601,40,SHOC2 (8036)
ACH-000950,3,1279104023130020601,41,DDX3X (1654)
ACH-000950,3,1279104023130020601,42,PET117 (100303755)
ACH-000950,3,1279104023130020601,43,ATP6V1H (51606)
ACH-000950,3,1279104023130020601,44,ELP2 (55250)
ACH-000950,3,1279104023130020601,45,SCD (6319)
ACH-000950,3,1279104023130020601,46,TRNAU1AP (54952)
ACH-000950,3,1279104023130020601,47,GEMIN7 (79760)
ACH-000950,3,1279104023130020601,48,SOCS3 (9021)
ACH-000950,3,1279104023130020601,49,ELOF1 (84337)
ACH-000950,3,1279104023130020601,50,UMPS (7372)
ACH-000950,4,5059465936601629598,1,SEC62 (7095)
ACH-000950,4,5059465936601629598,2,MRPL41 (64975)
ACH-000950,4,5059465936601629598,3,ITGAV (3685)
ACH-000950,4,5059465936601629598,4,PDCD5 (9141)
ACH-000950,4,5059465936601629598,5,FAM210A (125228)
ACH-000950,4,5059465936601629598,6,HNF1B (6928)
ACH-000950,4,5059465936601629598,7,GLRX5 (51218)
ACH-000950,4,5059465936601629598,8,KRAS (3845)
ACH-000950,4,5059465936601629598,9,GOLGA7 (51125)
ACH-000950,4,5059465936601629598,10,SOCS3 (9021)
ACH-000950,4,5059465936601629598,11,SGF29 (112869)
ACH-000950,4,5059465936601629598,12,ARHGEF7 (8874)
ACH-000950,4,5059465936601629598,13,OTUD5 (55593)
ACH-000950,4,5059465936601629598,14,COASY (80347)
ACH-000950,4,5059465936601629598,15,ACLY (47)
ACH-000950,4,5059465936601629598,16,MRPS16 (51021)
ACH-000950,4,5059465936601629598,17,MRPL53 (116540)
ACH-000950,4,5059465936601629598,18,LDLR (3949)
ACH-000950,4,5059465936601629598,19,TEDC1 (283643)
ACH-000950,4,5059465936601629598,20,MRPS5 (64969)
ACH-000950,4,5059465936601629598,21,MFN2 (9927)
ACH-000950,4,5059465936601629598,22,PIK3CA (5290)
ACH-000950,4,5059465936601629598,23,TIPRL (261726)
ACH-000950,4,5059465936601629598,24,SMG7 (9887)
ACH-000950,4,5059465936601629598,25,PPP1R15B (84919)
ACH-000950,4,5059465936601629598,26,CDK8 (1024)
ACH-000950,4,5059465936601629598,27,DNAJC19 (131118)
ACH-000950,4,5059465936601629598,28,COX7C (1350)
ACH-000950,4,5059465936601629598,29,PAICS (10606)
ACH-000950,4,5059465936601629598,30,COX15 (1355)
ACH-000950,4,5059465936601629598,31,WDR48 (57599)
ACH-000950,4,5059465936601629598,32,FDX1 (2230)
ACH-000950,4,5059465936601629598,33,PPP2R3C (55012)
ACH-000950,4,5059465936601629598,34,TIMM22 (29928)
ACH-000950,4,5059465936601629598,35,BRK1 (55845)
ACH-000950,4,5059465936601629598,36,NAPG (8774)
ACH-000950,4,5059465936601629598,37,MRPL38 (64978)
ACH-000950,4,5059465936601629598,38,UQCRC2 (7385)
ACH-000950,4,5059465936601629598,39,ZFX (7543)
ACH-000950,4,5059465936601629598,40,MED24 (9862)
ACH-000950,4,5059465936601629598,41,NMT1 (4836)
ACH-000950,4,5059465936601629598,42,MED1 (5469)
ACH-000950,4,5059465936601629598,43,IRS2 (8660)
ACH-000950,4,5059465936601629598,44,ISCA2 (122961)
ACH-000950,4,5059465936601629598,45,PPM1D (8493)
ACH-000950,4,5059465936601629598,46,AP2M1 (1173)
ACH-000950,4,5059465936601629598,47,CUL2 (8453)
ACH-000950,4,5059465936601629598,48,MED23 (9439)
ACH-000950,4,5059465936601629598,49,CFLAR (8837)
ACH-000950,4,5059465936601629598,50,NR2C2AP (126382)
ACH-000950,5,16138959873290618,1,MAU2 (23383)
ACH-000950,5,16138959873290618,2,CCND3 (896)
ACH-000950,5,16138959873290618,3,STX4 (6810)
ACH-000950,5,16138959873290618,4,UBR5 (51366)
ACH-000950,5,16138959873290618,5,TIMM22 (29928)
ACH-000950,5,16138959873290618,6,IPPK (64768)
ACH-000950,5,16138959873290618,7,PFN1 (5216)
ACH-000950,5,16138959873290618,8,RAB10 (10890)
ACH-000950,5,16138959873290618,9,FAM210A (125228)
ACH-000950,5,16138959873290618,10,USP1 (7398)
ACH-000950,5,16138959873290618,11,RAD1 (5810)
ACH-000950,5,16138959873290618,12,PFDN1 (5201)
ACH-000950,5,16138959873290618,13,YAP1 (10413)
ACH-000950,5,16138959873290618,14,PTPMT1 (114971)
ACH-000950,5,16138959873290618,15,IRF2BP2 (359948)
ACH-000950,5,16138959873290618,16,MRPL28 (10573)
ACH-000950,5,16138959873290618,17,WNK1 (65125)
ACH-000950,5,16138959873290618,18,CDS2 (8760)
ACH-000950,5,16138959873290618,19,MNAT1 (4331)
ACH-000950,5,16138959873290618,20,TIMM17A (10440)
ACH-000950,5,16138959873290618,21,TOMM70 (9868)
ACH-000950,5,16138959873290618,22,SDHB (6390)
ACH-000950,5,16138959873290618,23,UMPS (7372)
ACH-000950,5,16138959873290618,24,PTDSS1 (9791)
ACH-000950,5,16138959873290618,25,LRPPRC (10128)
ACH-000950,5,16138959873290618,26,TWNK (56652)
ACH-000950,5,16138959873290618,27,LAMTOR2 (28956)
ACH-000950,5,16138959873290618,28,YPEL5 (51646)
ACH-000950,5,16138959873290618,29,SLC20A1 (6574)
ACH-000950,5,16138959873290618,30,H2AX (3014)
ACH-000950,5,16138959873290618,31,MTX2 (10651)
ACH-000950,5,16138959873290618,32,FAM185A (222234)
ACH-000950,5,16138959873290618,33,CEP43 (11116)
ACH-000950,5,16138959873290618,34,ATIC (471)
ACH-000950,5,16138959873290618,35,FDPS (2224)
ACH-000950,5,16138959873290618,36,DHODH (1723)
ACH-000950,5,16138959873290618,37,SLC25A28 (81894)
ACH-000950,5,16138959873290618,38,GLRX5 (51218)
ACH-000950,5,16138959873290618,39,USE1 (55850)
ACH-000950,5,16138959873290618,40,METTL17 (64745)
ACH-000950,5,16138959873290618,41,P2RY6 (5031)
ACH-000950,5,16138959873290618,42,HARS2 (23438)
ACH-000950,5,16138959873290618,43,CYB5B (80777)
ACH-000950,5,16138959873290618,44,TRIM28 (10155)
ACH-000950,5,16138959873290618,45,PAGR1 (79447)
ACH-000950,5,16138959873290618,46,COA6 (388753)
ACH-000950,5,16138959873290618,47,MAPK14 (1432)
ACH-000950,5,16138959873290618,48,POLG (5428)
ACH-000950,5,16138959873290618,49,ACTR3 (10096)
ACH-000950,5,16138959873290618,50,TCOF1 (6949)
ACH-000950,6,11876264970319597754,1,ACSL3 (2181)
ACH-000950,6,11876264970319597754,2,CIT (11113)
ACH-000950,6,11876264970319597754,3,NCKAP1 (10787)
ACH-000950,6,11876264970319597754,4,GCN1 (10985)
ACH-000950,6,11876264970319597754,5,ZFP36L1 (677)
ACH-000950,6,11876264970319597754,6,TIGD3 (220359)
ACH-000950,6,11876264970319597754,7,PET117 (100303755)
ACH-000950,6,11876264970319597754,8,GMPS (8833)
ACH-000950,6,11876264970319597754,9,YPEL5 (51646)
ACH-000950,6,11876264970319597754,10,MAPK1 (5594)
ACH-000950,6,11876264970319597754,11,RAF1 (5894)
ACH-000950,6,11876264970319597754,12,POLG (5428)
ACH-000950,6,11876264970319597754,13,TMED2 (10959)
ACH-000950,6,11876264970319597754,14,RAB6A (5870)
ACH-000950,6,11876264970319597754,15,TTC7A (57217)
ACH-000950,6,11876264970319597754,16,MRPL39 (54148)
ACH-000950,6,11876264970319597754,17,SSBP3 (23648)
ACH-000950,6,11876264970319597754,18,ESCO2 (157570)
ACH-000950,6,11876264970319597754,19,CDIN1 (84529)
ACH-000950,6,11876264970319597754,20,MRPL18 (29074)
ACH-000950,6,11876264970319597754,21,FZD5 (7855)
ACH-000950,6,11876264970319597754,22,USP9X (8239)
ACH-000950,6,11876264970319597754,23,GLMN (11146)
ACH-000950,6,11876264970319597754,24,VEZF1 (7716)
ACH-000950,6,11876264970319597754,25,OGDH (4967)
ACH-000950,6,11876264970319597754,26,CCND3 (896)
ACH-000950,6,11876264970319597754,27,MAD2L1BP (9587)
ACH-000950,6,11876264970319597754,28,ADSS2 (159)
ACH-000950,6,11876264970319597754,29,CUL2 (8453)
ACH-000950,6,11876264970319597754,30,CFLAR (8837)
ACH-000950,6,11876264970319597754,31,HECTD1 (25831)
ACH-000950,6,11876264970319597754,32,VPS4A (27183)
ACH-000950,6,11876264970319597754,33,TUBE1 (51175)
ACH-000950,6,11876264970319597754,34,NXT1 (29107)
ACH-000950,6,11876264970319597754,35,BRCA2 (675)
ACH-000950,6,11876264970319597754,36,PDS5A (23244)
ACH-000950,6,11876264970319597754,37,UQCRC2 (7385)
ACH-000950,6,11876264970319597754,38,PSMG2 (56984)
ACH-000950,6,11876264970319597754,39,DDX39B (7919)
ACH-000950,6,11876264970319597754,40,SMC5 (23137)
ACH-000950,6,11876264970319597754,41,TUBB3 (10381)
ACH-000950,6,11876264970319597754,42,DNM1L (10059)
ACH-000950,6,11876264970319597754,43,ITGAV (3685)
ACH-000950,6,11876264970319597754,44,IRS2 (8660)
ACH-000950,6,11876264970319597754,45,PMM2 (5373)
ACH-000950,6,11876264970319597754,46,DSN1 (79980)
ACH-000950,6,11876264970319597754,47,MRPL15 (29088)
ACH-000950,6,11876264970319597754,48,PDCD5 (9141)
ACH-000950,6,11876264970319597754,49,ZWINT (11130)
ACH-000950,6,11876264970319597754,50,ZNF217 (7764)
ACH-000950,7,8027983621537207392,1,TIMM17A (10440)
ACH-000950,7,8027983621537207392,2,PFDN1 (5201)
ACH-000950,7,8027983621537207392,3,ATP5F1C (509)
ACH-000950,7,8027983621537207392,4,NCKAP1 (10787)
ACH-000950,7,8027983621537207392,5,UXS1 (80146)
ACH-000950,7,8027983621537207392,6,PRPF39 (55015)
ACH-000950,7,8027983621537207392,7,FOSL1 (8061)
ACH-000950,7,8027983621537207392,8,SUGT1 (10910)
ACH-000950,7,8027983621537207392,9,PAXIP1 (22976)
ACH-000950,7,8027983621537207392,10,CDIN1 (84529)
ACH-000950,7,8027983621537207392,11,MCL1 (4170)
ACH-000950,7,8027983621537207392,12,MTG1 (92170)
ACH-000950,7,8027983621537207392,13,ANKRD49 (54851)
ACH-000950,7,8027983621537207392,14,PPA2 (27068)
ACH-000950,7,8027983621537207392,15,SLC20A1 (6574)
ACH-000950,7,8027983621537207392,16,FDFT1 (2222)
ACH-000950,7,8027983621537207392,17,HNF1B (6928)
ACH-000950,7,8027983621537207392,18,ADRM1 (11047)
ACH-000950,7,8027983621537207392,19,MBTPS2 (51360)
ACH-000950,7,8027983621537207392,20,HNRNPR (10236)
ACH-000950,7,8027983621537207392,21,RELA (5970)
ACH-000950,7,8027983621537207392,22,PTMA (5757)
ACH-000950,7,8027983621537207392,23,SCD (6319)
ACH-000950,7,8027983621537207392,24,NONO (4841)
ACH-000950,7,8027983621537207392,25,H2BC5 (3017)
ACH-000950,7,8027983621537207392,26,MPPE1 (65258)
ACH-000950,7,8027983621537207392,27,SMC5 (23137)
ACH-000950,7,8027983621537207392,28,GLRX5 (51218)
ACH-000950,7,8027983621537207392,29,TRIM37 (4591)
ACH-000950,7,8027983621537207392,30,COX10 (1352)
ACH-000950,7,8027983621537207392,31,MTHFD1 (4522)
ACH-000950,7,8027983621537207392,32,PKN2 (5586)
ACH-000950,7,8027983621537207392,33,NIPBL (25836)
ACH-000950,7,8027983621537207392,34,PMM2 (5373)
ACH-000950,7,8027983621537207392,35,TDP2 (51567)
ACH-000950,7,8027983621537207392,36,NAA20 (51126)
ACH-000950,7,8027983621537207392,37,TAMM41 (132001)
ACH-000950,7,8027983621537207392,38,DARS2 (55157)
ACH-000950,7,8027983621537207392,39,VEZF1 (7716)
ACH-000950,7,8027983621537207392,40,SCAP (22937)
ACH-000950,7,8027983621537207392,41,FURIN (5045)
ACH-000950,7,8027983621537207392,42,GPI (2821)
ACH-000950,7,8027983621537207392,43,GTF3C3 (9330)
ACH-000950,7,8027983621537207392,44,FDPS (2224)
ACH-000950,7,8027983621537207392,45,DNAJC19 (131118)
ACH-000950,7,8027983621537207392,46,KDM2A (22992)
ACH-000950,7,8027983621537207392,47,FDX1 (2230)
ACH-000950,7,8027983621537207392,48,UBAP2L (9898)
ACH-000950,7,8027983621537207392,49,CYB5B (80777)
ACH-000950,7,8027983621537207392,50,MYB (4602)
ACH-000950,8,5522734212633129030,1,SOX10 (6663)
ACH-000950,8,5522734212633129030,2,VPS4A (27183)
ACH-000950,8,5522734212633129030,3,NAPG (8774)
ACH-000950,8,5522734212633129030,4,SHOC2 (8036)
ACH-000950,8,5522734212633129030,5,OXSM (54995)
ACH-000950,8,5522734212633129030,6,SLC25A26 (115286)
ACH-000950,8,5522734212633129030,7,POLRMT (5442)
ACH-000950,8,5522734212633129030,8,MRPL28 (10573)
ACH-000950,8,5522734212633129030,9,MED9 (55090)
ACH-000950,8,5522734212633129030,10,GABPB1 (2553)
ACH-000950,8,5522734212633129030,11,ADSS2 (159)
ACH-000950,8,5522734212633129030,12,PPP1R15B (84919)
ACH-000950,8,5522734212633129030,13,PDCD7 (10081)
ACH-000950,8,5522734212633129030,14,TEN1 (100134934)
ACH-000950,8,5522734212633129030,15,ELAVL1 (1994)
ACH-000950,8,5522734212633129030,16,METTL17 (64745)
ACH-000950,8,5522734212633129030,17,PPP1CB (5500)
ACH-000950,8,5522734212633129030,18,H2BC5 (3017)
ACH-000950,8,5522734212633129030,19,BRK1 (55845)
ACH-000950,8,5522734212633129030,20,PCNX3 (399909)
ACH-000950,8,5522734212633129030,21,DHX29 (54505)
ACH-000950,8,5522734212633129030,22,MAD2L1BP (9587)
ACH-000950,8,5522734212633129030,23,TIMM17A (10440)
ACH-000950,8,5522734212633129030,24,MAPK14 (1432)
ACH-000950,8,5522734212633129030,25,SLC20A1 (6574)
ACH-000950,8,5522734212633129030,26,UBA5 (79876)
ACH-000950,8,5522734212633129030,27,CCND3 (896)
ACH-000950,8,5522734212633129030,28,EARS2 (124454)
ACH-000950,8,5522734212633129030,29,IER3IP1 (51124)
ACH-000950,8,5522734212633129030,30,MRPL15 (29088)
ACH-000950,8,5522734212633129030,31,PPIL1 (51645)
ACH-000950,8,5522734212633129030,32,FXN (2395)
ACH-000950,8,5522734212633129030,33,DDX3X (1654)
ACH-000950,8,5522734212633129030,34,GPX4 (2879)
ACH-000950,8,5522734212633129030,35,FGFR1 (2260)
ACH-000950,8,5522734212633129030,36,PARD6B (84612)
ACH-000950,8,5522734212633129030,37,SLC7A5 (8140)
ACH-000950,8,5522734212633129030,38,CFLAR (8837)
ACH-000950,8,5522734212633129030,39,ATP6V1H (51606)
ACH-000950,8,5522734212633129030,40,VPS33A (65082)
ACH-000950,8,5522734212633129030,41,HECTD1 (25831)
ACH-000950,8,5522734212633129030,42,MYBBP1A (10514)
ACH-000950,8,5522734212633129030,43,BRD2 (6046)
ACH-000950,8,5522734212633129030,44,DSCC1 (79075)
ACH-000950,8,5522734212633129030,45,SARNP (84324)
ACH-000950,8,5522734212633129030,46,NDUFB4 (4710)
ACH-000950,8,5522734212633129030,47,MRPL18 (29074)
ACH-000950,8,5522734212633129030,48,TRNAU1AP (54952)
ACH-000950,8,5522734212633129030,49,PPP1CA (5499)
ACH-000950,8,5522734212633129030,50,NCKAP1 (10787)
ACH-000950,9,1957193800493174693,1,CDK8 (1024)
ACH-000950,9,1957193800493174693,2,PPIL1 (51645)
ACH-000950,9,1957193800493174693,3,GLMN (11146)
ACH-000950,9,1957193800493174693,4,MBTPS2 (51360)
ACH-000950,9,1957193800493174693,5,TEAD1 (7003)
ACH-000950,9,1957193800493174693,6,SMC5 (23137)
ACH-000950,9,1957193800493174693,7,ILK (3611)
ACH-000950,9,1957193800493174693,8,RIC1 (57589)
ACH-000950,9,1957193800493174693,9,RAD51C (5889)
ACH-000950,9,1957193800493174693,10,H2AX (3014)
ACH-000950,9,1957193800493174693,11,KEAP1 (9817)
ACH-000950,9,1957193800493174693,12,MMGT1 (93380)
ACH-000950,9,1957193800493174693,13,UXS1 (80146)
ACH-000950,9,1957193800493174693,14,PIK3CA (5290)
ACH-000950,9,1957193800493174693,15,ADSL (158)
ACH-000950,9,1957193800493174693,16,ATXN7L3 (56970)
ACH-000950,9,1957193800493174693,17,GABPB1 (2553)
ACH-000950,9,1957193800493174693,18,CDAN1 (146059)
ACH-000950,9,1957193800493174693,19,CYB5B (80777)
ACH-000950,9,1957193800493174693,20,UBA5 (79876)
ACH-000950,9,1957193800493174693,21,BRAT1 (221927)
ACH-000950,9,1957193800493174693,22,TRAF7 (84231)
ACH-000950,9,1957193800493174693,23,TOMM20 (9804)
ACH-000950,9,1957193800493174693,24,TRIM37 (4591)
ACH-000950,9,1957193800493174693,25,ZFX (7543)
ACH-000950,9,1957193800493174693,26,BRCA1 (672)
ACH-000950,9,1957193800493174693,27,NELFCD (51497)
ACH-000950,9,1957193800493174693,28,ACLY (47)
ACH-000950,9,1957193800493174693,29,MRPL38 (64978)
ACH-000950,9,1957193800493174693,30,TFRC (7037)
ACH-000950,9,1957193800493174693,31,ATP5F1D (513)
ACH-000950,9,1957193800493174693,32,CCDC6 (8030)
ACH-000950,9,1957193800493174693,33,SDHA (6389)
ACH-000950,9,1957193800493174693,34,EP300 (2033)
ACH-000950,9,1957193800493174693,35,TGIF1 (7050)
ACH-000950,9,1957193800493174693,36,RARS2 (57038)
ACH-000950,9,1957193800493174693,37,BRCA2 (675)
ACH-000950,9,1957193800493174693,38,SOX9 (6662)
ACH-000950,9,1957193800493174693,39,KRAS (3845)
ACH-000950,9,1957193800493174693,40,DAXX (1616)
ACH-000950,9,1957193800493174693,41,DICER1 (23405)
ACH-000950,9,1957193800493174693,42,TADA1 (117143)
ACH-000950,9,1957193800493174693,43,SUGT1 (10910)
ACH-000950,9,1957193800493174693,44,ACO2 (50)
ACH-000950,9,1957193800493174693,45,MTG1 (92170)
ACH-000950,9,1957193800493174693,46,MRPS7 (51081)
ACH-000950,9,1957193800493174693,47,PRDX1 (5052)
ACH-000950,9,1957193800493174693,48,SDHD (6392)
ACH-000950,9,1957193800493174693,49,OXSM (54995)
ACH-000950,9,1957193800493174693,50,BIRC6 (57448)
ACH-000950,10,2347934378675009871,1,SCD (6319)
ACH-000950,10,2347934378675009871,2,MEN1 (4221)
ACH-000950,10,2347934378675009871,3,KNTC1 (9735)
ACH-000950,10,2347934378675009871,4,SLC20A1 (6574)
ACH-000950,10,2347934378675009871,5,COP1 (64326)
ACH-000950,10,2347934378675009871,6,TSC2 (7249)
ACH-000950,10,2347934378675009871,7,FZD5 (7855)
ACH-000950,10,2347934378675009871,8,BRK1 (55845)
ACH-000950,10,2347934378675009871,9,PDCD7 (10081)
ACH-000950,10,2347934378675009871,10,FDX1 (2230)
ACH-000950,10,2347934378675009871,11,MRPL35 (51318)
ACH-000950,10,2347934378675009871,12,MBTPS1 (8720)
ACH-000950,10,2347934378675009871,13,NOA1 (84273)
ACH-000950,10,2347934378675009871,14,EXOSC10 (5394)
ACH-000950,10,2347934378675009871,15,TXNRD1 (7296)
ACH-000950,10,2347934378675009871,16,COX7C (1350)
ACH-000950,10,2347934378675009871,17,RTTN (25914)
ACH-000950,10,2347934378675009871,18,CFL1 (1072)
ACH-000950,10,2347934378675009871,19,TEDC1 (283643)
ACH-000950,10,2347934378675009871,20,NFRKB (4798)
ACH-000950,10,2347934378675009871,21,ICE2 (79664)
ACH-000950,10,2347934378675009871,22,XRCC3 (7517)
ACH-000950,10,2347934378675009871,23,POLRMT (5442)
ACH-000950,10,2347934378675009871,24,PCNX3 (399909)
ACH-000950,10,2347934378675009871,25,TMX2 (51075)
ACH-000950,10,2347934378675009871,26,UBE2D3 (7323)
ACH-000950,10,2347934378675009871,27,ENO1 (2023)
ACH-000950,10,2347934378675009871,28,RHOA (387)
ACH-000950,10,2347934378675009871,29,RPAP2 (79871)
ACH-000950,10,2347934378675009871,30,DAP3 (7818)
ACH-000950,10,2347934378675009871,31,TFRC (7037)
ACH-000950,10,2347934378675009871,32,PAGR1 (79447)
ACH-000950,10,2347934378675009871,33,WTAP (9589)
ACH-000950,10,2347934378675009871,34,KIF20A (10112)
ACH-000950,10,2347934378675009871,35,XYLT2 (64132)
ACH-000950,10,2347934378675009871,36,MRPL4 (51073)
ACH-000950,10,2347934378675009871,37,VRK1 (7443)
ACH-000950,10,2347934378675009871,38,SKA1 (220134)
ACH-000950,10,2347934378675009871,39,THG1L (54974)
ACH-000950,10,2347934378675009871,40,PARD6B (84612)
ACH-000950,10,2347934378675009871,41,TSC1 (7248)
ACH-000950,10,2347934378675009871,42,PGM3 (5238)
ACH-000950,10,2347934378675009871,43,TCOF1 (6949)
ACH-000950,10,2347934378675009871,44,NR2C2AP (126382)
ACH-000950,10,2347934378675009871,45,NAPG (8774)
ACH-000950,10,2347934378675009871,46,SNRPB2 (6629)
ACH-000950,10,2347934378675009871,47,ASNS (440)
ACH-000950,10,2347934378675009871,48,NPEPPS (9520)
ACH-000950,10,2347934378675009871,49,MCMBP (79892)
ACH-000950,10,2347934378675009871,50,ISCA2 (122961)
ACH-000950,11,5775109955528219724,1,POP7 (10248)
ACH-000950,11,5775109955528219724,2,TUBB3 (10381)
ACH-000950,11,5775109955528219724,3,PHF12 (57649)
ACH-000950,11,5775109955528219724,4,CSNK1A1 (1452)
ACH-000950,11,5775109955528219724,5,TEN1 (100134934)
ACH-000950,11,5775109955528219724,6,HYCC2 (285172)
ACH-000950,11,5775109955528219724,7,FAM210A (125228)
ACH-000950,11,5775109955528219724,8,SOX10 (6663)
ACH-000950,11,5775109955528219724,9,EP300 (2033)
ACH-000950,11,5775109955528219724,10,MRPS34 (65993)
ACH-000950,11,5775109955528219724,11,CEP43 (11116)
ACH-000950,11,5775109955528219724,12,STX4 (6810)
ACH-000950,11,5775109955528219724,13,SSBP3 (23648)
ACH-000950,11,5775109955528219724,14,GOLGA7 (51125)
ACH-000950,11,5775109955528219724,15,UBE2S (27338)
ACH-000950,11,5775109955528219724,16,COX18 (285521)
ACH-000950,11,5775109955528219724,17,NDUFA8 (4702)
ACH-000950,11,5775109955528219724,18,MTCH2 (23788)
ACH-000950,11,5775109955528219724,19,WDR1 (9948)
ACH-000950,11,5775109955528219724,20,NDUFB3 (4709)
ACH-000950,11,5775109955528219724,21,NDE1 (54820)
ACH-000950,11,5775109955528219724,22,ATL2 (64225)
ACH-000950,11,5775109955528219724,23,PPP1CA (5499)
ACH-000950,11,5775109955528219724,24,PNKP (11284)
ACH-000950,11,5775109955528219724,25,FBXW11 (23291)
ACH-000950,11,5775109955528219724,26,CDK6 (1021)
ACH-000950,11,5775109955528219724,27,MRPS7 (51081)
ACH-000950,11,5775109955528219724,28,ELP2 (55250)
ACH-000950,11,5775109955528219724,29,NRAS (4893)
ACH-000950,11,5775109955528219724,30,RPRD1B (58490)
ACH-000950,11,5775109955528219724,31,UAP1 (6675)
ACH-000950,11,5775109955528219724,32,ATXN7L3 (56970)
ACH-000950,11,5775109955528219724,33,FERMT2 (10979)
ACH-000950,11,5775109955528219724,34,RBBP7 (5931)
ACH-000950,11,5775109955528219724,35,DHODH (1723)
ACH-000950,11,5775109955528219724,36,SOX9 (6662)
ACH-000950,11,5775109955528219724,37,BRAT1 (221927)
ACH-000950,11,5775109955528219724,38,GOLT1B (51026)
ACH-000950,11,5775109955528219724,39,PPM1D (8493)
ACH-000950,11,5775109955528219724,40,PPA2 (27068)
ACH-000950,11,5775109955528219724,41,MLST8 (64223)
ACH-000950,11,5775109955528219724,42,BSG (682)
ACH-000950,11,5775109955528219724,43,MTPAP (55149)
ACH-000950,11,5775109955528219724,44,SLC16A1 (6566)
ACH-000950,11,5775109955528219724,45,TIMM8A (1678)
ACH-000950,11,5775109955528219724,46,SEPSECS (51091)
ACH-000950,11,5775109955528219724,47,TAF1D (79101)
ACH-000950,11,5775109955528219724,48,DNM1L (10059)
ACH-000950,11,5775109955528219724,49,IER3IP1 (51124)
ACH-000950,11,5775109955528219724,50,PMM2 (5373)
ACH-000950,12,2882374797926559539,1,FBXO42 (54455)
ACH-000950,12,2882374797926559539,2,PDCD5 (9141)
ACH-000950,12,2882374797926559539,3,GOLGA7 (51125)
ACH-000950,12,2882374797926559539,4,DHODH (1723)
ACH-000950,12,2882374797926559539,5,USE1 (55850)
ACH-000950,12,2882374797926559539,6,HMBS (3145)
ACH-000950,12,2882374797926559539,7,APC (324)
ACH-000950,12,2882374797926559539,8,ACO2 (50)
ACH-000950,12,2882374797926559539,9,STIL (6491)
ACH-000950,12,2882374797926559539,10,ATP5F1B (506)
ACH-000950,12,2882374797926559539,11,MAPK14 (1432)
ACH-000950,12,2882374797926559539,12,MAPK1 (5594)
ACH-000950,12,2882374797926559539,13,INTS6 (26512)
ACH-000950,12,2882374797926559539,14,EIF5AL1 (143244)
ACH-000950,12,2882374797926559539,15,ATIC (471)
ACH-000950,12,2882374797926559539,16,UFM1 (51569)
ACH-000950,12,2882374797926559539,17,CYC1 (1537)
ACH-000950,12,2882374797926559539,18,ESCO2 (157570)
ACH-000950,12,2882374797926559539,19,CSK (1445)
ACH-000950,12,2882374797926559539,20,RAB10 (10890)
ACH-000950,12,2882374797926559539,21,VEZF1 (7716)
ACH-000950,12,2882374797926559539,22,MAD2L1BP (9587)
ACH-000950,12,2882374797926559539,23,IMPDH2 (3615)
ACH-000950,12,2882374797926559539,24,MED19 (219541)
ACH-000950,12,2882374797926559539,25,GFM1 (85476)
ACH-000950,12,2882374797926559539,26,BCL9L (283149)
ACH-000950,12,2882374797926559539,27,MYB (4602)
ACH-000950,12,2882374797926559539,28,RPRD1B (58490)
ACH-000950,12,2882374797926559539,29,EFR3A (23167)
ACH-000950,12,2882374797926559539,30,TRIT1 (54802)
ACH-000950,12,2882374797926559539,31,MVD (4597)
ACH-000950,12,2882374797926559539,32,OPA1 (4976)
ACH-000950,12,2882374797926559539,33,ELAVL1 (1994)
ACH-000950,12,2882374797926559539,34,MED12 (9968)
ACH-000950,12,2882374797926559539,35,VARS2 (57176)
ACH-000950,12,2882374797926559539,36,SARS2 (54938)
ACH-000950,12,2882374797926559539,37,USP7 (7874)
ACH-000950,12,2882374797926559539,38,BCL9 (607)
ACH-000950,12,2882374797926559539,39,TOMM70 (9868)
ACH-000950,12,2882374797926559539,40,COX6A1 (1337)
ACH-000950,12,2882374797926559539,41,C19orf53 (28974)
ACH-000950,12,2882374797926559539,42,RELA (5970)
ACH-000950,12,2882374797926559539,43,HARS2 (23438)
ACH-000950,12,2882374797926559539,44,PDS5A (23244)
ACH-000950,12,2882374797926559539,45,EP300 (2033)
ACH-000950,12,2882374797926559539,46,MRPL4 (51073)
ACH-000950,12,2882374797926559539,47,UMPS (7372)
ACH-000950,12,2882374797926559539,48,LIPT1 (51601)
ACH-000950,12,2882374797926559539,49,CSNK1A1 (1452)
ACH-000950,12,2882374797926559539,50,DOCK5 (80005)
ACH-000950,13,17954915566405253467,1,ITGB5 (3693)
ACH-000950,13,17954915566405253467,2,SERBP1 (26135)
ACH-000950,13,17954915566405253467,3,TSC1 (7248)
ACH-000950,13,17954915566405253467,4,VPS4B (9525)
ACH-000950,13,17954915566405253467,5,MTCH2 (23788)
ACH-000950,13,17954915566405253467,6,DSN1 (79980)
ACH-000950,13,17954915566405253467,7,WNK1 (65125)
ACH-000950,13,17954915566405253467,8,CUL3 (8452)
ACH-000950,13,17954915566405253467,9,UBE2C (11065)
ACH-000950,13,17954915566405253467,10,FAM98B (283742)
ACH-000950,13,17954915566405253467,11,ADAR (103)
ACH-000950,13,17954915566405253467,12,EAF1 (85403)
ACH-000950,13,17954915566405253467,13,RPRD1B (58490)
ACH-000950,13,17954915566405253467,14,STAG2 (10735)
ACH-000950,13,17954915566405253467,15,MRPL53 (116540)
ACH-000950,13,17954915566405253467,16,METAP1 (23173)
ACH-000950,13,17954915566405253467,17,KRTCAP2 (200185)
ACH-000950,13,17954915566405253467,18,DICER1 (23405)
ACH-000950,13,17954915566405253467,19,SMARCE1 (6605)
ACH-000950,13,17954915566405253467,20,UQCRC2 (7385)
ACH-000950,13,17954915566405253467,21,MTX2 (10651)
ACH-000950,13,17954915566405253467,22,FDXR (2232)
ACH-000950,13,17954915566405253467,23,ATXN7L3 (56970)
ACH-000950,13,17954915566405253467,24,HMBS (3145)
ACH-000950,13,17954915566405253467,25,ZMYND8 (23613)
ACH-000950,13,17954915566405253467,26,MPPE1 (65258)
ACH-000950,13,17954915566405253467,27,GMNN (51053)
ACH-000950,13,17954915566405253467,28,SLC2A1 (6513)
ACH-000950,13,17954915566405253467,29,STAMBP (10617)
ACH-000950,13,17954915566405253467,30,RPIA (22934)
ACH-000950,13,17954915566405253467,31,MED19 (219541)
ACH-000950,13,17954915566405253467,32,ENO1 (2023)
ACH-000950,13,17954915566405253467,33,NELFCD (51497)
ACH-000950,13,17954915566405253467,34,C19orf53 (28974)
ACH-000950,13,17954915566405253467,35,RAD51D (5892)
ACH-000950,13,17954915566405253467,36,SRSF10 (10772)
ACH-000950,13,17954915566405253467,37,OPA1 (4976)
ACH-000950,13,17954915566405253467,38,UAP1 (6675)
ACH-000950,13,17954915566405253467,39,PTPMT1 (114971)
ACH-000950,13,17954915566405253467,40,EIF2AK4 (440275)
ACH-000950,13,17954915566405253467,41,ACO2 (50)
ACH-000950,13,17954915566405253467,42,HUS1 (3364)
ACH-000950,13,17954915566405253467,43,PMM2 (5373)
ACH-000950,13,17954915566405253467,44,WDR48 (57599)
ACH-000950,13,17954915566405253467,45,CBLL1 (79872)
ACH-000950,13,17954915566405253467,46,DET1 (55070)
ACH-000950,13,17954915566405253467,47,RELA (5970)
ACH-000950,13,17954915566405253467,48,GABPB1 (2553)
ACH-000950,13,17954915566405253467,49,UBE2S (27338)
ACH-000950,13,17954915566405253467,50,GPX4 (2879)
ACH-000950,14,17533867186686917151,1,SOD2 (6648)
ACH-000950,14,17533867186686917151,2,CREBBP (1387)
ACH-000950,14,17533867186686917151,3,GLRX5 (51218)
ACH-000950,14,17533867186686917151,4,GOLGA7 (51125)
ACH-000950,14,17533867186686917151,5,TWNK (56652)
ACH-000950,14,17533867186686917151,6,POLG (5428)
ACH-000950,14,17533867186686917151,7,EARS2 (124454)
ACH-000950,14,17533867186686917151,8,MPPE1 (65258)
ACH-000950,14,17533867186686917151,9,RPIA (22934)
ACH-000950,14,17533867186686917151,10,PAICS (10606)
ACH-000950,14,17533867186686917151,11,CCAR1 (55749)
ACH-000950,14,17533867186686917151,12,RPAP2 (79871)
ACH-000950,14,17533867186686917151,13,SAMM50 (25813)
ACH-000950,14,17533867186686917151,14,MYH9 (4627)
ACH-000950,14,17533867186686917151,15,TRPM7 (54822)
ACH-000950,14,17533867186686917151,16,ILK (3611)
ACH-000950,14,17533867186686917151,17,RIC1 (57589)
ACH-000950,14,17533867186686917151,18,ARID2 (196528)
ACH-000950,14,17533867186686917151,19,ANLN (54443)
ACH-000950,14,17533867186686917151,20,PARD6B (84612)
ACH-000950,14,17533867186686917151,21,PRPF39 (55015)
ACH-000950,14,17533867186686917151,22,KIF18B (146909)
ACH-000950,14,17533867186686917151,23,SSBP3 (23648)
ACH-000950,14,17533867186686917151,24,GFM1 (85476)
ACH-000950,14,17533867186686917151,25,SLC16A1 (6566)
ACH-000950,14,17533867186686917151,26,SMARCB1 (6598)
ACH-000950,14,17533867186686917151,27,UBR5 (51366)
ACH-000950,14,17533867186686917151,28,PPAT (5471)
ACH-000950,14,17533867186686917151,29,MRPL49 (740)
ACH-000950,14,17533867186686917151,30,FAM98B (283742)
ACH-000950,14,17533867186686917151,31,EAPP (55837)
ACH-000950,14,17533867186686917151,32,WTAP (9589)
ACH-000950,14,17533867186686917151,33,MRPS6 (64968)
ACH-000950,14,17533867186686917151,34,PRKAR1A (5573)
ACH-000950,14,17533867186686917151,35,COX10 (1352)
ACH-000950,14,17533867186686917151,36,HNRNPA2B1 (3181)
ACH-000950,14,17533867186686917151,37,CAND1 (55832)
ACH-000950,14,17533867186686917151,38,EXOSC10 (5394)
ACH-000950,14,17533867186686917151,39,CCND1 (595)
ACH-000950,14,17533867186686917151,40,LMNA (4000)
ACH-000950,14,17533867186686917151,41,ITGB5 (3693)
ACH-000950,14,17533867186686917151,42,FOSL1 (8061)
ACH-000950,14,17533867186686917151,43,GOLT1B (51026)
ACH-000950,14,17533867186686917151,44,HYCC2 (285172)
ACH-000950,14,17533867186686917151,45,TCF7L2 (6934)
ACH-000950,14,17533867186686917151,46,MRPL39 (54148)
ACH-000950,14,17533867186686917151,47,SEC62 (7095)
ACH-000950,14,17533867186686917151,48,VPS4A (27183)
ACH-000950,14,17533867186686917151,49,SOCS3 (9021)
ACH-000950,14,17533867186686917151,50,SDHA (6389)
ACH-000950,15,3219793662850391083,1,KRTCAP2 (200185)
ACH-000950,15,3219793662850391083,2,ADSS2 (159)
ACH-000950,15,3219793662850391083,3,UAP1 (6675)
ACH-000950,15,3219793662850391083,4,TMED10 (10972)
ACH-000950,15,3219793662850391083,5,GEMIN7 (79760)
ACH-000950,15,3219793662850391083,6,PPP4R2 (151987)
ACH-000950,15,3219793662850391083,7,NDUFC2 (4718)
ACH-000950,15,3219793662850391083,8,ATP6V0E1 (8992)
ACH-000950,15,3219793662850391083,9,AP2M1 (1173)
ACH-000950,15,3219793662850391083,10,FURIN (5045)
ACH-000950,15,3219793662850391083,11,PRPF39 (55015)
ACH-000950,15,3219793662850391083,12,DAP3 (7818)
ACH-000950,15,3219793662850391083,13,CCND1 (595)
ACH-000950,15,3219793662850391083,14,SLC3A2 (6520)
ACH-000950,15,3219793662850391083,15,KANSL1 (284058)
ACH-000950,15,3219793662850391083,16,CFL1 (1072)
ACH-000950,15,3219793662850391083,17,CCAR1 (55749)
ACH-000950,15,3219793662850391083,18,MTX2 (10651)
ACH-000950,15,3219793662850391083,19,ELOF1 (84337)
ACH-000950,15,3219793662850391083,20,PGP (283871)
ACH-000950,15,3219793662850391083,21,CBLL1 (79872)
ACH-000950,15,3219793662850391083,22,THAP11 (57215)
ACH-000950,15,3219793662850391083,23,ARF4 (378)
ACH-000950,15,3219793662850391083,24,EIF5AL1 (143244)
ACH-000950,15,3219793662850391083,25,PRDX1 (5052)
ACH-000950,15,3219793662850391083,26,NUP50 (10762)
ACH-000950,15,3219793662850391083,27,SARS2 (54938)
ACH-000950,15,3219793662850391083,28,UBAP2L (9898)
ACH-000950,15,3219793662850391083,29,UBE2S (27338)
ACH-000950,15,3219793662850391083,30,RELA (5970)
ACH-000950,15,3219793662850391083,31,KIF14 (9928)
ACH-000950,15,3219793662850391083,32,UBE2C (11065)
ACH-000950,15,3219793662850391083,33,SSBP1 (6742)
ACH-000950,15,3219793662850391083,34,USP8 (9101)
ACH-000950,15,3219793662850391083,35,CDK8 (1024)
ACH-000950,15,3219793662850391083,36,IRF2BP2 (359948)
ACH-000950,15,3219793662850391083,37,PPP2R3C (55012)
ACH-000950,15,3219793662850391083,38,UBE2H (7328)
ACH-000950,15,3219793662850391083,39,MAPK1 (5594)
ACH-000950,15,3219793662850391083,40,SLC25A28 (81894)
ACH-000950,15,3219793662850391083,41,MMGT1 (93380)
ACH-000950,15,3219793662850391083,42,XRCC3 (7517)
ACH-000950,15,3219793662850391083,43,BUD13 (84811)
ACH-000950,15,3219793662850391083,44,RPIA (22934)
ACH-000950,15,3219793662850391083,45,BCL9L (283149)
ACH-000950,15,3219793662850391083,46,RAD1 (5810)
ACH-000950,15,3219793662850391083,47,FDXR (2232)
ACH-000950,15,3219793662850391083,48,FAM185A (222234)
ACH-000950,15,3219793662850391083,49,ZEB1 (6935)
ACH-000950,15,3219793662850391083,50,ANAPC15 (25906)
ACH-000950,16,9737790564143909914,1,SLC30A9 (10463)
ACH-000950,16,9737790564143909914,2,MRPL39 (54148)
ACH-000950,16,9737790564143909914,3,MBTPS2 (51360)
ACH-000950,16,9737790564143909914,4,VPS33A (65082)
ACH-000950,16,9737790564143909914,5,NCKAP1 (10787)
ACH-000950,16,9737790564143909914,6,WRN (7486)
ACH-000950,16,9737790564143909914,7,METAP1 (23173)
ACH-000950,16,9737790564143909914,8,ATIC (471)
ACH-000950,16,9737790564143909914,9,COQ4 (51117)
ACH-000950,16,9737790564143909914,10,USE1 (55850)
ACH-000950,16,9737790564143909914,11,GEMIN7 (79760)
ACH-000950,16,9737790564143909914,12,BRAF (673)
ACH-000950,16,9737790564143909914,13,ENO1 (2023)
ACH-000950,16,9737790564143909914,14,HAPLN2 (60484)
ACH-000950,16,9737790564143909914,15,UBE2D3 (7323)
ACH-000950,16,9737790564143909914,16,DDX3X (1654)
ACH-000950,16,9737790564143909914,17,OGDH (4967)
ACH-000950,16,9737790564143909914,18,ITGAV (3685)
ACH-000950,16,9737790564143909914,19,MRPS7 (51081)
ACH-000950,16,9737790564143909914,20,UBAP2L (9898)
ACH-000950,16,9737790564143909914,21,PDS5A (23244)
ACH-000950,16,9737790564143909914,22,CTC1 (80169)
ACH-000950,16,9737790564143909914,23,HAUS8 (93323)
ACH-000950,16,9737790564143909914,24,RAB6A (5870)
ACH-000950,16,9737790564143909914,25,NDUFB4 (4710)
ACH-000950,16,9737790564143909914,26,MRPL41 (64975)
ACH-000950,16,9737790564143909914,27,PAGR1 (79447)
ACH-000950,16,9737790564143909914,28,RRAGC (64121)
ACH-000950,16,9737790564143909914,29,FURIN (5045)
ACH-000950,16,9737790564143909914,30,TGIF1 (7050)
ACH-000950,16,9737790564143909914,31,CTNNA1 (1495)
ACH-000950,16,9737790564143909914,32,FLII (2314)
ACH-000950,16,9737790564143909914,33,PET117 (100303755)
ACH-000950,16,9737790564143909914,34,ANLN (54443)
ACH-000950,16,9737790564143909914,35,ANAPC15 (25906)
ACH-000950,16,9737790564143909914,36,TIMM29 (90580)
ACH-000950,16,9737790564143909914,37,PTK2 (5747)
ACH-000950,16,9737790564143909914,38,ZMYND8 (23613)
ACH-000950,16,9737790564143909914,39,ATP2B1 (490)
ACH-000950,16,9737790564143909914,40,PTDSS1 (9791)
ACH-000950,16,9737790564143909914,41,ELMO2 (63916)
ACH-000950,16,9737790564143909914,42,POLG (5428)
ACH-000950,16,9737790564143909914,43,MRPS10 (55173)
ACH-000950,16,9737790564143909914,44,EIF2AK4 (440275)
ACH-000950,16,9737790564143909914,45,MIB1 (57534)
ACH-000950,16,9737790564143909914,46,RELA (5970)
ACH-000950,16,9737790564143909914,47,CCNB1 (891)
ACH-000950,16,9737790564143909914,48,MRPS24 (64951)
ACH-000950,16,9737790564143909914,49,GCN1 (10985)
ACH-000950,16,9737790564143909914,50,SMC5 (23137)
ACH-000950,17,12101273758893286374,1,TCF7L2 (6934)
ACH-000950,17,12101273758893286374,2,MVD (4597)
ACH-000950,17,12101273758893286374,3,RAD51C (5889)
ACH-000950,17,12101273758893286374,4,FERMT1 (55612)
ACH-000950,17,12101273758893286374,5,SCAP (22937)
ACH-000950,17,12101273758893286374,6,PRRC2A (7916)
ACH-000950,17,12101273758893286374,7,SQLE (6713)
ACH-000950,17,12101273758893286374,8,SLC2A1 (6513)
ACH-000950,17,12101273758893286374,9,IRS2 (8660)
ACH-000950,17,12101273758893286374,10,ATP5F1C (509)
ACH-000950,17,12101273758893286374,11,CTPS1 (1503)
ACH-000950,17,12101273758893286374,12,MYB (4602)
ACH-000950,17,12101273758893286374,13,POLE3 (54107)
ACH-000950,17,12101273758893286374,14,VPS4B (9525)
ACH-000950,17,12101273758893286374,15,TAFAZZIN (6901)
ACH-000950,17,12101273758893286374,16,PGM3 (5238)
ACH-000950,17,12101273758893286374,17,RAD51D (5892)
ACH-000950,17,12101273758893286374,18,TRPM7 (54822)
ACH-000950,17,12101273758893286374,19,HECTD1 (25831)
ACH-000950,17,12101273758893286374,20,MRPS16 (51021)
ACH-000950,17,12101273758893286374,21,MRPS14 (63931)
ACH-000950,17,12101273758893286374,22,SMCHD1 (23347)
ACH-000950,17,12101273758893286374,23,SRSF10 (10772)
ACH-000950,17,12101273758893286374,24,TEAD1 (7003)
ACH-000950,17,12101273758893286374,25,SLC20A1 (6574)
ACH-000950,17,12101273758893286374,26,LSM12 (124801)
ACH-000950,17,12101273758893286374,27,AHCYL1 (10768)
ACH-000950,17,12101273758893286374,28,KIF14 (9928)
ACH-000950,17,12101273758893286374,29,YAP1 (10413)
ACH-000950,17,12101273758893286374,30,C19orf53 (28974)
ACH-000950,17,12101273758893286374,31,PIK3CA (5290)
ACH-000950,17,12101273758893286374,32,SARNP (84324)
ACH-000950,17,12101273758893286374,33,CEP85 (64793)
ACH-000950,17,12101273758893286374,34,MRPL32 (64983)
ACH-000950,17,12101273758893286374,35,MDM2 (4193)
ACH-000950,17,12101273758893286374,36,MMGT1 (93380)
ACH-000950,17,12101273758893286374,37,PCYT1A (5130)
ACH-000950,17,12101273758893286374,38,UXS1 (80146)
ACH-000950,17,12101273758893286374,39,BUD13 (84811)
ACH-000950,17,12101273758893286374,40,NRAS (4893)
ACH-000950,17,12101273758893286374,41,FBXW11 (23291)
ACH-000950,17,12101273758893286374,42,MYBL2 (4605)
ACH-000950,17,12101273758893286374,43,CAND1 (55832)
ACH-000950,17,12101273758893286374,44,PDCD7 (10081)
ACH-000950,17,12101273758893286374,45,FECH (2235)
ACH-000950,17,12101273758893286374,46,APC (324)
ACH-000950,17,12101273758893286374,47,PTPMT1 (114971)
ACH-000950,17,12101273758893286374,48,OXSM (54995)
ACH-000950,17,12101273758893286374,49,HSD17B10 (3028)
ACH-000950,17,12101273758893286374,50,MBTPS2 (51360)
ACH-000950,18,16988776964689468614,1,RBM18 (92400)
ACH-000950,18,16988776964689468614,2,JUN (3725)
ACH-000950,18,16988776964689468614,3,STAG2 (10735)
ACH-000950,18,16988776964689468614,4,KIF14 (9928)
ACH-000950,18,16988776964689468614,5,GTF3C3 (9330)
ACH-000950,18,16988776964689468614,6,PARS2 (25973)
ACH-000950,18,16988776964689468614,7,NAPG (8774)
ACH-000950,18,16988776964689468614,8,KIF18B (146909)
ACH-000950,18,16988776964689468614,9,MTG1 (92170)
ACH-000950,18,16988776964689468614,10,BCL9 (607)
ACH-000950,18,16988776964689468614,11,SOCS3 (9021)
ACH-000950,18,16988776964689468614,12,OPA1 (4976)
ACH-000950,18,16988776964689468614,13,HSP90B1 (7184)
ACH-000950,18,16988776964689468614,14,TGIF1 (7050)
ACH-000950,18,16988776964689468614,15,MYB (4602)
ACH-000950,18,16988776964689468614,16,MTG2 (26164)
ACH-000950,18,16988776964689468614,17,PCNX3 (399909)
ACH-000950,18,16988776964689468614,18,LAMTOR2 (28956)
ACH-000950,18,16988776964689468614,19,ZWINT (11130)
ACH-000950,18,16988776964689468614,20,MVD (4597)
ACH-000950,18,16988776964689468614,21,TUBE1 (51175)
ACH-000950,18,16988776964689468614,22,FDX1 (2230)
ACH-000950,18,16988776964689468614,23,STAMBP (10617)
ACH-000950,18,16988776964689468614,24,UBIAD1 (29914)
ACH-000950,18,16988776964689468614,25,NFE2L2 (4780)
ACH-000950,18,16988776964689468614,26,HAPLN2 (60484)
ACH-000950,18,16988776964689468614,27,DNAJC13 (23317)
ACH-000950,18,16988776964689468614,28,FPGS (2356)
ACH-000950,18,16988776964689468614,29,SEPSECS (51091)
ACH-000950,18,16988776964689468614,30,AP2M1 (1173)
ACH-000950,18,16988776964689468614,31,GMNN (51053)
ACH-000950,18,16988776964689468614,32,HNF1A (6927)
ACH-000950,18,16988776964689468614,33,RRAGC (64121)
ACH-000950,18,16988776964689468614,34,GOLT1B (51026)
ACH-000950,18,16988776964689468614,35,CHMP7 (91782)
ACH-000950,18,16988776964689468614,36,CFLAR (8837)
ACH-000950,18,16988776964689468614,37,POP7 (10248)
ACH-000950,18,16988776964689468614,38,AP2S1 (1175)
ACH-000950,18,16988776964689468614,39,TRIP13 (9319)
ACH-000950,18,16988776964689468614,40,TACC3 (10460)
ACH-000950,18,16988776964689468614,41,CDK6 (1021)
ACH-000950,18,16988776964689468614,42,BIRC6 (57448)
ACH-000950,18,16988776964689468614,43,DNAJC11 (55735)
ACH-000950,18,16988776964689468614,44,HARS2 (23438)
ACH-000950,18,16988776964689468614,45,SCAP (22937)
ACH-000950,18,16988776964689468614,46,STX4 (6810)
ACH-000950,18,16988776964689468614,47,PPP4R2 (151987)
ACH-000950,18,16988776964689468614,48,SOX9 (6662)
ACH-000950,18,16988776964689468614,49,CCDC6 (8030)
ACH-000950,18,16988776964689468614,50,DOLPP1 (57171)
ACH-000950,19,5148098274607427115,1,CAB39 (51719)
ACH-000950,19,5148098274607427115,2,RIC8A (60626)
ACH-000950,19,5148098274607427115,3,KIF4A (24137)
ACH-000950,19,5148098274607427115,4,TDP2 (51567)
ACH-000950,19,5148098274607427115,5,ARPC4 (10093)
ACH-000950,19,5148098274607427115,6,UBA5 (79876)
ACH-000950,19,5148098274607427115,7,AP2M1 (1173)
ACH-000950,19,5148098274607427115,8,ACTR3 (10096)
ACH-000950,19,5148098274607427115,9,CEP85 (64793)
ACH-000950,19,5148098274607427115,10,CCAR1 (55749)
ACH-000950,19,5148098274607427115,11,MRPL55 (128308)
ACH-000950,19,5148098274607427115,12,CCNC (892)
ACH-000950,19,5148098274607427115,13,MRPL41 (64975)
ACH-000950,19,5148098274607427115,14,ATP2B1 (490)
ACH-000950,19,5148098274607427115,15,COASY (80347)
ACH-000950,19,5148098274607427115,16,SMCHD1 (23347)
ACH-000950,19,5148098274607427115,17,VBP1 (7411)
ACH-000950,19,5148098274607427115,18,CHMP5 (51510)
ACH-000950,19,5148098274607427115,19,SKA1 (220134)
ACH-000950,19,5148098274607427115,20,TAFAZZIN (6901)
ACH-000950,19,5148098274607427115,21,TIMM17A (10440)
ACH-000950,19,5148098274607427115,22,PNKP (11284)
ACH-000950,19,5148098274607427115,23,TFAM (7019)
ACH-000950,19,5148098274607427115,24,CDH1 (999)
ACH-000950,19,5148098274607427115,25,SLC25A3 (5250)
ACH-000950,19,5148098274607427115,26,UBIAD1 (29914)
ACH-000950,19,5148098274607427115,27,MTHFD1 (4522)
ACH-000950,19,5148098274607427115,28,FBXW11 (23291)
ACH-000950,19,5148098274607427115,29,VARS2 (57176)
ACH-000950,19,5148098274607427115,30,OTUD5 (55593)
ACH-000950,19,5148098274607427115,31,SMC5 (23137)
ACH-000950,19,5148098274607427115,32,MAD2L1BP (9587)
ACH-000950,19,5148098274607427115,33,RPL22L1 (200916)
ACH-000950,19,5148098274607427115,34,TRAF7 (84231)
ACH-000950,19,5148098274607427115,35,ZWINT (11130)
ACH-000950,19,5148098274607427115,36,SCD (6319)
ACH-000950,19,5148098274607427115,37,EFR3A (23167)
ACH-000950,19,5148098274607427115,38,CBLL1 (79872)
ACH-000950,19,5148098274607427115,39,DSN1 (79980)
ACH-000950,19,5148098274607427115,40,PCYT1A (5130)
ACH-000950,19,5148098274607427115,41,HNRNPR (10236)
ACH-000950,19,5148098274607427115,42,TRNAU1AP (54952)
ACH-000950,19,5148098274607427115,43,GABPB1 (2553)
ACH-000950,19,5148098274607427115,44,FOXA2 (3170)
ACH-000950,19,5148098274607427115,45,CDIN1 (84529)
ACH-000950,19,5148098274607427115,46,OGDH (4967)
ACH-000950,19,5148098274607427115,47,WDR73 (84942)
ACH-000950,19,5148098274607427115,48,TMED2 (10959)
ACH-000950,19,5148098274607427115,49,PTPA (5524)
ACH-000950,19,5148098274607427115,50,XRCC2 (7516)
