evaluation_scope,fold,feature_set,model,weighting,spearman,pearson,rmse,mae,r2,auroc_lt_neg0p5,auprc_lt_neg0p5,top5pct_enrichment_lt_neg0p5,auroc_lt_neg1p0,auprc_lt_neg1p0,top5pct_enrichment_lt_neg1p0,job_key,fit_seconds,spearman_defined,pearson_defined
internal_cv_all,0,delta_all,mean_label,unweighted,,,0.6854439893462009,0.539976987927206,-9.692507876080114e-05,0.5,0.7447916666666666,1.006993006993007,0.5,0.4296875,0.8145454545454545,,,,
internal_cv_all,0,delta_all,ridge,unweighted,0.3181769438133667,0.3264135381333408,0.7125220439634407,0.5557990645788777,-0.0806741351830642,0.6428571428571428,0.8441617883648105,1.2755244755244757,0.6499515704995158,0.5807535383293082,1.5127272727272727,,,,
internal_cv_all,0,delta_all,ridge,sqrt_n_cells,0.3170655878064494,0.3256849624169569,0.7133335946412932,0.5563668501983253,-0.0831372766141769,0.6420008562865707,0.8438212573272589,1.2755244755244757,0.6494257644942576,0.580358773070471,1.5127272727272727,,,,
internal_cv_all,0,delta_all,elastic_net,unweighted,0.2968530653419687,0.2907784996625616,0.7620065511682774,0.5872629222765985,-0.2359917082713012,0.6320108462965606,0.8377151018519927,1.2083916083916084,0.655984502559845,0.5849104961868887,1.5127272727272727,,,,
internal_cv_all,0,delta_all,elastic_net,sqrt_n_cells,0.2811499694822149,0.2840596065163671,0.7742495749664267,0.600059181917004,-0.2760276887198103,0.6216283716283717,0.836122073139146,1.2755244755244757,0.6429223744292237,0.5702194658500743,1.5127272727272727,,,,
internal_cv_all,0,delta_all,pca20_ridge,unweighted,0.4542504492896138,0.4476240194302326,0.6129658120902298,0.4778958660349417,0.2002197924668812,0.7158555729984302,0.8680648133803304,1.2755244755244757,0.7292375812923758,0.6390899657341234,1.8618181818181816,,,,
internal_cv_all,0,delta_all,pca20_ridge,sqrt_n_cells,0.4604307246278526,0.4524976621738347,0.6113114093090827,0.4749332882573374,0.2045312009087974,0.7220636506350792,0.8681391405937975,1.2083916083916084,0.7320603293206034,0.6420072025176268,1.629090909090909,,,,
internal_cv_all,0,delta_all,pca50_ridge,unweighted,0.4703812179987114,0.4589027148920628,0.6091962408367168,0.4714422668750255,0.2100264023526017,0.7311973740545169,0.873759951134357,1.2755244755244757,0.7330842673308426,0.6455325658555751,1.8618181818181816,,,,
internal_cv_all,0,delta_all,pca50_ridge,sqrt_n_cells,0.4682203892713031,0.4583917052497517,0.6094338440981735,0.4703606026046145,0.2094100593917717,0.7331953760525189,0.8731626282608225,1.2083916083916084,0.7324200913242009,0.6523910763498507,1.8618181818181816,,,,
internal_cv_all,0,delta_all,pca100_ridge,unweighted,0.4547046132718457,0.4510032456273667,0.6124952120742657,0.4748878839535185,0.2014473718549327,0.7240973312401884,0.870826519042085,1.2755244755244757,0.7220423412204234,0.6441305761789828,1.8618181818181816,,,,
internal_cv_all,0,delta_all,pca100_ridge,sqrt_n_cells,0.4565153351870062,0.4550609969810397,0.6108596763918851,0.4728039199285376,0.2057064011993995,0.7256671899529041,0.8708131854981072,1.2083916083916084,0.7257229832572298,0.646454920556022,1.8618181818181816,,,,
internal_cv_all,0,delta_all,random_forest,unweighted,0.4626714506120511,0.4835488858865745,0.6007364608620751,0.4624097943935235,0.231814455693094,0.7108962466105324,0.8645163660118941,1.2083916083916084,0.742742493427425,0.6640509206545266,1.7454545454545454,,,,
internal_cv_all,0,delta_all,random_forest,sqrt_n_cells,0.4621691787324946,0.4812207549341776,0.6019896980331189,0.4666354700484995,0.2286059842996887,0.7144641073212502,0.8700030160510459,1.2083916083916084,0.7403348554033484,0.6620199626952485,1.629090909090909,,,,
internal_cv_all,0,delta_mask_target,mean_label,unweighted,,,0.6854439893462009,0.539976987927206,-9.692507876080114e-05,0.5,0.7447916666666666,1.006993006993007,0.5,0.4296875,0.8145454545454545,,,,
internal_cv_all,0,delta_mask_target,ridge,unweighted,0.3201873029059713,0.3269630244060864,0.7140673331935374,0.5576213373177173,-0.0853666635932208,0.6438204652490367,0.8457492263386571,1.2755244755244757,0.6502836585028366,0.5809086613273041,1.5127272727272727,,,,
internal_cv_all,0,delta_mask_target,ridge,sqrt_n_cells,0.3195633837441931,0.3262246683071024,0.7149105293854026,0.5582294391153179,-0.0879314563846174,0.6435707149992864,0.8458060615392076,1.2755244755244757,0.6498962224989624,0.5809015009583582,1.5127272727272727,,,,
internal_cv_all,0,delta_mask_target,elastic_net,unweighted,0.2831376521650673,0.2793537288048978,0.7731639101714145,0.5940880327636174,-0.2724516659168738,0.6286570572284859,0.8362772159114202,1.2755244755244757,0.6486785664867858,0.5762280607351065,1.629090909090909,,,,
internal_cv_all,0,delta_mask_target,elastic_net,sqrt_n_cells,0.268273159608016,0.2776183818625679,0.7807906759622116,0.6039772053865514,-0.2976793207033459,0.6185956900242614,0.8342626646053556,1.2755244755244757,0.6373045523730455,0.5658412237188396,1.5127272727272727,,,,
internal_cv_all,0,delta_mask_target,pca20_ridge,unweighted,0.4536542928351022,0.4472214614201054,0.6131035006179244,0.4780326517097819,0.1998604480300636,0.7156415013557871,0.8678480871681952,1.2755244755244757,0.728684101286841,0.6383835690718472,1.8618181818181816,,,,
internal_cv_all,0,delta_mask_target,pca20_ridge,sqrt_n_cells,0.4595334169746702,0.4520261515090998,0.6114757078311215,0.4751028363081483,0.2041035566378138,0.7214571143142572,0.8676487254645401,1.2083916083916084,0.7316452193164522,0.641871124307869,1.7454545454545454,,,,
internal_cv_all,0,delta_mask_target,pca50_ridge,unweighted,0.4700959614797734,0.45846918522058,0.6093593139237052,0.4715112427979875,0.2096034165668635,0.7312687312687314,0.8737873038935029,1.2755244755244757,0.7330565933305659,0.6460231920997614,1.8618181818181816,,,,
internal_cv_all,0,delta_mask_target,pca50_ridge,sqrt_n_cells,0.467963319317758,0.4579240349256162,0.6096113709028333,0.4705526649130054,0.2089493979130093,0.7330526616240901,0.8727839365514892,1.2083916083916084,0.7321156773211569,0.6516106678333223,1.8618181818181816,,,,
internal_cv_all,0,delta_mask_target,pca100_ridge,unweighted,0.4550983774710928,0.4506443484279122,0.6126173078427386,0.4751129545070398,0.2011289706241336,0.7243827600970458,0.8710298349938771,1.2755244755244757,0.7220423412204235,0.6436532232934312,1.8618181818181816,,,,
internal_cv_all,0,delta_mask_target,pca100_ridge,sqrt_n_cells,0.4560509986097453,0.4545074460644902,0.611062304519378,0.4731408769374259,0.2051793638959274,0.7259526188097617,0.8707974865708037,1.2083916083916084,0.7250864812508647,0.6453479127904596,1.8618181818181816,,,,
internal_cv_all,0,delta_mask_target,random_forest,unweighted,0.4647799328608728,0.4844405979419853,0.6004385963268662,0.4615426188857787,0.2325760492304369,0.712430426716141,0.8649890365947384,1.2755244755244757,0.7441538674415387,0.6663324775034243,1.8618181818181816,,,,
internal_cv_all,0,delta_mask_target,random_forest,sqrt_n_cells,0.4644327930555084,0.4796763151629111,0.6026712633694474,0.4671297398732335,0.2268582698441613,0.7180676466390752,0.8715523992539118,1.2083916083916084,0.74346201743462,0.6633100863455124,1.629090909090909,,,,
internal_cv_all,0,response_burden,mean_label,unweighted,,,0.6854439893462009,0.539976987927206,-9.692507876080114e-05,0.5,0.7447916666666666,1.006993006993007,0.5,0.4296875,0.8145454545454545,,,,
internal_cv_all,0,response_burden,ridge,unweighted,0.4073882709979315,0.3883444592295225,0.6316946791526904,0.4911465940175124,0.1505993584919266,0.6897388325959755,0.8371494314821881,1.0741258741258743,0.7058530510585306,0.6093240063962412,1.5127272727272727,,,,
internal_cv_all,0,response_burden,ridge,sqrt_n_cells,0.4014038181140008,0.3846555747280662,0.6338096833297803,0.4948988128873376,0.1449020068752772,0.6847438276009704,0.832304367139783,1.0741258741258743,0.7030579770305798,0.6100929634262748,1.7454545454545454,,,,
internal_cv_all,0,response_burden,elastic_net,unweighted,0.4079583601776813,0.3859815508961062,0.6323979770201021,0.4915254577482907,0.148706943604817,0.6897031539888682,0.8396105991272856,1.1412587412587414,0.7063235090632352,0.6090677284287134,1.5127272727272727,,,,
internal_cv_all,0,response_burden,elastic_net,sqrt_n_cells,0.4020137499576141,0.3833037443839062,0.63413315266475,0.4951885937512088,0.1440289733185746,0.6848508634222918,0.8355396258055843,1.006993006993007,0.7033347170333472,0.6135270020104371,1.5127272727272727,,,,
internal_cv_all,0,response_burden,random_forest,unweighted,0.3311190278390017,0.3244035526399573,0.6621526169808144,0.5120046270586129,0.0667148690640736,0.6661195946910232,0.8392644328516077,1.2083916083916084,0.6683824546838245,0.5745852832125157,1.629090909090909,,,,
internal_cv_all,0,response_burden,random_forest,sqrt_n_cells,0.3303406123902207,0.3246615831382518,0.6627407203239665,0.511945438225032,0.0650563032430863,0.6625517339803053,0.8352540040300409,1.2755244755244757,0.6677459526774595,0.5724198696542446,1.629090909090909,,,,
internal_cv_all,0,target_knockdown_only,mean_label,unweighted,,,0.6854439893462009,0.539976987927206,-9.692507876080114e-05,0.5,0.7447916666666666,1.006993006993007,0.5,0.4296875,0.8145454545454545,,,,
internal_cv_all,0,target_knockdown_only,ridge,unweighted,0.1601122256143888,0.2527161717925729,0.6637652179625002,0.5210486816972661,0.062163503919365,0.5867703724846581,0.8034599330519308,1.0741258741258743,0.5747613117476131,0.5437318470131298,1.7454545454545454,,,,
internal_cv_all,0,target_knockdown_only,ridge,sqrt_n_cells,0.1601122256143888,0.2527161827963838,0.6641253547151408,0.5221742286456296,0.0611455505623307,0.5867703724846581,0.8034599330519308,1.0741258741258743,0.5747613117476131,0.5437318470131298,1.7454545454545454,,,,
internal_cv_all,0,target_knockdown_only,elastic_net,unweighted,0.1601122256143888,0.252716176019547,0.6637061599242137,0.5210084395592579,0.0623303831658016,0.5867703724846581,0.8034599330519308,1.0741258741258743,0.5747613117476131,0.5437318470131298,1.7454545454545454,,,,
internal_cv_all,0,target_knockdown_only,elastic_net,sqrt_n_cells,0.1601122256143888,0.2527161841773461,0.6640586405039549,0.5221389057534603,0.0613341649183266,0.5867703724846581,0.8034599330519308,1.0741258741258743,0.5747613117476131,0.5437318470131298,1.7454545454545454,,,,
internal_cv_all,0,target_knockdown_only,random_forest,unweighted,0.1763600505056269,0.230109210083788,0.69673085894178,0.5436561446610789,-0.0333043072424648,0.5844869416297989,0.7966099130921307,1.1412587412587414,0.5742631797426317,0.5374268600936843,1.629090909090909,,,,
internal_cv_all,0,target_knockdown_only,random_forest,sqrt_n_cells,0.1954147908197107,0.2404478793125551,0.6972769759982782,0.5459298219723636,-0.0349248074930981,0.5937455401741116,0.8007634151944475,1.1412587412587414,0.5834647848346479,0.5371073702275356,1.629090909090909,,,,
internal_cv_all,0,n_cells_only,mean_label,unweighted,,,0.6854439893462009,0.539976987927206,-9.692507876080114e-05,0.5,0.7447916666666666,1.006993006993007,0.5,0.4296875,0.8145454545454545,,,,
internal_cv_all,0,n_cells_only,ridge,unweighted,0.0254581772623632,0.1484743068675234,0.6795981151684758,0.5376556472651828,0.0168891742005143,0.4996253746253746,0.7751174344655254,1.1412587412587414,0.4975785249757852,0.4622745166900243,1.1636363636363636,,,,
internal_cv_all,0,n_cells_only,ridge,sqrt_n_cells,0.0254581772623632,0.1484743023276337,0.6785182621387873,0.5354603378832508,0.0200109361623749,0.4996253746253746,0.7751174344655254,1.1412587412587414,0.4975785249757852,0.4622745166900243,1.1636363636363636,,,,
internal_cv_all,0,n_cells_only,elastic_net,unweighted,0.0254581772623632,0.1484743975559876,0.6796759161802015,0.5376868367925454,0.0166640664689592,0.4996253746253746,0.7751174344655254,1.1412587412587414,0.4975785249757852,0.4622745166900243,1.1636363636363636,,,,
internal_cv_all,0,n_cells_only,elastic_net,sqrt_n_cells,0.0254581772623632,0.1484743095859738,0.6785411646247651,0.5354914882950652,0.0199447785780264,0.4996253746253746,0.7751174344655254,1.1412587412587414,0.4975785249757852,0.4622745166900243,1.1636363636363636,,,,
internal_cv_all,0,n_cells_only,random_forest,unweighted,5.8812007020107774e-05,-0.0074684441276565,0.7274247921520102,0.5705034626201216,-0.1263525441223063,0.5034608248893964,0.7414603472471848,1.006993006993007,0.517766708177667,0.4276932501341574,0.6981818181818181,,,,
internal_cv_all,0,n_cells_only,random_forest,sqrt_n_cells,-0.0013668758172114,-0.0060089687367123,0.7276104273952777,0.5705630087705832,-0.1269274967779048,0.5023547880690737,0.7401789806292338,1.006993006993007,0.5172132281721322,0.4273388650508144,0.6981818181818181,,,,
internal_cv_all,1,delta_all,mean_label,unweighted,,,0.6852288408503491,0.5413316689000199,-9.44274402880918e-05,0.5,0.7447916666666666,1.006993006993007,0.5,0.4296875,0.9309090909090908,,,,
internal_cv_all,1,delta_all,ridge,unweighted,0.4011308534807229,0.4016874929142721,0.6955818120941208,0.5327942765531285,-0.0305431359295336,0.697231340088483,0.881663794179317,1.3426573426573427,0.7004566210045661,0.6577243286775596,1.978181818181818,,,,
internal_cv_all,1,delta_all,ridge,sqrt_n_cells,0.4004350903665525,0.4010541988347497,0.696231800535513,0.5333730002457742,-0.0324700238456638,0.6970172684458399,0.8814586767572532,1.3426573426573427,0.700262903002629,0.65675036666142,1.8618181818181816,,,,
internal_cv_all,1,delta_all,elastic_net,unweighted,0.3122100810416737,0.3181790400445278,0.759041281430689,0.5869318139642322,-0.2271581387697585,0.6351862423290994,0.8500905086010309,1.3426573426573427,0.644499792444998,0.5935260814335087,1.5127272727272727,,,,
internal_cv_all,1,delta_all,elastic_net,sqrt_n_cells,0.3128445966566071,0.3220465849622972,0.759775906093214,0.5901781800106013,-0.2295346547942109,0.6365063507920651,0.8501762333730659,1.3426573426573427,0.6453576864535769,0.5948387600501001,1.629090909090909,,,,
internal_cv_all,1,delta_all,pca20_ridge,unweighted,0.5149009443559053,0.4990821312732246,0.5947130309232325,0.4672303303668741,0.2466710650523917,0.7613457970600828,0.898387901085004,1.2755244755244757,0.7488861214888612,0.6646338962847413,1.629090909090909,,,,
internal_cv_all,1,delta_all,pca20_ridge,sqrt_n_cells,0.5094098623308806,0.4947976271441083,0.5970318315885418,0.4689250422234181,0.2407851167351148,0.7607392607392608,0.8991072953134056,1.2755244755244757,0.7459526774595268,0.6663161945347824,1.7454545454545454,,,,
internal_cv_all,1,delta_all,pca50_ridge,unweighted,0.5367016632192873,0.5216980028886341,0.5854822010812056,0.4555516027127548,0.2698751443427465,0.7852861424289995,0.9107561195036432,1.2755244755244757,0.7531479175314792,0.6841020971773244,1.978181818181818,,,,
internal_cv_all,1,delta_all,pca50_ridge,sqrt_n_cells,0.5294426689498491,0.5079850543027975,0.5920003559463124,0.4591710025658055,0.2535277365415086,0.784180105608677,0.9116104045625636,1.3426573426573427,0.7481665974816659,0.6759592485665402,1.8618181818181816,,,,
internal_cv_all,1,delta_all,pca100_ridge,unweighted,0.5238678749448985,0.5088952455337021,0.5907803470712853,0.4617323808585449,0.2566012630281291,0.7828599971457114,0.9107013887294624,1.2755244755244757,0.7498823854988238,0.6857339867185162,1.978181818181818,,,,
internal_cv_all,1,delta_all,pca100_ridge,sqrt_n_cells,0.5062516954325048,0.4943401741988638,0.5978782619827586,0.4650050972801788,0.2386308661514992,0.7719423433709148,0.9093820180765648,1.3426573426573427,0.7403902034039022,0.6767338427597948,1.8618181818181816,,,,
internal_cv_all,1,delta_all,random_forest,unweighted,0.5182655301617443,0.5226189866943406,0.5859299055240157,0.4605958491398827,0.2687580988720192,0.7747252747252747,0.911748508445884,1.3426573426573427,0.7437941054379411,0.68431365308914,1.978181818181818,,,,
internal_cv_all,1,delta_all,random_forest,sqrt_n_cells,0.5167941066766132,0.521369440560136,0.5869861044493917,0.4628741230501783,0.2661194453019038,0.7760453831882402,0.9104681777208128,1.3426573426573427,0.7456482634564827,0.6970184641052883,2.0945454545454547,,,,
internal_cv_all,1,delta_mask_target,mean_label,unweighted,,,0.6852288408503491,0.5413316689000199,-9.44274402880918e-05,0.5,0.7447916666666666,1.006993006993007,0.5,0.4296875,0.9309090909090908,,,,
internal_cv_all,1,delta_mask_target,ridge,unweighted,0.3938576599640568,0.3960033092645802,0.6996013176773399,0.5362400089604004,-0.0424877904260545,0.6933423719138005,0.8793742495912825,1.3426573426573427,0.696637608966376,0.65059280838257,1.978181818181818,,,,
internal_cv_all,1,delta_mask_target,ridge,sqrt_n_cells,0.3934467295106981,0.395336848087475,0.7002867945148007,0.536852245364571,-0.0445316725702562,0.6933066933066934,0.8792646650089038,1.3426573426573427,0.6965822609658225,0.6492285798818339,1.978181818181818,,,,
internal_cv_all,1,delta_mask_target,elastic_net,unweighted,0.3127053592621477,0.3160424947518319,0.7595887164667573,0.5886995480298841,-0.2289288767521147,0.6344013129727415,0.8502793593423816,1.3426573426573427,0.6453853604538535,0.5845836297157425,1.629090909090909,,,,
internal_cv_all,1,delta_mask_target,elastic_net,sqrt_n_cells,0.3074081923298633,0.3103337678927048,0.766099197270728,0.5955572379461955,-0.2500856050253532,0.6369344940773511,0.8510524407682032,1.3426573426573427,0.6434481804344818,0.5868848461945932,1.629090909090909,,,,
internal_cv_all,1,delta_mask_target,pca20_ridge,unweighted,0.5145048489369638,0.4986753600838355,0.5948841225144547,0.4673449907665296,0.246237555849569,0.760989010989011,0.8983586238330699,1.2755244755244757,0.7488584474885844,0.6641863363320885,1.629090909090909,,,,
internal_cv_all,1,delta_mask_target,pca20_ridge,sqrt_n_cells,0.5092392594350819,0.4943534234433304,0.5972308801223445,0.4690273282952451,0.240278792640064,0.7607035821321535,0.898999761132261,1.2755244755244757,0.7458973294589735,0.6662734637748489,1.7454545454545454,,,,
internal_cv_all,1,delta_mask_target,pca50_ridge,unweighted,0.5356990268217422,0.5213954201428033,0.5856113010060859,0.4556780696439091,0.2695531210395794,0.7848223205366063,0.910544803180516,1.2755244755244757,0.752871177528712,0.6841421040716333,1.978181818181818,,,,
internal_cv_all,1,delta_mask_target,pca50_ridge,sqrt_n_cells,0.5291004035129361,0.5076157364130571,0.592170454963494,0.4593154609416767,0.253098708285723,0.7839660339660339,0.9114556695025668,1.3426573426573427,0.7481942714819427,0.6759669634960824,1.8618181818181816,,,,
internal_cv_all,1,delta_mask_target,pca100_ridge,unweighted,0.5223150706995354,0.5083853423858201,0.5910057144532924,0.4619855609004541,0.2560339801669521,0.7819323533609247,0.9100611307064396,1.2755244755244757,0.7494119274941193,0.685350079326718,1.978181818181818,,,,
internal_cv_all,1,delta_mask_target,pca100_ridge,sqrt_n_cells,0.5063161218676885,0.4940754827711581,0.598007337792403,0.4651045052548094,0.2383020870275464,0.7724061652633081,0.9094782375215138,1.3426573426573427,0.7400857894008579,0.6767436831965377,1.978181818181818,,,,
internal_cv_all,1,delta_mask_target,random_forest,unweighted,0.5105953935098844,0.5186106446937616,0.5875351932576254,0.4619938606805314,0.2647458043564932,0.7713358070500929,0.9093686833501792,1.3426573426573427,0.740390203403902,0.6844655294423543,1.978181818181818,,,,
internal_cv_all,1,delta_mask_target,random_forest,sqrt_n_cells,0.5183430961988403,0.5243817626684382,0.5857930323672252,0.4625372897928893,0.2690996950125826,0.7764735264735265,0.9130382594630492,1.3426573426573427,0.7438217794382178,0.7000563352946485,2.0945454545454547,,,,
internal_cv_all,1,response_burden,mean_label,unweighted,,,0.6852288408503491,0.5413316689000199,-9.44274402880918e-05,0.5,0.7447916666666666,1.006993006993007,0.5,0.4296875,0.9309090909090908,,,,
internal_cv_all,1,response_burden,ridge,unweighted,0.4499768997321217,0.4093321699775122,0.625563471100105,0.4933488587751829,0.1664867630448387,0.7752247752247752,0.8955181562015393,1.2755244755244757,0.6951432129514321,0.5985545523159149,1.3963636363636365,,,,
internal_cv_all,1,response_burden,ridge,sqrt_n_cells,0.4510102658438167,0.4108920200760264,0.6262178694735854,0.4979285436274949,0.1647419840490668,0.7757599543313829,0.8980856738280982,1.2755244755244757,0.6951708869517088,0.6016298945462175,1.5127272727272727,,,,
internal_cv_all,1,response_burden,elastic_net,unweighted,0.4489850717167949,0.4024007254915844,0.6276500300953544,0.4950709654852592,0.1609171442292174,0.7756172399029542,0.8940611676659243,1.2755244755244757,0.6939255569392556,0.5969917620950539,1.5127272727272727,,,,
internal_cv_all,1,response_burden,elastic_net,sqrt_n_cells,0.4482424722796785,0.4034213507053049,0.6283434598178065,0.4991495935149335,0.1590620773098729,0.775403168260311,0.8940887122814396,1.2755244755244757,0.693012314930123,0.5984027649439205,1.5127272727272727,,,,
internal_cv_all,1,response_burden,random_forest,unweighted,0.4230970889423892,0.3932026685676484,0.6364510259078239,0.5002177694987743,0.1372206909796987,0.7730483801912373,0.8993726654072306,1.3426573426573427,0.6826622388266225,0.6186941195558499,1.7454545454545454,,,,
internal_cv_all,1,response_burden,random_forest,sqrt_n_cells,0.4254083873046014,0.4005057929844686,0.6350556378573968,0.4997794287274907,0.1409997474340066,0.7712287712287712,0.8964859508273575,1.3426573426573427,0.6850975508509755,0.6260189551871012,1.978181818181818,,,,
internal_cv_all,1,target_knockdown_only,mean_label,unweighted,,,0.6852288408503491,0.5413316689000199,-9.44274402880918e-05,0.5,0.7447916666666666,1.006993006993007,0.5,0.4296875,0.9309090909090908,,,,
internal_cv_all,1,target_knockdown_only,ridge,unweighted,0.2201408926842399,0.3009755928900846,0.6536056917628813,0.5143765572671933,0.0900838137716403,0.6100328243185387,0.8313978543842452,1.2755244755244757,0.6147779161477792,0.5905056516239939,2.0945454545454547,,,,
internal_cv_all,1,target_knockdown_only,ridge,sqrt_n_cells,0.2201408926842399,0.3009756060788174,0.6535974491662672,0.5149919710335477,0.0901067634640272,0.6100328243185387,0.8313978543842452,1.2755244755244757,0.6147779161477792,0.5905056516239939,2.0945454545454547,,,,
internal_cv_all,1,target_knockdown_only,elastic_net,unweighted,0.2201408926842399,0.3009756048171507,0.6536361912659747,0.5143968302969976,0.089998892115087,0.6100328243185387,0.8313978543842452,1.2755244755244757,0.6147779161477792,0.5905056516239939,2.0945454545454547,,,,
internal_cv_all,1,target_knockdown_only,elastic_net,sqrt_n_cells,0.2201408926842399,0.3009756238935536,0.65361542832683,0.5150156255403999,0.0900567040838421,0.6100328243185387,0.8313978543842452,1.2755244755244757,0.6147779161477792,0.5905056516239939,2.0945454545454547,,,,
internal_cv_all,1,target_knockdown_only,random_forest,unweighted,0.2297578537257341,0.2443404015590413,0.6981483567418081,0.534084916062095,-0.0381621234856626,0.6510453831882403,0.8350374095055348,1.2755244755244757,0.6183201881832019,0.5702830855856286,1.7454545454545454,,,,
internal_cv_all,1,target_knockdown_only,random_forest,sqrt_n_cells,0.2298299286688108,0.240574618386428,0.7033291558605577,0.5374956468788862,-0.0536272197100879,0.645283288140431,0.8276832378716923,1.2083916083916084,0.6191227341912273,0.5645512802934978,1.629090909090909,,,,
internal_cv_all,1,n_cells_only,mean_label,unweighted,,,0.6852288408503491,0.5413316689000199,-9.44274402880918e-05,0.5,0.7447916666666666,1.006993006993007,0.5,0.4296875,0.9309090909090908,,,,
internal_cv_all,1,n_cells_only,ridge,unweighted,0.0698020869454788,0.15117336985373,0.6792233783424743,0.5355241096791966,0.0173587511116588,0.5180176965891252,0.7910419104529183,1.2755244755244757,0.5383700013837001,0.5194173201894792,1.629090909090909,,,,
internal_cv_all,1,n_cells_only,ridge,sqrt_n_cells,0.0698020869454788,0.1511733726234881,0.6778448867716463,0.5321973034394128,0.0213432668739459,0.5180176965891252,0.7910419104529183,1.2755244755244757,0.5383700013837001,0.5194173201894792,1.629090909090909,,,,
internal_cv_all,1,n_cells_only,elastic_net,unweighted,0.0698020869454788,0.1511733748331961,0.6793027635208355,0.5355832269318247,0.0171290425595308,0.5180176965891252,0.7910419104529183,1.2755244755244757,0.5383700013837001,0.5194173201894792,1.629090909090909,,,,
internal_cv_all,1,n_cells_only,elastic_net,sqrt_n_cells,0.0698020869454788,0.1511733698515788,0.6778690475180754,0.5322450548313403,0.0212735001794472,0.5180176965891252,0.7910419104529183,1.2755244755244757,0.5383700013837001,0.5194173201894792,1.629090909090909,,,,
internal_cv_all,1,n_cells_only,random_forest,unweighted,0.1001777703841009,0.0844377202673919,0.7035264624039123,0.554112979163169,-0.0542184555562292,0.5645069216497788,0.7886140410712401,1.0741258741258743,0.5267607582676076,0.4737869911223451,1.28,,,,
internal_cv_all,1,n_cells_only,random_forest,sqrt_n_cells,0.1015570377578504,0.0867687763224745,0.7032870486286819,0.5539486498470311,-0.0535010654130865,0.5655416012558869,0.7896207674706416,1.0741258741258743,0.5278677182786772,0.4759060804499107,1.28,,,,
internal_cv_all,2,delta_all,mean_label,unweighted,,,0.6960784044028033,0.5486077813062359,-9.17799171329392e-07,0.5,0.7362924281984334,0.8148936170212765,0.5,0.4255874673629243,0.7049079754601226,,,,
internal_cv_all,2,delta_all,ridge,unweighted,0.371957361625634,0.3970883278332613,0.7051183047213574,0.5418412450448107,-0.0261434004574241,0.6547995225054419,0.8573073863946834,1.3581560283687943,0.6916620189626326,0.6505464802741785,1.9972392638036809,,,,
internal_cv_all,2,delta_all,ridge,sqrt_n_cells,0.370969492023567,0.3964095930328783,0.7059830921995373,0.5425688015934148,-0.0286619569263579,0.6540622147321113,0.8569776913031429,1.3581560283687943,0.6911321807027329,0.6500447143414853,1.9972392638036809,,,,
internal_cv_all,2,delta_all,elastic_net,unweighted,0.3008266920016951,0.3226192623489092,0.7756543145155979,0.6029547911098436,-0.2417109285766612,0.6457762797556351,0.8450552145030064,1.3581560283687943,0.6499442275515894,0.6064192076826304,1.9972392638036809,,,,
internal_cv_all,2,delta_all,elastic_net,sqrt_n_cells,0.2892242970213115,0.308695785547894,0.7864033531485878,0.6121153975289811,-0.276364720640361,0.6342602345340917,0.8395673171985736,1.2902482269503546,0.6402677077523703,0.5947373531743302,1.879754601226994,,,,
internal_cv_all,2,delta_all,pca20_ridge,unweighted,0.5274480369909642,0.5229802478103223,0.5935601581663587,0.452271450831319,0.2728674903746604,0.7524050277368164,0.8921476937870373,1.3581560283687943,0.784132738427217,0.7329229656097646,2.114723926380368,,,,
internal_cv_all,2,delta_all,pca20_ridge,sqrt_n_cells,0.5279254183013684,0.520377699979717,0.5946214403087146,0.4533983757743714,0.2702649483136476,0.755564918193947,0.8935004184317895,1.3581560283687943,0.7806190741773564,0.7307494175308678,2.114723926380368,,,,
internal_cv_all,2,delta_all,pca50_ridge,unweighted,0.5388718678659796,0.5379103248745734,0.58709775366057,0.4448517001533088,0.2886146524970621,0.7497717856892072,0.8923401535244306,1.2902482269503546,0.7938650306748467,0.7399765761653316,1.9972392638036809,,,,
internal_cv_all,2,delta_all,pca50_ridge,sqrt_n_cells,0.5310109889546567,0.5336945738310293,0.5888692809392881,0.4473322023815103,0.2843150622408069,0.7472087634295344,0.8923386343477051,1.2902482269503546,0.785973229224763,0.733908889384631,2.114723926380368,,,,
internal_cv_all,2,delta_all,pca100_ridge,unweighted,0.540272827156781,0.5494263444586847,0.5818020850306668,0.4417325749302735,0.3013902781822062,0.7509655220841234,0.8920455175576133,1.2902482269503546,0.793781372002231,0.749421050342246,2.114723926380368,,,,
internal_cv_all,2,delta_all,pca100_ridge,sqrt_n_cells,0.5337827908629859,0.5393603706930511,0.586185639854573,0.4451149343403528,0.2908233489386137,0.7498068955831753,0.8928316332832803,1.2902482269503546,0.7875069715560513,0.7432871484043779,2.114723926380368,,,,
internal_cv_all,2,delta_all,random_forest,unweighted,0.5317636921930748,0.5435721162236307,0.5850004929844985,0.4448541514918989,0.2936880688972068,0.7524401376307843,0.8968758782311996,1.3581560283687943,0.7812604573340769,0.7408616016369819,2.232208588957055,,,,
internal_cv_all,2,delta_all,random_forest,sqrt_n_cells,0.5114733845501894,0.5296102048127586,0.5910036038938659,0.4502860114375595,0.2791177425177662,0.7414507408187627,0.8912966030217943,1.3581560283687943,0.7727272727272727,0.739830610545987,2.232208588957055,,,,
internal_cv_all,2,delta_mask_target,mean_label,unweighted,,,0.6960784044028033,0.5486077813062359,-9.17799171329392e-07,0.5,0.7362924281984334,0.8148936170212765,0.5,0.4255874673629243,0.7049079754601226,,,,
internal_cv_all,2,delta_mask_target,ridge,unweighted,0.3619276550517409,0.3935847191559872,0.704964748364348,0.5454259896140263,-0.0256965146401624,0.6508672143810126,0.8538816169949063,1.3581560283687943,0.6855549358616844,0.6454190533083888,1.879754601226994,,,,
internal_cv_all,2,delta_mask_target,ridge,sqrt_n_cells,0.3614577495112983,0.3929078538193582,0.7058299689168719,0.5462397677828764,-0.0282157847286175,0.6503756758654589,0.853674993475814,1.3581560283687943,0.6853876185164529,0.6451593946599016,1.879754601226994,,,,
internal_cv_all,2,delta_mask_target,elastic_net,unweighted,0.3006069043648244,0.3238560100582486,0.7755301905647614,0.6025166179128867,-0.2413135512105622,0.6441261147391335,0.8446051052072325,1.3581560283687943,0.6529280535415505,0.6111594352798078,1.9972392638036809,,,,
internal_cv_all,2,delta_mask_target,elastic_net,sqrt_n_cells,0.2941886354626605,0.3124738151910474,0.7838047171296924,0.6073982649319866,-0.2679432733015796,0.6331718278210801,0.839687604950317,1.2902482269503546,0.6497211377579475,0.6034929723259567,1.762269938650307,,,,
internal_cv_all,2,delta_mask_target,pca20_ridge,unweighted,0.527101802045029,0.5227850298263906,0.5936454786928737,0.4523565345164145,0.2726584339324626,0.7519485991152306,0.8917266680252709,1.3581560283687943,0.7841048522030116,0.7326855975982249,2.114723926380368,,,,
internal_cv_all,2,delta_mask_target,pca20_ridge,sqrt_n_cells,0.5274540176069336,0.5202281013255586,0.594686474691638,0.453462477068249,0.2701053157783044,0.7550382697844252,0.8931760312720796,1.3581560283687943,0.780563301728946,0.7306051972247265,2.114723926380368,,,,
internal_cv_all,2,delta_mask_target,pca50_ridge,unweighted,0.5396299109400845,0.538325017936321,0.586939268241298,0.4445506086130444,0.2889986736821764,0.7499824450530159,0.892371412841761,1.2902482269503546,0.7942275515895147,0.739866969567573,1.9972392638036809,,,,
internal_cv_all,2,delta_mask_target,pca50_ridge,sqrt_n_cells,0.5319753632797015,0.5342952290054461,0.5886306002511058,0.4469877502518674,0.2848951079675925,0.7475949722631837,0.8923155196733736,1.2902482269503546,0.7863915225878416,0.7344608563295926,2.114723926380368,,,,
internal_cv_all,2,delta_mask_target,pca100_ridge,unweighted,0.5402698368487965,0.5504751454333983,0.5813411782167185,0.441451935720078,0.3024967246754576,0.7495962362193667,0.8913771335718699,1.2902482269503546,0.7942833240379252,0.7506756997200954,2.114723926380368,,,,
internal_cv_all,2,delta_mask_target,pca100_ridge,sqrt_n_cells,0.5341471812502564,0.5399255997601007,0.5859407264440938,0.4447679134528335,0.2914158253709975,0.7495962362193666,0.892414329553795,1.2902482269503546,0.78733965421082,0.7427007450564794,2.114723926380368,,,,
internal_cv_all,2,delta_mask_target,random_forest,unweighted,0.5257407847251651,0.538625011712497,0.5872250734907565,0.446123496482214,0.2883060725984111,0.7488238185520679,0.895505545211053,1.3581560283687943,0.7801728945900724,0.7417848671633261,2.232208588957055,,,,
internal_cv_all,2,delta_mask_target,random_forest,sqrt_n_cells,0.5104917091575192,0.5274032067874751,0.5920607955152294,0.4516461632227783,0.2765363967791302,0.7437679938206587,0.8931836604542478,1.3581560283687943,0.7704684885666482,0.7354955741630662,2.232208588957055,,,,
internal_cv_all,2,response_burden,mean_label,unweighted,,,0.6960784044028033,0.5486077813062359,-9.17799171329392e-07,0.5,0.7362924281984334,0.8148936170212765,0.5,0.4255874673629243,0.7049079754601226,,,,
internal_cv_all,2,response_burden,ridge,unweighted,0.476741170902082,0.4416490143837481,0.6264356859661186,0.4779125300355197,0.1900894457095532,0.7384663998314724,0.8908535810457945,1.2902482269503546,0.7471556051310653,0.656578036943036,1.6447852760736197,,,,
internal_cv_all,2,response_burden,ridge,sqrt_n_cells,0.4768131518871407,0.4431035218077089,0.6261889086884057,0.4823275934515749,0.1907274302895406,0.7381855206797276,0.8907938288296081,1.2902482269503546,0.74712771890686,0.6561306008036671,1.5273006134969325,,,,
internal_cv_all,2,response_burden,elastic_net,unweighted,0.4735186868617829,0.4354272167242199,0.6287110719513912,0.4798302592140654,0.1841951263070782,0.7372375535425882,0.8907394408270858,1.2902482269503546,0.745175683212493,0.6513962458199015,1.5273006134969325,,,,
internal_cv_all,2,response_burden,elastic_net,sqrt_n_cells,0.4730175966809291,0.4368309533513991,0.6284017558417639,0.4840678719769647,0.1849976555670951,0.7369917842848115,0.8910649082907536,1.2902482269503546,0.744478527607362,0.6484390544309946,1.4098159509202453,,,,
internal_cv_all,2,response_burden,random_forest,unweighted,0.4673274677730237,0.4640987885259416,0.617017912875741,0.479827315913941,0.2142586239436696,0.7184537602696439,0.8828116351512632,1.3581560283687943,0.7392638036809815,0.6913846535561361,2.114723926380368,,,,
internal_cv_all,2,response_burden,random_forest,sqrt_n_cells,0.4562062987847389,0.4524235239831572,0.6215320088323018,0.4842223977361357,0.202719618420936,0.7196826065585282,0.8792411018403068,1.3581560283687943,0.7292526491912995,0.665071066016107,1.879754601226994,,,,
internal_cv_all,2,target_knockdown_only,mean_label,unweighted,,,0.6960784044028033,0.5486077813062359,-9.17799171329392e-07,0.5,0.7362924281984334,0.8148936170212765,0.5,0.4255874673629243,0.7049079754601226,,,,
internal_cv_all,2,target_knockdown_only,ridge,unweighted,0.3102599809018873,0.296713641668592,0.6647569369299466,0.5227110778898312,0.0879685084159953,0.5965170985183625,0.7988707901271631,1.0865248226950357,0.6535415504740658,0.5954954182515674,1.6447852760736197,,,,
internal_cv_all,2,target_knockdown_only,ridge,sqrt_n_cells,0.3102599809018873,0.2967136337986956,0.6649325807936733,0.5247777766613752,0.0874864859220608,0.5965170985183625,0.7988707901271631,1.0865248226950357,0.6535415504740658,0.5954954182515674,1.6447852760736197,,,,
internal_cv_all,2,target_knockdown_only,elastic_net,unweighted,0.3102599809018873,0.2967136294832595,0.664771836655117,0.5228446439618619,0.0879276237855175,0.5965170985183625,0.7988707901271631,1.0865248226950357,0.6535415504740658,0.5954954182515674,1.6447852760736197,,,,
internal_cv_all,2,target_knockdown_only,elastic_net,sqrt_n_cells,0.3102599809018873,0.2967136355207259,0.6649555977616188,0.5249085246631511,0.0874233106214973,0.5965170985183625,0.7988707901271631,1.0865248226950357,0.6535415504740658,0.5954954182515674,1.6447852760736197,,,,
internal_cv_all,2,target_knockdown_only,random_forest,unweighted,0.2783894895906204,0.3209861631979441,0.6733070529068038,0.5263439460954635,0.0643564979475967,0.6405800154483532,0.8078592946810327,1.154432624113475,0.632585052983826,0.5660004941753667,1.879754601226994,,,,
internal_cv_all,2,target_knockdown_only,random_forest,sqrt_n_cells,0.2942651045941932,0.3272662007037894,0.6726186748163547,0.5239394785636754,0.0662686930980411,0.6525875991854504,0.8139401842705818,1.154432624113475,0.6376603457891802,0.5617479133425055,1.762269938650307,,,,
internal_cv_all,2,n_cells_only,mean_label,unweighted,,,0.6960784044028033,0.5486077813062359,-9.17799171329392e-07,0.5,0.7362924281984334,0.8148936170212765,0.5,0.4255874673629243,0.7049079754601226,,,,
internal_cv_all,2,n_cells_only,ridge,unweighted,-0.0714292122330946,0.0222503832973411,0.6984569482255657,0.5510335117238075,-0.0068467265804765,0.4331858717786672,0.7152139639544794,1.0186170212765957,0.4782626882320133,0.447940060613315,1.2923312883435585,,,,
internal_cv_all,2,n_cells_only,ridge,sqrt_n_cells,-0.0714292122330946,0.0222503840746415,0.7004715424323446,0.5502273399168844,-0.0126632994626627,0.4331858717786672,0.7152139639544794,1.0186170212765957,0.4782626882320133,0.447940060613315,1.2923312883435585,,,,
internal_cv_all,2,n_cells_only,elastic_net,unweighted,-0.0714292122330946,0.0222504007629702,0.698359311809329,0.5509685208734038,-0.006565254586037,0.4331858717786672,0.7152139639544794,1.0186170212765957,0.4782626882320133,0.447940060613315,1.2923312883435585,,,,
internal_cv_all,2,n_cells_only,elastic_net,sqrt_n_cells,-0.0714292122330946,0.022250395827194,0.7003965491288904,0.5502041120023781,-0.0124464772329451,0.4331858717786672,0.7152139639544794,1.0186170212765957,0.4782626882320133,0.447940060613315,1.2923312883435585,,,,
internal_cv_all,2,n_cells_only,random_forest,unweighted,0.0086689580700978,-0.0064075001204623,0.7431080919686269,0.5853925959911828,-0.139693468499426,0.4988062636050839,0.7264643241439892,0.8828014184397164,0.5012409369771333,0.4125418037990084,0.4699386503067485,,,,
internal_cv_all,2,n_cells_only,random_forest,sqrt_n_cells,0.0093039831983431,-0.0065426846446558,0.7436034165069461,0.5855850832185112,-0.1412133181396453,0.4987360438171476,0.7261381202313448,0.8828014184397164,0.5014082543223648,0.4130868334426926,0.3524539877300613,,,,
internal_cv_all,3,delta_all,mean_label,unweighted,,,0.7006830975060402,0.5486586448961676,-4.317823059740711e-05,0.5,0.7284595300261096,1.0982078853046595,0.5,0.412532637075718,1.3332278481012658,,,,
internal_cv_all,3,delta_all,ridge,unweighted,0.3302156524681148,0.3358996445873068,0.725668233325237,0.5532218760266102,-0.0726343313975874,0.6776261373035566,0.8584010329026185,1.3727598566308243,0.6625879043600562,0.6021443711600817,1.939240506329114,,,,
internal_cv_all,3,delta_all,ridge,sqrt_n_cells,0.330083224543081,0.3356854583209557,0.7259794346239996,0.5534859786050846,-0.0735545226296807,0.6774538185828508,0.8583221124805875,1.3727598566308243,0.6625879043600564,0.6020397574007231,1.939240506329114,,,,
internal_cv_all,3,delta_all,elastic_net,unweighted,0.252871336445532,0.2682021951989849,0.8010291284807309,0.6193542814346678,-0.3069894658627574,0.6239660876757651,0.8293269302714772,1.3727598566308243,0.6334177215189873,0.5650980274644108,1.818037974683544,,,,
internal_cv_all,3,delta_all,elastic_net,sqrt_n_cells,0.2549600665727995,0.2630017096309627,0.8076204755050823,0.6255691382248567,-0.3285873448184291,0.625620347394541,0.8293743467727892,1.304121863799283,0.6349929676511956,0.5626364802305912,1.6968354430379746,,,,
internal_cv_all,3,delta_all,pca20_ridge,unweighted,0.4587448566702664,0.4158791137148936,0.6387961368038332,0.487892313747285,0.1688105325684717,0.779500964984836,0.895677559681578,1.304121863799283,0.7023066104078762,0.6272192515664455,2.060443037974684,,,,
internal_cv_all,3,delta_all,pca20_ridge,sqrt_n_cells,0.4644554905472093,0.4129879920261101,0.6411100656407972,0.485805793396652,0.1627779453251135,0.7859112213950923,0.898325654174412,1.304121863799283,0.7051195499296764,0.6301192222747473,2.060443037974684,,,,
internal_cv_all,3,delta_all,pca50_ridge,unweighted,0.4472915499022596,0.4201356155582332,0.6392730255331146,0.491317699307104,0.1675690321108626,0.7695064791838985,0.8951965590760227,1.304121863799283,0.6962869198312236,0.6385862619265477,2.181645569620253,,,,
internal_cv_all,3,delta_all,pca50_ridge,sqrt_n_cells,0.4551402539882165,0.4152063921930137,0.6420345364125906,0.4890254651191437,0.1603616820361295,0.7725048249241798,0.8940532346186205,1.304121863799283,0.7026441631504923,0.639321343997936,2.181645569620253,,,,
internal_cv_all,3,delta_all,pca100_ridge,unweighted,0.4561986094213498,0.4285515612520685,0.6366352630783925,0.4852534261040934,0.1744243975444348,0.7792941825199889,0.8996315002581218,1.304121863799283,0.7010689170182842,0.6461460881208967,2.181645569620253,,,,
internal_cv_all,3,delta_all,pca100_ridge,sqrt_n_cells,0.4570922843219007,0.422887842190225,0.6394951326203608,0.4856396880129707,0.1669904970285693,0.7788116901020127,0.8968338617117991,1.304121863799283,0.7024472573839662,0.6443937397773292,2.181645569620253,,,,
internal_cv_all,3,delta_all,random_forest,unweighted,0.4396286720982052,0.4190685811782371,0.6384430667564396,0.4883311699568389,0.1697290948018358,0.7579266611524677,0.8958465274088568,1.3727598566308243,0.7020253164556962,0.6353053188640835,2.181645569620253,,,,
internal_cv_all,3,delta_all,random_forest,sqrt_n_cells,0.4437973750222138,0.4186209127100502,0.6379862819317037,0.4896616132396258,0.1709167323451615,0.7560311552247035,0.8909944941962702,1.304121863799283,0.7062165963431786,0.6301081826023722,2.060443037974684,,,,
internal_cv_all,3,delta_mask_target,mean_label,unweighted,,,0.7006830975060402,0.5486586448961676,-4.317823059740711e-05,0.5,0.7284595300261096,1.0982078853046595,0.5,0.412532637075718,1.3332278481012658,,,,
internal_cv_all,3,delta_mask_target,ridge,unweighted,0.3281123979877791,0.33376386123211,0.7277798411019687,0.5551752003831375,-0.0788858890831134,0.6798662806727324,0.8586581722747906,1.3727598566308243,0.659887482419128,0.6001295563209615,1.939240506329114,,,,
internal_cv_all,3,delta_mask_target,ridge,sqrt_n_cells,0.3278278915423838,0.3335421521829477,0.7281049830404078,0.5554831816289603,-0.0798501076255437,0.6797628894403087,0.8585248342559404,1.3727598566308243,0.6596905766526019,0.6005105562279485,1.939240506329114,,,,
internal_cv_all,3,delta_mask_target,elastic_net,unweighted,0.2562687535029322,0.2761920042526359,0.797475687910221,0.6162130782154557,-0.295419329567403,0.6266542597187759,0.8307386202755473,1.304121863799283,0.6338677918424753,0.5693692071697998,1.818037974683544,,,,
internal_cv_all,3,delta_mask_target,elastic_net,sqrt_n_cells,0.2583835420283515,0.270947577503334,0.8042197621773126,0.6211711959706683,-0.3174221196478952,0.6279983457402812,0.8305863382730673,1.304121863799283,0.6358931082981716,0.5660486117091115,1.6968354430379746,,,,
internal_cv_all,3,delta_mask_target,pca20_ridge,unweighted,0.4588587019671101,0.4155442709147244,0.6389133682352177,0.4879922452139578,0.1685054259261306,0.7793631100082713,0.895615124872906,1.304121863799283,0.7023909985935303,0.6273060380316005,2.060443037974684,,,,
internal_cv_all,3,delta_mask_target,pca20_ridge,sqrt_n_cells,0.4636748065697921,0.4127478415070387,0.6411892262853773,0.4858915372459855,0.1625711816734715,0.7852564102564104,0.8980746273442991,1.304121863799283,0.7047819971870605,0.6302208860755915,2.060443037974684,,,,
internal_cv_all,3,delta_mask_target,pca50_ridge,unweighted,0.4465969440761145,0.4204064258753224,0.6391306057906673,0.4911730536186761,0.1679398952422268,0.7694375516956162,0.8953206606721752,1.304121863799283,0.6957243319268637,0.6383761290341242,2.181645569620253,,,,
internal_cv_all,3,delta_mask_target,pca50_ridge,sqrt_n_cells,0.4552790897160746,0.4154590167517946,0.641893296984187,0.4888830146869017,0.1607310608941833,0.7730217810862973,0.8944911985064588,1.304121863799283,0.7027004219409282,0.6396150683886688,2.181645569620253,,,,
internal_cv_all,3,delta_mask_target,pca100_ridge,unweighted,0.4550486224078302,0.429025823151902,0.6364173035518826,0.4850063127168885,0.1749895916994174,0.7783291976840364,0.8992406699579523,1.304121863799283,0.7005344585091421,0.6455910158900326,2.181645569620253,,,,
internal_cv_all,3,delta_mask_target,pca100_ridge,sqrt_n_cells,0.4570619540551994,0.4233550821093433,0.639267285516476,0.4854381793378013,0.1675839807977732,0.7785359801488834,0.8968021681609424,1.304121863799283,0.7027566807313643,0.6446765367076251,2.181645569620253,,,,
internal_cv_all,3,delta_mask_target,random_forest,unweighted,0.4419720055910216,0.4192767036321095,0.6383023204922758,0.489506323158748,0.1700951247690393,0.7580300523848911,0.8955580857063251,1.3727598566308243,0.7038537271448665,0.6366158710250959,2.181645569620253,,,,
internal_cv_all,3,delta_mask_target,random_forest,sqrt_n_cells,0.4458158329118423,0.4203712928710557,0.6373784730311094,0.488964308582256,0.1724957134600866,0.7586159360352909,0.8924568400574586,1.304121863799283,0.7060759493670887,0.6259870467358399,1.939240506329114,,,,
internal_cv_all,3,response_burden,mean_label,unweighted,,,0.7006830975060402,0.5486586448961676,-4.317823059740711e-05,0.5,0.7284595300261096,1.0982078853046595,0.5,0.412532637075718,1.3332278481012658,,,,
internal_cv_all,3,response_burden,ridge,unweighted,0.36070590064659,0.3137731073135885,0.6688362497856524,0.5144292157466764,0.0887971373293178,0.7222911497105046,0.8665713133054717,1.304121863799283,0.670998593530239,0.5851179576880494,1.6968354430379746,,,,
internal_cv_all,3,response_burden,ridge,sqrt_n_cells,0.3606557061911337,0.3147901363192634,0.6713539449104792,0.5198235154679585,0.0819241578949198,0.7220843672456576,0.8653961409757471,1.235483870967742,0.6709704641350211,0.5839804541623532,1.4544303797468354,,,,
internal_cv_all,3,response_burden,elastic_net,unweighted,0.3620282575560811,0.3114046452601732,0.6690679532873296,0.5153203635457076,0.0881656958829225,0.7239798731734215,0.8671584470749882,1.304121863799283,0.6697327707454288,0.5744850997219603,1.575632911392405,,,,
internal_cv_all,3,response_burden,elastic_net,sqrt_n_cells,0.3616187989556136,0.3122070088644613,0.6714206901620012,0.5203389779922332,0.0817416006923668,0.7228770333609045,0.8641878718105697,1.304121863799283,0.670576652601969,0.5763386348140086,1.6968354430379746,,,,
internal_cv_all,3,response_burden,random_forest,unweighted,0.3363421527483493,0.3072449656507625,0.6814640500332725,0.5321295856140046,0.0540648378732085,0.6979252826027019,0.859684240991606,1.304121863799283,0.6558087201125176,0.5828889972696035,1.939240506329114,,,,
internal_cv_all,3,response_burden,random_forest,sqrt_n_cells,0.3462981695897639,0.3176746364776623,0.6787800085839077,0.5326563875757374,0.0615015595011025,0.7024744968293355,0.8589668350988195,1.304121863799283,0.6610970464135021,0.5844614457629238,1.939240506329114,,,,
internal_cv_all,3,target_knockdown_only,mean_label,unweighted,,,0.7006830975060402,0.5486586448961676,-4.317823059740711e-05,0.5,0.7284595300261096,1.0982078853046595,0.5,0.412532637075718,1.3332278481012658,,,,
internal_cv_all,3,target_knockdown_only,ridge,unweighted,0.2206054730394766,0.2840110719009254,0.6718500164049297,0.5269599587330717,0.0805669020977998,0.6081127653708297,0.8277701405721465,1.304121863799283,0.6177777777777778,0.5895322651171987,2.181645569620253,,,,
internal_cv_all,3,target_knockdown_only,ridge,sqrt_n_cells,0.2206054730394766,0.2840110724417768,0.6721430791873867,0.5276166858217209,0.079764608778951,0.6081127653708297,0.8277701405721465,1.304121863799283,0.6177777777777778,0.5895322651171987,2.181645569620253,,,,
internal_cv_all,3,target_knockdown_only,elastic_net,unweighted,0.2206054730394766,0.2840110649756583,0.6718588867863635,0.5270164339005577,0.0805426235358532,0.6081127653708297,0.8277701405721465,1.304121863799283,0.6177777777777778,0.5895322651171987,2.181645569620253,,,,
internal_cv_all,3,target_knockdown_only,elastic_net,sqrt_n_cells,0.2206054730394766,0.2840110682384835,0.6721139839411322,0.5276716244966279,0.0798442760303191,0.6081127653708297,0.8277701405721465,1.304121863799283,0.6177777777777778,0.5895322651171987,2.181645569620253,,,,
internal_cv_all,3,target_knockdown_only,random_forest,unweighted,0.2815750286245269,0.2912095737787664,0.6868350457063102,0.5262276025855048,0.0390951994077878,0.6669251447477254,0.8282759170709364,1.304121863799283,0.6338818565400843,0.5522656247256754,2.060443037974684,,,,
internal_cv_all,3,target_knockdown_only,random_forest,sqrt_n_cells,0.2868068030426129,0.2971219409108846,0.6865938512507047,0.5264869925507906,0.0397699588496998,0.6657706093189965,0.8278584210560695,1.304121863799283,0.6368213783403657,0.5571261439965498,1.939240506329114,,,,
internal_cv_all,3,n_cells_only,mean_label,unweighted,,,0.7006830975060402,0.5486586448961676,-4.317823059740711e-05,0.5,0.7284595300261096,1.0982078853046595,0.5,0.412532637075718,1.3332278481012658,,,,
internal_cv_all,3,n_cells_only,ridge,unweighted,-0.0243255639245154,0.1152340340676229,0.6960511085488724,0.5458343527863391,0.013135041779082,0.4733939895230217,0.7517788998556361,1.235483870967742,0.4781434599156117,0.4745852347004174,1.6968354430379746,,,,
internal_cv_all,3,n_cells_only,ridge,sqrt_n_cells,-0.0243255639245154,0.1152340756008825,0.6968240054531244,0.5448974247294778,0.0109421903098044,0.4733939895230217,0.7517788998556361,1.235483870967742,0.4781434599156117,0.4745852347004174,1.6968354430379746,,,,
internal_cv_all,3,n_cells_only,elastic_net,unweighted,-0.0243255639245154,0.115234060214854,0.6960518653786822,0.5457682660197251,0.0131328957032679,0.4733939895230217,0.7517788998556361,1.235483870967742,0.4781434599156117,0.4745852347004174,1.6968354430379746,,,,
internal_cv_all,3,n_cells_only,elastic_net,sqrt_n_cells,-0.0243255639245154,0.1152340643564331,0.6967693483664098,0.5448815952609573,0.0110973425374018,0.4733939895230217,0.7517788998556361,1.235483870967742,0.4781434599156117,0.4745852347004174,1.6968354430379746,,,,
internal_cv_all,3,n_cells_only,random_forest,unweighted,0.0614205929291095,0.0702453748816159,0.723531614000126,0.5648953812205121,-0.066327214199964,0.5326199338296113,0.7671257998328089,1.1668458781362008,0.5405344585091421,0.4582669190114223,1.2120253164556962,,,,
internal_cv_all,3,n_cells_only,random_forest,sqrt_n_cells,0.0617435539865507,0.0712790974764496,0.7232890667442324,0.5646653726184683,-0.0656124109100315,0.5331713537358699,0.7676996689727289,1.1668458781362008,0.5410970464135021,0.458938325405934,1.2120253164556962,,,,
internal_cv_all,4,delta_all,mean_label,unweighted,,,0.7458736466421517,0.5612755124631078,-0.0006291938526217,0.5,0.7571801566579635,0.9244827586206896,0.5,0.422976501305483,0.7092592592592593,,,,
internal_cv_all,4,delta_all,ridge,unweighted,0.3168669176247044,0.320818824357129,0.7796129043036322,0.5823215653280321,-0.0932026653136397,0.6997404523544679,0.875799915750706,1.320689655172414,0.6431763588626335,0.5672241774205092,1.654938271604938,,,,
internal_cv_all,4,delta_all,ridge,sqrt_n_cells,0.3161627000943229,0.3198357656420793,0.780635245180627,0.5832990530228447,-0.0960716752067927,0.6994067482387839,0.8758962471441503,1.320689655172414,0.642757387855427,0.5671346261714711,1.654938271604938,,,,
internal_cv_all,4,delta_all,elastic_net,unweighted,0.2495939588943721,0.2702629358331748,0.8401710708351495,0.6371284703169062,-0.2696326757501963,0.628587319243604,0.8468098975737207,1.254655172413793,0.6156359979889391,0.5417047517938008,1.5367283950617283,,,,
internal_cv_all,4,delta_all,elastic_net,sqrt_n_cells,0.237569930488155,0.2516436434838205,0.8608652006346025,0.6541313764906073,-0.3329472056744615,0.6255469039673711,0.841049950516985,1.1886206896551723,0.6080386570582648,0.5208281423470676,1.4185185185185183,,,,
internal_cv_all,4,delta_all,pca20_ridge,unweighted,0.4424414839446093,0.431618899911503,0.6728021108608941,0.4979007579602043,0.1858258029731355,0.7367445309603263,0.8910608089173133,1.1886206896551723,0.7171387073347858,0.6363364296523925,1.8913580246913584,,,,
internal_cv_all,4,delta_all,pca20_ridge,sqrt_n_cells,0.4456212492994136,0.4397996515691397,0.669742836565291,0.4977507335361817,0.1932131737316368,0.7389692250648869,0.8939372386466563,1.1886206896551723,0.7171387073347857,0.6412155038606969,1.8913580246913584,,,,
internal_cv_all,4,delta_all,pca50_ridge,unweighted,0.4307848362336473,0.4288572121923853,0.6740662100728547,0.4961740974620758,0.1827634944536352,0.7248424175009269,0.8845737127804953,1.1886206896551723,0.7114965644377409,0.6402434721664784,1.8913580246913584,,,,
internal_cv_all,4,delta_all,pca50_ridge,sqrt_n_cells,0.4339968541960002,0.4383175891142722,0.670618739549782,0.4933187540729382,0.1911015301367157,0.7274378939562478,0.8846819932620158,1.1886206896551723,0.7112172504329367,0.6451028823844078,1.8913580246913584,,,,
internal_cv_all,4,delta_all,pca100_ridge,unweighted,0.4315843164326822,0.4331927284181905,0.6727383028053963,0.4943211032852759,0.1859802270096213,0.7291064145346682,0.8843759970719087,1.1886206896551723,0.7116641528406236,0.6426711850915467,1.8913580246913584,,,,
internal_cv_all,4,delta_all,pca100_ridge,sqrt_n_cells,0.4290513119762689,0.4409620305025271,0.6697538229754714,0.4945770739538196,0.1931867045759633,0.7274749721913236,0.8834670023271045,1.1886206896551723,0.7106027596223676,0.6486934406296793,2.009567901234568,,,,
internal_cv_all,4,delta_all,random_forest,unweighted,0.4267981149098466,0.4351822876366329,0.6715961272298373,0.5024935976154083,0.1887419672904231,0.7198368557656656,0.879477448004013,1.254655172413793,0.6991788168258757,0.6278955681723495,1.8913580246913584,,,,
internal_cv_all,4,delta_all,random_forest,sqrt_n_cells,0.4158681120391508,0.426176011978935,0.6747119630190564,0.5041246527170877,0.1811969253054171,0.7159436410826845,0.877487354475388,1.254655172413793,0.6967767163845595,0.6174837318071884,1.773148148148148,,,,
internal_cv_all,4,delta_mask_target,mean_label,unweighted,,,0.7458736466421517,0.5612755124631078,-0.0006291938526217,0.5,0.7571801566579635,0.9244827586206896,0.5,0.422976501305483,0.7092592592592593,,,,
internal_cv_all,4,delta_mask_target,ridge,unweighted,0.3108677190272442,0.3156929221868725,0.7854377389467925,0.5868326196122997,-0.1095992969575865,0.6980348535409715,0.8762806225962705,1.320689655172414,0.6391821685939333,0.5649660298930811,1.654938271604938,,,,
internal_cv_all,4,delta_mask_target,ridge,sqrt_n_cells,0.310358298702719,0.3146707986698822,0.7865049845769159,0.5877835762370305,-0.1126167724171227,0.6978123841305154,0.8762424765562835,1.320689655172414,0.6389028545891291,0.5645032825127926,1.654938271604938,,,,
internal_cv_all,4,delta_mask_target,elastic_net,unweighted,0.2375287069566525,0.2519505692595572,0.8571239165409024,0.6463532506293124,-0.3213865161003801,0.6206154987022618,0.843787202905296,1.320689655172414,0.61236802413273,0.5264919467272053,1.5367283950617283,,,,
internal_cv_all,4,delta_mask_target,elastic_net,sqrt_n_cells,0.22915285429169,0.2369598636014871,0.8765382666732666,0.6650834540437114,-0.3819247821250922,0.6217278457545421,0.8377906066951947,1.1225862068965518,0.604854477403497,0.5111303230237412,1.182098765432099,,,,
internal_cv_all,4,delta_mask_target,pca20_ridge,unweighted,0.4422035408664033,0.4313113064312825,0.6729120975581641,0.49802601330837,0.1855595860604083,0.7368186874304784,0.8909985611595678,1.1886206896551723,0.7170549131333445,0.6362718778732586,1.8913580246913584,,,,
internal_cv_all,4,delta_mask_target,pca20_ridge,sqrt_n_cells,0.4448694004347054,0.4395052274491951,0.6698503436021085,0.4978509210071383,0.192954142301463,0.7384501297738227,0.8937346533092814,1.1886206896551723,0.7167755991285403,0.6409484052170281,1.8913580246913584,,,,
internal_cv_all,4,delta_mask_target,pca50_ridge,unweighted,0.4301750269982092,0.4286531390397438,0.6741413526480065,0.4961178614912973,0.1825812788864906,0.7245087133852428,0.8843058326805034,1.1886206896551723,0.7109937992290933,0.6397171366892747,1.8913580246913584,,,,
internal_cv_all,4,delta_mask_target,pca50_ridge,sqrt_n_cells,0.4334308316131942,0.438314182410728,0.6706221727836483,0.493248692314583,0.1910932478011168,0.7270300333704116,0.8845380763122626,1.1886206896551723,0.7108541422266913,0.6449281761500405,1.8913580246913584,,,,
internal_cv_all,4,delta_mask_target,pca100_ridge,unweighted,0.4304300575506131,0.4329516366548775,0.6728468563266936,0.4943020386696129,0.1857175042192254,0.728216536892844,0.8839709047281745,1.1886206896551723,0.7111893190324563,0.6429439465989207,1.8913580246913584,,,,
internal_cv_all,4,delta_mask_target,pca100_ridge,sqrt_n_cells,0.4288930392465108,0.4405292337776595,0.6699376568301256,0.4947230258087844,0.1927437359855418,0.7269187986651835,0.8832613305592083,1.1886206896551723,0.7102675828166025,0.6494833551024066,2.009567901234568,,,,
internal_cv_all,4,delta_mask_target,random_forest,unweighted,0.4284237744863505,0.4361284683831317,0.6712757106566615,0.5021831495871557,0.1895158803605852,0.7210604375231738,0.879410449688877,1.254655172413793,0.6999608960393273,0.6266662831613322,2.009567901234568,,,,
internal_cv_all,4,delta_mask_target,random_forest,sqrt_n_cells,0.4108939483001381,0.4221188512186749,0.6762336143458184,0.5067973994436965,0.1774995320326989,0.7101965146459028,0.8752179949596912,1.254655172413793,0.6934808111278701,0.6172082190334944,1.773148148148148,,,,
internal_cv_all,4,response_burden,mean_label,unweighted,,,0.7458736466421517,0.5612755124631078,-0.0006291938526217,0.5,0.7571801566579635,0.9244827586206896,0.5,0.422976501305483,0.7092592592592593,,,,
internal_cv_all,4,response_burden,ridge,unweighted,0.4348601988298498,0.3814608011176655,0.6907709636312764,0.5060956746691779,0.1417559693414883,0.7370782350760103,0.8864908956896047,1.1886206896551723,0.705044410926764,0.5964266973259176,1.5367283950617283,,,,
internal_cv_all,4,response_burden,ridge,sqrt_n_cells,0.433777280152557,0.3817540848689754,0.6896007025009446,0.5097184868419407,0.1446614732263581,0.7374119391916945,0.889672941559067,1.1886206896551723,0.7041785375118709,0.5979846083933138,1.5367283950617283,,,,
internal_cv_all,4,response_burden,elastic_net,unweighted,0.4307047386983446,0.3795441075830393,0.6916019305832151,0.5070538042382491,0.1396898680685416,0.7363737486095661,0.8847136425618862,1.1886206896551723,0.7015529858667113,0.5921772559928352,1.5367283950617283,,,,
internal_cv_all,4,response_burden,elastic_net,sqrt_n_cells,0.4307026027640699,0.3795858959160044,0.6903996324442068,0.5111027597410206,0.1426784375202342,0.7371153133110864,0.8907092217319367,1.1886206896551723,0.7010502206580639,0.6045903956347451,1.5367283950617283,,,,
internal_cv_all,4,response_burden,random_forest,unweighted,0.3957503878856643,0.3885942908055511,0.6877974305820154,0.5078919476473733,0.1491289608042113,0.7275491286614757,0.8963232753353204,1.320689655172414,0.6790961398804536,0.614504073284314,1.8913580246913584,,,,
internal_cv_all,4,response_burden,random_forest,sqrt_n_cells,0.3907922436537121,0.3810850612476333,0.690087707442765,0.5115285985798171,0.1434529443605907,0.727956989247312,0.8948834232077418,1.320689655172414,0.67353779118485,0.6062963438673,1.8913580246913584,,,,
internal_cv_all,4,target_knockdown_only,mean_label,unweighted,,,0.7458736466421517,0.5612755124631078,-0.0006291938526217,0.5,0.7571801566579635,0.9244827586206896,0.5,0.422976501305483,0.7092592592592593,,,,
internal_cv_all,4,target_knockdown_only,ridge,unweighted,0.2964363332230577,0.2860968736105223,0.7148711986940349,0.5377214439818149,0.0808249143645454,0.6627549128661475,0.8702523371140242,1.320689655172414,0.6467376124238868,0.594282641707527,1.8913580246913584,,,,
internal_cv_all,4,target_knockdown_only,ridge,sqrt_n_cells,0.2964363332230577,0.2860968536262811,0.7145750296580768,0.5388410165440899,0.0815863796668093,0.6627549128661475,0.8702523371140242,1.320689655172414,0.6467376124238868,0.594282641707527,1.8913580246913584,,,,
internal_cv_all,4,target_knockdown_only,elastic_net,unweighted,0.2964363332230577,0.2860968619850954,0.7148970258951283,0.5377999353620732,0.0807584963897833,0.6627549128661475,0.8702523371140242,1.320689655172414,0.6467376124238868,0.594282641707527,1.8913580246913584,,,,
internal_cv_all,4,target_knockdown_only,elastic_net,sqrt_n_cells,0.2964363332230577,0.286096854842479,0.7145831747998825,0.5389188164793436,0.0815654423222405,0.6627549128661475,0.8702523371140242,1.320689655172414,0.6467376124238868,0.594282641707527,1.8913580246913584,,,,
internal_cv_all,4,target_knockdown_only,random_forest,unweighted,0.2966670106156098,0.3367623867223127,0.7076273984951615,0.5335627951272962,0.0993585642035584,0.6849276974416018,0.8634313434868763,1.254655172413793,0.6397547623037818,0.5700660547363985,1.773148148148148,,,,
internal_cv_all,4,target_knockdown_only,random_forest,sqrt_n_cells,0.2948707525501108,0.3400437875039686,0.7077960451697686,0.5345593284786263,0.0989292188072528,0.6829254727474972,0.8629697343463906,1.320689655172414,0.6358443662365232,0.5684815906168583,1.773148148148148,,,,
internal_cv_all,4,n_cells_only,mean_label,unweighted,,,0.7458736466421517,0.5612755124631078,-0.0006291938526217,0.5,0.7571801566579635,0.9244827586206896,0.5,0.422976501305483,0.7092592592592593,,,,
internal_cv_all,4,n_cells_only,ridge,unweighted,0.0017663602732528,0.0227567752798058,0.7470028971939795,0.5593987685544951,-0.0036613869146111,0.4779013718946978,0.7594534950540452,1.1225862068965518,0.495544941623373,0.4423807755710069,1.3003086419753087,,,,
internal_cv_all,4,n_cells_only,ridge,sqrt_n_cells,0.0017663602732528,0.0227567608354103,0.7488456049142832,0.5574246890202782,-0.0086191607376735,0.4779013718946978,0.7594534950540452,1.1225862068965518,0.495544941623373,0.4423807755710069,1.3003086419753087,,,,
internal_cv_all,4,n_cells_only,elastic_net,unweighted,0.0017663602732528,0.022756733216381,0.7469528132518067,0.5594136883907735,-0.003526807426559,0.4779013718946978,0.7594534950540452,1.1225862068965518,0.495544941623373,0.4423807755710069,1.3003086419753087,,,,
internal_cv_all,4,n_cells_only,elastic_net,sqrt_n_cells,0.0017663602732528,0.022756755552706,0.7487899151818987,0.5574513486371918,-0.0084691494611939,0.4779013718946978,0.7594534950540452,1.1225862068965518,0.495544941623373,0.4423807755710069,1.3003086419753087,,,,
internal_cv_all,4,n_cells_only,random_forest,unweighted,0.0207225642269114,-0.0195158633864913,0.7959848855509247,0.592719043008567,-0.1395995953385331,0.5180200222469411,0.7709078978724584,0.9905172413793104,0.4968437517457125,0.409955151420253,0.4728395061728395,,,,
internal_cv_all,4,n_cells_only,random_forest,sqrt_n_cells,0.0215489804983916,-0.0200963756074579,0.7959202950844239,0.5926262138193648,-0.1394146564423819,0.5186874304783092,0.7714300466431769,0.9905172413793104,0.4972627227529188,0.4102422661390044,0.4728395061728395,,,,
internal_cv_target_index_valid,0,delta_all,mean_label,unweighted,,,0.7316534270877149,0.558124516671307,-0.0001974709704581,0.5,0.7640449438202247,0.9452614379084968,0.5,0.4606741573033708,0.9647696476964768,,,,
internal_cv_target_index_valid,0,delta_all,ridge,unweighted,0.2591118422364989,0.3131949424218674,0.7662324515104237,0.6004098571373904,-0.0969731868342482,0.6238620448179272,0.8515292758398461,1.2361111111111112,0.6140752032520325,0.5758848440456166,1.447154471544715,,,,
internal_cv_target_index_valid,0,delta_all,ridge,sqrt_n_cells,0.2575059078861803,0.3120911822504118,0.7671182501061947,0.6012309777558248,-0.0995109518926393,0.6228991596638656,0.8509570759156224,1.2361111111111112,0.6132177337398373,0.5749295449043956,1.447154471544715,,,,
internal_cv_target_index_valid,0,delta_all,elastic_net,unweighted,0.2517595992345347,0.2780803501998155,0.818835135688868,0.6302419368091322,-0.2527599739151875,0.620579481792717,0.8518601445513768,1.2361111111111112,0.6135035569105691,0.5634024293719739,0.9647696476964768,,,,
internal_cv_target_index_valid,0,delta_all,elastic_net,sqrt_n_cells,0.2465939058009657,0.2768775587456774,0.824610856662222,0.6387833242626401,-0.2704951935247728,0.6150210084033614,0.8470250339319205,1.2361111111111112,0.610423018292683,0.5590934931426605,0.8441734417344173,,,,
internal_cv_target_index_valid,0,delta_all,pca20_ridge,unweighted,0.4282259319299804,0.4446060454422887,0.6553086335090216,0.5009447463063439,0.197644730662304,0.7312675070028011,0.8848497885272708,1.1633986928104574,0.7220528455284553,0.6845128413081221,1.8089430894308944,,,,
internal_cv_target_index_valid,0,delta_all,pca20_ridge,sqrt_n_cells,0.4385549250559537,0.4455466523941108,0.6551545246481173,0.5004863331782412,0.1980220658930361,0.7407212885154062,0.8897763214965055,1.2361111111111112,0.7247205284552845,0.6848038871425832,1.9295392953929535,,,,
internal_cv_target_index_valid,0,delta_all,pca50_ridge,unweighted,0.417664479939784,0.4364116673358711,0.6587690050634997,0.5002756438184048,0.1891486488050011,0.7312675070028012,0.8825375525107487,1.1633986928104574,0.7115091463414633,0.6753242085378653,1.8089430894308944,,,,
internal_cv_target_index_valid,0,delta_all,pca50_ridge,sqrt_n_cells,0.4242392890056798,0.4424463827818268,0.656815828255778,0.5007169517528872,0.1939496890510044,0.7363445378151261,0.8887460034534355,1.1633986928104574,0.712747713414634,0.6793978645725167,1.8089430894308944,,,,
internal_cv_target_index_valid,0,delta_all,pca100_ridge,unweighted,0.4082169155049265,0.4191194709262424,0.6654124552332732,0.507080998945343,0.1727118925605386,0.7263655462184875,0.8814869325293626,1.1633986928104574,0.7085873983739837,0.671985960736836,1.8089430894308944,,,,
internal_cv_target_index_valid,0,delta_all,pca100_ridge,sqrt_n_cells,0.4114138898160941,0.4234789383072583,0.6642934314075425,0.5087225188990385,0.175492052969994,0.729516806722689,0.8866232715374365,1.1633986928104574,0.7088097052845529,0.6726471837165915,1.6883468834688349,,,,
internal_cv_target_index_valid,0,delta_all,random_forest,unweighted,0.4161197189747872,0.4358195868445105,0.6592404134182077,0.5107743258202628,0.1879877597446249,0.72093837535014,0.889322035944547,1.2361111111111112,0.7069677337398375,0.6905729444914583,1.9295392953929535,,,,
internal_cv_target_index_valid,0,delta_all,random_forest,sqrt_n_cells,0.4049050416178499,0.4197451329994233,0.6652621462561971,0.5169392748911997,0.1730855999767961,0.7147233893557422,0.8894391258273457,1.2361111111111112,0.6988058943089431,0.6779722469311695,1.8089430894308944,,,,
internal_cv_target_index_valid,0,delta_mask_target,mean_label,unweighted,,,0.7316534270877149,0.558124516671307,-0.0001974709704581,0.5,0.7640449438202247,0.9452614379084968,0.5,0.4606741573033708,0.9647696476964768,,,,
internal_cv_target_index_valid,0,delta_mask_target,ridge,unweighted,0.2523484595610677,0.3099852763808109,0.7684366029252324,0.6019890016674724,-0.1032933907531732,0.6223301820728291,0.8524371643889117,1.2361111111111112,0.6095973069105691,0.5759040074544086,1.326558265582656,,,,
internal_cv_target_index_valid,0,delta_mask_target,ridge,sqrt_n_cells,0.2508486477357203,0.3088424103970436,0.7693637115671697,0.6028286794218852,-0.105957214612077,0.6216299019607843,0.8522161913242747,1.2361111111111112,0.6088668699186992,0.5755522510902498,1.326558265582656,,,,
internal_cv_target_index_valid,0,delta_mask_target,elastic_net,unweighted,0.2415103974807204,0.2738164659422928,0.8267468521370984,0.6375630606381809,-0.2770856639603274,0.6187412464985994,0.8519740573380062,1.2361111111111112,0.6073424796747968,0.5622163499746666,1.0853658536585364,,,,
internal_cv_target_index_valid,0,delta_mask_target,elastic_net,sqrt_n_cells,0.224527601830414,0.2651068668035039,0.8398815504830666,0.6530358193251252,-0.3179866531596871,0.6086747198879552,0.8462295674093371,1.2361111111111112,0.5984184451219512,0.5554552886661351,1.0853658536585364,,,,
internal_cv_target_index_valid,0,delta_mask_target,pca20_ridge,unweighted,0.4282019945183328,0.4442538996165681,0.6554358533146406,0.5009865397103445,0.1973331663565457,0.7313550420168068,0.8848674742885323,1.1633986928104574,0.7220846036585366,0.6848616233662792,1.8089430894308944,,,,
internal_cv_target_index_valid,0,delta_mask_target,pca20_ridge,sqrt_n_cells,0.4384073110174596,0.4452118716050118,0.6552765192978436,0.5005616603897927,0.1977233695627235,0.7413340336134454,0.8898745878398789,1.2361111111111112,0.7241806402439024,0.6843393365598723,1.9295392953929535,,,,
internal_cv_target_index_valid,0,delta_mask_target,pca50_ridge,unweighted,0.417734164404803,0.4364660328314116,0.6587479791243549,0.5002869122774142,0.1892004078858306,0.7316176470588236,0.8825712511639914,1.1633986928104574,0.7114138719512195,0.6754193606001971,1.8089430894308944,,,,
internal_cv_target_index_valid,0,delta_mask_target,pca50_ridge,sqrt_n_cells,0.4241759878504337,0.4426054107424263,0.6567571559971471,0.5007666637009177,0.1940936888694804,0.7364320728291316,0.8888199466965059,1.1633986928104574,0.7123983739837397,0.6792666991267361,1.8089430894308944,,,,
internal_cv_target_index_valid,0,delta_mask_target,pca100_ridge,unweighted,0.4079565296604477,0.419169322918438,0.6654110114792385,0.5071451723865976,0.1727154825121177,0.7268469887955182,0.88144436576218,1.1633986928104574,0.7084921239837398,0.6711863865304735,1.8089430894308944,,,,
internal_cv_target_index_valid,0,delta_mask_target,pca100_ridge,sqrt_n_cells,0.4112721271448918,0.423334651123653,0.6643841268667843,0.5088567984528484,0.1752668987591097,0.7298669467787116,0.8867426689933279,1.1633986928104574,0.7084286077235773,0.6702724030446627,1.6883468834688349,,,,
internal_cv_target_index_valid,0,delta_mask_target,random_forest,unweighted,0.4105569304791073,0.4283468295847611,0.661819001989891,0.5118323208269429,0.1816230392867658,0.7175245098039216,0.8874084684718128,1.2361111111111112,0.7051575203252033,0.6870371080488334,1.9295392953929535,,,,
internal_cv_target_index_valid,0,delta_mask_target,random_forest,sqrt_n_cells,0.4038879675940641,0.4212128801915114,0.66479130043236,0.5176880605646612,0.174255699346655,0.718574929971989,0.8905208113760779,1.2361111111111112,0.6979801829268293,0.6770233531122248,1.6883468834688349,,,,
internal_cv_target_index_valid,1,delta_all,mean_label,unweighted,,,0.6860969834277022,0.5405774085574939,-1.583595095455692e-05,0.5,0.7780898876404494,1.0709987966305656,0.5,0.4550561797752809,1.3429355281207134,,,,
internal_cv_target_index_valid,1,delta_all,ridge,unweighted,0.3061235888563369,0.2929859553638902,0.7268467800416423,0.5516693585088249,-0.1223326554662365,0.6798884979207603,0.878573690436353,1.2137986361813078,0.6432798778159603,0.6045135877975829,1.4650205761316872,,,,
internal_cv_target_index_valid,1,delta_all,ridge,sqrt_n_cells,0.3057951143742827,0.2924681686528974,0.727424271591362,0.5520283726877546,-0.1241167869234716,0.6797971027738426,0.8785055158416487,1.2137986361813078,0.6431207840142548,0.6045564011804624,1.4650205761316872,,,,
internal_cv_target_index_valid,1,delta_all,elastic_net,unweighted,0.2740320309164969,0.2526176272053377,0.7859473248195599,0.5990410785040664,-0.3122686019572731,0.6658136452954349,0.8824985054621906,1.2851985559566788,0.6430571464935726,0.6011066498421398,1.587105624142661,,,,
internal_cv_target_index_valid,1,delta_all,elastic_net,sqrt_n_cells,0.2704153539877733,0.2494338373276008,0.792579340194203,0.5990490755721929,-0.3345085262525729,0.663026093314445,0.8804836716655737,1.2851985559566788,0.6390798014509355,0.5924454109689548,1.587105624142661,,,,
internal_cv_target_index_valid,1,delta_all,pca20_ridge,unweighted,0.3864607340008325,0.3537484485573663,0.6482735856580352,0.5007673721013949,0.1072034355977861,0.7473838139194809,0.9137208566662308,1.2851985559566788,0.6714394807178312,0.6033463335197163,1.587105624142661,,,,
internal_cv_target_index_valid,1,delta_all,pca20_ridge,sqrt_n_cells,0.3881586944003745,0.3561626742671839,0.6470142255136698,0.5013416151366042,0.1106688253063373,0.7533701960425901,0.9149399973299012,1.2851985559566788,0.670357642866234,0.6022718975222745,1.587105624142661,,,,
internal_cv_target_index_valid,1,delta_all,pca50_ridge,unweighted,0.4012734702996565,0.3765809539829367,0.6401119682195527,0.4961870337518918,0.1295421377922651,0.748252067815199,0.9131473727233834,1.2851985559566788,0.6758941071655848,0.6171025732088438,1.7091906721536352,,,,
internal_cv_target_index_valid,1,delta_all,pca50_ridge,sqrt_n_cells,0.3946592974901624,0.3671964612267495,0.6438943812235867,0.4977045916153308,0.1192246971973022,0.7493031120047525,0.914817688371117,1.2851985559566788,0.6722985872470408,0.6170928930462407,1.7091906721536352,,,,
internal_cv_target_index_valid,1,delta_all,pca100_ridge,unweighted,0.403324640506622,0.3878947768588938,0.6371574229352246,0.4929669313265201,0.1375590848060048,0.7460585842891742,0.9138693618418666,1.2851985559566788,0.6785350642738959,0.6260360624909561,1.587105624142661,,,,
internal_cv_target_index_valid,1,delta_all,pca100_ridge,sqrt_n_cells,0.3957229164810409,0.3724961963080321,0.6433935829962518,0.496521308822093,0.1205942360248528,0.7444134716446557,0.9137701584491362,1.2851985559566788,0.6749395443553519,0.6275559179498766,1.7091906721536352,,,,
internal_cv_target_index_valid,1,delta_all,random_forest,unweighted,0.3932070945168698,0.3861422675317277,0.6354449889770374,0.5012764273594423,0.1421886737387472,0.7537357766302609,0.9161695185435664,1.2851985559566788,0.6758941071655848,0.6171084107748763,1.7091906721536352,,,,
internal_cv_target_index_valid,1,delta_all,random_forest,sqrt_n_cells,0.3777374092539373,0.380654792692004,0.6369161060143245,0.5025690860357931,0.1382122426180344,0.7431796371612668,0.9140730267628914,1.2851985559566788,0.6664757541046201,0.6156584718254035,1.7091906721536352,,,,
internal_cv_target_index_valid,1,delta_mask_target,mean_label,unweighted,,,0.6860969834277022,0.5405774085574939,-1.583595095455692e-05,0.5,0.7780898876404494,1.0709987966305656,0.5,0.4550561797752809,1.3429355281207134,,,,
internal_cv_target_index_valid,1,delta_mask_target,ridge,unweighted,0.3050916204430814,0.2863179729866361,0.7319914629754452,0.5558721829714905,-0.1382768142884256,0.68308732806288,0.8787720519845603,1.2137986361813078,0.6413071146748124,0.6004841041687389,1.4650205761316872,,,,
internal_cv_target_index_valid,1,delta_mask_target,ridge,sqrt_n_cells,0.3043293468677232,0.285770693187637,0.7326049307376081,0.5562653653456089,-0.140185548964987,0.6825389571813738,0.8784945956106919,1.2137986361813078,0.640893470790378,0.5999426678242147,1.4650205761316872,,,,
internal_cv_target_index_valid,1,delta_mask_target,elastic_net,unweighted,0.2764031645258198,0.2497068178636966,0.790709549755565,0.6005995454127034,-0.3282194196442518,0.6609697025087967,0.8803521292859747,1.2851985559566788,0.6414980272368589,0.5967894589525093,1.3429355281207134,,,,
internal_cv_target_index_valid,1,delta_mask_target,elastic_net,sqrt_n_cells,0.2801815519687856,0.2478831736831401,0.799771367991052,0.6030320260345771,-0.35883762047294,0.6639857423570809,0.8806690672526168,1.2851985559566788,0.6434389716176658,0.5960393175098213,1.587105624142661,,,,
internal_cv_target_index_valid,1,delta_mask_target,pca20_ridge,unweighted,0.3853776991093953,0.3533205344412836,0.6483882028807825,0.500900041492652,0.106887708068213,0.7465612575972216,0.9133815054113372,1.2851985559566788,0.6709303805523736,0.6028862104274311,1.587105624142661,,,,
internal_cv_target_index_valid,1,delta_mask_target,pca20_ridge,sqrt_n_cells,0.3873405668645049,0.3556632642231004,0.647171706280695,0.5014716949069603,0.1102358530651326,0.752227756706119,0.9146608836138312,1.2851985559566788,0.6701030927835052,0.6024793856882895,1.587105624142661,,,,
internal_cv_target_index_valid,1,delta_mask_target,pca50_ridge,unweighted,0.4002776739751131,0.3759880467176885,0.6402691554287104,0.4963717316357442,0.1291145824633902,0.7479321848009871,0.9130689086425704,1.2851985559566788,0.6757031946035382,0.6158521759287896,1.7091906721536352,,,,
internal_cv_target_index_valid,1,delta_mask_target,pca50_ridge,sqrt_n_cells,0.3942387969588848,0.3668597915183462,0.6439732868752462,0.497837110488117,0.1190088158056806,0.7495772974455056,0.914924160172244,1.2851985559566788,0.6719167621229477,0.6167836002657205,1.7091906721536352,,,,
internal_cv_target_index_valid,1,delta_mask_target,pca100_ridge,unweighted,0.401381188652071,0.3873273800609141,0.6373487255418172,0.493046569159376,0.1370411218745049,0.7447333546588676,0.9134059825147712,1.2851985559566788,0.6774850451826395,0.6250234746036935,1.587105624142661,,,,
internal_cv_target_index_valid,1,delta_mask_target,pca100_ridge,sqrt_n_cells,0.3929905939270787,0.371660489983124,0.6437358190665293,0.4967405532901711,0.1196584342830044,0.7416716172371247,0.9127622219242084,1.2851985559566788,0.6738258877434136,0.6259846901444026,1.7091906721536352,,,,
internal_cv_target_index_valid,1,delta_mask_target,random_forest,unweighted,0.3890800187775695,0.3851906363985785,0.6358197854059194,0.5019735516382134,0.141176471449626,0.7493945071516702,0.9151481692987556,1.2851985559566788,0.6732531500572738,0.6174800016318369,1.7091906721536352,,,,
internal_cv_target_index_valid,1,delta_mask_target,random_forest,sqrt_n_cells,0.3767232609137974,0.3819171821447538,0.6363258609610303,0.50128088994192,0.1398087802457102,0.7424027784124663,0.9133687115921638,1.2851985559566788,0.6636438844342625,0.6143497193294483,1.4650205761316872,,,,
internal_cv_target_index_valid,2,delta_all,mean_label,unweighted,,,0.7094378354778769,0.5514004356481209,-2.9288849461295285e-05,0.5,0.7752808988764045,1.003220611916264,0.5,0.446629213483146,0.8707197763801537,,,,
internal_cv_target_index_valid,2,delta_all,ridge,unweighted,0.3130933652144194,0.3540975242872785,0.7191350664379369,0.5554616716180227,-0.0275547227841659,0.64375,0.8635575774025522,1.218196457326892,0.6629952431120901,0.6280303188428538,1.7414395527603077,,,,
internal_cv_target_index_valid,2,delta_all,ridge,sqrt_n_cells,0.3132356598281028,0.3536302531332441,0.719714314148033,0.5559786024432776,-0.0292107355745936,0.6442481884057971,0.8637925813412641,1.218196457326892,0.6628994668454491,0.6277614951454795,1.7414395527603077,,,,
internal_cv_target_index_valid,2,delta_all,elastic_net,unweighted,0.3202599602904937,0.3372851650889151,0.7642161849334699,0.5863816613564268,-0.1604234307914864,0.6305253623188407,0.8605861490185389,1.289855072463768,0.6633783481786547,0.6438948141198735,1.865828092243187,,,,
internal_cv_target_index_valid,2,delta_all,elastic_net,sqrt_n_cells,0.3158964361183625,0.3375165229170278,0.7734408042951294,0.5982379115701998,-0.1886067375955225,0.6308876811594204,0.8631851994752195,1.289855072463768,0.6588768636465216,0.6477596724457987,1.9902166317260657,,,,
internal_cv_target_index_valid,2,delta_all,pca20_ridge,unweighted,0.5108302159287516,0.5251502864146291,0.6090570591607146,0.4635711643345173,0.2629448427182954,0.7318387681159421,0.8910575600715922,1.218196457326892,0.7585799572199342,0.7053330386388794,1.865828092243187,,,,
internal_cv_target_index_valid,2,delta_all,pca20_ridge,sqrt_n_cells,0.5110336839277569,0.5253070832693382,0.6081583260075362,0.4630790703963969,0.2651184557172946,0.7329710144927536,0.8921096364538597,1.218196457326892,0.7567282827315391,0.706763250051675,1.865828092243187,,,,
internal_cv_target_index_valid,2,delta_all,pca50_ridge,unweighted,0.5217581762883979,0.5417022353796384,0.6011902168680859,0.4592752059401023,0.281862118046749,0.7458333333333333,0.8976123582447181,1.218196457326892,0.75794144877566,0.7077527030749033,1.9902166317260657,,,,
internal_cv_target_index_valid,2,delta_all,pca50_ridge,sqrt_n_cells,0.519095272228214,0.5428601503638508,0.6002222312883737,0.4592848724405689,0.2841728259091777,0.7413949275362319,0.8949095479209617,1.218196457326892,0.7560578488650512,0.7030229636023517,1.865828092243187,,,,
internal_cv_target_index_valid,2,delta_all,pca100_ridge,unweighted,0.5299253551713453,0.5546056325506064,0.5956731008242119,0.4577346296334806,0.294982325510836,0.7519474637681159,0.9018440466892832,1.218196457326892,0.7609105130415352,0.7132492720590282,1.9902166317260657,,,,
internal_cv_target_index_valid,2,delta_all,pca100_ridge,sqrt_n_cells,0.5324488903014918,0.5515906231479608,0.5962629855819401,0.457693169580176,0.2935853005368696,0.7524003623188406,0.9000484724785638,1.218196457326892,0.760910513041535,0.7125494090996526,1.865828092243187,,,,
internal_cv_target_index_valid,2,delta_all,random_forest,unweighted,0.4769236702435365,0.5061237657076162,0.6153341545688966,0.4669833931168258,0.2476740015118179,0.7033967391304348,0.8754577688966998,1.218196457326892,0.750598601666507,0.6957681528669762,1.9902166317260657,,,,
internal_cv_target_index_valid,2,delta_all,random_forest,sqrt_n_cells,0.4763191176138124,0.5078112000490302,0.6155428119087075,0.4725339886660648,0.2471636935573126,0.7030344202898551,0.8783098091523657,1.218196457326892,0.7529610829103215,0.7048492766940417,1.9902166317260657,,,,
internal_cv_target_index_valid,2,delta_mask_target,mean_label,unweighted,,,0.7094378354778769,0.5514004356481209,-2.9288849461295285e-05,0.5,0.7752808988764045,1.003220611916264,0.5,0.446629213483146,0.8707197763801537,,,,
internal_cv_target_index_valid,2,delta_mask_target,ridge,unweighted,0.3154932237177194,0.3522113911609272,0.7233868088000737,0.5572708805334974,-0.0397410651467151,0.6458786231884058,0.863242411111705,1.289855072463768,0.663122944800945,0.6288909089626937,1.865828092243187,,,,
internal_cv_target_index_valid,2,delta_mask_target,ridge,sqrt_n_cells,0.3138590964159045,0.3517281547482627,0.7239887060756648,0.5577199352300841,-0.041472027513967,0.6451992753623188,0.8630075707973706,1.289855072463768,0.6621651821345338,0.6275352588477618,1.865828092243187,,,,
internal_cv_target_index_valid,2,delta_mask_target,elastic_net,unweighted,0.3033779677403482,0.3239529175370829,0.7763416375592227,0.5943470879554685,-0.1975393302602683,0.6203351449275363,0.8561324950297643,1.289855072463768,0.6561951281805702,0.6433035109811687,1.9902166317260657,,,,
internal_cv_target_index_valid,2,delta_mask_target,elastic_net,sqrt_n_cells,0.2958384809850511,0.3230756425274839,0.7858105268662141,0.6039643933057387,-0.2269297914851253,0.6178442028985508,0.8550979311571814,1.218196457326892,0.650735880982026,0.6420456752643389,1.7414395527603077,,,,
internal_cv_target_index_valid,2,delta_mask_target,pca20_ridge,unweighted,0.5109022941349353,0.525446275631737,0.6089872679288313,0.463575747864729,0.2631137498490511,0.7318387681159421,0.8910005417680167,1.218196457326892,0.7585161063755068,0.7043039882108437,1.865828092243187,,,,
internal_cv_target_index_valid,2,delta_mask_target,pca20_ridge,sqrt_n_cells,0.5107110608129943,0.5255484328671138,0.6080931009514502,0.4630193699823609,0.265276079538261,0.7327445652173914,0.8921758633035244,1.218196457326892,0.7565367301982568,0.7058983842571898,1.865828092243187,,,,
internal_cv_target_index_valid,2,delta_mask_target,pca50_ridge,unweighted,0.5227944002415019,0.542094441698022,0.6010667436157171,0.4591819002264273,0.2821570719957004,0.7461050724637681,0.8976777901794246,1.218196457326892,0.7585480317977205,0.708127698591779,1.9902166317260657,,,,
internal_cv_target_index_valid,2,delta_mask_target,pca50_ridge,sqrt_n_cells,0.5195171026156942,0.5433624084837545,0.6000519910072537,0.4592055172274893,0.2845788266573266,0.7417119565217392,0.8949070141664835,1.218196457326892,0.7564090285094022,0.7029852235413926,1.865828092243187,,,,
internal_cv_target_index_valid,2,delta_mask_target,pca100_ridge,unweighted,0.5308009324951694,0.5556148222164655,0.5953188223670828,0.4574617686108529,0.295820699098993,0.7519021739130435,0.9018294528627588,1.218196457326892,0.7613255435303131,0.713958437620916,1.9902166317260657,,,,
internal_cv_target_index_valid,2,delta_mask_target,pca100_ridge,sqrt_n_cells,0.5332595706426264,0.5527993697765508,0.5958278218846192,0.4573261812708623,0.2946160331652621,0.7530344202898551,0.9002907556481476,1.218196457326892,0.7609743638859624,0.712631436528777,1.865828092243187,,,,
internal_cv_target_index_valid,2,delta_mask_target,random_forest,unweighted,0.474009955303533,0.4987360809198583,0.6180124416274833,0.4684828616764382,0.2411106405524274,0.7039855072463769,0.8736659463996223,1.218196457326892,0.7481403441560515,0.6893389976125315,1.9902166317260657,,,,
internal_cv_target_index_valid,2,delta_mask_target,random_forest,sqrt_n_cells,0.4804733224196467,0.5100639817926107,0.6153307009254807,0.4699646310948657,0.24768244654423,0.7072463768115942,0.8795476584123986,1.289855072463768,0.7549723845097851,0.7092003914413596,2.114605171208945,,,,
internal_cv_target_index_valid,3,delta_all,mean_label,unweighted,,,0.6757290377227408,0.5384496161894282,-5.508099155449031e-06,0.5,0.7830985915492957,1.1350919264588328,0.5,0.4591549295774648,0.4839809134287661,,,,
internal_cv_target_index_valid,3,delta_all,ridge,unweighted,0.3446906156037348,0.345762802478694,0.683470776364232,0.5372697739606119,-0.0230506316136582,0.6914883677473604,0.8895325231590107,1.20603517186251,0.6672418200408997,0.6529307112079308,1.8149284253578728,,,,
internal_cv_target_index_valid,3,delta_all,ridge,sqrt_n_cells,0.3450374308314177,0.3450937581881057,0.6841364095607323,0.5378968235544703,-0.0250443029969964,0.6916752312435764,0.8895626359057534,1.20603517186251,0.667465490797546,0.653165628449887,1.8149284253578728,,,,
internal_cv_target_index_valid,3,delta_all,elastic_net,unweighted,0.281783483226535,0.2801061600598872,0.7378319565104012,0.57895704424599,-0.1922632304567562,0.6331402410539101,0.8734552447467675,1.276978417266187,0.6415835889570551,0.6136276350380212,1.6939331970006817,,,,
internal_cv_target_index_valid,3,delta_all,elastic_net,sqrt_n_cells,0.2654402514879795,0.2687619351550799,0.749446615856372,0.5899049324121222,-0.2300949451404932,0.6224423058955433,0.8647059013832594,1.20603517186251,0.6299846625766872,0.6058469036810544,1.6939331970006817,,,,
internal_cv_target_index_valid,3,delta_all,pca20_ridge,unweighted,0.4245190050989618,0.3879945755316105,0.6240243787781969,0.4841488237184485,0.1471741784095851,0.7163879286181444,0.8973024164290186,1.20603517186251,0.7210825664621676,0.6790874096636677,1.6939331970006817,,,,
internal_cv_target_index_valid,3,delta_all,pca20_ridge,sqrt_n_cells,0.4364424214301233,0.393450232839326,0.6226224297406863,0.4827820608385799,0.151001834273924,0.7228347192375969,0.8981229179509718,1.20603517186251,0.7241500511247445,0.6813709389886615,1.6939331970006817,,,,
internal_cv_target_index_valid,3,delta_all,pca50_ridge,unweighted,0.4438180789172284,0.4046126522666187,0.620896289941599,0.477571425142921,0.1557027830790084,0.7312435765673175,0.9016481868515742,1.20603517186251,0.7222648261758691,0.6818699075331474,1.6939331970006817,,,,
internal_cv_target_index_valid,3,delta_all,pca50_ridge,sqrt_n_cells,0.4351139018456579,0.3971825834498145,0.623527729850586,0.4801146648371671,0.1485311333443738,0.7241894795851631,0.8983407044280582,1.20603517186251,0.71875,0.6792902950378821,1.8149284253578728,,,,
internal_cv_target_index_valid,3,delta_all,pca100_ridge,unweighted,0.4329571027383114,0.4024763399250162,0.6222687411205029,0.4791900752368055,0.1519661288004603,0.725217228814351,0.8972025121565719,1.20603517186251,0.7202517893660533,0.684846350533014,1.8149284253578728,,,,
internal_cv_target_index_valid,3,delta_all,pca100_ridge,sqrt_n_cells,0.4288130228715658,0.3921587239048933,0.6260392237295737,0.481717161064915,0.1416580931561731,0.724656638325703,0.8974214388947193,1.20603517186251,0.7179831288343559,0.6786710719193101,1.8149284253578728,,,,
internal_cv_target_index_valid,3,delta_all,random_forest,unweighted,0.4083359038251601,0.3841778038083029,0.6259269808847429,0.4868499706199582,0.1419658505526574,0.7031673362608614,0.8950563325400834,1.276978417266187,0.706224437627812,0.6792068270105094,1.9359236537150648,,,,
internal_cv_target_index_valid,3,delta_all,random_forest,sqrt_n_cells,0.4050890373664574,0.3796604736191276,0.627913212356997,0.4902072503230738,0.1365116729615478,0.696019807530599,0.8937288412530073,1.276978417266187,0.7093238752556239,0.6795141740718142,1.8149284253578728,,,,
internal_cv_target_index_valid,3,delta_mask_target,mean_label,unweighted,,,0.6757290377227408,0.5384496161894282,-5.508099155449031e-06,0.5,0.7830985915492957,1.1350919264588328,0.5,0.4591549295774648,0.4839809134287661,,,,
internal_cv_target_index_valid,3,delta_mask_target,ridge,unweighted,0.3363863623561978,0.3413464610934736,0.6886295235250075,0.5413044508146516,-0.0385526172522294,0.6869569279641221,0.8885086160645917,1.276978417266187,0.6621932515337423,0.6491047629057316,1.9359236537150648,,,,
internal_cv_target_index_valid,3,delta_mask_target,ridge,sqrt_n_cells,0.3360140657312758,0.3406115634223909,0.6893830286060801,0.5419738146692882,-0.0408266493311828,0.6867700644679062,0.8883808500518656,1.276978417266187,0.6620015337423313,0.6489349485798765,1.9359236537150648,,,,
internal_cv_target_index_valid,3,delta_mask_target,elastic_net,unweighted,0.2549322597171297,0.2638188052386876,0.7515107765805425,0.5914679759057422,-0.2368802458982715,0.617163412127441,0.868926938971781,1.276978417266187,0.6287065439672801,0.6073658544770739,1.57293796864349,,,,
internal_cv_target_index_valid,3,delta_mask_target,elastic_net,sqrt_n_cells,0.2472500207874556,0.2528561986866068,0.7627476839409276,0.6037730389989545,-0.274145495751416,0.6137064374474447,0.8652399362719041,1.276978417266187,0.6226035276073619,0.6081042926742701,1.8149284253578728,,,,
internal_cv_target_index_valid,3,delta_mask_target,pca20_ridge,unweighted,0.4239208628269331,0.3873215023940231,0.6242341856561192,0.4843138531971933,0.1466006149128355,0.7162010651219284,0.8973418545044802,1.20603517186251,0.7207630368098159,0.6783806482027027,1.6939331970006817,,,,
internal_cv_target_index_valid,3,delta_mask_target,pca20_ridge,sqrt_n_cells,0.4355666660408078,0.3930906599294209,0.6227369364286965,0.4828274826001061,0.1506895265158034,0.721947117630571,0.897581389247065,1.20603517186251,0.7240861451942741,0.680942660565697,1.6939331970006817,,,,
internal_cv_target_index_valid,3,delta_mask_target,pca50_ridge,unweighted,0.4433755072809741,0.4040881732716316,0.6210869413409026,0.4776532957323787,0.1551842064294486,0.7310567130711015,0.901864986806229,1.20603517186251,0.7219133435582822,0.6820511136704026,1.6939331970006817,,,,
internal_cv_target_index_valid,3,delta_mask_target,pca50_ridge,sqrt_n_cells,0.4351460888737491,0.3968009566519215,0.6236760783992001,0.4802586486713934,0.1481259253937858,0.723862468466785,0.8983841076870709,1.20603517186251,0.7186221881390593,0.6795279995717796,1.8149284253578728,,,,
internal_cv_target_index_valid,3,delta_mask_target,pca100_ridge,unweighted,0.4342016678245056,0.4028730260597743,0.6220697150509698,0.4787753338617286,0.1525085113618218,0.7260113986732692,0.8970175504189783,1.1350919264588328,0.7213062372188139,0.6836847359447291,1.6939331970006817,,,,
internal_cv_target_index_valid,3,delta_mask_target,pca100_ridge,sqrt_n_cells,0.4305771402361992,0.3928806919043652,0.6257112702407337,0.4812431338879371,0.1425571502144622,0.724563206577595,0.8972956711831837,1.20603517186251,0.7193571063394684,0.6802395161052996,1.8149284253578728,,,,
internal_cv_target_index_valid,3,delta_mask_target,random_forest,unweighted,0.4075365926275612,0.384370747083299,0.6259352393012596,0.4867062351006594,0.1419432087738106,0.7025600298981594,0.8946031434162891,1.276978417266187,0.706096625766871,0.6769692412289822,1.9359236537150648,,,,
internal_cv_target_index_valid,3,delta_mask_target,random_forest,sqrt_n_cells,0.4077761177616068,0.3813520604775867,0.627087762118603,0.4901927711735696,0.1387804519342086,0.7004578155657293,0.8949202959421395,1.276978417266187,0.7092919222903886,0.679585533189337,1.8149284253578728,,,,
internal_cv_target_index_valid,4,delta_all,mean_label,unweighted,,,0.7099270515938321,0.5486056082668861,-9.025830828068848e-06,0.5,0.7746478873239436,1.004040404040404,0.5,0.4338028169014084,0.8964646464646465,,,,
internal_cv_target_index_valid,4,delta_all,ridge,unweighted,0.3438470472425105,0.3507412796112975,0.7173413052156715,0.5510200249791984,-0.021005653398221,0.682909090909091,0.883691767228717,1.290909090909091,0.6533565936551011,0.5981993639082904,1.792929292929293,,,,
internal_cv_target_index_valid,4,delta_all,ridge,sqrt_n_cells,0.3433599502173965,0.3498036252318133,0.7179181294189769,0.5515063333994066,-0.0226483235081818,0.6823636363636363,0.8834818635064852,1.290909090909091,0.65322736964528,0.5980158871142373,1.792929292929293,,,,
internal_cv_target_index_valid,4,delta_all,elastic_net,unweighted,0.3475887892581158,0.3639935539593483,0.7557130834555752,0.5888494163646665,-0.133157693425884,0.692,0.8907551791775751,1.2191919191919192,0.6534212056600117,0.6007785114052063,1.792929292929293,,,,
internal_cv_target_index_valid,4,delta_all,elastic_net,sqrt_n_cells,0.3335018681887555,0.3535537271286967,0.7647470258979685,0.5975510425445899,-0.1604116035409102,0.6902727272727271,0.8885337746435061,1.2191919191919192,0.645021645021645,0.5919519456868515,1.6648629148629148,,,,
internal_cv_target_index_valid,4,delta_all,pca20_ridge,unweighted,0.5078750928729874,0.4673657143339351,0.6280892401575695,0.4812336101813215,0.2172570286024584,0.7712272727272725,0.9183607438829297,1.290909090909091,0.730018737481424,0.6739342875835228,1.9209956709956717,,,,
internal_cv_target_index_valid,4,delta_all,pca20_ridge,sqrt_n_cells,0.5046279581890506,0.4684512268990025,0.628085335257008,0.4818012540923878,0.2172667613721722,0.7756363636363637,0.9206518002581372,1.290909090909091,0.7263035471990696,0.6752234708586229,1.9209956709956717,,,,
internal_cv_target_index_valid,4,delta_all,pca50_ridge,unweighted,0.5106372763336829,0.4805613283544309,0.6234799335057267,0.4760072027608542,0.2287033761825011,0.7785454545454545,0.920794738956304,1.2191919191919192,0.7372552820314016,0.6861065392451916,2.0490620490620493,,,,
internal_cv_target_index_valid,4,delta_all,pca50_ridge,sqrt_n_cells,0.5074207193264328,0.4804163039126217,0.6240303713119713,0.4766406606095777,0.2273409001648966,0.7784545454545455,0.9219462194190474,1.290909090909091,0.7367383859921175,0.6931194773624767,2.177128427128427,,,,
internal_cv_target_index_valid,4,delta_all,pca100_ridge,unweighted,0.5165173099154823,0.4856429497667462,0.6224434204507594,0.4715291467665786,0.2312657504977627,0.7764090909090908,0.9209643411707416,1.290909090909091,0.7440718485494605,0.6988433273347481,2.177128427128427,,,,
internal_cv_target_index_valid,4,delta_all,pca100_ridge,sqrt_n_cells,0.5110106458595411,0.4870149913261175,0.6218926340880468,0.4706525044856777,0.2326256203106665,0.7744545454545454,0.9216072168583782,1.290909090909091,0.7421011823996898,0.7029902483870036,2.177128427128427,,,,
internal_cv_target_index_valid,4,delta_all,random_forest,unweighted,0.5309888659705327,0.5163783633867947,0.6095938796224262,0.4613498221249924,0.2626771968781343,0.7769545454545455,0.9181713699151224,1.290909090909091,0.7545389933449634,0.700904370493952,2.0490620490620493,,,,
internal_cv_target_index_valid,4,delta_all,random_forest,sqrt_n_cells,0.5348006147722366,0.5247824662936078,0.6070207179320879,0.4613114635598361,0.2688886980211462,0.7713636363636365,0.9175883283118872,1.290909090909091,0.7568973315241972,0.7047220690376407,2.0490620490620493,,,,
internal_cv_target_index_valid,4,delta_mask_target,mean_label,unweighted,,,0.7099270515938321,0.5486056082668861,-9.025830828068848e-06,0.5,0.7746478873239436,1.004040404040404,0.5,0.4338028169014084,0.8964646464646465,,,,
internal_cv_target_index_valid,4,delta_mask_target,ridge,unweighted,0.3417092921267847,0.3472079581192386,0.7219722161685601,0.5557864784669708,-0.0342307333099036,0.683090909090909,0.8837206433304512,1.290909090909091,0.6518059055372489,0.594831887757242,1.792929292929293,,,,
internal_cv_target_index_valid,4,delta_mask_target,ridge,sqrt_n_cells,0.340497718744384,0.3463097301300769,0.7225306553703049,0.5563071796067164,-0.0358312889519569,0.682409090909091,0.883276678461703,1.290909090909091,0.651450539510241,0.5943317839113404,1.792929292929293,,,,
internal_cv_target_index_valid,4,delta_mask_target,elastic_net,unweighted,0.3478079292743703,0.3654319316691894,0.7538411227795146,0.589894935058456,-0.1275508051352534,0.6960454545454545,0.8919266979688525,1.2191919191919192,0.649059895328552,0.5997378692076945,1.6648629148629148,,,,
internal_cv_target_index_valid,4,delta_mask_target,elastic_net,sqrt_n_cells,0.3316714991913009,0.3521583924876481,0.7629148953419839,0.5990533640162206,-0.1548581883893507,0.6921818181818181,0.8889099114462411,1.2191919191919192,0.6405634166828197,0.5896897433186599,1.6648629148629148,,,,
internal_cv_target_index_valid,4,delta_mask_target,pca20_ridge,unweighted,0.507117624811907,0.4670005328538116,0.6282325895721581,0.4813939245129135,0.2168996954594546,0.7711363636363635,0.9185218872502978,1.290909090909091,0.7294695354396847,0.6736654868408833,1.9209956709956717,,,,
internal_cv_target_index_valid,4,delta_mask_target,pca20_ridge,sqrt_n_cells,0.503921184697214,0.4679602780707009,0.6282817312830088,0.4820329702551096,0.2167771790714833,0.7753181818181818,0.9204859838892496,1.290909090909091,0.7259804871745171,0.6749601349989842,1.9209956709956717,,,,
internal_cv_target_index_valid,4,delta_mask_target,pca50_ridge,unweighted,0.510502627266168,0.4807130884070991,0.6234113554248636,0.4759148054874279,0.2288730404505001,0.7788181818181816,0.9213278046233272,1.2191919191919192,0.7367060799896622,0.6863196019779333,2.0490620490620493,,,,
internal_cv_target_index_valid,4,delta_mask_target,pca50_ridge,sqrt_n_cells,0.5072584430598062,0.4805985323096365,0.6239515066833922,0.47663112235531,0.2275361843216667,0.7781363636363636,0.9220842946604536,1.290909090909091,0.7366737739872069,0.6936497800593486,2.177128427128427,,,,
internal_cv_target_index_valid,4,delta_mask_target,pca100_ridge,unweighted,0.5167694416355303,0.4865903188439023,0.622016363431837,0.4711529826929032,0.2323202422812395,0.7767727272727273,0.9213102067634968,1.290909090909091,0.7441687665568263,0.6986134748641581,2.177128427128427,,,,
internal_cv_target_index_valid,4,delta_mask_target,pca100_ridge,sqrt_n_cells,0.5108564163499374,0.4879653381123635,0.6214533188021493,0.4703650776244385,0.2337094093867769,0.7732272727272727,0.9213901059078724,1.290909090909091,0.742488854429153,0.7045253546560903,2.177128427128427,,,,
internal_cv_target_index_valid,4,delta_mask_target,random_forest,unweighted,0.5269974062619863,0.5166166207175131,0.609422807433416,0.4620033206349038,0.2630909731028255,0.7742272727272728,0.9167791283688492,1.290909090909091,0.7500161530012276,0.6988745816041312,2.0490620490620493,,,,
internal_cv_target_index_valid,4,delta_mask_target,random_forest,sqrt_n_cells,0.5341515097057301,0.526064119218143,0.6064678081356746,0.4607180037906074,0.2702199688894207,0.7695454545454545,0.9161335782429176,1.290909090909091,0.7578665115978549,0.7050017350816891,2.0490620490620493,,,,
internal_cv_all,0,delta_all,pca20_random_forest,unweighted,0.4629501373300329,0.4741725598276918,0.6049184869092676,0.4642727241810657,0.2210817823062665,0.7261310118452975,0.8697447725782339,1.2755244755244757,0.7305382593053826,0.6474079951722351,1.629090909090909,internal_cv_all|0|delta_all|pca20_random_forest|unweighted,2.447337453999808,True,True
internal_cv_all,0,delta_all,pca50_random_forest,unweighted,0.4712516106608796,0.4863594668924894,0.599029071305749,0.4623127377966298,0.2361748639034133,0.7344084486941629,0.876306784850674,1.2755244755244757,0.7324477653244778,0.6489755616252522,1.7454545454545454,internal_cv_all|0|delta_all|pca50_random_forest|unweighted,3.317434580999816,True,True
internal_cv_all,0,delta_all,pca100_random_forest,unweighted,0.4711863365094435,0.4823682782676443,0.6005440972371796,0.4641872248805049,0.2323063429229536,0.7270586556300842,0.8718862896223114,1.2083916083916084,0.7341635533416355,0.6467132725615499,1.5127272727272727,internal_cv_all|0|delta_all|pca100_random_forest|unweighted,5.057580308999604,True,True
internal_cv_all,0,delta_mask_target,pca20_random_forest,unweighted,0.4672853582448883,0.4778107147341094,0.6033663192868323,0.4634044360802152,0.2250739252326488,0.7269159412016555,0.871617714538562,1.2755244755244757,0.7298740832987408,0.64684619781599,1.629090909090909,internal_cv_all|0|delta_mask_target|pca20_random_forest|unweighted,2.532727399999658,True,True
internal_cv_all,0,delta_mask_target,pca50_random_forest,unweighted,0.4766280390627649,0.4907282545781113,0.5973036422196191,0.4605810165615665,0.240568734278244,0.7376195233338091,0.8773770116713908,1.2755244755244757,0.733997509339975,0.6518648282329994,1.629090909090909,internal_cv_all|0|delta_mask_target|pca50_random_forest|unweighted,3.428084171000137,True,True
internal_cv_all,0,delta_mask_target,pca100_random_forest,unweighted,0.4657372164389136,0.4780539398007908,0.6021940697319792,0.4654794288941801,0.2280821286032485,0.7263450834879406,0.8730669493622345,1.2755244755244757,0.7325861353258614,0.6486556071312153,1.629090909090909,internal_cv_all|0|delta_mask_target|pca100_random_forest|unweighted,5.076232703000187,True,True
internal_cv_all,1,delta_all,pca20_random_forest,unweighted,0.5423917466345665,0.5159781179895414,0.5878122102843965,0.4544335128309462,0.2640523107595137,0.7985942628799771,0.9175267754517352,1.3426573426573427,0.7517918915179188,0.6919440273902545,1.978181818181818,internal_cv_all|1|delta_all|pca20_random_forest|unweighted,2.349610623999979,True,True
internal_cv_all,1,delta_all,pca50_random_forest,unweighted,0.5217345969956936,0.4919576986282131,0.5976865852545459,0.4560525974829212,0.2391189700366128,0.7817182817182817,0.9075009229032938,1.3426573426573427,0.7473087034730871,0.6890511430589712,2.0945454545454547,internal_cv_all|1|delta_all|pca50_random_forest|unweighted,3.354595614000118,True,True
internal_cv_all,1,delta_all,pca100_random_forest,unweighted,0.5314142450239057,0.4922767014071847,0.5975307165773482,0.4558235490396706,0.2395157735060106,0.7914585414585413,0.9159546339763904,1.3426573426573427,0.7530372215303723,0.6953310762682641,1.978181818181818,internal_cv_all|1|delta_all|pca100_random_forest|unweighted,4.979513735000182,True,True
internal_cv_all,1,delta_mask_target,pca20_random_forest,unweighted,0.5362977264250111,0.5103519589968861,0.5902472911999092,0.4570935850909057,0.2579421819894465,0.7948123305266163,0.9156439914716522,1.3426573426573427,0.7491628614916286,0.6923911581841629,2.0945454545454547,internal_cv_all|1|delta_mask_target|pca20_random_forest|unweighted,2.6727212040000268,True,True
internal_cv_all,1,delta_mask_target,pca50_random_forest,unweighted,0.5267176850564579,0.4933079501491768,0.597096266330649,0.4575619679474443,0.240621231151608,0.7849650349650349,0.9113394883004848,1.3426573426573427,0.7487477514874775,0.6925032878676257,1.978181818181818,internal_cv_all|1|delta_mask_target|pca50_random_forest|unweighted,3.7723236219999303,True,True
internal_cv_all,1,delta_mask_target,pca100_random_forest,unweighted,0.5263451137635211,0.489734706710653,0.5983385585802917,0.4561415143622558,0.2374580838342044,0.7907449693163978,0.9156610473227996,1.3426573426573427,0.7506572575065726,0.6944052073730582,2.0945454545454547,internal_cv_all|1|delta_mask_target|pca100_random_forest|unweighted,4.822255445999872,True,True
internal_cv_all,2,delta_all,pca20_random_forest,unweighted,0.5338949274124097,0.5532642932321752,0.5803334674173456,0.4430909920508224,0.3049127667984825,0.7558809072396603,0.8916567186611752,1.2902482269503546,0.7835750139431121,0.73049142638245,2.114723926380368,internal_cv_all|2|delta_all|pca20_random_forest|unweighted,2.4476304570002867,True,True
internal_cv_all,2,delta_all,pca50_random_forest,unweighted,0.5414129888726369,0.5648766856270416,0.5747636852445261,0.431197237239847,0.3181910156137243,0.7520188189031669,0.886916837511343,1.2902482269503546,0.7867540435025098,0.7447268170799591,2.114723926380368,internal_cv_all|2|delta_all|pca50_random_forest|unweighted,3.170080678999966,True,True
internal_cv_all,2,delta_all,pca100_random_forest,unweighted,0.5388379065110113,0.557362384800641,0.5784740240832663,0.4323601186146697,0.3093598813911212,0.7495962362193667,0.8858470002746655,1.2902482269503546,0.7875627440044618,0.7455120929750021,2.114723926380368,internal_cv_all|2|delta_all|pca100_random_forest|unweighted,4.579417551000006,True,True
internal_cv_all,2,delta_mask_target,pca20_random_forest,unweighted,0.5366513505939606,0.5567202262070365,0.5786787168132759,0.4404925235193959,0.3088710296289996,0.7571799733164807,0.8919117860969459,1.2223404255319148,0.7815393195761294,0.7302928442189831,1.9972392638036809,internal_cv_all|2|delta_mask_target|pca20_random_forest|unweighted,2.307066241000029,True,True
internal_cv_all,2,delta_mask_target,pca50_random_forest,unweighted,0.5500361827266141,0.5670059475616638,0.5736358383703916,0.4316124407779028,0.3208641895756545,0.7587248086510778,0.891292824795251,1.2902482269503546,0.79079754601227,0.7485442821241395,2.114723926380368,internal_cv_all|2|delta_mask_target|pca50_random_forest|unweighted,3.563909706999766,True,True
internal_cv_all,2,delta_mask_target,pca100_random_forest,unweighted,0.5350259046108841,0.5530895362755103,0.580412513150301,0.4338167305557527,0.3047234018048361,0.7494206867495259,0.8876081435449324,1.2902482269503546,0.7884551031790294,0.7471234680911182,2.114723926380368,internal_cv_all|2|delta_mask_target|pca100_random_forest|unweighted,5.52281569600018,True,True
internal_cv_all,3,delta_all,pca20_random_forest,unweighted,0.4739426698153187,0.4434652871291506,0.6318718694396226,0.480405703433502,0.1867323229409822,0.772332506203474,0.8973807004118654,1.3727598566308243,0.7250070323488045,0.6484595285072219,2.060443037974684,internal_cv_all|3|delta_all|pca20_random_forest|unweighted,2.494209194999712,True,True
internal_cv_all,3,delta_all,pca50_random_forest,unweighted,0.4786882885869343,0.4531652348124063,0.6279319113078533,0.4785604114312242,0.1968427612465249,0.7776743865453543,0.8998675911702188,1.3727598566308243,0.7208157524613221,0.6534976717892431,2.302848101265823,internal_cv_all|3|delta_all|pca50_random_forest|unweighted,3.618050858000061,True,True
internal_cv_all,3,delta_all,pca100_random_forest,unweighted,0.4664019674517792,0.4372300523047526,0.6342324522131435,0.4786036594027197,0.1806444694255714,0.7737110559691205,0.895119121633963,1.304121863799283,0.7140928270042194,0.6422192466033245,2.181645569620253,internal_cv_all|3|delta_all|pca100_random_forest|unweighted,4.593079024999952,True,True
internal_cv_all,3,delta_mask_target,pca20_random_forest,unweighted,0.4669036984129154,0.438628630351609,0.633732139478712,0.4826350942645224,0.1819366528098159,0.771712158808933,0.896636504188588,1.3727598566308243,0.719099859353024,0.641757470956853,1.939240506329114,internal_cv_all|3|delta_mask_target|pca20_random_forest|unweighted,2.544872153999677,True,True
internal_cv_all,3,delta_mask_target,pca50_random_forest,unweighted,0.4659991302475633,0.442500194975699,0.6319406387366406,0.482079180427339,0.186555290562817,0.7676799007444168,0.8936490307409198,1.3727598566308243,0.7148241912798875,0.6482666231018132,2.302848101265823,internal_cv_all|3|delta_mask_target|pca50_random_forest|unweighted,3.459837654000239,True,True
internal_cv_all,3,delta_mask_target,pca100_random_forest,unweighted,0.4626202958183533,0.4340056604373893,0.6351947236292663,0.4807574290040968,0.1781562948610731,0.7707471739729804,0.8908019454487508,1.304121863799283,0.711251758087201,0.6353512092096013,2.060443037974684,internal_cv_all|3|delta_mask_target|pca100_random_forest|unweighted,4.945607414000278,True,True
internal_cv_all,4,delta_all,pca20_random_forest,unweighted,0.4479391651743606,0.4609035979578564,0.6620289507995815,0.4887024776250158,0.211690777817979,0.7334074898034854,0.8871324578185973,1.254655172413793,0.7190380425674543,0.6401562085851976,2.009567901234568,internal_cv_all|4|delta_all|pca20_random_forest|unweighted,2.368414015999861,True,True
internal_cv_all,4,delta_all,pca50_random_forest,unweighted,0.4579067160608588,0.4709675650663766,0.6581713340676157,0.4818003312890407,0.2208509058242869,0.7312569521690768,0.8848736041077544,1.254655172413793,0.7231160270375956,0.6535066387844304,2.1277777777777778,internal_cv_all|4|delta_all|pca50_random_forest|unweighted,3.454315816000417,True,True
internal_cv_all,4,delta_all,pca100_random_forest,unweighted,0.4487963155988135,0.447089559155843,0.6676139817144664,0.4860198223397903,0.1983339522400651,0.7243974786800148,0.8824716807213027,1.254655172413793,0.7231718898385564,0.655088278104498,1.8913580246913584,internal_cv_all|4|delta_all|pca100_random_forest|unweighted,4.668638571999964,True,True
internal_cv_all,4,delta_mask_target,pca20_random_forest,unweighted,0.443688442374202,0.4516441572947164,0.6656447032419028,0.491459205417795,0.2030563677717155,0.7298850574712644,0.8844883066670594,1.254655172413793,0.7176414725434334,0.6363198339304313,2.009567901234568,internal_cv_all|4|delta_mask_target|pca20_random_forest|unweighted,2.1585978450002585,True,True
internal_cv_all,4,delta_mask_target,pca50_random_forest,unweighted,0.4590607613495004,0.4649502380309519,0.6605407381637557,0.4834594929555359,0.215230964766408,0.7344086021505376,0.8867336248679104,1.254655172413793,0.7218870454164572,0.6506549851125409,2.1277777777777778,internal_cv_all|4|delta_mask_target|pca50_random_forest|unweighted,3.624568566999642,True,True
internal_cv_all,4,delta_mask_target,pca100_random_forest,unweighted,0.4635150386860416,0.4590208365446144,0.6631175742590849,0.4822084117659557,0.2090960952454559,0.7335187245087135,0.8877282942063535,1.254655172413793,0.7270822859058153,0.6554604758634206,2.009567901234568,internal_cv_all|4|delta_mask_target|pca100_random_forest|unweighted,4.7757522130000325,True,True
internal_cv_target_index_valid,0,delta_all,pca20_random_forest,unweighted,0.4163854242440765,0.4308502916672272,0.6622623911238781,0.5068730530157431,0.180526120036648,0.7141106442577031,0.8891084699584945,1.3088235294117647,0.7177019817073169,0.6929463585486975,1.8089430894308944,internal_cv_target_index_valid|0|delta_all|pca20_random_forest|unweighted,2.544574386000022,True,True
internal_cv_target_index_valid,0,delta_all,pca50_random_forest,unweighted,0.4257367070898624,0.4372375543079062,0.6593892815247722,0.5004268524974818,0.1876209849808866,0.7227328431372548,0.8885037046581433,1.2361111111111112,0.7125571646341463,0.686357524530459,1.8089430894308944,internal_cv_target_index_valid|0|delta_all|pca50_random_forest|unweighted,3.3603355070004,True,True
internal_cv_target_index_valid,0,delta_all,pca100_random_forest,unweighted,0.4100002526726785,0.4163636352013905,0.6670279030991166,0.5079545572453028,0.1686901371458038,0.7100402661064424,0.88063461892648,1.2361111111111112,0.7108104674796748,0.6706767002822634,1.6883468834688349,internal_cv_target_index_valid|0|delta_all|pca100_random_forest|unweighted,4.048520245000418,True,True
internal_cv_target_index_valid,0,delta_mask_target,pca20_random_forest,unweighted,0.4131892478466303,0.4285888004252171,0.6632786208240857,0.5066537714692007,0.1780092546834449,0.713454131652661,0.8885295208744917,1.3088235294117647,0.717479674796748,0.693733668781732,1.8089430894308944,internal_cv_target_index_valid|0|delta_mask_target|pca20_random_forest|unweighted,2.2897261560001425,True,True
internal_cv_target_index_valid,0,delta_mask_target,pca50_random_forest,unweighted,0.4202901480262939,0.4359705174466689,0.6598825393825344,0.504255409195183,0.1864051259403488,0.7193627450980391,0.8893457121254603,1.2361111111111112,0.7098259654471546,0.6888031824359607,1.8089430894308944,internal_cv_target_index_valid|0|delta_mask_target|pca50_random_forest|unweighted,3.335025951999796,True,True
internal_cv_target_index_valid,0,delta_mask_target,pca100_random_forest,unweighted,0.4139424783998107,0.4195692989607112,0.665962132142019,0.5054443200058888,0.1713445331435088,0.710609243697479,0.877354581612047,1.2361111111111112,0.7099529979674796,0.6709831598304102,1.6883468834688349,internal_cv_target_index_valid|0|delta_mask_target|pca100_random_forest|unweighted,4.19492481899988,True,True
internal_cv_target_index_valid,1,delta_all,pca20_random_forest,unweighted,0.3933836994205816,0.399466525226294,0.6315964968686365,0.4908156907636076,0.1525476608555154,0.7427226614266783,0.9042522706758096,1.2851985559566788,0.6697530864197531,0.6166071068469615,1.587105624142661,internal_cv_target_index_valid|1|delta_all|pca20_random_forest|unweighted,2.145348023000224,True,True
internal_cv_target_index_valid,1,delta_all,pca50_random_forest,unweighted,0.392666906927354,0.4151697550554437,0.6257446787914999,0.4857894673325575,0.1681784106774584,0.7376045331992872,0.9036952296220322,1.2851985559566788,0.6725531373297696,0.6306072973136448,1.7091906721536352,internal_cv_target_index_valid|1|delta_all|pca50_random_forest|unweighted,2.9103678819997185,True,True
internal_cv_target_index_valid,1,delta_all,pca100_random_forest,unweighted,0.4073517110594831,0.432008646051109,0.6195092328164936,0.4789556606917329,0.1846737514933343,0.7414888269432894,0.9083976399487202,1.2851985559566788,0.6875079546900852,0.6468518813479596,1.7091906721536352,internal_cv_target_index_valid|1|delta_all|pca100_random_forest|unweighted,4.458881565000411,True,True
internal_cv_target_index_valid,1,delta_mask_target,pca20_random_forest,unweighted,0.400938346536589,0.4095873014962915,0.6281116110036249,0.4906584529766232,0.1618736378804477,0.7460128867157154,0.9054879975253692,1.2851985559566788,0.6751622756777396,0.6237641146321089,1.587105624142661,internal_cv_target_index_valid|1|delta_mask_target|pca20_random_forest|unweighted,2.272248496999964,True,True
internal_cv_target_index_valid,1,delta_mask_target,pca50_random_forest,unweighted,0.3970006423205459,0.4098141719947374,0.6273583596897345,0.4874157195730453,0.163882647817827,0.7415345245167482,0.9049389311940964,1.2851985559566788,0.6786623393152603,0.6302860881506462,1.7091906721536352,internal_cv_target_index_valid|1|delta_mask_target|pca50_random_forest|unweighted,3.23652704899996,True,True
internal_cv_target_index_valid,1,delta_mask_target,pca100_random_forest,unweighted,0.4078573223877302,0.4282784638913426,0.6209270239162646,0.479181512576098,0.1809376165389045,0.7439107983366082,0.9103874432287424,1.2851985559566788,0.6870624920453099,0.6512761490702015,1.7091906721536352,internal_cv_target_index_valid|1|delta_mask_target|pca100_random_forest|unweighted,4.364443360000223,True,True
internal_cv_target_index_valid,2,delta_all,pca20_random_forest,unweighted,0.5289415275526258,0.5564757590273238,0.5910587493838634,0.4468907015548213,0.3058627864400145,0.7327898550724639,0.8913491256323637,1.289855072463768,0.7768732241483894,0.7131052458099689,1.9902166317260657,internal_cv_target_index_valid|2|delta_all|pca20_random_forest|unweighted,2.155705393000062,True,True
internal_cv_target_index_valid,2,delta_all,pca50_random_forest,unweighted,0.5350437057241001,0.5535077360574514,0.5931621281153804,0.4490224499823524,0.3009135953940073,0.745697463768116,0.8955054776681589,1.289855072463768,0.7655396992625227,0.6975152423963473,1.9902166317260657,internal_cv_target_index_valid|2|delta_all|pca50_random_forest|unweighted,3.3060773530005463,True,True
internal_cv_target_index_valid,2,delta_all,pca100_random_forest,unweighted,0.5314113364921851,0.5484607170833279,0.5962786415833244,0.4523631820180502,0.2935482035679959,0.7453351449275363,0.8987797618666933,1.218196457326892,0.7654758484180954,0.7063433506068703,1.865828092243187,internal_cv_target_index_valid|2|delta_all|pca100_random_forest|unweighted,4.502492152999366,True,True
internal_cv_target_index_valid,2,delta_mask_target,pca20_random_forest,unweighted,0.5310472218638999,0.5551671999793875,0.5915477653195313,0.4476506843158023,0.3047137142711765,0.7363677536231884,0.8925778446655142,1.289855072463768,0.7767455224595347,0.7107651744583652,1.9902166317260657,internal_cv_target_index_valid|2|delta_mask_target|pca20_random_forest|unweighted,2.2122220460005337,True,True
internal_cv_target_index_valid,2,delta_mask_target,pca50_random_forest,unweighted,0.5382103593138474,0.5563634297759222,0.5917223438559917,0.4479116653004253,0.3043032656800863,0.746784420289855,0.8966184007131939,1.289855072463768,0.7667528653066438,0.7023764078792852,1.9902166317260657,internal_cv_target_index_valid|2|delta_mask_target|pca50_random_forest|unweighted,3.110679890999563,True,True
internal_cv_target_index_valid,2,delta_mask_target,pca100_random_forest,unweighted,0.5308980119979626,0.5484332873246478,0.5954849507783455,0.4503621084474444,0.295427630689976,0.7448822463768117,0.9000989247014506,1.289855072463768,0.7683172109951155,0.7067652768798476,1.9902166317260657,internal_cv_target_index_valid|2|delta_mask_target|pca100_random_forest|unweighted,4.669139702000393,True,True
internal_cv_target_index_valid,3,delta_all,pca20_random_forest,unweighted,0.4486348676710808,0.4291053118452198,0.61696416056527,0.4775317036774526,0.1663627710422335,0.7313837241894796,0.9028986330532394,1.276978417266187,0.7224245910020448,0.6832922643665926,1.8149284253578728,internal_cv_target_index_valid|3|delta_all|pca20_random_forest|unweighted,2.1484854450000057,True,True
internal_cv_target_index_valid,3,delta_all,pca50_random_forest,unweighted,0.4477950544631338,0.4231841021004654,0.6179793992810204,0.4743283509452131,0.1636169482300011,0.7260581145473232,0.9002374957919057,1.276978417266187,0.7213381901840491,0.6849981879710725,1.9359236537150648,internal_cv_target_index_valid|3|delta_all|pca50_random_forest|unweighted,2.878393130999939,True,True
internal_cv_target_index_valid,3,delta_all,pca100_random_forest,unweighted,0.436421499861864,0.4082426031101125,0.6225634253108122,0.4752065188668968,0.151162741676758,0.7214799588900308,0.894645924418595,1.20603517186251,0.7208269427402862,0.68813371622885,1.8149284253578728,internal_cv_target_index_valid|3|delta_all|pca100_random_forest|unweighted,4.704838663999908,True,True
internal_cv_target_index_valid,3,delta_mask_target,pca20_random_forest,unweighted,0.4420636176610223,0.4240792796661437,0.6183346655114649,0.4800195775657973,0.1626550259897858,0.7268522844062412,0.9009781921350944,1.276978417266187,0.7191653885480572,0.6784497122695774,1.8149284253578728,internal_cv_target_index_valid|3|delta_mask_target|pca20_random_forest|unweighted,2.3778363030005494,True,True
internal_cv_target_index_valid,3,delta_mask_target,pca50_random_forest,unweighted,0.4447960281207336,0.4209386024735344,0.6191602065919892,0.475225323170946,0.1604176481846061,0.7197514715500327,0.8974887679782574,1.276978417266187,0.7197085889570553,0.6777190532767633,1.9359236537150648,internal_cv_target_index_valid|3|delta_mask_target|pca50_random_forest|unweighted,3.2803810090008483,True,True
internal_cv_target_index_valid,3,delta_mask_target,pca100_random_forest,unweighted,0.4342950102059702,0.4096734859326792,0.6218165872342799,0.4758456044620002,0.1531980804529805,0.7187704381948986,0.8958625836253016,1.276978417266187,0.7185263292433538,0.6852820748719287,1.9359236537150648,internal_cv_target_index_valid|3|delta_mask_target|pca100_random_forest|unweighted,4.7360184019999,True,True
internal_cv_target_index_valid,4,delta_all,pca20_random_forest,unweighted,0.5308284672805449,0.51864480909433,0.6073137407517794,0.4610922231645067,0.2681826792764655,0.7878181818181818,0.9246130360264208,1.290909090909091,0.7415842863604057,0.6901416041668444,2.0490620490620493,internal_cv_target_index_valid|4|delta_all|pca20_random_forest|unweighted,2.312910499999816,True,True
internal_cv_target_index_valid,4,delta_all,pca50_random_forest,unweighted,0.5348207316647936,0.5183549400885186,0.6074577329040793,0.4633352027710343,0.2678356150288428,0.7930454545454546,0.920051714861278,1.2191919191919192,0.7465917167409706,0.6949427251228592,1.9209956709956717,internal_cv_target_index_valid|4|delta_all|pca50_random_forest|unweighted,3.408695399999488,True,True
internal_cv_target_index_valid,4,delta_all,pca100_random_forest,unweighted,0.5306983780420095,0.5208106857235998,0.6074378370741117,0.4585491822566768,0.2678835748415794,0.7823181818181819,0.9168456420010456,1.2191919191919192,0.7507268850552432,0.6981613581910036,1.9209956709956717,internal_cv_target_index_valid|4|delta_all|pca100_random_forest|unweighted,4.700644882000233,True,True
internal_cv_target_index_valid,4,delta_mask_target,pca20_random_forest,unweighted,0.5321062922957666,0.5155271363320417,0.6084855834500541,0.4606656898348574,0.2653557972443151,0.7928181818181818,0.9268594836732272,1.290909090909091,0.7424242424242424,0.6896393818995057,2.0490620490620493,internal_cv_target_index_valid|4|delta_mask_target|pca20_random_forest|unweighted,2.399504701999831,True,True
internal_cv_target_index_valid,4,delta_mask_target,pca50_random_forest,unweighted,0.530869237516127,0.5172249588864831,0.6079739261223741,0.4610727281929608,0.2665907584795911,0.7861363636363636,0.918728735663178,1.290909090909091,0.7475932028170834,0.6952229657605493,2.177128427128427,internal_cv_target_index_valid|4|delta_mask_target|pca50_random_forest|unweighted,3.2069113560000915,True,True
internal_cv_target_index_valid,4,delta_mask_target,pca100_random_forest,unweighted,0.5347166602739654,0.5253903860401347,0.6051410007121684,0.4549230042469734,0.2734096464592495,0.7812727272727272,0.9178007570134192,1.290909090909091,0.7544420753375977,0.7095414750169897,2.0490620490620493,internal_cv_target_index_valid|4|delta_mask_target|pca100_random_forest|unweighted,4.591763278000144,True,True
