{
  "metrics": {
    "mrr": 0.32323265527621475,
    "exact_hit@1": 0.0,
    "relevant_hit@1": 0.21052631578947367,
    "recall@1": 0.10526315789473684,
    "ndcg@1": 0.21052631578947367,
    "exact_hit@5": 0.07894736842105263,
    "relevant_hit@5": 0.47368421052631576,
    "recall@5": 0.27631578947368424,
    "ndcg@5": 0.24145834882016243,
    "exact_hit@10": 0.13157894736842105,
    "relevant_hit@10": 0.5,
    "recall@10": 0.3157894736842105,
    "ndcg@10": 0.25659119324094676,
    "exact_hit@20": 0.18421052631578946,
    "relevant_hit@20": 0.5,
    "recall@20": 0.34210526315789475,
    "ndcg@20": 0.2644545839315764,
    "exact_hit@40": 0.18421052631578946,
    "relevant_hit@40": 0.5263157894736842,
    "recall@40": 0.35526315789473684,
    "ndcg@40": 0.2677115102684208
  },
  "n_evaluated": 38,
  "best_params": {
    "n_estimators": 400,
    "max_depth": 24,
    "min_samples_split": 2,
    "min_samples_leaf": 1,
    "max_features": "sqrt",
    "bootstrap": true,
    "n_jobs": -1
  },
  "val_metrics": {
    "hit@1": 0.3333333333333333,
    "hit@5": 0.4666666666666667,
    "hit@10": 0.5333333333333333,
    "hit@20": 0.5333333333333333,
    "hit@40": 0.5333333333333333,
    "exact_hit@1": 0.06666666666666667,
    "exact_hit@5": 0.2,
    "exact_hit@10": 0.26666666666666666,
    "exact_hit@20": 0.3333333333333333,
    "exact_hit@40": 0.4,
    "recall@1": 0.2,
    "recall@5": 0.3333333333333333,
    "recall@10": 0.4,
    "recall@20": 0.43333333333333335,
    "recall@40": 0.4666666666666667,
    "ndcg@1": 0.3333333333333333,
    "ndcg@5": 0.31161009465495243,
    "ndcg@10": 0.3316787610325512,
    "ndcg@20": 0.3427251454168998,
    "ndcg@40": 0.35189144350449963,
    "mrr": 0.39831883249145383,
    "n_queries": 15
  }
}