{
  "metrics": {
    "mrr": 0.3785938198381529,
    "exact_hit@1": 0.0,
    "relevant_hit@1": 0.34210526315789475,
    "recall@1": 0.17105263157894737,
    "ndcg@1": 0.34210526315789475,
    "exact_hit@5": 0.10526315789473684,
    "relevant_hit@5": 0.4473684210526316,
    "recall@5": 0.27631578947368424,
    "ndcg@5": 0.27769627768801736,
    "exact_hit@10": 0.10526315789473684,
    "relevant_hit@10": 0.4473684210526316,
    "recall@10": 0.27631578947368424,
    "ndcg@10": 0.27769627768801736,
    "exact_hit@20": 0.10526315789473684,
    "relevant_hit@20": 0.4473684210526316,
    "recall@20": 0.27631578947368424,
    "ndcg@20": 0.27769627768801736,
    "exact_hit@40": 0.10526315789473684,
    "relevant_hit@40": 0.4473684210526316,
    "recall@40": 0.27631578947368424,
    "ndcg@40": 0.27769627768801736
  },
  "n_evaluated": 38,
  "best_params": {
    "n_components": 100,
    "k": 3
  },
  "val_metrics": {
    "hit@1": 0.4,
    "hit@5": 0.4666666666666667,
    "hit@10": 0.4666666666666667,
    "hit@20": 0.4666666666666667,
    "hit@40": 0.4666666666666667,
    "exact_hit@1": 0.06666666666666667,
    "exact_hit@5": 0.2,
    "exact_hit@10": 0.2,
    "exact_hit@20": 0.2,
    "exact_hit@40": 0.2,
    "recall@1": 0.23333333333333334,
    "recall@5": 0.3333333333333333,
    "recall@10": 0.3333333333333333,
    "recall@20": 0.3333333333333333,
    "recall@40": 0.3333333333333333,
    "ndcg@1": 0.4,
    "ndcg@5": 0.33488203266781025,
    "ndcg@10": 0.33488203266781025,
    "ndcg@20": 0.33488203266781025,
    "ndcg@40": 0.33488203266781025,
    "mrr": 0.4336460294490755,
    "n_queries": 15
  }
}