{
  "metrics": {
    "mrr": 0.7270602442796347,
    "exact_hit@1": 0.0,
    "relevant_hit@1": 0.5862068965517241,
    "recall@1": 0.29310344827586204,
    "ndcg@1": 0.5862068965517241,
    "exact_hit@5": 0.3448275862068966,
    "relevant_hit@5": 0.9310344827586207,
    "recall@5": 0.6379310344827587,
    "ndcg@5": 0.5792155755491125,
    "exact_hit@10": 0.3448275862068966,
    "relevant_hit@10": 0.9310344827586207,
    "recall@10": 0.6379310344827587,
    "ndcg@10": 0.5792155755491125,
    "exact_hit@20": 0.3448275862068966,
    "relevant_hit@20": 0.9310344827586207,
    "recall@20": 0.6379310344827587,
    "ndcg@20": 0.5792155755491125,
    "exact_hit@40": 0.3448275862068966,
    "relevant_hit@40": 0.9310344827586207,
    "recall@40": 0.6379310344827587,
    "ndcg@40": 0.5792155755491125
  },
  "n_evaluated": 29,
  "best_params": {
    "n_components": 50,
    "k": 3
  },
  "val_metrics": {
    "hit@1": 0.5,
    "hit@5": 0.6923076923076923,
    "hit@10": 0.6923076923076923,
    "hit@20": 0.6923076923076923,
    "hit@40": 0.6923076923076923,
    "exact_hit@1": 0.038461538461538464,
    "exact_hit@5": 0.3076923076923077,
    "exact_hit@10": 0.3076923076923077,
    "exact_hit@20": 0.3076923076923077,
    "exact_hit@40": 0.3076923076923077,
    "recall@1": 0.2692307692307692,
    "recall@5": 0.5,
    "recall@10": 0.5,
    "recall@20": 0.5,
    "recall@40": 0.5,
    "ndcg@1": 0.5,
    "ndcg@5": 0.4551677568157721,
    "ndcg@10": 0.4551677568157721,
    "ndcg@20": 0.4551677568157721,
    "ndcg@40": 0.4551677568157721,
    "mrr": 0.5707666301368524,
    "n_queries": 26
  }
}