{
  "metrics": {
    "mrr": 0.8172413793103448,
    "exact_hit@1": 0.0,
    "relevant_hit@1": 0.6896551724137931,
    "recall@1": 0.3448275862068966,
    "ndcg@1": 0.6896551724137931,
    "exact_hit@5": 0.3448275862068966,
    "relevant_hit@5": 1.0,
    "recall@5": 0.6724137931034483,
    "ndcg@5": 0.6311465263115384,
    "exact_hit@10": 0.3448275862068966,
    "relevant_hit@10": 1.0,
    "recall@10": 0.6724137931034483,
    "ndcg@10": 0.6311465263115384,
    "exact_hit@20": 0.3448275862068966,
    "relevant_hit@20": 1.0,
    "recall@20": 0.6724137931034483,
    "ndcg@20": 0.6311465263115384,
    "exact_hit@40": 0.3448275862068966,
    "relevant_hit@40": 1.0,
    "recall@40": 0.6724137931034483,
    "ndcg@40": 0.6311465263115384
  },
  "n_evaluated": 29,
  "best_params": {
    "n_components": 100,
    "k": 3
  },
  "val_metrics": {
    "hit@1": 0.5384615384615384,
    "hit@5": 0.7307692307692307,
    "hit@10": 0.7307692307692307,
    "hit@20": 0.7307692307692307,
    "hit@40": 0.7307692307692307,
    "exact_hit@1": 0.07692307692307693,
    "exact_hit@5": 0.38461538461538464,
    "exact_hit@10": 0.38461538461538464,
    "exact_hit@20": 0.38461538461538464,
    "exact_hit@40": 0.38461538461538464,
    "recall@1": 0.3076923076923077,
    "recall@5": 0.5576923076923077,
    "recall@10": 0.5576923076923077,
    "recall@20": 0.5576923076923077,
    "recall@40": 0.5576923076923077,
    "ndcg@1": 0.5384615384615384,
    "ndcg@5": 0.509772402552241,
    "ndcg@10": 0.509772402552241,
    "ndcg@20": 0.509772402552241,
    "ndcg@40": 0.509772402552241,
    "mrr": 0.6123833464025753,
    "n_queries": 26
  }
}