{
  "metrics": {
    "mrr": 0.36024713135812225,
    "exact_hit@1": 0.0,
    "relevant_hit@1": 0.3157894736842105,
    "recall@1": 0.15789473684210525,
    "ndcg@1": 0.3157894736842105,
    "exact_hit@5": 0.10526315789473684,
    "relevant_hit@5": 0.42105263157894735,
    "recall@5": 0.2631578947368421,
    "ndcg@5": 0.26549911720643277,
    "exact_hit@10": 0.10526315789473684,
    "relevant_hit@10": 0.42105263157894735,
    "recall@10": 0.2631578947368421,
    "ndcg@10": 0.26549911720643277,
    "exact_hit@20": 0.10526315789473684,
    "relevant_hit@20": 0.42105263157894735,
    "recall@20": 0.2631578947368421,
    "ndcg@20": 0.26549911720643277,
    "exact_hit@40": 0.10526315789473684,
    "relevant_hit@40": 0.42105263157894735,
    "recall@40": 0.2631578947368421,
    "ndcg@40": 0.26549911720643277
  },
  "n_evaluated": 38,
  "best_params": {
    "n_components": 100,
    "k": 3
  },
  "val_metrics": {
    "hit@1": 0.3333333333333333,
    "hit@5": 0.4666666666666667,
    "hit@10": 0.4666666666666667,
    "hit@20": 0.4666666666666667,
    "hit@40": 0.4666666666666667,
    "exact_hit@1": 0.06666666666666667,
    "exact_hit@5": 0.2,
    "exact_hit@10": 0.2,
    "exact_hit@20": 0.2,
    "exact_hit@40": 0.2,
    "recall@1": 0.2,
    "recall@5": 0.3333333333333333,
    "recall@10": 0.3333333333333333,
    "recall@20": 0.3333333333333333,
    "recall@40": 0.3333333333333333,
    "ndcg@1": 0.3333333333333333,
    "ndcg@5": 0.3197957402990825,
    "ndcg@10": 0.3197957402990825,
    "ndcg@20": 0.3197957402990825,
    "ndcg@40": 0.3197957402990825,
    "mrr": 0.40031269611574216,
    "n_queries": 15
  }
}