{
  "metrics": {
    "mrr": 0.33419756548796503,
    "exact_hit@1": 0.0,
    "relevant_hit@1": 0.2631578947368421,
    "recall@1": 0.13157894736842105,
    "ndcg@1": 0.2631578947368421,
    "exact_hit@5": 0.13157894736842105,
    "relevant_hit@5": 0.42105263157894735,
    "recall@5": 0.27631578947368424,
    "ndcg@5": 0.2519543475426689,
    "exact_hit@10": 0.13157894736842105,
    "relevant_hit@10": 0.47368421052631576,
    "recall@10": 0.3026315789473684,
    "ndcg@10": 0.262190086868144,
    "exact_hit@20": 0.18421052631578946,
    "relevant_hit@20": 0.5526315789473685,
    "recall@20": 0.3684210526315789,
    "ndcg@20": 0.2826188665490048,
    "exact_hit@40": 0.18421052631578946,
    "relevant_hit@40": 0.5526315789473685,
    "recall@40": 0.3684210526315789,
    "ndcg@40": 0.2826188665490048
  },
  "n_evaluated": 38,
  "best_params": {
    "n_components": 50,
    "k": 20
  },
  "val_metrics": {
    "hit@1": 0.3333333333333333,
    "hit@5": 0.4666666666666667,
    "hit@10": 0.4666666666666667,
    "hit@20": 0.6,
    "hit@40": 0.6,
    "exact_hit@1": 0.06666666666666667,
    "exact_hit@5": 0.13333333333333333,
    "exact_hit@10": 0.26666666666666666,
    "exact_hit@20": 0.4666666666666667,
    "exact_hit@40": 0.4666666666666667,
    "recall@1": 0.2,
    "recall@5": 0.3,
    "recall@10": 0.36666666666666664,
    "recall@20": 0.5333333333333333,
    "recall@40": 0.5333333333333333,
    "ndcg@1": 0.3333333333333333,
    "ndcg@5": 0.30219119879424305,
    "ndcg@10": 0.327391338820699,
    "ndcg@20": 0.3725033489448107,
    "ndcg@40": 0.3725033489448107,
    "mrr": 0.4095244116992665,
    "n_queries": 15
  }
}