{
  "overall": {
    "exact_hit@1": 0.6060606060606061,
    "exact_hit@5": 0.803030303030303,
    "exact_hit@8": 0.8333333333333334,
    "exact_hit@10": 0.8636363636363636,
    "exact_hit@20": 0.9696969696969697,
    "mrr": 0.6982386145663657,
    "relevant_hit@1": 0.8484848484848485,
    "relevant_hit@5": 0.9545454545454546,
    "relevant_hit@8": 0.9696969696969697,
    "relevant_hit@10": 0.9848484848484849,
    "relevant_hit@20": 0.9848484848484849,
    "ndcg@1": 0.6060606060606061,
    "ndcg@5": 0.7135665266129534,
    "ndcg@8": 0.7233968025238483,
    "ndcg@10": 0.7323376331599372,
    "ndcg@20": 0.7592006099304652,
    "macro_hit@1": 0.6060606060606061,
    "macro_hit@5": 0.803030303030303,
    "n_queries": 66,
    "n_in_pool": 66,
    "n_conditions": 66
  },
  "by_stratum": {
    "combo_seen0": {
      "exact_hit@1": 0.4,
      "exact_hit@5": 0.6,
      "exact_hit@8": 0.6,
      "exact_hit@10": 0.6,
      "exact_hit@20": 0.8,
      "mrr": 0.46052631578947373,
      "relevant_hit@1": 0.6,
      "relevant_hit@5": 1.0,
      "relevant_hit@8": 1.0,
      "relevant_hit@10": 1.0,
      "relevant_hit@20": 1.0,
      "ndcg@1": 0.4,
      "ndcg@5": 0.4861353116146786,
      "ndcg@8": 0.4861353116146786,
      "ndcg@10": 0.4861353116146786,
      "ndcg@20": 0.5324109542466304,
      "macro_hit@1": 0.4,
      "macro_hit@5": 0.6,
      "n_queries": 5,
      "n_in_pool": 5,
      "n_conditions": 5
    },
    "combo_seen1": {
      "exact_hit@1": 0.7419354838709677,
      "exact_hit@5": 0.8387096774193549,
      "exact_hit@8": 0.8709677419354839,
      "exact_hit@10": 0.8709677419354839,
      "exact_hit@20": 1.0,
      "mrr": 0.7954529341626115,
      "relevant_hit@1": 0.9032258064516129,
      "relevant_hit@5": 1.0,
      "relevant_hit@8": 1.0,
      "relevant_hit@10": 1.0,
      "relevant_hit@20": 1.0,
      "ndcg@1": 0.7419354838709677,
      "ndcg@5": 0.795119752076692,
      "ndcg@8": 0.8058724402487352,
      "ndcg@10": 0.8058724402487352,
      "ndcg@20": 0.8400724415563267,
      "macro_hit@1": 0.7419354838709677,
      "macro_hit@5": 0.8387096774193549,
      "n_queries": 31,
      "n_in_pool": 31,
      "n_conditions": 31
    },
    "combo_seen2": {
      "exact_hit@1": 0.8,
      "exact_hit@5": 0.8666666666666667,
      "exact_hit@8": 0.9333333333333333,
      "exact_hit@10": 0.9333333333333333,
      "exact_hit@20": 0.9333333333333333,
      "mrr": 0.8416666666666667,
      "relevant_hit@1": 0.8666666666666667,
      "relevant_hit@5": 0.8666666666666667,
      "relevant_hit@8": 0.9333333333333333,
      "relevant_hit@10": 0.9333333333333333,
      "relevant_hit@20": 0.9333333333333333,
      "ndcg@1": 0.8,
      "ndcg@5": 0.8420619835714305,
      "ndcg@8": 0.8630929753571458,
      "ndcg@10": 0.8630929753571458,
      "ndcg@20": 0.8630929753571458,
      "macro_hit@1": 0.8,
      "macro_hit@5": 0.8666666666666667,
      "n_queries": 15,
      "n_in_pool": 15,
      "n_conditions": 15
    },
    "single_unseen": {
      "exact_hit@1": 0.2,
      "exact_hit@5": 0.7333333333333333,
      "exact_hit@8": 0.7333333333333333,
      "exact_hit@10": 0.8666666666666667,
      "exact_hit@20": 1.0,
      "mrr": 0.4331384015594541,
      "relevant_hit@1": 0.8,
      "relevant_hit@5": 0.9333333333333333,
      "relevant_hit@8": 0.9333333333333333,
      "relevant_hit@10": 1.0,
      "relevant_hit@20": 1.0,
      "ndcg@1": 0.2,
      "ndcg@5": 0.4923381420288411,
      "ndcg@8": 0.4923381420288411,
      "ndcg@10": 0.5316777968276323,
      "ndcg@20": 0.5637696777049496,
      "macro_hit@1": 0.2,
      "macro_hit@5": 0.7333333333333333,
      "n_queries": 15,
      "n_in_pool": 15,
      "n_conditions": 15
    }
  },
  "n_test_conditions": 66,
  "n_evaluated": 66,
  "n_candidates": 236
}