{
  "metrics": {
    "mrr": 0.02916391259315029,
    "exact_hit@1": 0.0,
    "relevant_hit@1": 0.0,
    "recall@1": 0.0,
    "ndcg@1": 0.0,
    "exact_hit@5": 0.0,
    "relevant_hit@5": 0.0,
    "recall@5": 0.0,
    "ndcg@5": 0.0,
    "exact_hit@8": 0.0,
    "relevant_hit@8": 0.0,
    "recall@8": 0.0,
    "ndcg@8": 0.0,
    "exact_hit@10": 0.0,
    "relevant_hit@10": 0.0,
    "recall@10": 0.0,
    "ndcg@10": 0.0,
    "exact_hit@20": 0.0,
    "relevant_hit@20": 0.10344827586206896,
    "recall@20": 0.05172413793103448,
    "ndcg@20": 0.015674726101793646
  },
  "n_evaluated": 29,
  "n_candidates": 236
}