complex_id	gene
1	BCL6
1	HDAC4
2	BCL6
2	HDAC5
3	BCL6
3	HDAC7
4	CREBBP
4	EP300
4	KAT2B
4	NCOA3
10	NCAPD2
10	NCAPG
10	NCAPH
10	SMC2
10	SMC4
11	HPS1
11	HPS4
12	HPS3
12	HPS5
12	HPS6
13	CDS1
13	MUS81
15	CORO2A
15	GPS2
15	HDAC3
15	NCOR1
15	TBL1X
15	TBL1XR1
23	BLOC1S1
23	BLOC1S2
23	BLOC1S3
23	BLOC1S4
23	BLOC1S5
23	BLOC1S6
23	DTNBP1
23	SNAPIN
27	ACTR2
27	ACTR3
27	ARPC1B
27	ARPC2
27	ARPC3
27	ARPC4
27	ARPC5
29	PSME3
30	PSME1
30	PSME2
32	PSMC1
32	PSMC2
32	PSMC3
32	PSMC4
32	PSMC5
32	PSMC6
32	PSMD1
32	PSMD10
32	PSMD11
32	PSMD12
32	PSMD13
32	PSMD14
32	PSMD2
32	PSMD3
32	PSMD4
32	PSMD5
32	PSMD6
32	PSMD7
32	PSMD8
32	PSMD9
36	AP1B1
36	AP1G1
36	AP1G2
36	AP1M1
36	AP1M2
36	AP1S1
36	AP1S2
36	AP1S3
49	DNMT3B
49	HDAC1
49	KIF4A
49	SIN3A
49	SMARCA5
49	SMC2
49	SMC4
50	RAB5A
50	RABEP1
50	RABGEF1
55	HDAC4
55	MAPK3
57	HDAC4
57	MAPK1
58	GPS2
58	HDAC3
58	NCOR2
58	TBL1X
58	TBL1XR1
59	AP3B1
59	AP3B2
59	AP3D1
59	AP3M1
59	AP3M2
59	AP3S1
59	AP3S2
61	CHD4
61	HDAC1
61	HDAC2
61	MBD3
61	MTA2
61	RBBP4
61	RBBP7
62	CHD4
62	HDAC1
62	HDAC2
62	MBD2
62	MBD3
62	MTA2
62	RBBP4
62	RBBP7
66	MED1
66	MED12
66	MED14
66	MED16
66	MED17
66	MED24
66	MED25
66	THRA
66	THRAP3
67	AP4B1
67	AP4E1
67	AP4M1
67	AP4S1
68	RAD51B
68	RAD51C
68	RAD51D
68	XRCC2
72	MRE11
72	RAD50
74	HOMER3
74	ITPR3
74	TRPC1
81	CUL7
81	FBXW8
81	RBX1
81	SKP1
86	ACTB
86	ARID1A
86	CARM1
86	SCYL1
86	SMARCA4
86	SMARCB1
86	SMARCC1
86	SMARCC2
86	SMARCD1
86	SMARCE1
87	NUP107
87	NUP133
87	NUP160
87	NUP37
87	NUP43
87	NUP85
87	NUP98
87	SEC13
87	SEH1L
91	FANCA
91	FANCC
91	FANCF
91	FANCG
92	CD28
92	NCL
93	ANAPC1
93	ANAPC2
93	ANAPC4
93	ANAPC5
93	ANAPC7
93	CDC16
93	CDC23
93	CDC27
95	NAA15
95	XRCC5
95	XRCC6
96	ANAPC1
96	ANAPC10
96	ANAPC2
96	ANAPC4
96	ANAPC5
96	ANAPC7
96	CDC16
96	CDC23
96	CDC27
98	EP300
98	MDM2
98	TP53
100	BPTF
100	RBBP4
100	RBBP7
100	SMARCA1
103	ERCC2
103	ERCC3
103	GTF2B
103	GTF2E1
103	GTF2E2
103	GTF2F1
103	GTF2F2
103	GTF2H1
103	GTF2H2
103	GTF2H3
103	GTF2H4
103	POLR2A
103	POLR2B
103	POLR2C
103	POLR2D
103	POLR2E
103	POLR2F
103	POLR2G
103	POLR2H
103	POLR2I
103	POLR2J
103	POLR2K
103	POLR2L
103	TBP
104	POLR2A
104	POLR2B
104	POLR2C
104	POLR2D
104	POLR2E
104	POLR2F
104	POLR2G
104	POLR2H
104	POLR2I
104	POLR2J
104	POLR2K
104	POLR2L
107	CCNH
107	CDK7
107	ERCC2
107	ERCC3
107	GTF2H1
107	GTF2H2
107	GTF2H3
107	GTF2H4
107	MNAT1
112	PFDN1
112	PFDN2
112	PFDN4
112	PFDN5
112	PFDN6
112	VBP1
114	SNAPC1
114	SNAPC2
114	SNAPC3
114	SNAPC4
114	SNAPC5
115	BMI1
115	CBX2
115	CBX4
115	CBX8
115	HSPA1A
115	PHC1
115	PHC2
115	PHC3
115	RING1
115	RNF2
115	SCMH1
115	SMARCA5
116	BMI1
116	CBX2
116	CBX4
116	CBX8
116	HSPA1A
116	PHC1
116	PHC2
116	PHC3
116	RING1
116	RNF2
116	SCMH1
116	SMARCA5
116	YY1
117	ADGRG1
117	CD81
117	GNAQ
117	GNB1
118	PIGA
118	PIGC
118	PIGH
118	PIGQ
120	LTA
120	LTB
120	LTBR
123	POP1
123	POP4
123	POP5
123	POP7
123	RPP14
123	RPP21
123	RPP25
123	RPP30
123	RPP38
123	RPP40
126	CCT2
126	CCT3
126	CCT4
126	CCT5
126	CCT6A
126	CCT7
126	CCT8
126	TCP1
127	NDC80
127	NUF2
127	SPC24
127	SPC25
129	CASP2
129	CRADD
129	PIDD1
138	ACD
138	POT1
138	TERF1
138	TERF2
138	TERF2IP
138	TINF2
140	BEX2
140	LDB1
140	LMO2
140	NHLH2
142	APH1A
142	BSG
142	NCSTN
142	PSEN1
142	PSENEN
143	APBB1
143	APP
143	LRP1
144	AP1AR
144	AP1B1
144	AP1G1
144	AP1G2
144	AP1M1
144	AP1M2
144	AP1S1
144	AP1S2
144	AP1S3
149	ACTB
149	ACTL6A
149	ARID2
149	PBRM1
149	SMARCA4
149	SMARCB1
149	SMARCC1
149	SMARCC2
149	SMARCD1
149	SMARCE1
152	GTF2E1
152	GTF2E2
153	GTF2F1
153	GTF2F2
155	TAF1
155	TAF10
155	TAF11
155	TAF2
155	TAF4
155	TAF5
155	TAF6
155	TAF9
155	TBP
156	DERL1
156	GEMIN4
156	SYVN1
159	NCAPD2
159	NCAPG
159	NCAPH
159	PARP1
159	SMC2
159	SMC4
159	XRCC1
160	NCAPD3
160	NCAPG2
160	NCAPH2
160	SMC2
160	SMC4
162	COG1
162	COG2
162	COG3
162	COG4
162	COG5
162	COG6
162	COG7
162	COG8
164	RAD21
164	SMC1A
164	SMC3
164	STAG1
166	RAD21
166	SMC1A
166	SMC3
166	STAG2
168	EPS15
168	HGS
168	STAM2
169	EPS15
169	HGS
169	STAM
173	MRE11
173	NBN
173	RAD50
178	MT-ND1
178	MT-ND2
178	MT-ND3
178	MT-ND4L
178	MT-ND5
178	MT-ND6
178	NDUFA1
178	NDUFA10
178	NDUFA11
178	NDUFA12
178	NDUFA13
178	NDUFA2
178	NDUFA3
178	NDUFA4
178	NDUFA5
178	NDUFA6
178	NDUFA7
178	NDUFA8
178	NDUFA9
178	NDUFAB1
178	NDUFB1
178	NDUFB10
178	NDUFB11
178	NDUFB2
178	NDUFB3
178	NDUFB4
178	NDUFB5
178	NDUFB6
178	NDUFB7
178	NDUFB8
178	NDUFB9
178	NDUFC1
178	NDUFC2
178	NDUFS1
178	NDUFS2
178	NDUFS3
178	NDUFS4
178	NDUFS5
178	NDUFS6
178	NDUFS7
178	NDUFS8
178	NDUFV1
178	NDUFV2
178	NDUFV3
180	PPP1CA
180	PPP1R10
181	PSMA1
181	PSMA2
181	PSMA3
181	PSMA4
181	PSMA5
181	PSMA6
181	PSMA7
181	PSMB1
181	PSMB2
181	PSMB3
181	PSMB4
181	PSMB5
181	PSMB6
181	PSMB7
181	PSMC1
181	PSMC2
181	PSMC3
181	PSMC4
181	PSMC5
181	PSMC6
181	PSMD13
181	PSMD4
186	ABI1
186	BRK1
186	CYFIP1
186	NCKAP1
186	WASF2
189	ACTB
189	ACTG1
189	ACTL6A
189	ACTL6B
189	ARID1A
189	ARID1B
189	SMARCA2
189	SMARCA4
189	SMARCB1
189	SMARCC1
189	SMARCC2
189	SMARCD1
189	SMARCE1
190	BUB1B
190	BUB3
190	CDC20
190	MAD2L1
192	PSMA1
192	PSMA2
192	PSMA3
192	PSMA4
192	PSMA5
192	PSMA6
192	PSMA7
192	PSMB1
192	PSMB2
192	PSMB3
192	PSMB4
192	PSMB5
192	PSMB6
192	PSMB7
192	PSME1
192	PSME2
193	PSMA1
193	PSMA2
193	PSMA3
193	PSMA4
193	PSMA5
193	PSMA6
193	PSMA7
193	PSMB1
193	PSMB2
193	PSMB3
193	PSMB4
193	PSMB5
193	PSMB6
193	PSMB7
193	PSMC1
193	PSMC2
193	PSMC3
193	PSMC4
193	PSMC5
193	PSMC6
193	PSMD1
193	PSMD10
193	PSMD11
193	PSMD12
193	PSMD13
193	PSMD14
193	PSMD2
193	PSMD3
193	PSMD4
193	PSMD5
193	PSMD6
193	PSMD7
193	PSMD8
193	PSMD9
193	PSME1
193	PSME2
194	PSMA1
194	PSMA2
194	PSMA3
194	PSMA4
194	PSMA5
194	PSMA6
194	PSMA7
194	PSMB1
194	PSMB2
194	PSMB3
194	PSMB4
194	PSMB5
194	PSMB6
194	PSMB7
194	PSME3
201	BARD1
201	BRCA1
205	CUL2
205	ELOB
205	ELOC
205	RBX1
205	VHL
207	ASB2
207	CUL5
207	ELOB
207	ELOC
207	RNF7
208	ASB1
208	CUL5
208	ELOB
208	ELOC
208	RNF7
209	ASB6
209	CUL5
209	ELOB
209	ELOC
209	RNF7
210	ASB7
210	CUL5
210	ELOB
210	ELOC
210	RNF7
211	ASB12
211	CUL5
211	ELOB
211	ELOC
211	RNF7
213	LIG4
213	XRCC1
214	CUL5
214	ELOB
214	ELOC
214	RBX1
214	WSB1
218	MED1
218	MED14
218	MED17
218	MED23
218	MED24
218	MED26
218	MED27
218	MED7
219	CAND1
219	CUL1
219	RBX1
220	CDKN2A
220	HUWE1
220	NPM1
221	CAND1
221	CUL2
221	RBX1
222	CAND1
222	CUL3
222	RBX1
223	CAND1
223	CUL4A
223	RBX1
224	CAND1
224	CUL4B
224	RBX1
226	CUL1
226	SKP1
226	SKP2
227	BTRC
227	CUL1
227	SKP1
228	CCNC
228	CDK8
228	MED1
228	MED14
228	MED21
228	MED24
228	MED31
228	MED6
229	CCNC
229	CDK8
229	MED10
229	MED14
229	MED21
229	MED23
229	MED6
230	CCNC
230	CDK19
230	CDK8
230	MED1
230	MED10
230	MED11
230	MED12
230	MED13
230	MED13L
230	MED14
230	MED15
230	MED16
230	MED17
230	MED18
230	MED19
230	MED20
230	MED21
230	MED22
230	MED23
230	MED24
230	MED25
230	MED26
230	MED27
230	MED28
230	MED29
230	MED30
230	MED31
230	MED4
230	MED6
230	MED7
230	MED8
230	MED9
232	ACAD8
232	MED1
232	MED12
232	MED13
232	MED14
232	MED15
232	MED17
232	MED23
232	MED24
232	MED25
232	MED26
232	MED4
232	MED6
232	MED7
232	MED8
234	BAZ1A
234	CHRAC1
234	POLE3
234	SMARCA5
236	BAZ1B
236	SMARCA5
238	ACTL6A
238	ARID1A
238	BRCA1
238	SMARCA2
238	SMARCA4
238	SMARCB1
238	SMARCC1
238	SMARCC2
238	SMARCD2
238	SMARCE1
240	BRCA1
240	RBBP8
240	ZNF350
242	BRCA1
242	BRIP1
243	CCNB1
243	CDK1
243	RALBP1
244	BLM
244	FANCA
244	FANCC
244	FANCE
244	FANCF
244	FANCG
244	FANCL
244	MLH1
244	RMI1
244	RPA1
244	RPA2
244	RPA3
244	TOP3A
245	FAAP100
245	FANCA
245	FANCB
245	FANCC
245	FANCE
245	FANCF
245	FANCG
245	FANCL
245	RMI1
246	BLM
246	MLH1
246	RMI1
246	TOP3A
247	AP2A1
247	CCNB1
247	EPN1
247	NUMB
247	RALBP1
248	BLM
248	FANCA
248	FANCC
248	FANCE
248	FANCF
248	FANCG
248	FANCL
248	RPA1
248	RPA2
248	RPA3
248	TOP3A
254	MND1
254	PSMC3IP
256	RAD51B
256	RAD51C
261	RAD51B
261	RAD51C
261	RAD51D
261	XRCC2
261	XRCC3
262	RAD51D
262	XRCC2
265	ATR
265	ATRIP
266	RAD17
266	RFC2
266	RFC3
266	RFC4
266	RFC5
271	HUS1
271	RAD1
271	RAD9A
274	HUS1
274	RAD1
274	RAD17
274	RAD9A
274	RFC2
274	RFC3
274	RFC4
274	RFC5
278	RFC2
278	RFC4
278	RFC5
279	RFC1
279	RFC2
279	RFC3
279	RFC4
279	RFC5
280	GAPDH
280	HMGB1
280	HMGB2
280	HSPA8
280	PDIA3
282	BAZ1A
282	CHD3
282	HDAC1
282	HDAC2
282	MBD2
282	MBD3
282	MTA1
282	MTA2
282	RAD21
282	RBBP4
282	RBBP7
282	SMARCA5
282	SMC1A
282	SMC3
282	STAG1
282	STAG2
283	HDAC1
283	HDAC2
283	RBBP4
283	RBBP7
283	SAP18
283	SAP30
283	SIN3A
285	MLH1
285	PCNA
285	PMS1
286	MSH2
286	MSH6
286	PCNA
287	CCNC
287	CDK8
287	MED1
287	MED12
287	MED13
287	MED14
287	MED15
287	MED17
287	MED21
287	MED23
287	MED24
287	MED25
287	MED6
287	MED7
290	MLH1
290	MSH2
290	PCNA
290	PMS2
291	MLH1
291	MSH2
291	PMS2
298	APEX1
298	CITED1
298	HIF1A
298	STAT3
299	CREBBP
299	IRF3
300	MED10
300	MED14
300	MED16
300	MED17
300	MED20
300	MED21
300	MED24
300	MED27
300	MED31
300	MED6
300	MED7
300	THRAP3
301	CCNC
301	CDK8
301	MED1
301	MED10
301	MED12
301	MED13
301	MED14
301	MED16
301	MED17
301	MED20
301	MED21
301	MED24
301	MED27
301	MED31
301	MED6
301	MED7
301	THRAP3
302	ACTL6A
302	ACTR5
302	ACTR8
302	INO80
302	INO80B
302	INO80C
302	INO80D
302	INO80E
302	MCRS1
302	NFRKB
302	RUVBL1
302	RUVBL2
302	TCF3
304	ACTL6A
304	ACTR6
304	EAF2
304	H2AZ1
304	RUVBL1
304	RUVBL2
304	SRCAP
304	VPS72
304	YEATS4
304	ZNHIT1
305	FAU
305	RPS10
305	RPS11
305	RPS12
305	RPS13
305	RPS14
305	RPS15
305	RPS15A
305	RPS16
305	RPS17
305	RPS18
305	RPS19
305	RPS2
305	RPS20
305	RPS21
305	RPS23
305	RPS24
305	RPS25
305	RPS26
305	RPS27
305	RPS27A
305	RPS28
305	RPS29
305	RPS3
305	RPS3A
305	RPS4X
305	RPS4Y1
305	RPS5
305	RPS6
305	RPS7
305	RPS8
305	RPS9
305	RPSA
306	FAU
306	RPL10
306	RPL10A
306	RPL11
306	RPL12
306	RPL13
306	RPL13A
306	RPL14
306	RPL15
306	RPL17
306	RPL18
306	RPL18A
306	RPL19
306	RPL21
306	RPL22
306	RPL23
306	RPL23A
306	RPL24
306	RPL26
306	RPL27
306	RPL27A
306	RPL28
306	RPL29
306	RPL3
306	RPL30
306	RPL31
306	RPL32
306	RPL34
306	RPL35
306	RPL35A
306	RPL36
306	RPL36A
306	RPL37
306	RPL37A
306	RPL38
306	RPL39
306	RPL4
306	RPL41
306	RPL5
306	RPL6
306	RPL7
306	RPL7A
306	RPL8
306	RPL9
306	RPLP0
306	RPLP1
306	RPLP2
306	RPS10
306	RPS11
306	RPS12
306	RPS13
306	RPS14
306	RPS15
306	RPS15A
306	RPS16
306	RPS17
306	RPS18
306	RPS19
306	RPS2
306	RPS20
306	RPS21
306	RPS23
306	RPS24
306	RPS25
306	RPS26
306	RPS27
306	RPS27A
306	RPS28
306	RPS29
306	RPS3
306	RPS3A
306	RPS4X
306	RPS4Y1
306	RPS5
306	RPS6
306	RPS7
306	RPS8
306	RPS9
306	RPSA
306	UBA52
308	RPL10
308	RPL10A
308	RPL11
308	RPL12
308	RPL13
308	RPL13A
308	RPL14
308	RPL15
308	RPL17
308	RPL18
308	RPL18A
308	RPL19
308	RPL21
308	RPL22
308	RPL23
308	RPL23A
308	RPL24
308	RPL26
308	RPL27
308	RPL27A
308	RPL28
308	RPL29
308	RPL3
308	RPL30
308	RPL31
308	RPL32
308	RPL34
308	RPL35
308	RPL35A
308	RPL36
308	RPL36A
308	RPL37
308	RPL37A
308	RPL38
308	RPL39
308	RPL4
308	RPL41
308	RPL5
308	RPL6
308	RPL7
308	RPL7A
308	RPL8
308	RPL9
308	RPLP0
308	RPLP1
308	RPLP2
308	UBA52
310	CCNB1
310	CCNB2
310	CCND1
310	CDK1
310	CDKN1A
310	PCNA
311	CCND1
311	CDK2
311	CDKN1A
311	PCNA
312	CCND1
312	CDK4
312	CDKN1A
312	PCNA
313	CCND1
313	CCND3
313	CDK5
313	CDKN1A
313	PCNA
314	CDKN1A
314	PCNA
315	DAP3
315	KGD4
315	MRPS10
315	MRPS11
315	MRPS12
315	MRPS14
315	MRPS15
315	MRPS16
315	MRPS17
315	MRPS18A
315	MRPS18B
315	MRPS18C
315	MRPS2
315	MRPS21
315	MRPS22
315	MRPS23
315	MRPS24
315	MRPS25
315	MRPS26
315	MRPS27
315	MRPS28
315	MRPS30
315	MRPS31
315	MRPS33
315	MRPS34
315	MRPS35
315	MRPS5
315	MRPS6
315	MRPS7
315	MRPS9
320	DAP3
320	KGD4
320	LACTB
320	MRPL1
320	MRPL10
320	MRPL11
320	MRPL12
320	MRPL13
320	MRPL14
320	MRPL15
320	MRPL16
320	MRPL17
320	MRPL18
320	MRPL19
320	MRPL2
320	MRPL20
320	MRPL21
320	MRPL22
320	MRPL23
320	MRPL24
320	MRPL27
320	MRPL28
320	MRPL3
320	MRPL30
320	MRPL32
320	MRPL33
320	MRPL34
320	MRPL35
320	MRPL36
320	MRPL37
320	MRPL38
320	MRPL39
320	MRPL4
320	MRPL40
320	MRPL41
320	MRPL42
320	MRPL43
320	MRPL44
320	MRPL45
320	MRPL46
320	MRPL47
320	MRPL48
320	MRPL49
320	MRPL50
320	MRPL51
320	MRPL52
320	MRPL53
320	MRPL54
320	MRPL55
320	MRPL9
320	MRPS10
320	MRPS11
320	MRPS12
320	MRPS14
320	MRPS15
320	MRPS16
320	MRPS17
320	MRPS18A
320	MRPS18B
320	MRPS18C
320	MRPS2
320	MRPS21
320	MRPS22
320	MRPS23
320	MRPS24
320	MRPS25
320	MRPS26
320	MRPS27
320	MRPS28
320	MRPS30
320	MRPS31
320	MRPS33
320	MRPS34
320	MRPS35
320	MRPS5
320	MRPS6
320	MRPS7
320	MRPS9
322	PRKDC
322	XRCC5
322	XRCC6
324	LACTB
324	MRPL1
324	MRPL10
324	MRPL11
324	MRPL12
324	MRPL13
324	MRPL14
324	MRPL15
324	MRPL16
324	MRPL17
324	MRPL18
324	MRPL19
324	MRPL2
324	MRPL20
324	MRPL21
324	MRPL22
324	MRPL23
324	MRPL24
324	MRPL27
324	MRPL28
324	MRPL3
324	MRPL30
324	MRPL32
324	MRPL33
324	MRPL34
324	MRPL35
324	MRPL36
324	MRPL37
324	MRPL38
324	MRPL39
324	MRPL4
324	MRPL40
324	MRPL41
324	MRPL42
324	MRPL43
324	MRPL44
324	MRPL45
324	MRPL46
324	MRPL47
324	MRPL48
324	MRPL49
324	MRPL50
324	MRPL51
324	MRPL52
324	MRPL53
324	MRPL54
324	MRPL55
324	MRPL9
328	XRCC5
328	XRCC6
335	MATR3
335	NONO
335	SFPQ
336	AHNAK
336	LIG4
336	XRCC4
338	FAU
338	RPS10
338	RPS11
338	RPS12
338	RPS13
338	RPS14
338	RPS15
338	RPS15A
338	RPS16
338	RPS17
338	RPS18
338	RPS19
338	RPS2
338	RPS20
338	RPS21
338	RPS23
338	RPS24
338	RPS25
338	RPS26
338	RPS27A
338	RPS28
338	RPS29
338	RPS3
338	RPS3A
338	RPS4X
338	RPS5
338	RPS6
338	RPS7
338	RPS8
338	RPS9
338	RPSA
343	SGCA
343	SGCB
343	SGCD
343	SGCG
343	SSPN
348	LIG4
348	XRCC4
350	LIG4
350	PNKP
350	XRCC4
353	LIG4
353	SMC2
353	SMC4
359	LIG4
359	NHEJ1
359	XRCC4
361	DCLRE1C
361	PRKDC
362	LIG3
362	PNKP
362	POLB
362	XRCC1
368	ERCC1
368	ERCC4
368	MSH2
369	MLH1
369	MSH2
369	MSH6
369	PMS2
370	MLH1
370	MSH2
370	MSH6
370	PMS1
376	MLH1
376	MSH2
376	MSH6
376	PCNA
376	PMS2
379	MLH1
379	PMS2
380	MLH1
380	PMS1
386	RNF123
386	UBAC1
387	MCM2
387	MCM3
387	MCM4
387	MCM5
387	MCM6
387	MCM7
390	CUL1
390	FBXW2
390	SKP1
391	CUL4A
391	DDB1
391	RBX1
393	SUCLG1
393	SUCLG2
394	SUCLA2
394	SUCLG1
404	IDH1
407	GUCY1A2
407	GUCY1B1
408	GUCY1A1
408	GUCY1B1
415	EXO1
415	MLH1
415	PMS2
419	FNTA
419	FNTB
422	CAV3
422	DAG1
424	EXO1
424	MLH1
424	PCNA
425	GPS2
425	MSH4
425	MSH5
426	MEP1A
426	MEP1B
428	MOCS2
429	PIK3C3
429	PIK3R4
430	DHX15
430	PDCD7
430	PRPF8
430	RNPC3
430	SF3B1
430	SF3B2
430	SF3B3
430	SF3B4
430	SF3B5
430	SF3B6
430	SNRNP25
430	SNRNP35
430	SNRNP48
430	SNRPB
430	SNRPD1
430	SNRPD2
430	SNRPD3
430	SNRPE
430	SNRPF
430	SNRPG
430	YBX1
430	ZCRB1
430	ZMAT5
430	ZRSR2
432	HSPA1A
432	NOS1
432	STUB1
433	ATM
433	BLM
433	BRCA1
433	MLH1
433	MRE11
433	MSH2
433	MSH6
433	NBN
433	RAD50
433	RFC1
433	RFC2
433	RFC4
434	BLM
434	BRCA1
434	MLH1
434	MSH2
434	MSH6
434	RFC1
434	RFC2
434	RFC4
435	ATM
435	BRCA1
435	MLH1
435	RFC1
435	RFC2
435	RFC4
436	BRCA1
436	MSH6
436	RAD50
438	BRCA1
438	KAT2A
438	MSH2
438	MSH6
438	SUPT3H
438	TADA3
438	TAF10
438	TAF5L
438	TAF9
438	TRRAP
441	ESR1
441	KAT2A
441	MED1
441	MED12
441	MED13
441	MED14
441	MED16
441	MED17
441	MED23
441	MED24
441	TRRAP
443	BACH1
443	ERCC3
443	GJB6
443	KLF10
443	MXI1
443	PSMC3
443	SMAD9
443	TGFBI
460	CRB1
460	PALS1
460	PATJ
461	CRB1
461	MPP4
461	PALS1
462	ATXN7
462	KAT2A
462	SF3B3
462	SUPT3H
462	TADA3
462	TAF10
462	TAF12
462	TAF2
462	TAF4
462	TAF5
462	TAF5L
462	TAF6
462	TAF6L
462	TAF7
462	TAF9
462	TRRAP
463	TAF1
463	TAF10
463	TAF11
463	TAF12
463	TAF13
463	TAF4
463	TAF5
463	TAF6
463	TAF7
463	TAF9
463	TBP
466	APH1A
466	NCSTN
466	PSEN1
466	PSENEN
467	APH1B
467	NCSTN
467	PSEN2
467	PSENEN
468	APH1A
468	NCSTN
468	PSEN2
468	PSENEN
469	TAF1
469	TAF10
469	TAF11
469	TAF12
469	TAF13
469	TAF2
469	TAF4
469	TAF5
469	TAF6
469	TAF7
469	TAF9
469	TBP
470	ATXN7
470	KAT2A
470	SF3B3
470	SUPT3H
470	TADA3
470	TAF10
470	TAF12
470	TAF13
470	TAF2
470	TAF4
470	TAF5
470	TAF5L
470	TAF6
470	TAF6L
470	TAF7
470	TAF9
470	TRRAP
471	KAT2B
471	SUPT3H
471	TADA2A
471	TADA3
471	TAF10
471	TAF12
471	TAF5L
471	TAF6L
471	TAF9
471	TRRAP
472	P4HA1
472	P4HB
474	P4HA3
474	P4HB
475	KAT2A
475	SF3B3
475	SUPT3H
475	SUPT7L
475	TADA1
475	TADA3
475	TAF10
475	TAF12
475	TAF5L
475	TAF6L
475	TAF9
475	TRRAP
476	ATXN7
476	KAT2A
476	SF3B3
476	SUPT3H
476	SUPT7L
476	TADA1
476	TADA3
476	TAF10
476	TAF12
476	TAF5L
476	TAF6L
476	TAF9
476	TRRAP
478	KAT2A
478	SUPT3H
478	TAF9
485	TAF1
485	TAF10
485	TAF11
485	TAF12
485	TAF13
485	TAF4
485	TAF4B
485	TAF5
485	TAF6
485	TAF7
485	TAF9
485	TBP
486	ACTA2
486	MYH9
486	MYL12A
486	MYL6
486	WAS
486	WIPF1
490	GTF2A1
490	GTF2A2
492	GTF2A1
492	GTF2A2
492	TAF1
492	TAF10
492	TAF11
492	TAF12
492	TAF13
492	TAF2
492	TAF3
492	TAF4
492	TAF5
492	TAF6
492	TAF7
492	TAF9
492	TBP
493	GTF2A1
493	GTF2A2
493	GTF2B
493	TAF1
493	TAF10
493	TAF11
493	TAF12
493	TAF13
493	TAF2
493	TAF3
493	TAF4
493	TAF5
493	TAF6
493	TAF7
493	TAF9
493	TBP
497	TAF12
497	TAF4
499	RYK
499	WNT1
500	RYK
500	WNT3A
501	DVL1
501	RYK
508	TAF1
508	TAF10
508	TAF11
508	TAF12
508	TAF4
508	TAF5
508	TAF6
508	TAF7
508	TAF9
508	TBP
509	TAF1
509	TAF10
509	TAF11
509	TAF12
509	TAF13
509	TAF15
509	TAF4
509	TAF5
509	TAF6
509	TAF7
509	TAF9
509	TBP
513	ATXN7
513	KAT2A
513	SF3B3
513	SUPT3H
513	TADA3
513	TAF10
513	TAF12
513	TAF2
513	TAF4
513	TAF5
513	TAF5L
513	TAF6
513	TAF6L
513	TAF7
513	TAF9
513	TAF9B
513	TRRAP
514	TAF1
514	TAF10
514	TAF11
514	TAF12
514	TAF13
514	TAF4
514	TAF5
514	TAF6
514	TAF7
514	TAF9
514	TAF9B
514	TBP
517	AKAP5
517	PPP3CA
517	PRKAR2A
518	AKAP12
518	PDE4D
518	PRKACA
519	AKAP1
519	MYCBP
519	PRKAR2B
520	AKAP9
520	KCNQ1
520	PPP1CA
520	PRKACA
520	PRKAR2A
521	CDH1
521	CTNNB1
521	PKD1
522	CDH1
522	CTNNB1
522	FLOT2
522	PKD1
525	ACTL6A
525	KAT5
525	RUVBL1
525	RUVBL2
525	TRRAP
527	TRPC3
527	TRPC4
528	ACTL6A
528	BRD8
528	DMAP1
528	EP400
528	EPC1
528	ING3
528	KAT5
528	MEAF6
528	MORF4L1
528	MORF4L2
528	MRGBP
528	RUVBL1
528	RUVBL2
528	TRRAP
528	YEATS4
529	ACTL6A
529	BRD8
529	DMAP1
529	EP400
529	EPC1
529	ING3
529	KAT5
529	MEAF6
529	MORF4L1
529	MORF4L2
529	MRGBP
529	RUVBL1
529	RUVBL2
529	TRRAP
529	VPS72
529	YEATS4
531	ERCC1
531	ERCC4
531	XPA
533	IMP3
533	IMP4
533	MPHOSPH10
535	CCNC
535	MED1
535	MED10
535	MED12
535	MED13
535	MED14
535	MED16
535	MED17
535	MED21
535	MED24
535	MED27
535	MED31
535	MED4
535	MED6
535	THRA
535	THRAP3
536	TRPC1
536	TRPC3
536	TRPC7
541	IGF1
541	IGFALS
541	IGFBP3
547	CCNC
547	CDK8
547	MED1
547	MED12
547	MED13
547	MED14
547	MED16
547	MED17
547	MED21
547	MED24
547	MED27
547	MED4
547	MED6
547	THRAP3
548	MED1
548	MED12
548	MED13
548	MED14
548	MED16
548	MED17
548	MED23
548	MED24
548	MED26
548	MED4
548	MED6
548	MED7
548	RXRB
548	VDR
550	CAV1
550	NOS3
550	NOSTRIN
551	DNTT
551	DNTTIP2
551	H2AC20
551	H2BC21
551	H3C1
551	H4C1
552	IFNAR1
552	IFNAR2
552	IFNB1
553	ITPR1
553	RHOA
553	TRPC1
554	ACTL6A
554	ARID2
554	PBRM1
554	SMARCA4
554	SMARCB1
554	SMARCC1
554	SMARCC2
554	SMARCD1
554	SMARCD2
554	SMARCE1
555	ACTL6A
555	ARID1A
555	SMARCA4
555	SMARCB1
555	SMARCC1
555	SMARCC2
555	SMARCD1
555	SMARCD2
555	SMARCE1
556	ACTL6A
556	ARID2
556	SMARCA4
556	SMARCB1
556	SMARCC1
556	SMARCC2
556	SMARCD1
556	SMARCE1
557	CAV1
557	GNA11
557	ITPR3
557	TRPC1
558	TRPM6
558	TRPM7
559	DCP1A
559	DCP2
559	DDX6
559	EDC3
559	EDC4
561	LSM1
561	LSM2
561	LSM3
561	LSM4
561	LSM5
561	LSM6
561	LSM7
562	LSM2
562	LSM3
562	LSM4
562	LSM5
562	LSM6
562	LSM7
562	LSM8
563	ATP5F1A
563	ATP5F1B
563	ATP5F1C
563	ATP5F1D
563	ATP5F1E
563	ATP5IF1
563	ATP5MC1
563	ATP5ME
563	ATP5MF
563	ATP5MG
563	ATP5PB
563	ATP5PD
563	ATP5PF
563	ATP5PO
563	MT-ATP6
563	MT-ATP8
566	ACTB
566	ACTL6A
566	ARID1A
566	SMARCA4
566	SMARCB1
566	SMARCC1
566	SMARCC2
566	SMARCD1
566	SMARCE1
570	ARID1A
570	CREBBP
570	EP300
570	SMARCA4
570	SMARCB1
570	SMARCC1
570	SMARCC2
571	ARID1A
571	CREBBP
571	EP300
575	MAP3K8
575	NFKB1
575	TNIP2
577	FHL2
577	HIPK2
577	TP53
585	BCL6
585	CHD4
585	HDAC1
585	MBD3
585	MTA3
587	CHD4
587	HDAC1
587	HDAC2
587	MBD3
587	MTA1
587	RBBP4
587	RBBP7
591	ARID4B
591	HDAC1
591	HDAC2
591	RBBP4
591	RBBP7
591	SAP130
591	SAP30
591	SIN3A
592	ARID4B
592	HDAC1
592	HDAC2
592	RBBP4
592	RBBP7
592	SAP130
592	SAP30
592	SIN3A
592	SUDS3
595	DPP10
595	KCND2
605	TIMM17A
605	TIMM23
605	TIMM44
610	KANSL1
610	KAT8
610	MSL2
610	MSL3
612	CHTF18
612	CHTF8
612	DSCC1
613	CHTF18
613	CHTF8
613	DSCC1
613	RFC3
614	CHD3
614	CHD4
614	HDAC1
614	HDAC2
614	KDM1A
614	MTA1
614	RBBP4
617	APBA1
617	CASK
617	LIN7C
619	MRE11
619	NBN
619	RAD50
619	TERF2
620	HDAC1
620	HDAC2
620	HMG20B
620	KDM1A
620	PHF21A
620	RCOR1
620	ZNF217
622	CUL2
622	ELOB
622	ELOC
622	VHL
623	TIMM10
623	TIMM9
624	KDM1A
624	RCOR1
626	CTBP1
626	HDAC1
626	HMG20A
626	HMG20B
626	HSPA1A
626	HSPA1B
626	KDM1A
626	PHF21A
626	PHF21B
626	RCOR1
626	RCOR3
626	RREB1
626	ZMYM2
626	ZNF217
627	MRE11
627	NBN
627	RAD50
627	TRRAP
629	BLM
629	TBPL1
631	AURKA
631	CKAP5
631	TACC1
632	CHD3
632	CHD4
632	GSE1
632	GTF2I
632	HDAC1
632	HDAC2
632	HMG20B
632	KDM1A
632	MTA1
632	MTA2
632	PHF21A
632	RBBP4
632	RBBP7
632	RCOR1
632	SIN3A
632	ZMYM2
632	ZMYM3
633	GSE1
633	GTF2I
633	HDAC1
633	HDAC2
633	HMG20B
633	KDM1A
633	PHF21A
633	RCOR1
633	ZMYM2
633	ZMYM3
633	ZNF217
634	GTF2I
634	HDAC1
634	HDAC2
634	KDM1A
634	ZMYM3
635	AGPS
635	GNPAT
636	HDAC1
636	HDAC2
636	HMG20B
636	KDM1A
636	PHF21A
636	RCOR1
639	GID8
639	MKLN1
639	MPHOSPH8
639	RANBP9
641	RANBP9
641	TMEM50A
642	CBX4
642	CDYL
642	CTBP1
642	CTBP2
642	EHMT1
642	EHMT2
642	HDAC1
642	HDAC2
642	KDM1A
642	LCOR
642	RCOR1
642	RCOR3
642	RREB1
642	ZEB1
642	ZEB2
642	ZNF217
642	ZNF516
643	CTBP1
643	CTBP2
643	EHMT1
643	EHMT2
643	HDAC1
643	HDAC2
643	KDM1A
643	RCOR1
643	ZEB1
644	KHDRBS1
644	PPP1R13B
646	CHD3
646	HDAC1
646	KDM1A
646	MBD2
646	MBD3
646	MTA2
646	RBBP4
646	RBBP7
646	RCOR1
648	HDAC1
648	KDM1A
648	RCOR1
649	CHD3
649	GATAD2A
649	HDAC1
649	MBD2
649	MBD3
649	MTA2
649	RBBP4
649	RBBP7
649	RCOR1
650	CHD3
650	GATAD2A
650	HDAC2
650	MBD3
650	MTA2
650	RBBP4
650	RBBP7
652	AP3B1
652	AP3D1
652	AP3M1
652	AP3S1
652	BLOC1S1
652	BLOC1S2
652	BLOC1S3
652	BLOC1S4
652	BLOC1S5
652	BLOC1S6
652	DTNBP1
652	SNAPIN
654	BLOC1S1
654	BLOC1S2
654	BLOC1S3
654	BLOC1S4
654	BLOC1S5
654	BLOC1S6
654	DTNBP1
654	HPS3
654	HPS5
654	HPS6
654	SNAPIN
655	HSF1
655	HSF2
656	VPS26A
656	VPS29
656	VPS35
657	SNX1
657	SNX2
657	VPS26A
657	VPS29
657	VPS35
662	HOXA9
662	MEIS1
662	PBX2
668	ADRB2
668	AKAP5
668	KCNMA1
672	ADRB2
672	KCNMA1
678	GINS1
678	GINS2
678	GINS3
678	GINS4
680	ENTPD1
680	RANBP1
682	CFTR
682	EZR
682	NHERF1
684	MSX1
684	PAX9
685	CHD4
685	GATAD2B
685	HDAC1
685	HDAC2
685	MBD2
685	MBD3
685	MTA2
685	RBBP4
685	RBBP7
687	ADRB2
687	CFTR
687	NHERF1
691	ARID4B
691	HDAC1
691	HDAC2
691	RBBP4
691	RBBP7
691	SAP130
691	SAP18
691	SAP25
691	SAP30
691	SIN3A
691	SUDS3
695	ARID4B
695	HDAC1
695	HDAC2
695	RBBP4
695	RBBP7
695	SAP30
695	SIN3A
696	BRMS1
696	HDAC1
696	HDAC2
696	RBBP4
696	RBBP7
696	SAP30
696	SIN3A
696	SIN3B
697	ARID4B
697	BRMS1
702	NAA10
702	NAA15
705	RINT1
705	USE1
705	ZW10
706	HGS
706	SNAP25
706	STX12
707	SNAP25
707	STX12
707	VAMP2
711	ACTL6A
711	ARID1A
711	PRMT5
711	SMARCA2
711	SMARCB1
711	SMARCC1
711	SMARCC2
711	SMARCD1
711	SMARCE1
713	ACTL6A
713	ARID1A
713	HDAC2
713	PRMT5
713	RBBP4
713	SIN3A
713	SMARCA4
713	SMARCB1
713	SMARCC1
713	SMARCC2
713	SMARCD1
713	SMARCD2
713	SMARCD3
713	SMARCE1
714	ACTL6A
714	ARID1A
714	HDAC1
714	HDAC2
714	PRMT5
714	RBBP4
714	SIN3A
714	SMARCA2
714	SMARCB1
714	SMARCC1
714	SMARCC2
714	SMARCD1
714	SMARCD2
714	SMARCD3
714	SMARCE1
720	HDAC1
720	SIN3A
720	SPI1
721	SPI1
721	TBP
723	MORF4L1
723	MRFAP1
723	RB1
724	KAT8
724	MORF4L1
725	ACTB
725	ACTN4
725	HSP90AB1
725	HSPA1A
725	HSPA8
725	ITGB2
725	LAMA3
725	MPP3
725	P2RX7
725	PI4KA
725	PTPRB
725	SVIL
726	COPS2
726	COPS3
726	COPS4
726	COPS5
726	COPS6
726	COPS7A
726	COPS8
726	CUL4A
726	DDB1
726	DDB2
726	GPS1
726	RBX1
727	COPS2
727	COPS3
727	COPS4
727	COPS5
727	COPS6
727	COPS7A
727	COPS8
727	CUL4A
727	DDB1
727	ERCC8
727	GPS1
727	RBX1
728	COPS2
728	COPS3
728	COPS4
728	COPS5
728	COPS6
728	COPS7A
728	COPS8
728	CUL4A
728	DDB1
728	ERCC8
728	GPS1
728	POLR2A
728	RBX1
729	CUL1
729	FBXO31
729	RBX1
729	SKP1
730	SNAP23
730	STX4
730	VAMP1
731	SNAP23
731	STX4
731	VAMP2
733	STX4
733	VAMP1
733	VAMP7
738	ARID4B
738	HDAC1
738	HDAC2
738	ING1
738	RBBP4
738	RBBP7
738	SAP18
738	SAP30
738	SIN3A
739	ACTL6A
739	ARID1A
739	ARID4B
739	HDAC1
739	HDAC2
739	ING1
739	RBBP4
739	RBBP7
739	SAP18
739	SAP30
739	SIN3A
739	SMARCA4
739	SMARCB1
739	SMARCC1
739	SMARCC2
739	SMARCD1
740	CASC3
740	EIF4A3
740	MAGOH
740	RBM8A
741	GPS2
741	HDAC3
741	NCOR1
741	TBL1X
741	TBL1XR1
742	EIF3A
742	EIF3B
742	EIF3C
742	EIF3D
742	EIF3E
742	EIF3F
742	EIF3G
742	EIF3H
742	EIF3I
742	EIF3J
742	EIF3K
742	EIF3L
745	HDAC2
745	NCOR2
745	SIN3A
745	SIN3B
746	CEBPA
746	ONECUT1
747	HDAC1
747	NCOR2
747	SIN3A
748	MAP3K7
748	TRAF6
749	HDAC1
749	HDAC2
749	MECP2
749	SIN3A
752	HDAC3
752	NCOR2
752	TBL1X
753	CAV1
753	DAG1
753	NOS3
753	SGCE
753	UTRN
754	CASC3
754	EIF4A3
754	MAGOH
754	RBM8A
754	UPF3B
755	CASC3
755	EIF4A3
755	MAGOH
755	PYM1
755	RBM8A
755	UPF3B
756	GSN
756	PRUNE1
757	GSK3B
757	PRUNE1
758	NME1
758	PRUNE1
761	ACIN1
761	RNPS1
761	SAP18
763	MAGOH
763	RBM8A
764	DYSF
764	PARVB
770	ALYREF
770	DDX39B
770	THOC1
770	THOC2
770	THOC3
770	THOC5
770	THOC6
770	THOC7
771	NME1
771	PRKAA1
772	CASC3
772	EIF4A3
774	THOC1
774	THOC2
774	THOC5
774	THOC6
774	THOC7
777	ALYREF
777	NXF1
777	RBM8A
777	RNPS1
777	SRRM1
777	UPF2
777	UPF3B
778	ACTB
778	ACTL6A
778	ARID1A
778	CHD4
778	DPF2
778	GATAD2B
778	HDAC1
778	HDAC2
778	HNRNPC
778	MBD2
778	MBD3
778	MTA2
778	RBBP4
778	SMARCA4
778	SMARCB1
778	SMARCC1
778	SMARCC2
778	SMARCD2
778	SMARCE1
781	CUL1
781	PFDN2
781	POLR2E
781	RUVBL1
781	RUVBL2
781	SKP1
781	SKP2
781	STAP1
781	URI1
783	ITCH
783	USP9X
784	ETF1
784	GSPT1
784	SMG1
784	UPF1
785	ALYREF
785	DDX39B
785	EIF4A3
785	MAGOH
785	RBM8A
785	RNPS1
785	SRRM1
785	UPF3B
786	NCOA1
786	NR3C2
786	UBE2I
787	ACTL6A
787	DMAP1
787	EPC1
787	KAT5
787	MORF4L1
787	RUVBL1
787	RUVBL2
787	TRRAP
788	DIS3
788	EXOSC1
788	EXOSC2
788	EXOSC3
788	EXOSC4
788	EXOSC5
788	EXOSC6
788	EXOSC7
788	EXOSC8
788	EXOSC9
789	DIS3
789	EXOSC1
789	EXOSC10
789	EXOSC2
789	EXOSC3
789	EXOSC4
789	EXOSC5
789	EXOSC6
789	EXOSC7
789	EXOSC8
789	EXOSC9
790	DDB1
790	DDB2
793	CPLX1
793	SNAP25
793	STX1A
793	VAMP2
794	CPLX2
794	SNAP25
794	STX1A
794	VAMP2
797	SNAP23
797	STX11
797	VAMP2
798	ACTL6A
798	BRD8
798	DMAP1
798	EP400
798	EPC1
798	EPC2
798	ING3
798	KAT5
798	MEAF6
798	MORF4L1
798	MRGBP
798	RUVBL1
798	RUVBL2
798	TRRAP
798	YEATS4
799	ACTL6A
799	BRD8
799	DMAP1
799	EP400
799	EPC1
799	RUVBL1
799	RUVBL2
799	SRCAP
799	TRRAP
799	VPS72
801	SNAP23
801	STX2
803	ACTL6A
803	ARID1A
803	HDAC2
803	PRMT5
803	SIN3A
803	SMARCA4
803	SMARCB1
803	SMARCC1
803	SMARCC2
803	SMARCD1
803	SMARCE1
805	SNAP23
805	STX4
806	ACTL6A
806	ARID1A
806	HDAC2
806	PRMT5
806	SIN3A
806	SMARCA2
806	SMARCB1
806	SMARCC1
806	SMARCC2
806	SMARCD1
806	SMARCD2
806	SMARCE1
807	ACTL6A
807	ARID1A
807	PRMT5
807	SMARCA4
807	SMARCB1
807	SMARCC1
807	SMARCC2
807	SMARCD1
807	SMARCE1
808	ACTL6A
808	ARID1A
808	PRMT5
808	SMARCA2
808	SMARCB1
808	SMARCC1
808	SMARCC2
808	SMARCD1
808	SMARCD2
808	SMARCE1
809	ETF1
809	GSPT1
811	CTDP1
811	ERH
811	GTF2F1
811	POLR2B
811	PRMT5
811	STK38
811	WDR77
812	UPF1
812	UPF2
812	UPF3A
813	UPF1
813	UPF2
813	UPF3B
814	NXF1
814	RBM8A
814	RNPS1
814	UPF1
814	UPF2
814	UPF3A
814	UPF3B
815	MPRIP
815	PPP1R12A
815	RHOA
816	MPRIP
816	RHOA
817	MPRIP
817	PPP1R12A
819	CLNS1A
819	PRMT5
819	SNRPD1
819	SNRPD3
820	SNAP23
820	STX6
822	DCP2
822	EXOSC10
822	EXOSC2
822	EXOSC4
822	PARN
822	UPF1
822	UPF2
822	UPF3B
822	XRN1
822	XRN2
824	DDX20
824	GEMIN2
824	GEMIN4
824	SMN1
824	SNRPB
825	CLNS1A
825	PRMT5
825	SNRPB
826	CDH5
826	CTNNB1
826	PARD3
828	ORAI1
828	STIM1
828	TRPC1
829	CDH5
829	PARD6A
831	CDH5
831	PARD3
831	PARD6A
832	CLNS1A
832	DDX20
832	GEMIN2
832	GEMIN4
832	PRMT5
832	SMN1
832	SNRPB
833	CLNS1A
833	SNRPD1
833	SNRPD3
834	CLNS1A
834	PRMT5
834	SNRPB
834	SNRPD1
834	SNRPD2
834	SNRPD3
835	CLNS1A
835	SNRPB
835	SNRPD1
835	SNRPD2
835	SNRPD3
835	SNRPE
835	SNRPF
835	SNRPG
836	CLNS1A
836	PRMT5
839	LIN9
839	MYBL2
845	KLK3
845	SCG2
845	SERPINA5
846	AMOT
846	ARHGAP17
846	CAPZA1
846	CAPZB
846	CD2AP
846	PALS1
846	PATJ
846	SH3KBP1
847	ARHGAP17
847	PARD3
847	PRKCI
848	AMOT
848	AMOTL1
848	AMOTL2
848	ARHGAP17
848	MPDZ
848	MPP7
848	PALS1
848	PATJ
860	DNMT1
860	EHMT2
860	PCNA
862	DNMT1
862	EHMT2
867	MED1
867	MED11
867	MED17
867	MED18
867	MED19
867	MED22
867	MED25
867	MED29
867	MED4
867	MED8
871	BRCA2
871	HDAC1
871	HDAC2
871	HMG20B
871	KDM1A
871	PHF21A
871	RCOR1
873	SNAP29
873	STX1A
874	STX6
874	VAMP3
874	VAMP4
874	VAMP8
875	STX16
875	VAMP3
875	VAMP4
876	STX6
876	VAMP3
876	VTI1A
877	STX16
877	STX6
877	VAMP4
877	VTI1A
877	VTI1B
878	ADRB1
878	AKAP5
878	PRKAR2A
878	PRKAR2B
886	HDAC1
886	HDAC2
886	MBD3
886	MTA1
886	RBBP4
886	RBBP7
888	CHD4
888	HDAC1
888	HDAC2
888	MBD3
888	MTA2
888	RBBP4
888	RBBP7
888	SIN3A
889	HDAC1
889	HDAC2
889	MTA1
889	RBBP4
889	RBBP7
895	CCNC
895	CDK8
895	MED23
895	MED7
896	CCNC
896	CDK8
896	MED23
897	CCNC
897	CDK8
898	CCNC
898	CDK8
898	MED14
898	MED23
898	MED6
900	MED14
900	MED23
900	MED6
903	RET
903	SHC3
904	GAB1
904	SHC3
905	KIF3A
905	KIF3B
905	PARD3
905	PARD6A
905	PRKCI
909	CDK8
909	MED1
909	MED12
909	MED13
909	MED14
909	MED15
909	MED16
909	MED17
909	MED23
909	MED25
909	MED26
909	MED6
909	MED7
910	MED14
910	MED15
910	MED16
910	MED17
910	MED18
910	MED23
910	MED24
910	MED4
910	MED6
910	MED7
912	ANOS1
912	FGF2
912	FGFR1
915	SNAP23
915	STX1A
917	CECR2
917	SMARCA1
918	PALS1
918	PARD3
918	PARD6A
921	RSF1
921	SMARCA5
923	RSF1
923	SMARCA1
924	DDX21
924	DHX9
924	HNRNPC
924	PRPF8
924	SRPK1
924	SSRP1
924	TOP2A
925	BAZ1A
925	SMARCA5
926	LLGL2
926	SCRIB
927	CENPB
927	CENPC
927	CENPH
927	CENPM
927	CENPN
927	CENPT
927	CENPU
928	SCRIB
928	VANGL2
929	BMI1
929	CBX3
929	CBX8
929	CENPA
929	CENPB
929	CENPC
929	CENPH
929	CENPI
929	CENPK
929	CENPL
929	CENPM
929	CENPO
929	CENPU
929	COBLL1
929	CUL4A
929	DDB1
929	DHX38
929	FBL
929	HSPA5
929	HSPA8
929	KIF23
929	NUP93
929	PLPPR3
929	RACGAP1
929	RING1
929	RNF2
929	RSF1
929	SHCBP1
929	SMARCA5
929	SRRT
929	SSRP1
929	SUPT16H
929	VIRMA
929	WDR11
929	WTAP
929	ZC3H13
929	ZFP91
930	ARHGEF7
930	GIT1
930	SCRIB
933	APC
933	SCRIB
934	NEK9
934	SSRP1
934	SUPT16H
936	SSRP1
936	SUPT16H
938	CSNK2A1
938	CSNK2A2
938	CSNK2B
938	SSRP1
938	SUPT16H
943	STX7
943	VPS11
943	VPS18
944	VPS11
944	VPS16
944	VPS18
947	CDC7
947	DBF4
955	LLGL2
955	PARD6B
955	PRKCI
956	PARD3
956	PARD6B
956	PRKCI
959	LLGL1
959	PARD6B
959	PRKCI
964	BRCA1
964	MRE11
964	NBN
964	RAD50
974	AEBP2
974	EED
974	EZH2
974	RBBP4
974	SUZ12
994	GPAA1
994	PIGK
994	PIGS
994	PIGT
994	PIGU
996	EED
996	EZH2
996	RBBP4
996	RBBP7
996	SUZ12
997	KIN
997	PCNA
997	RPA1
999	HNRNPA2B1
999	PDCD6
999	PTGES3
1000	TOR1A
1000	TOR1B
1003	CCNA2
1003	CDK2
1003	POLA1
1003	POLA2
1003	RFC1
1003	RFC2
1003	RFC3
1003	RFC4
1003	RFC5
1004	CCNA2
1004	CDK2
1004	LIG1
1004	PARP1
1004	POLA1
1004	POLA2
1004	POLD1
1004	POLD2
1004	POLD3
1004	POLD4
1004	POLE
1004	POLE2
1004	POLE3
1004	POLE4
1004	RFC1
1004	RFC2
1004	RFC3
1004	RFC4
1004	RFC5
1004	RPA1
1004	RPA2
1004	RPA3
1004	TOP1
1005	CCNB1
1005	CDK1
1005	PARP1
1005	POLA1
1005	POLA2
1005	POLD1
1005	POLD2
1005	POLD3
1005	POLD4
1005	POLE
1005	POLE2
1005	POLE3
1005	POLE4
1005	RFC1
1005	RFC2
1005	RPA1
1005	RPA2
1005	RPA3
1005	TOP1
1007	CCNH
1007	CDK7
1010	CCNH
1010	CDK7
1010	MNAT1
1028	HNF4A
1028	SUB1
1029	CCNH
1029	CDK7
1029	ERCC2
1029	ERCC3
1029	GTF2H1
1029	GTF2H2
1029	GTF2H3
1029	GTF2H4
1029	GTF2H5
1029	MNAT1
1030	CCNH
1030	CDK7
1030	ERCC2
1030	MNAT1
1031	ORC1
1031	ORC2
1031	ORC3
1031	ORC4
1031	ORC5
1031	ORC6
1032	ORC2
1032	ORC3
1032	ORC4
1034	ORC2
1034	ORC3
1034	ORC4
1034	ORC5
1037	ERCC3
1037	GTF2H1
1037	GTF2H2
1037	GTF2H3
1037	GTF2H4
1038	ORC1
1038	ORC2
1038	ORC3
1038	ORC4
1038	ORC5
1039	PCLAF
1039	PCNA
1040	ING1
1040	PCLAF
1041	ACTB
1041	DTNA
1041	TJP1
1042	NCOA1
1042	SRA1
1045	RAN
1045	SNUPN
1045	XPO1
1051	CUL1
1051	RBX1
1051	SKP1
1051	SKP2
1052	CUL1
1052	FBXW11
1052	RBX1
1052	SKP1
1054	BCL3
1054	ESR1
1054	NCOA3
1054	RELA
1055	PML
1055	ZMYM2
1056	SUMO1
1056	ZMYM2
1057	CCDC85B
1057	MCRS1
1058	SNX1
1058	SNX6
1060	SNX1
1060	SNX2
1060	VPS26B
1060	VPS29
1060	VPS35
1062	BCL2
1062	BFAR
1062	CASP8
1063	CYTH3
1063	TAMALIN
1064	IFI35
1064	NMI
1067	CD8A
1067	LCK
1068	PDCD7
1068	PRKRIP1
1068	SNRNP25
1068	SNRNP35
1068	SNRNP48
1068	SNRPB
1068	SNRPD1
1068	SNRPD2
1068	SNRPD3
1068	SNRPE
1068	SNRPF
1068	SNRPG
1068	SRSF7
1068	TOE1
1068	YBX1
1069	API5
1069	FGF2
1070	SNX1
1070	SNX2
1071	PKD2
1071	PKHD1
1072	SNX2
1079	CCNT1
1079	CDK9
1080	CCNT2
1080	CDK9
1083	CCNK
1083	CDK9
1085	LIG3
1085	NEIL2
1085	PNKP
1085	POLB
1085	XRCC1
1086	LIG3
1086	NEIL1
1086	PDXK
1086	POLB
1086	XRCC1
1087	AURKB
1087	BIRC5
1087	EVI5
1087	INCENP
1088	PRNP
1089	LIN7A
1089	PALS2
1090	AP1G1
1090	RABEP1
1091	LEPR
1091	SNX1
1092	PCNA
1092	XRCC5
1092	XRCC6
1093	INSR
1093	SNX1
1094	AFG3L2
1094	ATP5MG
1094	FXN
1094	HSPA9
1094	HSPD1
1094	LYRM4
1094	SDHA
1095	EGFR
1095	SNX1
1096	PDGFRB
1096	SNX1
1097	EIF3A
1097	EIF3B
1097	EIF3C
1097	EIF3D
1097	EIF3E
1097	EIF3F
1097	EIF3G
1097	EIF3H
1097	EIF3I
1097	EIF3J
1097	EIF3K
1097	EIF3L
1097	EIF3M
1098	PCNA
1098	POLA1
1098	POLA2
1098	POLD1
1098	POLD2
1098	POLD3
1098	POLD4
1098	PRIM1
1098	PRIM2
1098	RFC1
1098	RFC2
1098	RFC3
1098	RFC4
1098	RFC5
1098	RPA1
1098	RPA2
1098	RPA3
1098	TOP1
1098	TOP2A
1100	POLA1
1100	POLA2
1100	PRIM1
1100	PRIM2
1104	SNX1
1104	TFRC
1105	GTF3C1
1105	GTF3C2
1105	GTF3C3
1105	GTF3C4
1105	GTF3C5
1106	GTF3C1
1106	GTF3C2
1106	GTF3C3
1106	GTF3C4
1106	GTF3C5
1106	SUB1
1106	TOP1
1107	PCNA
1107	POLA1
1107	POLA2
1107	POLD1
1107	POLD2
1107	POLD3
1107	POLD4
1107	PRIM1
1107	PRIM2
1107	RFC1
1107	RFC2
1107	RFC3
1107	RFC4
1107	RFC5
1108	LIG1
1108	PARP1
1108	PCNA
1108	POLA1
1108	POLA2
1108	POLD1
1108	POLD2
1108	POLD3
1108	POLD4
1108	POLE
1108	POLE2
1108	POLE3
1108	POLE4
1108	PRIM1
1108	PRIM2
1108	RFC1
1108	RFC2
1108	RFC3
1108	RFC4
1108	RFC5
1111	PCNA
1111	POLA1
1111	POLA2
1111	POLD1
1111	POLD2
1111	POLD3
1111	POLD4
1111	POLE
1111	POLE2
1111	POLE3
1111	POLE4
1111	PRIM1
1111	PRIM2
1111	RFC1
1111	RFC2
1111	RFC3
1111	RFC4
1111	RFC5
1111	RPA1
1111	RPA2
1111	RPA3
1111	TOP1
1111	TOP2A
1113	GTF3A
1113	GTF3C1
1113	GTF3C2
1113	GTF3C3
1113	GTF3C4
1113	GTF3C5
1114	BDP1
1114	BRF1
1114	GTF3A
1114	GTF3C1
1114	GTF3C2
1114	GTF3C3
1114	GTF3C4
1114	GTF3C5
1114	TBP
1116	AURKB
1116	BIRC5
1116	XPO1
1117	BIRC5
1117	XPO1
1118	AURKB
1118	BIRC5
1118	CDCA8
1118	INCENP
1120	BIRC5
1120	CDCA8
1120	INCENP
1121	OXSR1
1121	WNK1
1123	STK39
1123	WNK1
1130	CTTN
1130	HIP1R
1131	PPP2R1A
1131	RFC2
1132	PPP2R1A
1132	RFC4
1133	ATR
1133	HDAC2
1134	ATR
1134	CHD4
1134	HDAC2
1141	CAPRIN1
1141	CLP1
1141	CPSF3
1141	CPSF6
1141	CPSF7
1141	DHX16
1141	ERCC3
1141	GTF2H4
1141	MRE11
1141	NUDT21
1141	PCF11
1141	PTBP1
1141	SFPQ
1141	TJP1
1141	U2AF1
1141	U2AF2
1143	DDX20
1143	GEMIN2
1143	GEMIN4
1143	GEMIN5
1143	GEMIN6
1143	GEMIN7
1143	GEMIN8
1143	SMN1
1143	SNRPB
1143	SNRPD1
1143	SNRPD2
1143	SNRPD3
1143	SNRPE
1143	SNRPF
1143	SNRPG
1143	STRAP
1144	CPSF1
1144	CPSF2
1144	CPSF3
1144	CPSF4
1144	FIP1L1
1146	CSTF1
1146	CSTF2
1146	CSTF3
1147	CPSF1
1147	CPSF2
1147	CPSF3
1147	CSTF1
1147	CSTF2
1147	CSTF3
1147	SYMPK
1148	DDX5
1148	NONO
1148	SFPQ
1148	SNRPA
1149	ASF1A
1149	ASF1B
1149	CHAF1A
1149	CHAF1B
1149	H3C1
1149	H4C1
1149	HAT1
1149	IPO4
1149	NASP
1149	RBBP4
1150	ASF1A
1150	ASF1B
1150	H3-3A
1150	H4C1
1150	HAT1
1150	HIRA
1150	IPO4
1150	NASP
1150	RBBP4
1152	FANCA
1152	FANCB
1152	FANCC
1152	FANCE
1152	FANCF
1152	FANCG
1152	FANCL
1152	FANCM
1153	INTS1
1153	INTS10
1153	INTS11
1153	INTS12
1153	INTS2
1153	INTS3
1153	INTS4
1153	INTS5
1153	INTS6
1153	INTS7
1153	INTS8
1153	INTS9
1154	BRCA2
1154	INTS10
1154	INTS11
1154	INTS2
1154	INTS4
1154	INTS5
1154	INTS6
1154	INTS7
1154	INTS8
1154	INTS9
1154	LENG8
1154	SAC3D1
1154	SEM1
1155	INTS1
1155	INTS10
1155	INTS11
1155	INTS12
1155	INTS2
1155	INTS3
1155	INTS4
1155	INTS5
1155	INTS6
1155	INTS7
1155	INTS8
1155	INTS9
1155	POLR2A
1155	POLR2B
1158	EP300
1158	ING1
1159	HDAC1
1159	ING1
1160	EP300
1160	ING1
1160	PCNA
1162	CUL4A
1162	CUL4B
1162	DDB1
1162	DDB2
1162	RBX1
1163	ING1
1163	PCNA
1165	RNF20
1165	RNF40
1165	UBE2E1
1166	ACTB
1166	ACTL6A
1166	EP400
1166	RUVBL1
1166	RUVBL2
1166	TRRAP
1167	CDC73
1167	CTR9
1167	LEO1
1167	PAF1
1167	SKIC8
1168	SKIC2
1168	SKIC3
1168	SKIC8
1169	SNAP23
1169	STX4
1169	VAMP3
1171	ACTL6A
1171	MYC
1171	RUVBL1
1171	RUVBL2
1171	TRRAP
1172	NCBP1
1172	NCBP2
1173	ACTL6A
1173	RUVBL1
1173	RUVBL2
1174	NCBP1
1174	NCBP2
1174	PHAX
1175	ACTL6A
1175	TRRAP
1176	NCBP1
1176	NCBP2
1176	PHAX
1176	RAN
1176	XPO1
1177	EED
1177	EZH2
1177	SIRT1
1178	BCOR
1178	HSPA8
1178	KDM2B
1178	PCGF1
1178	RING1
1178	RNF2
1178	RYBP
1178	SKP1
1179	CENPB
1179	CENPC
1179	CENPH
1179	CENPK
1179	CENPL
1179	CENPM
1179	CENPN
1179	CENPO
1179	CENPP
1179	CENPQ
1179	CENPS
1179	CENPT
1179	CENPU
1179	ITGB3BP
1181	ALYREF
1181	AQR
1181	CACTIN
1181	CDC40
1181	CDC5L
1181	CRNKL1
1181	CWC15
1181	CWC22
1181	CWC27
1181	DDX23
1181	DDX41
1181	DDX5
1181	DHX35
1181	DHX38
1181	DHX8
1181	EFTUD2
1181	EIF4A3
1181	ESS2
1181	FRG1
1181	GPATCH1
1181	HNRNPA1
1181	HNRNPA2B1
1181	HNRNPA3
1181	HNRNPC
1181	HNRNPF
1181	HNRNPH1
1181	HNRNPK
1181	HNRNPM
1181	HNRNPR
1181	HNRNPU
1181	ISY1
1181	LSM2
1181	LSM3
1181	MAGOH
1181	MTREX
1181	PABPC1
1181	PLRG1
1181	PNN
1181	PPIE
1181	PPIL1
1181	PPIL3
1181	PPWD1
1181	PRP4K
1181	PRPF19
1181	PRPF6
1181	PRPF8
1181	RALY
1181	RBM22
1181	RBM8A
1181	RBMX
1181	SART1
1181	SF3A1
1181	SF3A2
1181	SF3A3
1181	SF3B1
1181	SF3B2
1181	SF3B3
1181	SLU7
1181	SNRNP200
1181	SNRNP40
1181	SNRPA1
1181	SNRPB
1181	SNRPB2
1181	SNRPD1
1181	SNRPD2
1181	SNRPD3
1181	SNRPE
1181	SNRPF
1181	SNRPG
1181	SNW1
1181	SRRM1
1181	SRRM2
1181	SRSF1
1181	SYF2
1181	SYNCRIP
1181	TFIP11
1181	U2AF1
1181	WDR83
1181	XAB2
1181	ZCCHC8
1182	BCAS2
1182	CDC5L
1182	GCN1
1182	HSPA8
1182	PLRG1
1182	PRPF19
1183	BCAS2
1183	BZW1
1183	CDC5L
1183	CWC15
1183	DYNC1H1
1183	GCN1
1183	HSPA8
1183	ILF2
1183	PLRG1
1183	PPM1D
1183	PPP1CA
1183	PRKDC
1183	PRPF19
1183	RBMX
1183	SCAF8
1183	SF3B1
1183	SF3B2
1183	SF3B4
1183	SFI1
1183	SFPQ
1183	SNRPA
1183	SNRPA1
1183	SNRPD1
1183	SNRPD2
1183	SNRPD3
1183	SRRM1
1183	SRSF1
1183	SRSF2
1183	TCF4
1183	TOP2A
1185	EGFR
1185	ERBB2
1185	PIK3C2A
1185	PIK3C2B
1186	CHMP1A
1186	CHMP1B
1186	CHMP2A
1186	CHMP2B
1186	CHMP3
1186	CHMP4A
1186	CHMP4B
1186	CHMP4C
1186	CHMP5
1186	CHMP6
1187	SNF8
1187	VPS25
1187	VPS36
1189	LIG4
1189	MRE11
1189	NBN
1189	RAD50
1189	XRCC4
1189	XRCC5
1189	XRCC6
1190	NCBP1
1190	NECAB3
1191	CDK9
1191	HTATSF1
1191	NCL
1191	POLR2A
1191	SUPT5H
1192	TSG101
1192	VPS28
1192	VPS37C
1193	MRE11
1193	PARP1
1193	RAD50
1193	TERF2
1193	TERF2IP
1193	XRCC5
1193	XRCC6
1194	E2F6
1194	EHMT1
1194	EHMT2
1194	GJB3
1194	L3MBTL2
1194	MAX
1194	MGA
1194	PCGF6
1194	RING1
1194	RNF2
1194	TFDP1
1194	YAF2
1195	PRPF8
1195	SRRM1
1196	RAD51C
1196	XRCC3
1198	ACD
1198	POT1
1198	TERF2
1198	TINF2
1199	DAD1
1199	DDOST
1199	MAGT1
1199	RPN1
1199	RPN2
1199	STT3A
1200	DAD1
1200	DDOST
1200	MAGT1
1200	RPN1
1200	RPN2
1200	STT3B
1200	TUSC3
1201	ACD
1201	POT1
1201	TERF1
1201	TINF2
1202	TERF1
1202	TINF2
1202	TNKS
1204	ACD
1204	POT1
1204	RAD50
1204	TERF1
1204	TERF2
1204	TERF2IP
1204	TINF2
1205	TERF2
1205	TERF2IP
1206	POT1
1206	TERF1
1206	TERF2
1206	TERF2IP
1206	TINF2
1206	TNKS
1207	POT1
1207	TERF2
1207	TERF2IP
1207	TINF2
1211	AHR
1211	ARNT
1211	CUL4B
1211	DDB1
1211	RBX1
1211	TBL3
1214	COP1
1214	CUL4A
1214	DDB1
1214	DET1
1214	RBX1
1215	CUL1
1215	FBXW7
1215	RBX1
1215	SKP1
1217	TERF2
1217	WRN
1218	BLM
1218	TERF2
1219	TERF1
1219	TNKS
1219	TNKS2
1220	TERF2
1220	XRCC5
1220	XRCC6
1221	GTF2A1
1221	GTF2A2
1221	TERF2
1223	CALM1
1223	CALR
1223	EIF3L
1223	H2AX
1223	H2BC26
1223	H4C1
1223	HNRNPR
1223	HSPA5
1223	NPM1
1223	PABPC1
1223	SSB
1223	SSRP1
1223	SUPT16H
1224	BMI1
1224	CUL3
1224	SPOP
1225	CUL3
1225	MACROH2A1
1225	SPOP
1226	CALR
1226	DHX30
1226	H2AX
1226	H2BC26
1226	H4C1
1226	HSPA5
1226	NPM1
1226	PARP1
1226	YBX3
1227	CALR
1227	H2AX
1227	H2BC14
1227	H2BC26
1227	H2BC3
1227	H4C1
1227	HSPA5
1227	NPM1
1227	PTCD3
1227	YBX3
1231	C1QBP
1231	FBL
1231	PRMT1
1231	PRMT5
1231	TUBA1A
1231	TUBB1
1232	RCOR1
1232	REST
1232	SIN3A
1233	HDAC2
1233	RCOR1
1237	ACTL6A
1237	ARID1A
1237	SMARCA2
1237	SMARCA4
1237	SMARCB1
1237	SMARCC1
1237	SMARCC2
1237	SMARCD1
1237	SMARCE1
1238	ACTL6A
1238	ARID2
1238	PBRM1
1238	SMARCA4
1238	SMARCB1
1238	SMARCC1
1238	SMARCC2
1238	SMARCD1
1238	SMARCE1
1239	ACTL6A
1239	ARID1B
1239	MLLT1
1239	SMARCA4
1239	SMARCB1
1239	SMARCC1
1239	SMARCC2
1239	SMARCD1
1239	SMARCD2
1239	SMARCE1
1243	CUL3
1243	DAXX
1243	SPOP
1245	PPP4C
1245	PPP4R2
1248	APAF1
1248	CYCS
1250	E2F1
1250	RB1
1251	ACTL6A
1251	ARID1A
1251	SMARCA2
1251	SMARCB1
1251	SMARCC1
1251	SMARCC2
1251	SMARCD1
1251	SMARCE1
1252	ACTL6A
1252	ARID1A
1252	MLLT1
1252	SMARCA4
1252	SMARCB1
1252	SMARCC1
1252	SMARCC2
1252	SMARCD1
1252	SMARCD2
1252	SMARCE1
1254	ASH2L
1254	DPY30
1254	KMT2B
1254	MEN1
1254	POLR2B
1254	RBBP5
1254	WDR5
1255	CACYBP
1255	SIAH1
1255	SKP1
1255	TBL1X
1256	ASH2L
1256	HCFC1
1256	KMT2A
1256	MEN1
1256	RBBP5
1256	SERPIND1
1256	WDR5
1257	CHD3
1257	CPSF2
1257	EFTUD2
1257	HDAC1
1257	HDAC2
1257	KDM1A
1257	KMT2A
1257	MBD3
1257	MTA2
1257	RAN
1257	RBBP4
1257	RBBP5
1257	RBBP7
1257	SAP18
1257	SAP30
1257	SIN3A
1257	SMARCA2
1257	SMARCA5
1257	SMARCB1
1257	SMARCC1
1257	SMARCC2
1257	SYMPK
1257	TAF1
1257	TAF12
1257	TAF6
1257	TAF9
1257	TBP
1257	WDR5
1258	FBXW8
1258	GLMN
1258	RBX1
1258	SKP1
1259	CHAF1A
1259	CHAF1B
1259	RBBP4
1260	CUL1
1260	FBXO11
1260	RBX1
1260	SKP1
1261	SNRNP70
1261	SNRPA1
1261	SRRM1
1261	SRRM2
1261	TRA2B
1287	HNRNPF
1287	HNRNPH1
1288	HNRNPF
1288	HNRNPH1
1288	PTBP1
1288	PTBP2
1293	IPO13
1293	MAGOH
1293	RBM8A
1296	DCP1A
1296	DCP2
1297	ARRB2
1297	MAP2K4
1297	MAP3K5
1298	ARRB2
1298	MAP2K4
1298	MAPK10
1299	MAP3K11
1299	SH3RF1
1300	CALCRL
1300	RAMP1
1306	HNRNPD
1306	PIN1
1307	CSDE1
1307	HNRNPD
1307	PABPC1
1307	PAIP1
1307	SYNCRIP
1308	EIF4G1
1308	HNRNPD
1308	HSPA8
1308	PABPC1
1317	ATF7
1317	TAF12
1318	TAF1
1318	TAF11
1318	TAF12
1318	TAF5
1318	TBP
1321	TAF11
1321	TAF5
1321	TAF6
1321	TAF9
1321	TBP
1332	DDX1
1332	DDX17
1332	DDX3X
1332	DDX5
1332	DGCR8
1332	DHX15
1332	DROSHA
1332	EWSR1
1332	FUS
1332	HNRNPDL
1332	HNRNPH1
1332	HNRNPM
1332	HNRNPU
1332	HNRNPUL1
1332	ILF2
1332	ILF3
1332	RALY
1332	SRPK1
1332	TAF15
1332	TARDBP
1335	ABCF2
1335	CDC5L
1335	DDB1
1335	DDX23
1335	EEF1A1
1335	EEF1G
1335	EFTUD2
1335	HNRNPU
1335	HSPA5
1335	MATR3
1335	MSH2
1335	PFKL
1335	PRPF8
1335	SFPQ
1335	SNRNP200
1335	SNW1
1335	TUBB
1335	UBR5
1338	FOXO3
1338	KAT2B
1347	NUP107
1347	NUP133
1347	NUP160
1347	NUP98
1348	GLE1
1348	NUP155
1348	NUP42
1352	ING4
1352	JADE1
1352	KAT7
1352	MEAF6
1372	LDB1
1372	LMO2
1372	RB1
1372	TAL1
1372	TCF3
1377	ASCC1
1377	ASCC2
1377	ASCC3
1377	TRIP4
1379	CTSA
1379	GALNS
1379	GLB1
1379	NEU1
1380	ELP1
1380	ELP2
1380	ELP3
1380	ELP4
1386	AGO4
1386	ZFP36
1387	AGO2
1387	ZFP36
1399	ASH2L
1399	KMT2D
1399	RBBP5
1399	WDR5
1400	ASH2L
1400	KMT2C
1400	KMT2D
1400	NCOA6
1400	RBBP5
1400	TUBA4A
1400	TUBB
1401	KAT8
1401	KMT2A
1401	KMT2D
1401	RBBP5
1401	RNF2
1401	SETD1A
1401	TAF1
1401	TAF6
1401	TAF9
1401	WDR5
1413	HDAC3
1413	NCOR1
1413	SF3A1
1413	SF3B3
1413	SMARCA4
1413	SMARCB1
1413	SMARCC1
1413	SMARCC2
1413	SRCAP
1413	TRIM28
1448	CASK
1448	DLG1
1448	LIN7A
1452	MCM2
1452	MCM6
1452	MCM7
1457	AFF1
1457	CBX8
1457	MLLT1
1458	HDAC2
1458	SMARCA5
1462	BMI1
1462	PHC2
1462	RING1
1462	RNF2
1464	CBX5
1464	DSN1
1464	MIS12
1464	NSL1
1464	PMF1
1464	ZWINT
1473	E2F5
1473	RBL2
1473	TFDP1
1474	E2F4
1474	E2F5
1474	RBL1
1474	SMAD3
1474	SMAD4
1474	TFDP1
1488	DNMT1
1488	E2F1
1488	HDAC1
1488	RB1
1490	DAXX
1490	DMAP1
1490	DNMT1
1491	DMAP1
1491	DNMT1
1491	RGS6
1492	GSE1
1492	HDAC1
1492	HDAC2
1492	HMG20B
1492	KDM1A
1492	PHF21A
1492	RCOR1
1492	ZMYM2
1492	ZNF217
1492	ZNF516
1495	CHD4
1495	HDAC1
1495	MBD3
1495	MTA2
1495	RBBP4
1505	HDAC1
1505	HDAC2
1505	HDAC3
1505	NCOR1
1505	NCOR2
1505	SAP30
1505	SIN3A
1508	BCL6
1508	ZBTB17
1514	IL4
1514	IL4R
1515	IL2RG
1515	IL4
1515	IL4R
1519	IL6ST
1519	PRKCD
1519	STAT3
1520	MAP3K7
1520	NLK
1520	STAT3
1521	EP300
1521	SMAD1
1521	STAT3
1522	STAT3
1530	CCDC88A
1539	GNG2
1539	RACK1
1539	RAF1
1543	PPP2CA
1543	PPP2R1A
1544	PPP2CA
1544	PPP2R1A
1544	PPP2R3A
1551	EIF1AX
1551	IPO13
1551	RAN
1552	NXF1
1552	RAN
1552	TNPO2
1554	KPNB1
1554	RAN
1554	RANBP1
1557	NMI
1557	POLR1B
1557	RRN3
1558	POLR1B
1558	RRN3
1559	NMI
1559	RRN3
1561	NMI
1571	HDLBP
1571	PRKDC
1571	XRCC5
1571	XRCC6
1612	GNAS
1612	GNB1
1612	GNG2
1614	GNB1
1614	GNG2
1614	MCF2
1615	BTK
1615	GNB1
1615	GNG2
1617	CACNA1A
1617	GNB1
1617	GNG2
1618	GNB1
1618	GNG2
1618	PTH1R
1619	GNB1
1619	GNG2
1619	HDAC5
1620	GNB1
1620	GNG2
1620	HDAC4
1623	FANCA
1623	FANCC
1623	FANCE
1623	FANCF
1623	FANCG
1624	FAAP100
1624	FANCA
1624	FANCB
1624	FANCC
1624	FANCE
1624	FANCF
1624	FANCG
1624	FANCL
1624	FANCM
1625	FANCA
1625	FANCB
1625	FANCC
1625	FANCE
1625	FANCF
1625	FANCG
1625	FANCM
1633	CCND1
1633	CDK4
1633	CDK6
1642	CCND2
1642	CDK4
1642	CDKN2A
1656	CCNE1
1656	CDK2
1656	CDKN1B
1661	CCNA2
1661	E2F4
1661	RBL1
1695	SCAMP1
1695	SCAMP2
1700	ABL2
1700	HRAS
1700	RIN1
1703	IGHM
1703	IGLL1
1703	VPREB1
1714	TICAM1
1714	TICAM2
1714	TLR4
1728	CTCF
1728	H2AC18
1728	H2AZ1
1728	KPNA1
1728	KPNA3
1728	LMNA
1728	NPM1
1728	PARP1
1728	TOP2A
1729	ACTB
1729	HSPA4
1729	MYH10
1729	NCL
1729	NONO
1729	NPM1
1729	PARP1
1729	RAD50
1729	TLE1
1729	TOP2B
1731	PRMT1
1734	SF3A1
1734	SF3A2
1734	SF3A3
1737	DDX42
1737	PHF5A
1737	SF3B1
1737	SF3B2
1737	SF3B3
1737	SF3B4
1737	SF3B5
1737	SF3B6
1743	SNRPE
1743	SNRPF
1743	SNRPG
1745	DDX20
1745	GEMIN2
1745	GEMIN4
1745	GEMIN5
1745	GEMIN6
1745	GEMIN7
1745	SNRPA
1745	SNRPB
1745	SNRPD1
1745	SNRPD2
1745	SNRPD3
1745	SNRPE
1745	SNRPF
1745	SNRPG
1745	SNRPN
1746	GEMIN2
1746	GEMIN4
1746	LGALS1
1746	LGALS3
1746	SMN1
1746	SNRPD1
1746	SNRPD2
1746	SNRPD3
1749	DDX20
1749	DHX9
1749	GEMIN2
1749	GEMIN4
1749	GTF2B
1749	POLR2A
1749	SNRPB
1749	SNRPB2
1749	SNRPN
1749	TBP
1750	DDX20
1750	GEMIN4
1750	PPP4C
1750	PPP4R2
1751	DDX20
1751	GEMIN2
1751	GEMIN4
1751	GEMIN5
1751	GEMIN6
1751	GEMIN7
1751	SMN1
1751	SNRPA
1751	SNRPB
1751	STRAP
1752	DDX20
1752	GEMIN2
1752	GEMIN4
1752	GEMIN5
1752	GEMIN6
1752	GEMIN7
1752	SMN1
1760	NONO
1760	SFPQ
1760	TOP1
1767	CPSF6
1767	ITCH
1767	NUDT21
1767	POLR2A
1767	UBAP2L
1768	CPSF6
1768	EWSR1
1768	ITCH
1768	NUDT21
1768	POLR2A
1768	UBAP2L
1769	CPSF6
1769	ITCH
1769	NUDT21
1769	POLR2A
1772	HCST
1772	KLRK1
1772	MICB
1773	HCST
1773	KLRK1
1773	ULBP3
1774	HCST
1774	KLRK1
1774	MICA
1775	HCST
1775	KLRK1
1775	ULBP2
1777	SMAD7
1777	SMURF2
1777	TGFBR1
1777	TGFBR2
1779	PARD6A
1779	TGFBR1
1779	TGFBR2
1783	SMAD7
1783	SMURF1
1783	TGFBR1
1784	RNF11
1784	SMURF2
1784	STAMBP
1787	CNTNAP1
1787	KCNA1
1787	KCNA2
1787	RTN4
1793	LINGO1
1793	NGFR
1793	RTN4R
1794	NGFR
1794	SORT1
1795	NGF
1795	NGFR
1795	SORT1
1810	GIT1
1810	ITGA4
1810	PXN
1812	AXIN1
1812	DIXDC1
1812	MAP3K4
1813	MAD1L1
1814	MAD1L1
1814	MAD2L1
1816	CTNNB1
1816	JUN
1816	TCF4
1826	ANAPC10
1826	CDH1
1826	NEDD9
1826	SMAD3
1827	PML
1827	SMAD2
1827	SMAD3
1827	ZFYVE9
1828	AXIN1
1828	SMAD3
1828	TGFBR1
1831	EP300
1831	PIAS3
1831	SMAD3
1834	CDH1
1834	ITGAE
1834	ITGB7
1844	APC
1844	IQGAP1
1845	APC
1845	CLIP1
1845	IQGAP1
1851	BUB1
1851	BUB3
1863	TSG101
1863	VPS28
1863	VPS37B
1890	ELK1
1890	ELK4
1890	SRF
1893	MLST8
1893	MTOR
1893	RICTOR
1899	NTF4
1909	APC
1909	DLG4
1927	PACS1
1927	PKD2
1932	NEK11
1932	NEK2
1944	IRAK1
1944	IRAK2
1945	IRAK1
1945	IRAK3
1957	TYROBP
1970	BMP4
1970	TWSG1
1972	BGN
1972	BMP4
1976	MTNR1A
1977	MTNR1B
1982	S100A6
1984	PEX14
1985	AIRE
1986	ENG
1987	MYOM1
1989	BANF1
1990	PGRMC1
1990	SCAP
1991	PRMT2
1992	LEPR
1993	SLC1A2
2001	NOD1
2003	PTGS1
2004	C1D
2005	PTPRA
2007	PRNP
2010	AXL
2013	STAT5B
2016	IL12A
2019	IL12A
2019	IL12B
2019	IL12RB1
2020	IL12B
2020	IL12RB1
2020	IL12RB2
2021	IL12A
2021	IL12B
2021	IL12RB2
2023	STAT5A
2026	IL12A
2026	IL12B
2026	IL12RB1
2026	IL12RB2
2028	IL12RB2
2028	JAK2
2029	ARHGAP8
2029	BNIP2
2051	MALT1
2052	BCL10
2053	BCL10
2053	MALT1
2054	BCL10
2054	CASP8
2054	FADD
2054	MALT1
2055	BCL10
2055	CASP8
2055	CHUK
2055	IKBKB
2055	MALT1
2073	SRC
2073	TNFRSF11A
2073	TRAF6
2074	TRAF6
2077	B-RAF
2077	MAP3K11
2084	NFKB1
2084	NFKB2
2084	REL
2084	RELA
2084	RELB
2086	NFKB1
2086	NFKB2
2086	RELA
2086	RELB
2100	CHUK
2100	IKBKB
2100	MAP3K14
2101	CHUK
2101	IKBKB
2104	IKBKB
2104	MAP3K14
2105	CHUK
2105	ELP1
2105	IKBKB
2105	MAP3K14
2105	NFKBIA
2105	RELA
2112	CDC37
2112	HSP90AA1
2112	HSP90AB1
2112	MAP3K11
2118	CHUK
2118	ERC1
2118	IKBKB
2118	IKBKG
2124	CHUK
2124	ESR1
2124	NCOA3
2129	DNAJB2
2129	HSPA8
2129	PSMA3
2143	MAP2K5
2143	PRKCI
2143	SQSTM1
2145	HSF1
2145	YWHAE
2152	ARNT
2152	HLF
2153	CD63
2153	ITGAM
2153	ITGB2
2156	AKT1
2156	YBX1
2159	AKT1
2159	APPL1
2159	AR
2162	NAE1
2162	UBA3
2170	CDC34
2170	CUL1
2170	RBX1
2171	CHEK1
2171	CUL4A
2172	CDT1
2172	CUL4A
2172	DDB1
2172	RBX1
2174	COPS2
2174	COPS3
2174	COPS4
2174	COPS5
2174	COPS6
2174	COPS7A
2174	COPS8
2174	GPS1
2179	COPS2
2179	COPS3
2179	COPS4
2179	COPS5
2179	COPS6
2179	COPS7A
2179	COPS8
2179	GPS1
2179	TP53
2183	CORO2A
2183	GPS2
2183	HDAC3
2183	KDM4A
2183	KIF11
2183	NCOR1
2183	TBL1X
2183	TBL1XR1
2183	TRIM33
2183	ZBTB33
2188	BTRC
2188	CUL1
2188	NEDD8
2188	RBX1
2188	SKP1
2189	BTRC
2189	CUL1
2189	RBX1
2189	SKP1
2189	SMAD3
2191	CUL1
2191	FBH1
2191	RBX1
2191	SKP1
2192	CUL1
2192	RBX1
2192	SKP1
2192	ZC3HC1
2196	HUS1
2196	LIG1
2196	RAD1
2196	RAD9A
2197	FEN1
2197	HUS1
2197	RAD1
2197	RAD9A
2198	HUS1
2198	POLB
2198	RAD1
2198	RAD9A
2199	CHTF18
2199	RFC2
2199	RFC3
2199	RFC4
2199	RFC5
2200	RFC2
2200	RFC3
2200	RFC4
2200	RFC5
2201	PCNA
2201	RFC2
2201	RFC3
2201	RFC4
2201	RFC5
2203	BRD4
2203	RFC1
2203	RFC2
2203	RFC3
2203	RFC4
2203	RFC5
2204	CDC6
2204	MCM8
2204	ORC2
2205	ORC1
2205	ORC5
2210	BRCA1
2210	CDC6
2210	GMNN
2210	ORC1
2211	BARD1
2211	BRCA1
2211	CSTF1
2211	CSTF2
2211	CSTF3
2213	BARD1
2213	BRCA1
2213	POLR2A
2214	BRCA1
2214	LDB1
2214	LMO4
2214	RBBP8
2215	BRCA1
2215	LMO4
2215	RBBP8
2217	ATM
2217	FANCD2
2217	MDC1
2217	MRE11
2217	NBN
2217	RAD50
2218	MDC1
2218	MRE11
2218	NBN
2218	RAD50
2219	TERF1
2220	ERCC1
2220	ERCC4
2220	RAD52
2223	BLM
2223	TOP3A
2224	BLM
2224	MSH2
2224	MSH6
2224	RAD51
2224	TP53
2226	MSH2
2226	MSH6
2226	PRKCZ
2228	BLM
2228	RAD51D
2228	XRCC2
2231	PCNA
2233	CHAF1A
2233	MBD1
2233	SETDB1
2235	ASF1A
2235	ASF1B
2235	CHAF1A
2235	CHAF1B
2235	H3C1
2235	HIRA
2236	ASF1A
2236	ASF1B
2236	CHAF1B
2236	CHEK2
2236	H3C1
2236	NASP
2236	ST13
2237	ATF7IP2
2237	SP1
2238	ATF7IP
2238	MBD1
2238	SETDB1
2241	HTT
2241	OPTN
2241	RAB8A
2242	CALM1
2242	HTT
2242	TGM2
2243	HTT
2243	TGM2
2254	ACTB
2254	ACTG1
2254	CCN2
2255	ACTB
2255	CAP1
2255	CFL1
2256	APBB1IP
2256	RAP1A
2258	CHRNA4
2258	CHRNB2
2258	VSNL1
2266	PPP3CA
2266	PPP3CB
2266	RCAN1
2272	GRIA2
2272	GRIP1
2272	PICK1
2294	ABI1
2294	WASF2
2297	ABI1
2297	WASL
2307	AP3D1
2307	AP3S2
2308	AP3D1
2308	AP3S1
2318	ITGA6
2318	ITGB4
2318	LAMA5
2318	LAMB1
2318	LAMC1
2319	ITGA6
2319	ITGB4
2319	LAMA5
2319	LAMB2
2319	LAMC1
2320	CD151
2320	ITGA6
2320	ITGB4
2321	FYN
2321	ITGA6
2321	ITGB4
2322	ITGA6
2322	ITGB4
2322	LAMA5
2323	ITGA6
2323	ITGB4
2342	ITGAV
2342	ITGB8
2342	MMP14
2342	TGFB1
2343	ITGAV
2343	ITGB5
2343	PLAUR
2345	ICAM4
2345	ITGAV
2345	ITGB5
2346	ADAM9
2346	ITGAV
2346	ITGB5
2347	ITGAV
2347	ITGB5
2347	SPP1
2348	CCN1
2348	ITGAV
2348	ITGB5
2350	ITGAV
2350	ITGB5
2351	FN1
2351	FYN
2351	ITGB6
2352	ITGAV
2352	ITGB6
2352	SPP1
2353	ITGAV
2353	ITGB6
2353	TGFB3
2354	ITGAV
2354	ITGB6
2355	CD47
2355	FCER2
2355	ITGAV
2355	ITGB3
2356	CD47
2356	ITGAV
2356	ITGB3
2358	ITGAV
2358	ITGB3
2358	SPP1
2359	ADAM15
2359	ITGAV
2359	ITGB3
2362	F11R
2362	ITGAV
2362	ITGB3
2363	ITGAV
2363	ITGB3
2363	PTK2B
2363	PXN
2364	ADAM23
2364	ITGAV
2364	ITGB3
2365	COL4A3
2365	ITGAV
2365	ITGB3
2366	ITGAV
2366	ITGB3
2366	PLPP3
2369	EGFR
2369	ITGAV
2369	ITGB3
2370	CD9
2370	ITGA2B
2370	ITGB3
2374	ITGAV
2374	ITGB3
2374	LAMA4
2375	FN1
2375	TGM2
2376	FN1
2376	ITGA2B
2376	ITGB3
2376	TGM2
2377	CD47
2377	ITGA2B
2377	ITGB3
2377	SRC
2378	ITGA2B
2378	ITGB3
2378	TLN1
2379	CIB1
2379	ITGA2B
2379	ITGB3
2381	ITGA2B
2381	ITGB3
2382	F11R
2382	ITGA2B
2382	ITGB3
2383	FN1
2383	ITGA5
2383	ITGB1
2383	TGM2
2384	ADAM15
2384	ITGA5
2384	ITGB1
2385	ITGA5
2385	ITGB1
2390	ITGB1
2390	SLC3A2
2390	SLC7A8
2395	CD151
2395	ITGA7
2395	ITGB1
2396	CD9
2396	ITGA7
2396	ITGB1
2397	ITGA7
2397	ITGB1
2397	NMRK2
2398	BSG
2398	ITGA3
2398	ITGB1
2399	CD63
2399	ITGA3
2399	ITGB1
2401	ITGA3
2401	ITGB1
2401	THBS1
2406	ITGA3
2406	ITGB1
2411	CD151
2411	ITGA6
2411	ITGB1
2413	ITGA6
2413	ITGB1
2416	ITGB1
2416	PKD1
2416	RAP1A
2417	EMILIN1
2417	ITGA4
2417	ITGB1
2418	ITGA4
2418	ITGB1
2419	CD81
2419	ITGA4
2419	ITGB1
2420	CD53
2420	ITGA4
2420	ITGB1
2421	ITGA4
2421	ITGB1
2421	VCAM1
2422	ITGA4
2422	ITGB1
2422	JAM2
2423	CD47
2423	ITGA4
2423	ITGB1
2424	CD63
2424	ITGA4
2424	ITGB1
2426	ITGA4
2426	ITGB1
2426	THBS1
2428	ITGA4
2428	ITGB1
2428	THBS2
2429	CD47
2429	ITGA2
2429	ITGB1
2430	CHAD
2430	ITGA2
2430	ITGB1
2431	COL6A3
2431	ITGA2
2431	ITGB1
2432	ITGA2
2432	ITGB1
2434	COL6A3
2434	ITGA1
2434	ITGB1
2435	ITGA1
2435	ITGB1
2435	PTPN2
2436	ITGAV
2436	ITGB1
2437	CCN1
2437	ITGA6
2437	ITGB1
2439	ITGA8
2439	ITGB1
2440	ADAM9
2440	ITGA9
2440	ITGB1
2442	ITGA9
2442	ITGB1
2442	VCAM1
2443	ITGA9
2443	ITGB1
2443	TNC
2444	ITGA9
2444	ITGB1
2445	ADAM15
2445	ITGA9
2445	ITGB1
2446	ITGA9
2446	ITGB1
2446	VEGFD
2447	ADAM12
2447	ITGA9
2447	ITGB1
2453	CBLB
2453	EGFR
2453	SH3KBP1
2454	CBL
2454	EGFR
2454	SH3GL2
2454	SH3KBP1
2455	SH3GL2
2455	SH3KBP1
2456	CBL
2456	MET
2456	SH3GL3
2456	SH3KBP1
2457	SH3GL3
2457	SH3KBP1
2462	CAV1
2470	BCAR1
2470	ESR1
2470	PIK3R1
2470	SRC
2471	CDCP1
2471	PRKCD
2471	SRC
2476	CRK
2476	CRKL
2476	PDGFRA
2476	RAPGEF1
2480	BCAR1
2480	CBL
2480	CRK
2480	GRB2
2480	PIK3R1
2480	SH3KBP1
2480	SOS1
2486	GIPC1
2486	LHCGR
2487	GIPC1
2487	NTRK1
2487	RGS19
2489	CD247
2489	NCR3
2510	CRKL
2510	WAS
2510	WIPF1
2510	ZAP70
2511	CRKL
2511	WAS
2511	WIPF1
2513	WASL
2528	ERBB2
2528	MEMO1
2528	SHC1
2529	CBL
2529	GRB2
2529	LAT
2529	LCP2
2529	PIK3R1
2529	PLCG1
2529	VAV1
2534	CBL
2534	GRB2
2534	LCP2
2535	CBL
2535	GRB2
2535	LCP2
2535	SHC1
2536	GRB2
2536	LCP2
2536	LYN
2536	PLCG2
2537	PLCG2
2537	PLD1
2537	PRKCA
2541	HGF
2541	MET
2542	CBL
2542	EGFR
2542	GRB2
2547	LAT
2547	LCP2
2547	PLCG1
2547	SOS1
2559	CAMLG
2559	LCK
2563	CBL
2563	FGFR2
2563	FYN
2563	LYN
2564	FYN
2564	LYN
2564	RASA1
2564	YES1
2565	FYN
2565	LCK
2565	LYN
2565	MS4A1
2572	EEA1
2572	RAB5A
2573	EEA1
2573	RAB5A
2573	VPS11
2573	VPS16
2573	VPS18
2573	VPS39
2574	CD19
2574	PIK3R1
2574	VAV1
2579	AURKB
2579	BIRC5
2579	INCENP
2580	BIRC5
2581	AURKA
2581	BIRC5
2581	RASA1
2582	AURKB
2582	BIRC5
2582	CDCA8
2589	PPARGC1A
2589	SRSF4
2589	SRSF5
2589	SRSF6
2590	FHL2
2590	FOXO1
2590	SIRT1
2592	SIRT1
2593	FOXO3
2593	SIRT1
2598	NELFA
2598	NELFB
2598	NELFCD
2598	NELFE
2599	CCNT1
2599	CDK9
2599	CPSF2
2599	NCL
2599	POLR2A
2599	PPARGC1A
2600	BRD4
2600	CCNT1
2600	CDK9
2600	MED1
2600	MED12
2600	MED14
2600	MED17
2600	MED24
2601	BRD4
2601	CCNT1
2601	CDK9
2601	MED1
2604	CCNT1
2604	CDK9
2604	SKP2
2605	CCNT1
2605	GRN
2625	CDK8
2625	MED6
2625	PARP1
2626	CCNC
2626	CDK8
2626	MED1
2626	MED6
2626	MED7
2628	CCNC
2628	CDK3
2638	CDK7
2638	CREBBP
2638	EP300
2638	POLR2A
2638	RBPJ
2638	SUPT6H
2639	CCNT1
2639	CDK7
2639	CDK8
2639	CDK9
2639	EP300
2639	INPP5K
2639	MAML1
2639	MED1
2639	NOTCH1
2639	POLR2A
2639	RBPJ
2639	SUPT16H
2639	SUPT6H
2641	CREBBP
2641	KAT2B
2641	MYOD1
2642	EP300
2642	SMAD1
2649	DNMT3A
2649	MYC
2649	ZBTB17
2653	KAT2A
2653	MAX
2653	MYC
2653	TRRAP
2657	CCNH
2657	CDK7
2657	ESR1
2657	HDAC2
2657	MNAT1
2657	MTA1
2670	ESR1
2670	MDM2
2670	TP53
2678	FOXO3
2678	TP53
2679	SP1
2679	TP53
2681	TP53
2685	CTDP1
2685	GTF2B
2685	GTF2F1
2685	GTF2F2
2685	POLR2A
2685	POLR2B
2685	POLR2C
2685	POLR2D
2685	POLR2E
2685	POLR2F
2685	POLR2G
2685	POLR2H
2685	POLR2I
2685	POLR2J
2685	POLR2K
2685	POLR2L
2685	RPAP1
2686	BRCA1
2686	POLR2A
2686	POLR2B
2686	POLR2C
2686	POLR2D
2686	POLR2E
2686	POLR2F
2686	POLR2G
2686	POLR2H
2686	POLR2I
2686	POLR2J
2686	POLR2K
2686	POLR2L
2688	CLDN1
2688	MMP14
2692	FOS
2692	JUN
2692	SMAD3
2692	SMAD4
2693	FOS
2693	JUN
2693	NFATC2
2694	ERG
2694	FOS
2694	JUN
2695	ETS2
2695	FOS
2695	JUN
2699	ESR1
2699	GRIP1
2699	JUN
2700	ESR1
2700	JUN
2704	SMAD4
2704	TRIM33
2705	CTCF
2705	SMAD3
2705	SMAD4
2706	SMAD3
2706	SMAD4
2706	SP1
2707	FOXG1
2707	FOXO3
2707	SMAD3
2707	SMAD4
2708	JUN
2708	SMAD3
2708	SMAD4
2709	LRP1
2709	MMP9
2709	TIMP1
2714	CHEK1
2714	CUL1
2715	COPS8
2715	CUL1
2715	CUL2
2715	CUL3
2715	GPS1
2715	RBX1
2715	SKP1
2715	SKP2
2716	ELP1
2716	ELP2
2716	ELP3
2717	RIGI
2717	TRIM25
2718	CDC20
2718	MAD2L1
2719	CSNK2A1
2719	CSNK2A2
2719	CSNK2B
2719	HMGB1
2720	CSNK2A1
2720	CSNK2A2
2720	CSNK2B
2721	ASH2L
2721	HCFC1
2721	HDAC1
2721	HDAC2
2721	HSP90AA1
2721	HSPA4
2721	HSPA5
2721	HSPA8
2721	OGT
2721	RBBP4
2721	RBBP7
2721	SAP30
2721	SETD1A
2721	SIN3A
2721	SIN3B
2721	SP1
2721	SUDS3
2721	WDR5
2723	ATM
2723	NBN
2724	BTRC
2724	CUL1
2724	NFKBIA
2724	SKP1
2725	CUL1
2725	FBXW11
2725	NFKBIA
2725	SKP1
2726	ITGB5
2726	PTK2
2726	PXN
2727	CHUK
2727	CREBBP
2727	IKBKB
2727	IKBKG
2727	NCOA2
2727	NCOA3
2727	RO60
2728	CREBBP
2728	NCOA1
2728	NCOA2
2728	RO60
2730	ASH2L
2730	CXXC1
2730	RBBP5
2730	SETD1B
2730	WDR5
2730	WDR82
2731	ASH2L
2731	CXXC1
2731	RBBP5
2731	SETD1A
2731	WDR5
2731	WDR82
2734	APH1A
2734	NCSTN
2734	PSEN1
2735	APH1A
2735	NCSTN
2735	PSEN2
2736	LINGO1
2736	RTN4R
2736	TNFRSF19
2738	BLM
2738	RMI1
2738	RPA1
2738	RPA2
2738	RPA3
2738	TOP3A
2739	BLM
2739	FANCA
2739	FANCB
2739	FANCC
2739	FANCE
2739	FANCF
2739	FANCG
2739	FANCL
2739	RMI1
2739	RPA1
2739	TOP3A
2743	MALT1
2743	TRAF6
2744	MALT1
2744	TRAF2
2745	BCL10
2745	CARD11
2745	MALT1
2745	TRAF6
2749	ATF7IP
2749	SETDB1
2752	BCL10
2752	CARD11
2752	MALT1
2753	BCL10
2753	CARD11
2753	FYB1
2753	MALT1
2754	FOSB
2754	JUND
2754	SMAD3
2754	SMAD4
2755	CHERP
2755	DDX46
2755	DHX15
2755	DNAJC8
2755	HMG20B
2755	HSPD1
2755	PHF5A
2755	PUF60
2755	RBM17
2755	SF3A1
2755	SF3A2
2755	SF3A3
2755	SF3B1
2755	SF3B2
2755	SF3B3
2755	SF3B4
2755	SF3B5
2755	SF3B6
2755	SMNDC1
2755	SNRPA1
2755	SNRPB
2755	SNRPB2
2755	SNRPD1
2755	SNRPD2
2755	SNRPD3
2755	SNRPE
2755	SNRPF
2755	SNRPG
2755	SRSF1
2755	TRAP1
2755	U2AF1
2755	U2AF2
2755	U2SURP
2756	UBE2N
2756	UBE2V2
2757	LSM10
2757	LSM11
2757	SNRPB
2757	SNRPD3
2757	SNRPE
2757	SNRPF
2757	SNRPG
2758	MAP3K7
2758	TAB1
2758	TAB2
2759	ATF7IP
2759	MBD1
2760	FOXO3
2760	SMAD3
2760	SMAD4
2761	FOXO1
2761	SMAD3
2761	SMAD4
2762	FOXO4
2762	SMAD3
2762	SMAD4
2763	CBX5
2763	MBD1
2763	SUV39H1
2764	PRMT5
2765	PRMT1
2766	MRE11
2766	RAD50
2766	TERF2
2766	TERF2IP
2766	TINF2
2766	XRCC5
2766	XRCC6
2770	CD9
2770	ITGA6
2770	ITGB4
2772	CRY1
2772	CUL1
2772	FBXL3
2772	SKP1
2773	CRY2
2773	CUL1
2773	FBXL3
2773	SKP1
2774	H2AX
2774	MDC1
2774	TP53BP1
2775	MDC1
2775	SMC1A
2775	TP53BP1
2776	BRCA1
2776	RAD50
2783	BARD1
2783	BRCA1
2783	CSTF2
2786	ABRAXAS1
2786	BARD1
2786	BRCA1
2786	UIMC1
2787	BARD1
2787	BRCA1
2787	RBBP8
2787	UIMC1
2788	BACH1
2788	BARD1
2788	BRCA1
2789	ERG
2789	ETS2
2790	ETS1
2790	ETS2
2791	MCM4
2791	MCM6
2791	MCM7
2792	MCM2
2792	MCM4
2792	MCM6
2792	MCM7
2797	CHTF18
2797	PCNA
2797	RFC2
2797	RFC3
2797	RFC4
2797	RFC5
2798	CLDN1
2798	MMP2
2801	POU5F1
2801	SOX2
2802	POU2F1
2802	SOX2
2803	PAX6
2803	SOX2
2804	CHTF18
2804	CHTF8
2804	DSCC1
2804	RFC2
2804	RFC3
2804	RFC4
2804	RFC5
2805	CHTF8
2805	DSCC1
2809	APEX1
2809	HUS1
2809	RAD1
2809	RAD9A
2811	ABL1
2811	BRCA1
2812	POLR2B
2812	POLR2C
2812	RPAP1
2813	BRCA1
2813	SMAD3
2814	BRCA1
2814	HDAC1
2814	HDAC2
2815	BACH1
2815	BARD1
2815	BRCA1
2815	MRE11
2815	NBN
2815	RAD50
2815	RBBP8
2815	TOPBP1
2816	ITGAV
2816	ITGB3
2817	BACH1
2817	BARD1
2817	BRCA1
2817	MLH1
2817	MSH6
2817	TOPBP1
2818	BARD1
2818	BRCA1
2818	BRCA2
2819	BRCA1
2819	CTBP1
2819	RBBP8
2820	BRCA1
2820	VCP
2821	SIRT1
2821	TP53
2822	BARD1
2822	BRCA1
2822	UBE2D3
2823	BARD1
2823	BRCA1
2823	UBE2L3
2824	BRCA1
2824	RAD51
2825	BRCA1
2825	ERCC2
2825	ERCC3
2825	GTF2B
2825	GTF2E1
2825	GTF2E2
2825	GTF2F1
2825	GTF2F2
2825	GTF2H1
2825	GTF2H2
2825	GTF2H3
2825	GTF2H4
2825	MED21
2825	POLR2A
2825	POLR2B
2825	POLR2C
2825	POLR2D
2825	POLR2E
2825	POLR2F
2825	POLR2G
2825	POLR2H
2825	POLR2I
2825	POLR2J
2825	POLR2K
2825	POLR2L
2825	TBP
2826	ITGAV
2826	ITGB3
2826	VTN
2829	ARID1B
2829	CREBBP
2829	NCOA3
2829	SMAD2
2829	SMAD3
2829	SMAD4
2829	SMARCA4
2829	SMARCC1
2829	SMARCC2
2829	TRIM33
2830	SMAD2
2830	SMAD3
2830	TRIM33
2833	SRRM1
2833	SRRM2
2834	SMAD2
2834	SMAD3
2834	SMAD4
2838	CLNS1A
2838	PRMT5
2838	WDR77
2839	ATRX
2839	DAXX
2842	AXIN1
2842	DAXX
2842	HIPK2
2842	TP53
2844	AXIN1
2844	HIPK2
2844	TP53
2846	ITGAV
2846	ITGB3
2846	THBS1
2847	ING4
2847	JADE2
2847	KAT7
2847	MEAF6
2848	ING4
2848	JADE3
2848	KAT7
2848	MEAF6
2849	CCN3
2849	ITGAV
2849	ITGB3
2850	CCN3
2850	FN1
2850	ITGA5
2850	ITGB1
2851	ARID4A
2851	ARID4B
2851	BRMS1
2851	BRMS1L
2851	HDAC1
2851	HDAC2
2851	ING2
2851	RBBP4
2851	RBBP7
2851	SAP130
2851	SAP30
2851	SIN3A
2851	SUDS3
2852	ACTL6A
2852	SMARCB1
2852	SMARCC1
2852	SMARCC2
2853	COL18A1
2853	ITGA5
2853	ITGB1
2856	ACTL6A
2856	BRD8
2856	DMAP1
2856	EP400
2856	EPC1
2856	ING3
2856	KAT5
2856	MORF4L1
2856	RUVBL1
2856	TRRAP
2857	ACTL6A
2857	BRD8
2857	DMAP1
2857	EP400
2857	EPC1
2857	EPC2
2857	ING3
2857	KAT5
2857	MEAF6
2857	MORF4L1
2857	RUVBL1
2857	RUVBL2
2857	TRRAP
2857	YEATS4
2858	ING5
2858	JADE1
2858	KAT7
2858	MEAF6
2859	BRPF1
2859	ING5
2859	KAT6A
2859	KAT6B
2859	MEAF6
2861	SUPT4H1
2861	SUPT5H
2863	SPTLC1
2863	SPTLC3
2872	CD47
2872	CD9
2872	GP1BA
2872	ITGA2B
2872	ITGB3
2873	CCNT1
2873	CDK9
2873	HEXIM1
2875	BRD4
2875	CCNT1
2875	CDK9
2879	FYN
2879	LCK
2879	MS4A1
2880	CUL1
2880	FBXW11
2880	SKP1
2881	BTRC
2881	CUL1
2881	RBX1
2881	SKP1
2882	COL6A3
2882	ITGA5
2882	ITGB3
2884	MT-ND1
2884	NDUFA6
2884	NDUFA9
2884	NDUFAF1
2884	NDUFB6
2884	NDUFS3
2884	NDUFS7
2885	ITGAV
2885	ITGB1
2885	SPP1
2886	MT-ND1
2886	MT-ND2
2886	MT-ND3
2886	NDUFAF1
2890	MAML1
2890	NOTCH1
2890	RBPJ
2892	BCR/ABL FUSION
2892	GRB2
2893	BCR/ABL FUSION
2893	GRB2
2893	SOS1
2895	GRB2
2895	SHC1
2896	CD47
2896	ITGA2B
2896	ITGB3
2896	PTK2
2898	NDUFA9
2898	NDUFS2
2898	NDUFS3
2901	MT-ND1
2901	NDUFA9
2901	NDUFS2
2901	NDUFS3
2903	MT-ND1
2903	NDUFA2
2903	NDUFA9
2903	NDUFS2
2903	NDUFS3
2904	MT-ND1
2904	NDUFA2
2904	NDUFA6
2904	NDUFA9
2904	NDUFS2
2904	NDUFS3
2904	NDUFS4
2904	NDUFS5
2904	NDUFS7
2904	NDUFV2
2905	MT-ND1
2905	NDUFA2
2905	NDUFA6
2905	NDUFA9
2905	NDUFB6
2905	NDUFS2
2905	NDUFS3
2905	NDUFS4
2905	NDUFS5
2905	NDUFS7
2905	NDUFV2
2906	NDUFS4
2906	NDUFS7
2906	NDUFV2
2907	NOTCH1
2907	RBPJ
2908	RBPJ
2908	SPEN
2909	FCGR1A
2909	LAT
2909	PLCG2
2909	SYK
2910	FCGR1A
2910	LYN
2910	PLCG2
2911	NCOR2
2911	RBPJ
2911	SNW1
2912	LCP2
2912	PLCG2
2913	LAT
2913	PLCG2
2914	MT-ND4
2914	MT-ND5
2914	NDUFA4
2914	NDUFAB1
2914	NDUFB1
2914	NDUFB10
2914	NDUFB11
2914	NDUFB2
2914	NDUFB3
2914	NDUFB4
2914	NDUFB5
2914	NDUFB6
2914	NDUFB7
2914	NDUFB8
2914	NDUFB9
2914	NDUFC2
2918	XRCC5
2918	XRCC6
2918	YY1
2919	MT-ND1
2919	MT-ND2
2919	MT-ND3
2919	MT-ND4L
2919	MT-ND6
2919	NDUFA1
2919	NDUFA10
2919	NDUFA3
2919	NDUFA6
2919	NDUFA8
2919	NDUFA9
2919	NDUFC1
2919	NDUFS5
2920	NDUFA11
2920	NDUFA12
2920	NDUFA13
2920	NDUFA2
2920	NDUFA5
2920	NDUFA7
2920	NDUFS1
2920	NDUFS2
2920	NDUFS3
2920	NDUFS4
2920	NDUFS6
2920	NDUFS7
2920	NDUFS8
2920	NDUFV1
2920	NDUFV2
2920	NDUFV3
2921	CTBP1
2921	CTBP2
2921	SPEN
2922	GRB2
2922	LAT
2922	PIK3R1
2922	PLCG1
2922	SOS1
2923	CTBP1
2923	RBBP8
2923	SPEN
2930	RBBP8
2930	RBPJ
2930	SPEN
2931	CTBP1
2931	RBBP8
2931	RBPJ
2931	SPEN
2936	ECSIT
2936	GAPDH
2936	MT-CO2
2936	NDUFAF1
2936	TRAF6
2937	PTF1A
2937	TCF12
2938	ECSIT
2938	NDUFS3
2938	TOMM20
2939	ECSIT
2939	MT-CO2
2939	MT-ND1
2939	NDUFA1
2939	NDUFAF1
2939	TRAF6
2942	ECSIT
2942	NDUFAF1
2942	NDUFS3
2943	MT-ND1
2943	NDUFAF1
2944	LCK
2944	NOTCH1
2944	PIK3R1
2945	FHL1
2945	RBPJ
2945	RING1
2946	NOTCH1
2946	RBPJ
2946	YY1
2947	NOTCH1
2947	YY1
2948	NDUFA10
2948	NDUFA9
2948	NDUFB8
2948	NDUFS1
2948	NDUFS2
2948	NDUFS4
2948	NDUFS6
2948	NDUFS7
2948	NDUFV1
2948	NDUFV2
2948	NDUFV3
2955	LAT
2955	LCK
2955	LCP2
2955	PLCG1
2956	CBL
2956	LAT
2956	PLCG1
2957	GRB2
2957	LAT
2958	CREBBP
2958	SMAD1
2960	ITK
2960	LCP2
2960	PLCG1
2961	LCP2
2961	PLCG1
2961	VAV1
2962	BCAR1
2962	CRK
2962	DOCK1
2963	ITK
2963	LCP2
2966	GNAI1
2966	GPSM2
2966	NUMA1
2968	AXIN1
2968	SMAD3
2970	MLST8
2970	MTOR
2970	RPTOR
2971	ITGA9
2971	ITGB1
2971	VEGFC
2972	ITGA9
2972	ITGB1
2972	VEGFA
2975	E2F4
2975	E2F5
2975	RBL1
2975	SMAD3
2975	TFDP1
2985	MTOR
2985	RPTOR
2989	ADAM8
2989	ITGA9
2989	ITGB1
2992	SMAD7
2992	SMURF2
2996	SMAD7
2996	SMURF1
2997	SMAD7
2997	SMURF1
2997	TGFBR1
2997	TGFBR2
2998	AXIN1
2998	CTNNB1
2998	GSK3B
2998	PPP2R5A
3004	APC
3004	AXIN1
3004	CTNNB1
3008	APC
3008	IQGAP1
3008	TUBA1A
3008	TUBG1
3011	APC
3011	IQGAP1
3011	RAC1
3012	APC
3012	CDC42
3012	IQGAP1
3015	CCNE1
3015	CDK2
3015	CDKN1B
3015	CKS1B
3015	CUL1
3015	RBX1
3015	SKP1
3015	SKP2
3025	TGFB3
3025	TGFBR2
3026	TGFB1
3026	TGFBR2
3028	TGFB3
3028	TGFBR1
3028	TGFBR2
3031	TGFB1
3031	TGFBR1
3031	TGFBR2
3032	AGO2
3032	DICER1
3032	HSP90AB1
3032	TARBP2
3033	PSMG3
3033	PSMG4
3034	PSMG1
3034	PSMG2
3035	ITGB1
3035	SLC7A8
3036	CKS1B
3036	CUL1
3036	RBX1
3036	SKP1
3036	SKP2
3038	FOXH1
3038	SMAD2
3038	SMAD4
3039	FOXH1
3039	SMAD2
3040	AIMP1
3040	AIMP2
3040	DARS1
3040	EEF1E1
3040	EPRS1
3040	IARS1
3040	KARS1
3040	LARS1
3040	MARS1
3040	QARS1
3040	RARS1
3041	TGFBR2
3043	BMP2
3043	BMP4
3043	BMPR1A
3044	HDAC1
3044	NCOR1
3044	SIN3A
3044	SKI
3045	NFKB1
3045	POU2F1
3045	POU2F2
3045	RELA
3045	YY1
3046	RELB
3046	YY1
3048	HDAC1
3048	HDAC2
3048	RBBP4
3048	RBBP7
3048	SIN3A
3051	MAX
3051	MXD1
3052	MAX
3052	MYC
3053	HDAC1
3053	HDAC2
3053	SIN3A
3054	HDAC2
3054	MXD1
3054	SIN3A
3055	ACTA2
3055	ACTG2
3055	BRIX1
3055	DDX21
3055	DHX9
3055	EBNA1BP2
3055	EEF1A1
3055	EEF2
3055	FBL
3055	GNL3
3055	H1-10
3055	H1-3
3055	H2BC14
3055	HNRNPA1
3055	HNRNPM
3055	HNRNPU
3055	IGF2BP1
3055	ILF2
3055	ILF3
3055	LUC7L2
3055	LYAR
3055	MYBBP1A
3055	NAP1L1
3055	NCL
3055	NOLC1
3055	NOP56
3055	NOP58
3055	NPM1
3055	PWP1
3055	RBM28
3055	RPL10
3055	RPL10A
3055	RPL11
3055	RPL12
3055	RPL13
3055	RPL13A
3055	RPL14
3055	RPL15
3055	RPL17
3055	RPL18
3055	RPL18A
3055	RPL19
3055	RPL21
3055	RPL22
3055	RPL23
3055	RPL23A
3055	RPL24
3055	RPL26
3055	RPL27
3055	RPL27A
3055	RPL28
3055	RPL29
3055	RPL3
3055	RPL30
3055	RPL31
3055	RPL32
3055	RPL35
3055	RPL35A
3055	RPL36
3055	RPL36A
3055	RPL37A
3055	RPL39
3055	RPL4
3055	RPL5
3055	RPL6
3055	RPL7
3055	RPL7A
3055	RPL8
3055	RPL9
3055	RPLP0
3055	RPLP1
3055	RPLP2
3055	RPS11
3055	RPS12
3055	RPS13
3055	RPS14
3055	RPS15
3055	RPS15A
3055	RPS16
3055	RPS17
3055	RPS18
3055	RPS2
3055	RPS23
3055	RPS24
3055	RPS29
3055	RPS3A
3055	RPS6
3055	RPS7
3055	RPS8
3055	RPS9
3055	RSL1D1
3055	SCYL2
3055	SLC25A5
3055	SNU13
3055	SRP14
3055	SRPK1
3055	TCOF1
3055	TOP1
3055	TUBA1A
3055	TUBB1
3055	TUFM
3055	U2AF1
3055	U2AF2
3055	YBX1
3056	DGCR8
3056	DROSHA
3057	ITGA10
3057	ITGB1
3058	ITGA11
3058	ITGB1
3059	COL1A1
3059	ITGA11
3059	ITGB1
3060	CCNC
3060	CDK8
3060	GTF2F1
3060	MED21
3060	POLR2A
3060	SMARCA2
3060	SMARCB1
3061	CCNC
3061	CDK8
3061	CREBBP
3061	KAT2B
3061	POLR2A
3061	SMARCB1
3062	CREBBP
3062	KAT2B
3062	POLR2A
3062	SMARCB1
3063	ACTL6A
3063	ARID1A
3063	PRMT5
3063	SMARCA4
3063	SMARCB1
3063	SMARCC1
3063	SMARCC2
3064	CCNC
3064	CDK8
3064	DRAP1
3064	GTF2B
3064	GTF2E1
3064	GTF2F1
3064	GTF2H1
3064	MED21
3064	PCSK4
3064	POLR2A
3064	SMARCA2
3064	SMARCB1
3064	SMARCC1
3064	SMARCC2
3064	SMARCD1
3064	TBP
3065	ACTL6A
3065	CCNC
3065	CDK8
3065	MED21
3065	SMARCB1
3065	SMARCC1
3065	SMARCC2
3065	SMARCD1
3065	SMARCE1
3066	CCNC
3066	CDK8
3066	CREBBP
3066	ERCC3
3066	GTF2B
3066	GTF2F1
3066	GTF2H3
3066	KAT2B
3066	MED21
3066	POLR2A
3066	SMARCA2
3066	SMARCA4
3066	SMARCB1
3067	CCNC
3067	CCNH
3067	CDK8
3067	GTF2F1
3067	MED21
3067	SMARCB1
3067	SMARCC1
3067	SMARCC2
3070	CHTF18
3070	CHTF8
3070	DSCC1
3070	POLH
3070	RFC2
3070	RFC3
3070	RFC4
3070	RFC5
3071	ARMC8
3071	MAEA
3071	MKLN1
3071	RANBP9
3071	RMND5A
3075	ASH2L
3075	KDM6A
3075	KMT2C
3075	KMT2D
3075	N4BP2
3075	NCOA6
3075	PAXIP1
3075	PPP6R3
3075	PROSER1
3075	RBBP5
3075	WDR5
3075	ZNF281
3078	DGCR8
3078	NCL
3079	DGCR8
3079	ILF3
3080	ILF3
3080	XPO5
3082	DDX17
3082	DDX5
3082	DGCR8
3082	DHX9
3082	FUS
3082	HNRNPH1
3082	HNRNPR
3082	HNRNPU
3082	HSPA5
3082	ILF3
3082	NCL
3084	CCND1
3084	CDK4
3085	CCND2
3085	CDK4
3086	CCND3
3086	CDK4
3087	CCND1
3087	CDK6
3088	CCND2
3088	CDK6
3089	CCND3
3089	CDK6
3092	APP
3092	TOMM40
3093	APP
3093	TIMM23
3096	GRB2
3096	ITGA6
3096	ITGB4
3096	SHC1
3099	COIL
3099	TIMM50
3102	ADAR
3102	DHX9
3102	HDLBP
3102	PRKDC
3102	XRCC5
3102	XRCC6
3103	ITGAV
3103	ITGB3
3103	SLC3A2
3104	ITGB1
3104	NRP1
3110	GNA12
3110	ITGAV
3110	P2RY2
3111	ITGA9
3111	ITGB1
3111	SPP1
3112	ITGA5
3112	ITGB1
3112	SPP1
3115	ICAM4
3115	ITGA2B
3115	ITGB3
3117	ITGAV
3117	ITGB5
3117	VTN
3118	GEMIN2
3118	SMN1
3118	SNRPB
3118	SNRPD1
3118	SNRPD2
3118	SNRPD3
3118	SNRPE
3120	POU2AF1
3120	POU2F1
3120	TLE1
3121	POU2F2
3121	TLE4
3123	TLE2
3124	TLE1
3124	TLE2
3127	H3C1
3127	TLE1
3128	APH1B
3128	NCSTN
3128	PSEN1
3128	PSENEN
3129	DHX9
3129	SND1
3129	STAT6
3132	POU2AF1
3132	POU2F1
3133	PIK3CA
3133	PIK3R1
3135	HSPA4
3135	NCL
3135	NONO
3135	NPM1
3135	PARP1
3135	RAD50
3135	TLE1
3135	TOP2B
3137	CREBBP
3137	H3C1
3137	H4C1
3137	HES1
3137	KAT2B
3137	NONO
3137	PARP1
3137	POLR2A
3137	SRC
3138	AKT2
3138	SH3RF1
3140	CALCRL
3140	RAMP2
3141	CALCRL
3141	RAMP3
3142	CAMK2D
3142	CREBBP
3142	HES1
3142	KAT2B
3142	NONO
3142	PARP1
3142	POLR2A
3142	SRC
3144	GRB2
3144	SOS1
3149	HDAC1
3149	HIPK2
3149	NKX3-1
3149	RBBP4
3149	SIN3A
3149	TLE1
3150	NKX3-1
3150	TLE1
3151	PRDX1
3151	SRXN1
3153	ARHGEF25
3153	GNAQ
3153	RHOA
3154	DLL1
3154	NOTCH2
3155	CTNNB1
3155	TCF7L2
3156	HDAC1
3156	NCOR2
3156	RBPJ
3157	PRLR
3158	APBB1IP
3158	PFN1
3158	RAP1A
3159	APBB1IP
3159	PFN1
3160	APBB1IP
3160	VASP
3161	PRLR
3162	F10
3162	F3
3162	F7
3162	TFPI
3164	HESX1
3164	TLE1
3166	APC
3166	AXIN1
3166	CTNNB1
3166	GSK3B
3167	HDAC1
3167	HDAC2
3167	HESX1
3167	NCOR2
3167	SIN3A
3167	SIN3B
3168	AXIN1
3168	DAXX
3170	AXIN1
3170	DAXX
3170	TP53
3172	MDM2
3172	NUMB
3172	TP53
3173	SH3KBP1
3174	BLNK
3174	SH3KBP1
3176	USP1
3176	WDR48
3177	ARHGEF1
3177	GNA14
3181	CREB1
3181	LMO4
3182	FHL2
3183	PDGFRA
3183	PTPN11
3184	FHL3
3186	GRB2
3186	PTPN11
3187	FHL2
3187	FHL3
3189	CREB1
3189	FHL2
3190	CREB1
3190	FHL3
3197	SKI
3197	SKIL
3197	SMAD4
3198	SKI
3198	SMAD2
3199	SKI
3199	SMAD3
3200	SKI
3200	SMAD4
3204	NCOR1
3204	SKI
3204	SMAD2
3205	NCOR1
3205	SKI
3205	SMAD3
3206	NCOR1
3206	SKI
3206	SMAD4
3207	APBA1
3207	CASK
3207	DLG1
3207	LIN7A
3208	CASK
3208	LIN7A
3209	CASK
3209	DLG1
3213	HCST
3213	KLRK1
3213	ULBP1
3229	CDK9
3229	IL6ST
3231	EPS15
3231	STON2
3233	FOXH1
3233	SMAD2
3233	SMAD4
3233	TGIF1
3234	FOXH1
3234	HDAC1
3234	SMAD2
3234	SMAD4
3234	TGIF1
3262	SCAMP1
3262	SCAMP2
3262	SCAMP3
3263	HDAC1
3263	HEY2
3263	NCOR2
3263	SIN3A
3269	HDAC1
3269	RB1
3269	SMARCA4
3270	DLL1
3271	APH1A
3271	DLL1
3271	NCSTN
3271	PSEN1
3271	PSENEN
3284	DDX20
3284	GEMIN2
3284	GEMIN4
3284	GEMIN5
3284	SMN1
3296	DDX20
3296	GEMIN4
3296	GEMIN5
3297	GEMIN6
3297	GEMIN7
3297	STRAP
3298	GEMIN2
3298	GEMIN5
3298	SMN1
3335	NAIP
3458	NPM1
3458	NPM3
3492	BAX
3525	COG5
3525	COG6
3525	COG7
3525	COG8
3530	COG5
3530	COG7
3532	COG1
3532	COG8
3544	COG2
3544	COG3
3544	COG4
3545	COG5
3545	COG6
3545	COG7
3551	COG1
3551	COG2
3551	COG3
3551	COG4
3551	COG8
3552	COG1
3552	COG5
3552	COG6
3552	COG7
3552	COG8
3618	DHX9
3618	H2AX
3618	XRCC6
3677	HGS
3677	RIN1
3677	STAM2
3678	EGFR
3678	RIN1
3678	STAM2
3710	BMP2
3710	CHRDL2
3711	BMP2
3711	CHRDL2
3711	TWSG1
3739	SKI
3739	SMAD2
3739	SMAD4
3740	SKI
3740	SMAD3
3740	SMAD4
3749	CREBBP
3749	SMAD2
3750	CREBBP
3750	SMAD3
3753	CREBBP
3753	SMAD2
3753	SMAD4
3754	CREBBP
3754	SMAD3
3754	SMAD4
3828	DNAJC14
3828	PDCL
3830	ADRB2
3847	AKT1
3847	TCL1A
3848	AKT2
3848	TCL1A
3849	TCL1A
3853	HDAC1
3853	RB1
3900	E2F1
3900	GABPB2
3900	TFDP1
3917	GATA4
3917	MYOCD
3917	SRF
3941	RAB11A
3941	RAB11FIP1
3961	HDAC1
3961	SIN3A
3961	SKI
3961	SMAD3
3972	SKIL
3972	SMAD3
3972	SMURF2
3979	MAPKAP1
3979	MLST8
3979	MTOR
3979	RICTOR
3988	CLPP
3991	CLPX
3992	CLPP
3992	CLPX
4025	ACTN1
4025	PARVB
4039	BACE1
4039	PAWR
4043	ARNT
4043	EPAS1
4043	IKBKG
4062	KDR
4062	NRP1
4062	VEGFA
4072	CUL1
4072	RBX1
4072	SKP1
4082	WRN
4082	XRCC5
4082	XRCC6
4089	HOXC8
4089	SMAD6
4090	HOXA9
4090	SMAD6
4095	CTNNAL1
4095	CTNNB1
4096	CTNNA1
4096	CTNNB1
4151	AXIN1
4151	GSK3B
4151	TSC1
4151	TSC2
4158	CALM1
4158	FKBP8
4158	HSP90AA1
4200	DNM1L
4200	FIS1
4216	HNRNPU
4216	NR3C1
4389	EIF3A
4389	EIF3B
4389	EIF3G
4389	EIF3I
4392	EIF3A
4392	EIF3B
4392	EIF3C
4392	EIF3G
4392	EIF3I
4395	EIF3B
4395	EIF3G
4395	EIF3I
4399	EIF3B
4399	EIF3I
4399	EIF3J
4403	EIF3A
4403	EIF3B
4403	EIF3G
4403	EIF3I
4403	EIF3J
4478	NFYA
4478	NFYB
4478	NFYC
4498	C1QBP
4498	NFYA
4498	NFYB
4498	NFYC
4869	ADRB1
4869	AKAP5
4869	DLG1
4869	PRKAR2A
4976	DERL1
4976	SVIP
4976	VCP
4977	AMFR
4977	DERL1
4977	VCP
4997	DERL1
4997	SELENOS
4997	VCP
4998	DERL2
4998	SELENOS
4998	VCP
4999	DERL1
4999	DERL2
4999	SEL1L
4999	SELENOS
4999	SYVN1
4999	VCP
5099	E2F4
5099	RB1
5100	CCND3
5100	CDK4
5100	CDK6
5101	CCND3
5101	CDK4
5101	CDK6
5101	CDKN1A
5107	CCND2
5107	CDK4
5107	SERTAD1
5117	DNMT1
5117	E2F4
5117	E2F5
5117	HDAC1
5117	RBL2
5117	SUV39H1
5118	E2F4
5118	E2F5
5118	EP300
5118	HDAC1
5118	RBL2
5118	SUV39H1
5144	CCNA2
5144	E2F1
5144	RBL1
5146	RB1
5146	TFAP2A
5153	CTCF
5153	SET
5154	CTCF
5154	NPM1
5159	CCNE1
5159	E2F4
5159	RBL1
5160	E2F4
5160	RBL2
5162	ELK1
5162	ELK3
5162	SRF
5165	AP1G1
5165	FURIN
5165	PACS1
5176	MDC1
5176	PRKDC
5176	XRCC5
5176	XRCC6
5177	ACTN1
5177	BCAR1
5177	CDH1
5177	CTNNB1
5177	JUP
5177	PKD1
5177	PTK2
5177	PXN
5177	SRC
5177	TLN1
5177	VCL
5178	JAK2
5178	PTAFR
5178	TYK2
5179	NCOA6
5179	NUMA1
5179	PARP1
5179	PRKDC
5179	TOP1
5179	XRCC5
5179	XRCC6
5183	EIF2S1
5183	EIF2S2
5183	EIF2S3
5183	ILF2
5183	ILF3
5183	PRKDC
5183	XRCC5
5183	XRCC6
5184	HDAC1
5184	MECP2
5184	SIN3A
5184	SMARCA2
5184	SMARCE1
5189	CABIN1
5189	CALM1
5189	YWHAQ
5190	EFNB1
5190	EPHA2
5190	TIAM1
5193	CHUK
5193	IKBKG
5193	KPNA3
5193	NFKB1
5193	NFKB2
5193	NFKBIA
5193	NFKBIB
5193	NFKBIE
5193	REL
5193	RELA
5193	RELB
5193	TNIP2
5194	CHUK
5194	FBXW7
5194	IKBKB
5194	IKBKG
5194	MAP3K14
5194	NFKB2
5194	REL
5194	RELA
5194	SEC16A
5194	USP2
5195	ASH2L
5195	DPY30
5195	KDM6A
5195	KMT2B
5195	KMT2C
5195	NCOA6
5195	PAGR1
5195	PAXIP1
5195	RBBP5
5195	WDR5
5196	ANKRD28
5196	BTRC
5196	CHUK
5196	CUL1
5196	IKBKE
5196	NFKB2
5196	PPP6C
5196	PPP6R1
5196	PPP6R2
5196	REL
5196	RELA
5196	SKP1
5197	BLM
5197	MRE11
5197	NBN
5197	PAXIP1
5197	RAD50
5197	TP53BP1
5198	CREBBP
5198	NCOA1
5198	RARA
5198	RXRA
5199	CDC37
5199	HSP90AA1
5199	HSP90AB1
5199	HSPA4
5199	MAP2K5
5199	MAP3K3
5199	MARK2
5199	PDRG1
5199	PFDN2
5199	TRAF7
5199	YWHAB
5199	YWHAE
5199	YWHAG
5199	YWHAH
5199	YWHAQ
5199	YWHAZ
5209	PSMA1
5209	PSMA2
5209	PSMA6
5209	UBE3A
5209	UBQLN1
5209	UBQLN2
5210	TANK
5210	TRAF2
5210	TRAF3
5212	AZI2
5212	CDC37
5212	HSP90AA1
5212	HSP90AB1
5212	TANK
5212	TBK1
5212	TBKBP1
5212	TRAF2
5213	PEX1
5213	PEX26
5213	PEX6
5215	CS
5215	TAB1
5215	TAB2
5217	CALR
5220	AKAP8L
5220	CHUK
5220	IQGAP2
5220	RELA
5220	TNIP2
5222	LAMTOR2
5222	LAMTOR3
5222	MAP2K1
5223	CSNK2A2
5223	CSNK2B
5225	CSNK2A1
5225	CSNK2B
5226	LAMTOR2
5226	LAMTOR3
5226	MAPK1
5228	MAP3K8
5228	PAPOLA
5228	REL
5228	RELA
5228	TNIP2
5229	RPA1
5229	RPA2
5229	RPA3
5230	CHUK
5230	COPB2
5230	IKBKG
5230	NFKB1
5230	NFKB2
5230	NFKBIA
5230	NFKBIE
5230	REL
5230	RELA
5230	SPAG9
5230	TNIP1
5230	TNIP2
5231	RPA1
5231	RPA2
5231	TP53BP1
5231	XRCC5
5231	XRCC6
5232	CHUK
5232	DDX3X
5232	GLG1
5232	GTF2I
5232	IKBKG
5232	MAP3K8
5232	NFKB1
5232	NFKB2
5232	NFKBIA
5232	NFKBIB
5232	REL
5232	RELA
5232	RELB
5232	RPL30
5232	RPL6
5232	RPS13
5232	TNIP2
5233	CHUK
5233	CUL1
5233	FBXW11
5233	IKBKB
5233	IKBKG
5233	IQGAP2
5233	KPNA2
5233	LRPPRC
5233	MCC
5233	MTIF2
5233	NFKB1
5233	NFKB2
5233	NFKBIB
5233	PDCD2
5233	POLR1A
5233	POLR1B
5233	POLR1D
5233	POLR1E
5233	POLR1G
5233	POLR2H
5233	POLR2L
5233	RASAL2
5233	REL
5233	RELA
5233	SKP1
5234	CCAR2
5234	CDC37
5234	HSP90AA1
5234	HSP90AB1
5234	IKBKB
5235	PARP1
5235	WRN
5235	XRCC5
5235	XRCC6
5239	SMC2
5239	SMC4
5241	SMC1A
5241	SMC3
5243	LIG3
5243	PNKP
5243	TDP1
5243	XRCC1
5244	DPM1
5244	DPM2
5244	DPM3
5251	ORC2
5251	ORC3
5251	ORC4
5251	ORC6
5251	XRCC5
5251	XRCC6
5253	EIF4A1
5253	EIF4E
5253	EIF4G1
5253	MKNK1
5260	CTNNB1
5260	EP300
5260	HDAC6
5260	SUMO1
5260	TCF4
5261	CTNNB1
5261	EP300
5261	TCF4
5262	CTNNB1
5262	TCF4
5264	CREBBP
5264	CTNNB1
5264	TCF4
5266	CDC37
5266	CHUK
5266	FBL
5266	HSP90AA1
5266	HSP90AB1
5266	IKBKB
5266	IKBKG
5266	MAP3K14
5266	RPL30
5266	RPL4
5266	RPL6
5266	RPL8
5266	RPS11
5266	RPS13
5267	ELOB
5267	ELOC
5267	USP33
5267	VHL
5268	CDC37
5268	FKBP5
5268	HSP90AA1
5268	HSP90AB1
5268	MAP3K7
5268	TAB1
5268	TAB2
5268	TAB3
5269	CDC37
5269	FKBP5
5269	HSP90AA1
5269	HSP90AB1
5269	IKBKE
5269	KTN1
5273	HIF1A
5273	PSMC3
5273	VHL
5274	ARHGAP10
5274	CTNNA1
5274	CTNNB1
5276	EGLN1
5276	HIF1A
5276	OS9
5277	EGLN3
5277	HIF1A
5277	OS9
5280	IGF2R
5280	PLIN3
5280	RAB9A
5281	CDH1
5281	CTNNB1
5282	BCAR1
5282	PTK2
5282	SRC
5283	CLP1
5283	TSEN15
5283	TSEN2
5283	TSEN34
5283	TSEN54
5284	CLP1
5284	TSEN2
5284	TSEN54
5285	CDC37
5285	CHUK
5285	FKBP5
5285	HSP90AB1
5285	NFKBIB
5286	ATG16L1
5286	CCAR1
5286	CDC37
5286	CHUK
5286	HSP90AA1
5286	HSP90AB1
5286	IKBKG
5286	NFKBIB
5286	TBK1
5286	TXLNA
5288	BARD1
5288	TP53
5288	XRCC6
5293	ETS2
5293	SMARCA4
5293	SMARCB1
5317	HTRA2
5317	LATS1
5317	XIAP
5318	ASAP1
5318	CTTN
5318	PXN
5319	CDH1
5319	CKS1B
5320	CDH1
5320	SKP2
5331	MDM2
5331	TP53
5331	YY1
5337	DOCK1
5337	ELMO1
5341	DOCK2
5341	ELMO1
5342	DOCK1
5342	ELMO1
5342	RAC1
5343	CRK
5343	DOCK1
5343	ELMO1
5360	AGO2
5360	FXR1
5361	CDC20
5361	CDC27
5361	CDH1
5363	GTF2F1
5363	HNRNPU
5363	POLR2A
5367	RXRB
5367	THRB
5369	ATM
5370	ERAP1
5370	ERAP2
5371	GCA
5371	SRI
5372	SRI
5373	KAT2B
5373	TACC2
5373	TACC3
5375	EGR1
5375	EP300
5378	AGO2
5378	DICER1
5378	EIF6
5378	MOV10
5378	RPL7A
5378	TARBP2
5380	DICER1
5380	EIF6
5380	MOV10
5380	RPL10A
5380	RPL11
5380	RPL12
5380	RPL13
5380	RPL14
5380	RPL15
5380	RPL18A
5380	RPL19
5380	RPL21
5380	RPL27
5380	RPL28
5380	RPL30
5380	RPL32
5380	RPL34
5380	RPL35A
5380	RPL36
5380	RPL37A
5380	RPL7
5380	RPL7A
5380	RPLP1
5380	RPLP2
5380	RSL24D1
5381	AGO2
5381	DICER1
5381	TARBP2
5382	ARNT
5382	HIF1A
5383	DDIT3
5383	TRIB3
5384	RAG1
5384	RAG2
5385	EPRS1
5385	GAPDH
5385	RPL13A
5385	SYNCRIP
5386	ASH2L
5386	BACC1
5386	CHD8
5386	E2F6
5386	HCFC1
5386	HSPA4
5386	INO80C
5386	KANSL1
5386	KAT8
5386	KMT2A
5386	LAS1L
5386	MCRS1
5386	MGAM
5386	PELP1
5386	PHF20
5386	PRPF31
5386	RBBP5
5386	RNF2
5386	RUVBL1
5386	SENP3
5386	TAF1
5386	TAF4
5386	TAF6
5386	TAF7
5386	TAF9
5386	TEX10
5386	WDR5
5388	ELANE
5388	SERPINA1
5389	CTSG
5389	SERPINA3
5391	CTSG
5391	SERPINA1
5400	BABAM2
5400	BRCA1
5400	BRCA2
5400	BRCC3
5400	RAD51
5401	KIF5B
5401	PLEKHM2
5407	NGF
5407	NTRK1
5408	NGFR
5408	NTF3
5409	GRIN1
5409	TIAM1
5411	HTR1D
5411	S1PR1
5412	HTR1D
5414	HTR1A
5414	HTR1D
5415	HTR1B
5416	HTR1A
5416	HTR1B
5417	HTR1B
5417	HTR1D
5418	GABBR2
5418	HTR1A
5419	GPR26
5419	HTR1A
5420	HTR1A
5420	S1PR3
5421	HTR1A
5422	HTR1A
5422	S1PR1
5423	BAG5
5423	HSPA1A
5423	HSPA4
5423	PRKN
5424	NGF
5424	NGFR
5426	ANKRD11
5426	HDAC3
5432	CDCA5
5432	PDS5A
5432	PDS5B
5432	RAD21
5432	SMC1A
5432	SMC3
5441	IKZF4
5441	NRG1
5446	EPO
5446	EPOR
5449	ALYREF
5449	DEK
5449	RBM8A
5449	RNPS1
5449	SRRM1
5450	MED1
5450	MED10
5450	MED11
5450	MED13
5450	MED13L
5450	MED14
5450	MED15
5450	MED16
5450	MED17
5450	MED18
5450	MED19
5450	MED20
5450	MED21
5450	MED22
5450	MED23
5450	MED24
5450	MED25
5450	MED26
5450	MED27
5450	MED29
5450	MED30
5450	MED31
5450	MED4
5450	MED6
5450	MED7
5450	MED8
5450	OPA1
5451	MED18
5451	MED20
5451	MED29
5460	NFKB1
5460	RELA
5465	NFKBIE
5465	REL
5465	RELA
5466	NFKBIB
5466	REL
5466	RELA
5467	NFKBIA
5467	REL
5467	RELA
5475	COMMD1
5475	NFKBIA
5475	RELA
5492	NFKB1
5492	NFKBIA
5492	RELA
5495	CIAO1
5495	CIAO2B
5495	MMS19
5498	ARHGEF6
5498	ILK
5498	PARVB
5499	ARHGEF6
5499	PARVB
5502	EED
5502	EZH2
5502	YY1
5513	BMI1
5513	CBX4
5513	PHC1
5513	RING1
5518	BMI1
5518	PHC1
5518	PHC2
5521	EED
5521	EZH2
5526	BCL2
5526	CALM1
5526	FKBP8
5529	BIRC2
5529	TRAF2
5530	LTBR
5531	BIRC2
5531	TNFRSF1A
5531	TRADD
5531	TRAF2
5534	PARD3
5534	PARD6A
5534	PLCB1
5535	PARD3
5535	PARD6A
5535	PLCB3
5540	TRADD
5540	TRAF2
5541	FADD
5541	TRADD
5541	TRAF2
5542	CCNB2
5542	CDK1
5543	CCNB1
5543	CDK1
5544	CCNB1
5544	CDK1
5544	GADD45A
5544	PCNA
5545	CCNB1
5545	CDK1
5545	GADD45B
5545	PCNA
5546	CCNB1
5546	CDK1
5546	GADD45G
5546	PCNA
5549	IL12B
5550	CCNB1
5550	CCNF
5550	CDK1
5551	CCNB1
5551	CDK1
5551	PTCH1
5556	CCNA2
5556	CDK2
5557	CCNA2
5557	CDK1
5558	CDC42
5558	PARD6B
5560	CCNE1
5560	CDK2
5564	IL6ST
5564	JAK1
5564	LMO4
5564	PTPN11
5564	SOCS3
5573	CREBBP
5573	STAT1
5575	NR0B2
5575	NR5A2
5579	CNTF
5579	CNTFR
5579	IL6ST
5579	LIFR
5582	IL6ST
5582	LIF
5582	LIFR
5589	LIN37
5589	LIN52
5589	LIN54
5589	LIN9
5589	MYBL2
5589	RBBP4
5589	RBL1
5593	LIN37
5593	LIN52
5593	LIN54
5593	LIN9
5593	RBBP4
5596	E2F4
5596	LIN37
5596	LIN52
5596	LIN54
5596	LIN9
5596	RBBP4
5596	RBL2
5604	ACTB
5604	CNN3
5604	EMD
5604	LMO7
5604	MYH9
5604	MYO1E
5604	SIKE1
5604	SPTAN1
5606	ACTB
5606	EMD
5606	NMI
5606	SPTAN1
5607	ACTB
5607	EMD
5607	NMI
5608	ACTB
5608	EMD
5608	LMNA
5608	LMNB1
5608	NMI
5608	SPTAN1
5609	ACTB
5609	BANF1
5609	EMD
5609	H1-1
5609	H3C1
5609	HDAC1
5609	HDAC3
5609	LMO7
5609	RBL1
5611	BANF2
5611	C1QBP
5611	EMD
5611	H1-1
5611	H3C1
5611	HNRNPU
5611	LMNA
5611	LMNB1
5611	MCM2
5611	MCM4
5611	MCM6
5611	NMI
5611	RB1
5611	RBL2
5611	SAP130
5613	ACTB
5613	BANF1
5613	BCCIP
5613	CDC37
5613	EMD
5613	G3BP1
5613	HNRNPK
5613	LMNB1
5613	LSM2
5613	LSM8
5613	SAP130
5613	SNRPD1
5613	SSB
5613	YWHAB
5613	YWHAE
5613	ZRANB2
5614	ACTB
5614	BANF2
5614	CHD4
5614	DPY30
5614	EMD
5614	H3C1
5614	HDAC1
5614	HDAC3
5614	LMNB1
5614	MED4
5614	NMI
5614	RBL1
5614	RBL2
5614	RCOR1
5614	SAP18
5614	SMARCB1
5614	SMARCC1
5614	SMARCC2
5614	SPTAN1
5614	TBL1XR1
5614	TBL1Y
5614	TRIM28
5615	ACTB
5615	API5
5615	C1QBP
5615	CKB
5615	DDX39A
5615	EMD
5615	H1-1
5615	HDGF
5615	HNRNPK
5615	HNRNPL
5615	HNRNPU
5615	ILF3
5615	IQGAP1
5615	LEMD3
5615	LMNB1
5615	LSM8
5615	NMI
5615	PDCD4
5615	RBL2
5615	SNRPD1
5615	THRA
5615	YWHAE
5615	YWHAQ
5622	CDKN1A
5622	FKBPL
5622	HSP90AA1
5641	DLG4
5641	FYN
5641	GRIN2A
5642	ESPL1
5642	PTTG1
5643	CDK1
5643	ESPL1
5646	FARP2
5646	NRP1
5646	PLXNA1
5647	FARP2
5647	NRP1
5647	PLXNA2
5648	FARP2
5648	NRP1
5648	PLXNA3
5649	FARP2
5649	NRP1
5649	PLXNA4
5654	PLXND1
5654	SEMA4A
5655	ACTN4
5655	CAMK2A
5655	LRRC7
5656	CEBPE
5656	E2F1
5656	RB1
5658	NRP1
5658	PLXND1
5659	NRP1
5659	PLXND1
5659	SEMA3C
5660	PLXNC1
5660	SEMA7A
5661	PLXNB1
5661	SEMA4D
5663	RB1
5663	TRIM27
5669	NRP1
5669	PLXNA3
5670	NRP1
5670	PLXNB1
5673	NRP2
5673	PLXNA1
5683	RAD51
5683	RAD51D
5683	XRCC2
5685	DERL1
5685	NPLOC4
5685	SELENOS
5685	UFD1
5685	VCP
5689	NRP1
5689	PLXNA1
5689	SEMA6D
5691	TNFSF13B
5693	BAZ2A
5693	DNMT1
5693	DNMT3B
5693	HDAC1
5693	SMARCA5
5696	NRP2
5696	VEGFA
5698	FLT1
5698	VEGFA
5701	NRP1
5701	VEGFA
5709	CBL
5709	PTK2B
5709	SORBS2
5712	ITGB5
5712	PTK2
5713	CBL
5713	OSTF1
5713	SRC
5714	CAV1
5714	NOS3
5716	HSP90AB1
5716	NOS3
5718	AKT1
5718	HSP90AB1
5718	NOS3
5720	CBL
5720	SH3KBP1
5721	CBL
5721	SH3GL2
5721	SH3KBP1
5724	CBL
5724	SH3GL3
5724	SH3KBP1
5727	TAF1A
5727	TAF1B
5727	TAF1C
5727	TBP
5731	NRP1
5731	VEGFC
5732	NRP2
5732	VEGFC
5733	NRP2
5733	VEGFD
5734	NRP1
5734	VEGFD
5735	SMAD3
5735	TGFBR1
5735	TGFBR2
5736	ACTB
5736	POLR2A
5736	TBP
5740	FLT4
5740	NRP2
5745	NRP1
5745	PLXNA1
5746	NRP1
5746	PLXNA1
5746	SEMA3A
5747	GRM2
5747	HTR2A
5749	BCL2L1
5749	CASP8
5749	CFLAR
5755	SAE1
5755	SUMO1
5755	UBA2
5756	SAE1
5756	UBA2
5757	PLXNA1
5757	RANBP9
5758	PLXNA2
5758	RANBP9
5759	PLXNA3
5759	RANBP9
5760	PLXNA4
5760	RANBP9
5762	CRMP1
5762	MICAL1
5762	PLXNA1
5770	CBFB
5770	RUNX1
5772	CDH5
5772	CTNNB1
5772	KDR
5772	TJP1
5798	CASP8
5798	CFLAR
5798	FADD
5799	CASP8
5799	CFLAR
5799	FADD
5799	FAS
5800	CASP8
5800	FADD
5800	FAS
5805	KEAP1
5805	NFE2L2
5805	PGAM5
5808	CASP8
5808	CD95
5808	FADD
5809	GABRA1
5809	GABRB2
5809	GABRG2
5811	BCL2
5811	TP53
5812	BCL2L1
5812	TP53
5816	APAF1
5816	CASP9
5816	CYCS
5823	BAK1
5823	MCL1
5827	IKBKG
5828	IKBKB
5828	IKBKG
5829	CHUK
5829	IKBKG
5830	PARK7
5830	SNCA
5832	PINK1
5832	RHOT2
5832	TRAK1
5836	RHOT2
5836	TRAK1
5837	PARK7
5837	PINK1
5837	PRKN
5843	AIFM1
5843	PPIA
5844	CHUK
5844	IKBKB
5844	IKBKG
5849	CDC37
5849	HSP90AB1
5849	LRRK2
5856	AK2
5856	CASP10
5856	FADD
5859	CASP10
5859	CASP8
5859	FADD
5859	FAS
5861	CASP10
5861	FADD
5861	FAS
5870	APBB1
5870	HDAC1
5870	TSHZ3
5872	BRAF
5872	MAP2K1
5872	MAP2K2
5872	YWHAE
5873	MAP2K1
5873	RAF1
5873	YWHAE
5876	EIF4A1
5876	PPME1
5876	PPP2CA
5876	PPP2R1A
5876	PPP2R1B
5877	BRAF
5877	KSR1
5877	MAP2K1
5877	RAF1
5877	YWHAE
5918	KSR1
5919	BRAF
5919	RAF1
5919	YWHAZ
5920	KSR1
5920	MAP2K1
5920	RAF1
5921	BRAF
5921	KSR1
5921	MAP2K1
5922	HRAS
5922	RAF1
5923	BRAF
5923	RAF1
5924	CNKSR1
5924	RAF1
5925	BRAF
5925	CNKSR1
5926	CNKSR1
5928	CNKSR1
5928	RAF1
5928	SRC
5975	APH1A
5975	NCSTN
5975	PSEN1
5975	PSENEN
5975	TMED10
5980	HSP90AB1
5980	LRRK2
5980	STUB1
5991	CASP8
5991	FADD
5991	LRRK2
6023	PPP3CA
6023	PPP3R1
6025	UBE2N
6025	UBE2V1
6037	HSPA8
6037	MAPT
6037	STUB1
6037	UBE2D2
6038	DYNC1H1
6038	DYNC1I1
6038	DYNC1LI1
6038	DYNLL1
6039	DCTN1
6039	DYNC1H1
6039	DYNC1I1
6039	DYNC1LI1
6039	DYNLL1
6041	DISC1
6041	FEZ1
6043	ACTG1
6043	DISC1
6043	FEZ1
6046	DISC1
6046	PDE4B
6052	BAG3
6052	HSPA8
6052	HSPB8
6052	STUB1
6053	CAB39
6053	STK11
6053	STRADA
6056	APP
6056	TNFRSF21
6061	DISC1
6061	ZNF365
6066	XDH
6067	ESR1
6067	SP1
6068	CEBPB
6068	ESR1
6072	SRSF6
6072	SRSF9
6072	TRA2B
6073	SRSF6
6073	SRSF9
6075	CTC1
6075	STN1
6075	TEN1
6076	ABL1
6076	CTTN
6076	MYLK
6078	ACE
6078	HSPA2
6078	PDIA6
6079	BAG6
6079	HSPA2
6080	ACAP1
6080	CLTC
6080	SLC2A4
6083	ACTN4
6083	HGS
6083	MYO5B
6083	TRIM3
6084	AFF1
6084	AFF4
6084	CCNT1
6084	CCNT2
6084	CDK9
6084	EAF1
6084	ELL
6084	ELL2
6084	ELL3
6084	MLLT1
6084	MLLT3
6085	ZC3H12A
6085	ZC3H12D
6087	AR
6087	ESR2
6088	AGPAT2
6088	BSCL2
6089	AGPAT2
6089	BSCL2
6089	LPIN1
6090	BSCL2
6090	LPIN1
6091	LMNA
6091	NFYA
6092	ATF3
6092	JUN
6095	PDZD11
6095	PLEKHA7
6096	CRYAB
6096	SCN5A
6097	MEF2A
6097	NR2F2
6103	AGT
6103	PRG2
6104	PAPPA
6104	PRG2
6107	AGT
6107	C3
6107	PRG2
6108	STIM1
6108	TRPV4
6109	AKTIP
6109	FHIP1B
6109	HOOK1
6109	HOOK2
6109	HOOK3
6111	PPP2CA
6111	SYN1
6112	DGAT2
6112	MGAT2
6114	BAG1
6114	HSPA8
6115	BAG1
6115	HSPA1A
6116	HOOK1
6116	VPS16
6117	HOOK1
6117	VPS18
6118	HOOK1
6118	VPS39
6119	HOOK1
6119	VPS41
6120	HOOK2
6120	VPS16
6121	HOOK2
6121	VPS41
6122	HOOK3
6122	VPS16
6123	HOOK3
6123	VPS41
6124	AKTIP
6124	VPS16
6125	AKTIP
6125	VPS18
6126	AKTIP
6126	VPS41
6127	DAXX
6127	MDM2
6127	USP7
6129	CTIF
6129	EIF3B
6129	EIF4A3
6129	NCBP1
6129	NCBP2
6129	UPF3B
6131	CANX
6131	DDOST
6131	DERL1
6131	DERL2
6131	RPN1
6131	RPN2
6131	SELENOK
6131	SELENOS
6131	STT3A
6131	VCP
6132	CHCHD3
6132	IMMT
6132	MICOS10
6133	RFX5
6133	RFXANK
6133	RFXAP
6134	RS1
6135	FTH1
6135	FTL
6136	MAGEL2
6136	TRIM27
6136	USP7
6137	CSF2
6137	CSF2RA
6137	CSF2RB
6140	CDT1
6140	GMNN
6141	CSE1L
6141	KPNA2
6141	RAN
6142	KPNA2
6142	KPNB1
6143	KPNB1
6143	RAN
6144	CENPT
6144	CENPW
6145	CENPS
6145	CENPX
6146	CENPS
6146	CENPT
6146	CENPW
6146	CENPX
6147	BANF1
6147	BANF2
6147	TMPO
6148	BANF1
6148	BANF2
6149	ASF1A
6149	CDAN1
6149	H3C1
6149	H4C1
6149	IPO4
6153	PRKAA2
6153	PRKAB2
6153	PRKAG3
6154	PRKAA1
6154	PRKAB2
6154	PRKAG1
6155	PRKAA2
6155	PRKAB2
6155	PRKAG1
6158	TNFRSF10B
6158	TNFSF10
6159	LPP
6159	PPP2CA
6159	PPP2R3A
6160	THOC1
6160	THOC2
6160	THOC3
6160	THOC5
6160	THOC6
6160	THOC7
6163	BBIP1
6163	BBS1
6163	BBS2
6163	BBS4
6163	BBS5
6163	BBS7
6163	BBS9
6163	TTC8
6164	BCAR1
6164	CDC42
6164	CRK
6164	TNK2
6165	BBS1
6165	BBS2
6165	BBS7
6165	BBS9
6166	BBIP1
6166	BBS4
6166	TTC8
6167	EXOC1
6167	EXOC2
6167	EXOC3
6167	EXOC4
6167	EXOC5
6167	EXOC6
6167	EXOC7
6167	EXOC8
6168	EXOC5
6168	EXOC6
6169	EXOC5
6169	EXOC6
6169	EXOC7
6170	ANG
6170	RNH1
6173	IFT22
6173	IFT25
6173	IFT27
6173	IFT46
6173	IFT52
6173	IFT56
6173	IFT70B
6173	IFT74
6173	IFT81
6173	IFT88
6175	CASP10
6175	DNM1L
6175	FADD
6176	CDCP1
6176	EGFR
6176	SRC
6178	RBCK1
6178	RNF31
6178	SHARPIN
6180	PPP2R1A
6180	PPP2R3B
6182	PPP2CA
6182	PPP2R1A
6182	STRN
6183	PPP2CA
6183	PPP2R1A
6183	STRN3
6184	AURKA
6184	AURKB
6184	INCENP
6185	GNAI1
6185	GPSM2
6185	SAPCD2
6186	FIG4
6186	PIKFYVE
6186	SNCAIP
6187	MDM2
6187	TFIP11
6187	USP7
6188	TFIP11
6188	TP53
6188	USP7
6189	AIMP1
6189	QARS1
6189	RARS1
6191	IGF2
6191	IGFBP2
6192	CHDH
6192	MAP1LC3A
6192	SQSTM1
6193	ADAM12
6193	ITGAV
6193	ITGB3
6193	MMP14
6194	BAZ1B
6194	DDX21
6194	DEK
6194	ERCC6
6194	MYBBP1A
6194	MYO1C
6194	SF3B1
6194	SMARCA5
6195	AP2A1
6195	AP3D1
6195	CACNG2
6196	AP2M1
6196	CACNG2
6196	GRIA1
6197	AP3M2
6197	CACNG2
6197	GRIA1
6198	AP2M1
6198	CACNG2
6198	GRIA2
6199	AP3M2
6199	CACNG2
6199	GRIA2
6203	KDM5B
6203	MYC
6203	TFAP2C
6206	AR
6206	CTNNB1
6206	CTNNBIP1
6208	PNP
6209	GNAI1
6209	GNB1
6209	GNG2
6209	MTNR1A
6209	RGS20
6210	MTNR1A
6210	MTNR1B
6211	MTNR1A
6211	MTNR1B
6211	RGS20
6212	GOLGA2
6212	GORASP1
6213	DOCK8
6213	WAS
6213	WIPF1
6215	DEPDC5
6215	NPRL2
6215	NPRL3
6216	MIOS
6216	SEC13
6216	SEH1L
6216	WDR24
6216	WDR59
6217	DEPDC5
6217	MIOS
6217	NPRL2
6217	NPRL3
6217	SEC13
6217	SEH1L
6217	WDR24
6217	WDR59
6218	POLR2A
6218	SSU72
6218	SYMPK
6219	DGKZ
6219	HRAS
6219	RASGRP1
6220	HDAC10
6220	PAX3
6220	TRIM28
6223	CCM2
6223	ITGB1BP1
6223	KRIT1
6224	CCM2
6224	KRIT1
6224	MAP3K3
6226	DYNC1LI1
6226	IKBKG
6226	RAB11A
6229	ATG13
6229	RB1CC1
6229	ULK1
6230	ATG13
6230	RB1CC1
6230	ULK2
6232	ATG101
6232	ATG13
6232	RB1CC1
6232	ULK1
6233	CUL3
6233	KLHL3
6233	WNK1
6235	FOS
6235	JUN
6235	MAZ
6236	DYNC2H1
6236	DYNC2I1
6236	DYNC2I2
6236	DYNC2LI1
6236	DYNLL1
6236	DYNLL2
6236	DYNLRB1
6236	DYNLRB2
6236	DYNLT1
6236	DYNLT2B
6236	DYNLT3
6236	NUDCD3
6237	AJUBA
6237	GFI1
6237	HDAC1
6238	DHDDS
6238	NUS1
6242	MAPT
6242	SGK1
6242	YWHAQ
6243	AJUBA
6243	GFI1
6243	HDAC2
6244	AJUBA
6244	GFI1
6244	HDAC3
6245	DKC1
6245	GAR1
6245	NHP2
6245	NOP10
6245	SMG6
6245	TERT
6245	WRAP53
6246	BBS4
6246	CEP131
6246	PCM1
6247	BBS10
6247	BBS12
6247	BBS7
6247	CCT2
6247	CCT3
6247	CCT4
6247	CCT5
6247	CCT8
6247	MKKS
6247	TCP1
6248	CSF3R
6248	FBXW7
6248	GSK3B
6249	APOO
6249	APOOL
6249	CHCHD3
6249	CHCHD6
6249	DNAJC11
6249	IMMT
6249	MICOS10
6249	MICOS13
6249	MTX1
6249	MTX2
6249	MTX3
6249	SAMM50
6250	LPAR2
6250	NHERF2
6250	PLCB3
6251	ESR1
6251	IGF1R
6251	SHC1
6253	MYO5B
6253	RAB11A
6253	RAB11FIP2
6254	EPB41
6254	GYPC
6254	MPP1
6255	APOO
6255	APOOL
6255	CHCHD3
6255	CHCHD6
6255	IMMT
6255	MICOS10
6255	MICOS13
6257	ANKS6
6257	INVS
6257	NEK8
6257	NPHP3
6259	ADGRV1
6259	PDZD7
6259	USH2A
6259	WHRN
6260	DLG1
6260	LIN7A
6260	MPP7
6261	ASF1A
6261	H3C1
6261	H4C1
6261	MCM2
6263	DLG1
6263	LIN7C
6263	MPP7
6264	CTNNB1
6264	DLG5
6264	SORBS3
6266	CUL3
6266	KLHL3
6266	WNK4
6267	CUL3
6267	KLHL3
6268	ASB9
6268	CUL5
6268	ELOB
6268	ELOC
6269	CDH2
6269	CTNNB1
6269	DLL1
6274	HEXA
6274	HEXB
6275	HEXB
6277	MAD2L2
6277	POLK
6277	REV1
6277	REV3L
6280	NEDD8
6280	NPLOC4
6280	NUB1
6280	UFD1
6282	AKT1
6282	CTTN
6282	GNA13
6282	HAX1
6283	MAP3K7
6283	SIVA1
6283	XIAP
6287	ADD2
6287	DMTN
6287	SLC2A1
6289	HAX1
6289	PHB1
6289	PHB2
6289	SLC25A5
6289	VDAC2
6290	DCAF1
6290	DDB1
6290	DYRK2
6290	UBR5
6291	BTRC
6291	CUL4A
6291	DDB1
6291	DDIT4
6292	HAX1
6292	XIAP
6293	DDN
6293	MAGI2
6293	SH3KBP1
6294	DDR1
6294	PRKCZ
6294	WWC1
6295	CD19
6295	CR2
6296	CYLD
6296	SPATA2
6297	GP1BA
6297	VWF
6299	ELK1
6299	ELK4
6299	EWS-FLI1
6299	FLI1
6300	CDK1
6300	CDKN1A
6300	TP53
6301	C2ORF49
6301	DDX1
6301	FAM98B
6301	RTCB
6301	RTRAF
6302	BAZ1B
6302	DDX21
6302	DEK
6302	ERCC6
6302	MYBBP1A
6302	MYO1C
6302	SF3B1
6302	SMARCA5
6302	SPEF2
6303	DDX11
6303	RAD21
6303	SMC1A
6303	SMC3
6304	CHTF18
6304	DDX11
6304	DSCC1
6304	ESCO1
6304	PCNA
6304	WDHD1
6306	BOP1
6306	DDX27
6306	PES1
6306	WDR12
6307	KLC1
6307	RAB27A
6307	SYTL3
6308	DDX28
6308	DHX30
6308	FASTKD2
6308	FASTKD5
6308	GRSF1
6310	DEAF1
6310	XRCC5
6310	XRCC6
6313	AATF
6313	NGDN
6313	NOL10
6314	MCRS1
6314	RINT1
6317	CASP1
6317	CASP5
6317	NLRP1
6317	PYCARD
6321	DLG4
6321	DLGAP1
6321	SHANK3
6323	CARD8
6323	CASP1
6323	NLRP3
6323	PYCARD
6324	CARD8
6324	CASP1
6324	NLRP2
6324	PYCARD
6332	ELP1
6332	ELP2
6332	ELP3
6332	ELP4
6332	ELP5
6332	ELP6
6333	SCN2A
6333	SCN2B
6334	AFDN
6334	CTNNB1
6336	CTNNB1
6336	DNMT1
6337	AMOT
6337	CDH11
6337	CTNNB1
6337	CTNND1
6339	BCL9
6339	CTNNB1
6340	ASH2L
6340	KMT2D
6340	PAXIP1
6340	PITX2
6340	RBBP5
6341	ARHGEF7
6341	GIT1
6341	PAK1
6341	PXN
6342	JADE1
6342	NPHP4
6343	AXIN1
6343	CTNNB1
6343	SETD7
6343	YAP1
6344	BIRC3
6344	CHUK
6344	IKBKB
6344	IKBKG
6344	MAP3K7
6344	RBCK1
6344	RIPK1
6344	RNF31
6344	TAB1
6344	TAB2
6344	TNF
6344	TNFRSF1A
6344	TNIP1
6344	TRADD
6344	TRAF2
6345	DNMT1
6345	SETDB1
6345	TRIM28
6345	ZNF304
6347	RIPK1
6347	TNF
6347	TNFRSF1A
6347	TRADD
6347	TRAF2
6351	PKP1
6351	TJP1
6352	AXIN1
6352	FOXM1
6352	GSK3B
6354	CTNNB1
6354	EP300
6354	SOX4
6355	GRM1
6356	GRM2
6357	GRM4
6358	GRM7
6359	CTNNB1
6359	HMMR
6360	GRM8
6362	CDH1
6362	CTNNB1
6362	PDLIM1
6363	GRM2
6363	GRM4
6364	CTNNB1
6364	OVOL2
6364	TCF4
6365	ANXA7
6365	SRI
6367	GRM2
6367	GRM7
6368	GRM2
6368	GRM8
6369	GRM3
6369	GRM4
6370	GRM3
6370	GRM7
6371	GRM3
6371	GRM8
6373	DNTTIP1
6373	HDAC1
6373	HDAC2
6373	MIDEAS
6374	FKBP1A
6374	PPP3CA
6374	PPP3R1
6375	PDCD6
6375	PEF1
6381	BCAR1
6381	NPHP1
6381	NPHP4
6388	TGFBRAP1
6388	VPS11
6388	VPS16
6388	VPS18
6388	VPS33A
6388	VPS8
6389	VPS11
6389	VPS16
6389	VPS18
6389	VPS33A
6389	VPS39
6389	VPS41
6390	VIPAS39
6390	VPS33B
6391	GNB1
6391	GNG2
6391	KCTD12
6392	GNB1
6392	GNG2
6392	KCTD8
6393	GNB1
6393	GNG2
6393	KCTD16
6394	CNOT1
6394	CNOT2
6394	CNOT3
6395	CNOT1
6395	DDX6
6395	EIF4ENIF1
6396	DNAJB1
6396	DNAJC3
6396	HSPA8
6402	HSP90AA1
6402	NMNAT2
6403	SAV1
6403	STK4
6404	SAV1
6404	STK3
6405	COA3
6405	MT-CO1
6405	SURF1
6410	MT-CO1
6410	SMIM20
6411	MAGEA1
6411	NSMCE4A
6411	TRIM31
6412	AURKA
6412	HDAC6
6413	PDGFB
6413	PDGFRB
6415	BLOC1S1
6415	BLOC1S4
6415	BLOC1S6
6416	BLOC1S2
6416	DTNBP1
6416	SNAPIN
6418	C1QA
6418	C1QB
6418	C1QC
6421	DNTTIP1
6421	HDAC1
6421	HDAC2
6421	ZNF541
6422	DNMT3A
6422	SETDB1
6423	DNMT3B
6423	SETDB1
6426	ATF4
6426	CREB1
6428	ATL1
6429	ATL1
6429	REEP1
6429	SPAST
6430	ATL2
6430	REEP1
6431	ATL3
6431	REEP1
6432	TCAP
6432	TTN
6434	MIS18A
6434	MIS18BP1
6434	OIP5
6435	HAUS1
6435	HAUS2
6435	HAUS3
6435	HAUS4
6435	HAUS5
6435	HAUS6
6435	HAUS7
6435	HAUS8
6436	ATP4A
6436	ATP4B
6438	SCNN1A
6438	SCNN1B
6438	SCNN1G
6439	SCNN1B
6439	SCNN1D
6439	SCNN1G
6440	CHRNA2
6440	CHRNB4
6441	CEP20
6441	KIAA0753
6441	OFD1
6443	BANP
6443	HDAC1
6443	SIN3A
6443	SIN3B
6444	BANP
6444	HDAC1
6444	RBL1
6444	RBL2
6444	SIN3A
6444	SIN3B
6445	TIMM23
6445	TIMM50
6446	ANP32A
6446	SET
6447	HSD3B2
6447	TIMM23
6447	TIMM50
6447	TOMM22
6450	AR
6450	EFCAB6
6450	PARK7
6452	TIMM13
6452	TIMM8A
6455	ARL2
6455	TBCD
6456	TIMM17A
6456	TIMM23
6457	ASH2L
6457	KMT2A
6457	RBBP5
6457	WDR5
6458	TIMM17B
6458	TIMM23
6459	VPS50
6459	VPS51
6459	VPS52
6459	VPS53
6460	ASH2L
6460	DPY30
6460	HCFC1
6460	HCFC2
6460	KMT2D
6460	MEN1
6460	OGT
6460	PSIP1
6460	RBBP5
6460	WDR5
6461	ASH2L
6461	DPY30
6461	KDM6A
6461	KMT2C
6461	NCOA6
6461	PAGR1
6461	PAXIP1
6461	RBBP5
6461	WDR5
6462	ASH2L
6462	DPY30
6462	HCFC1
6462	KMT2A
6462	MEN1
6462	OGT
6462	RBBP5
6462	WDR5
6463	VPS51
6463	VPS52
6463	VPS53
6463	VPS54
6466	NINJ1
6467	ASH2L
6467	DPY30
6467	KDM6A
6467	KMT2D
6467	NCOA6
6467	PAGR1
6467	PAXIP1
6467	RBBP5
6467	WDR5
6468	TRAPPC1
6468	TRAPPC10
6468	TRAPPC11
6468	TRAPPC12
6468	TRAPPC2
6468	TRAPPC2L
6468	TRAPPC3
6468	TRAPPC3L
6468	TRAPPC4
6468	TRAPPC5
6468	TRAPPC6A
6468	TRAPPC6B
6468	TRAPPC8
6468	TRAPPC9
6469	ASH2L
6469	CXXC1
6469	DPY30
6469	HCFC1
6469	HCFC2
6469	OGT
6469	RBBP5
6469	SETD1A
6469	WDR5
6469	WDR82
6470	ASH2L
6470	BOD1
6470	BOD1L1
6470	CXXC1
6470	DPY30
6470	HCFC1
6470	HCFC2
6470	OGT
6470	RBBP5
6470	SETD1B
6470	WDR5
6470	WDR82
6472	BCL2
6472	BECN1
6472	PIK3C3
6472	PIK3R4
6472	UVRAG
6473	MCU
6473	MCUB
6473	MICU1
6473	MICU2
6473	SMDT1
6474	AMN
6474	CUBN
6476	ERLIN1
6476	ERLIN2
6476	RNF170
6477	KDM1A
6477	ZEB2
6479	CBLIF
6479	CUBN
6481	WASHC1
6481	WASHC2C
6481	WASHC3
6481	WASHC4
6481	WASHC5
6482	COPS2
6482	CUL4B
6482	DDB1
6482	DTL
6482	GPS1
6483	CAPZA1
6483	CAPZB
6484	CAPZA1
6484	CAPZB
6484	WASHC1
6484	WASHC2C
6484	WASHC3
6484	WASHC4
6484	WASHC5
6485	ELOB
6485	ELOC
6485	HIF1A
6485	VHL
6486	CUL4A
6486	DDB1
6486	DTL
6487	CUL4B
6487	DDB1
6487	TLE2
6488	CUL4A
6488	DDB1
6488	EED
6489	CUL4A
6489	DDB1
6489	WDR5
6490	CUL4B
6490	DDB1
6490	WDR26
6491	CUL4A
6491	DDB1
6491	RBBP5
6492	CUL4A
6492	DDB1
6492	WDR5B
6493	CUL4A
6493	DDB1
6493	SNRNP40
6494	CUL4A
6494	DDB1
6494	SKIC8
6495	CUL4B
6495	DDB1
6495	GRWD1
6496	TOMM20
6496	TOMM22
6497	TOMM20
6497	TOMM22
6497	TOMM40
6497	TOMM5
6497	TOMM6
6497	TOMM7
6497	TOMM70
6498	TOMM22
6498	TOMM40
6498	TOMM7
6499	ABI1
6499	EPS8
6499	SOS1
6501	ABI1
6501	EPS8L1
6501	SOS1
6502	EP300
6502	ESR1
6502	NCOA1
6503	ABI1
6503	EPS8L2
6503	SOS1
6504	ABI1
6504	EPS8L3
6504	SOS1
6505	ERBB3
6505	L1CAM
6506	ERBB2
6506	L1CAM
6507	ATP2A2
6507	PLN
6509	KPNA2
6509	MAPK3
6509	VIM
6510	ATP2A2
6510	ILK
6510	PLN
6512	CDC37
6512	HSP90AA1
6512	ILK
6513	LEMD3
6513	SMAD2
6514	ATP2A1
6514	SLN
6515	ATP2A1
6515	PLN
6515	SLN
6516	ATP2A2
6516	PLN
6516	SLN
6517	ATP2A2
6517	CALM1
6517	CAMK2A
6517	KPNA1
6518	CEP164
6518	TTBK2
6519	CCDC92
6519	CEP164
6520	USH1C
6520	USH1G
6521	AKT1
6521	FANCD2
6521	FANCI
6521	PHLPP1
6521	PHLPP2
6521	USP1
6521	WDR48
6522	CDH23
6522	USH1C
6523	UBQLN1
6523	UBXN4
6523	VCP
6524	DZIP1
6524	GLI3
6525	ATL1
6525	ZFYVE27
6526	KIF5A
6526	ZFYVE27
6527	ADGRL3
6527	FLRT3
6527	UNC5B
6528	ADGRL3
6528	FLRT3
6528	UNC5D
6529	ADGRL3
6529	FLRT3
6530	MYO7A
6530	PDZD7
6531	CEP164
6531	DZIP1
6532	HERC1
6532	TSC2
6533	DZIP1
6533	IFT88
6534	REEP1
6534	ZFYVE27
6536	REEP5
6536	ZFYVE27
6538	VAPA
6538	ZFYVE27
6540	GPX1
6540	SELENBP1
6545	DCDC2
6545	MAPK8IP1
6550	CUL4A
6550	DDB1
6550	TLE1
6552	KIF5B
6552	ZFYVE27
6553	CUL4B
6553	DDB1
6553	TLE3
6554	KIF5C
6554	ZFYVE27
6559	KIF5A
6559	RAB11B
6559	ZFYVE27
6561	RAB11A
6561	ZFYVE27
6562	RAB11B
6562	ZFYVE27
6563	SURF4
6563	ZFYVE27
6565	RTN3
6565	ZFYVE27
6566	VAPB
6566	ZFYVE27
6567	LRRC8A
6567	LRRC8B
6567	LRRC8C
6567	LRRC8D
6567	LRRC8E
6568	CCDC8
6568	CUL7
6568	OBSL1
6569	SPAST
6569	ZFYVE27
6571	KCNE1
6571	KCNH2
6577	CCDC8
6577	CUL7
6577	CUL9
6577	FBXW8
6577	OBSL1
6577	RBX1
6577	TP53
6578	KCNE2
6578	KCNH2
6579	USF1
6579	USF2
6581	LRRC8A
6581	LRRC8C
6582	LRRC8A
6582	LRRC8D
6583	LRRC8A
6583	LRRC8E
6584	CHRNA10
6584	CHRNA9
6585	IFT122
6585	IFT140
6585	TTC21B
6585	WDR19
6585	WDR35
6586	CDH5
6586	FLT4
6586	KDR
6587	CBL
6587	FLOT1
6587	SORBS1
6588	E2F1
6588	TFDP1
6589	CCNA1
6589	CDK2
6589	E2F1
6589	TFDP1
6590	CREBBP
6590	FOXO3
6591	HSP90AB1
6591	PTGES3
6592	ABI1
6592	ABL1
6592	BCAR1
6594	CCP110
6594	CEP290
6597	CEP290
6597	IQCB1
6598	CC2D2A
6598	CEP290
6599	CTNND1
6599	GLIS2
6600	NPHP1
6600	PKD1
6601	BBS1
6601	BBS4
6601	BBS5
6601	PKD1
6601	TTC8
6602	AP5B1
6602	AP5M1
6602	AP5S1
6602	AP5Z1
6602	SPG11
6602	ZFYVE26
6603	ANKRA2
6603	CCDC8
6603	CUL7
6603	OBSL1
6608	CUL7
6608	OBSL1
6609	ATL2
6609	ZFYVE27
6611	NECTIN1
6611	PDZD11
6612	NECTIN3
6612	PDZD11
6613	ATL3
6613	ZFYVE27
6615	RTN2
6615	SPAST
6616	CADM1
6616	EPB41L3
6616	MPP3
6617	NF2
6617	WWC1
6618	ANK3
6618	RHBG
6618	SLC4A1
6619	MGAT1
6619	SLC35A3
6620	MGAT1
6620	SLC35A2
6621	NEK2
6621	SAV1
6621	STK3
6622	MGAT2
6622	SLC35A3
6623	MGAT2
6623	SLC35A2
6624	MGAT4B
6624	SLC35A3
6625	MGAT4B
6625	SLC35A2
6626	AP5B1
6626	AP5M1
6626	AP5S1
6626	AP5Z1
6628	MGAT4B
6628	SLC35A2
6629	MGAT5
6629	SLC35A3
6630	MGAT5
6630	SLC35A2
6634	USP12
6634	WDR20
6634	WDR48
6635	USP46
6635	WDR20
6635	WDR48
6636	USP12
6636	WDR48
6637	USP46
6637	WDR48
6639	CCDC22
6639	CCDC93
6639	COMMD1
6639	COMMD10
6639	COMMD2
6639	COMMD3
6639	COMMD4
6639	COMMD5
6639	COMMD6
6639	COMMD7
6639	COMMD8
6639	COMMD9
6639	VPS35L
6639	WASHC1
6639	WASHC2C
6640	CALM1
6640	PHKA1
6640	PHKB
6640	PHKG1
6641	ATXN7L3
6641	KAT2A
6641	TADA2B
6641	TADA3
6641	TAF10
6641	TAF9B
6641	TRRAP
6641	USP22
6642	CCND1
6642	OAZ1
6642	ODC1
6643	ADA
6643	ATXN7L1
6643	ATXN7L2
6643	ATXN7L3
6643	KAT2A
6643	SGF29
6643	SUPT20H
6643	SUPT3H
6643	SUPT7L
6643	TADA2B
6643	TADA3
6643	TAF10
6643	TAF12
6643	TAF5L
6643	TAF6L
6643	TAF9
6643	TAF9B
6643	TRRAP
6643	USP22
6644	CCDC22
6644	COMMD1
6644	CUL2
6645	CCDC22
6645	CCDC93
6645	COMMD1
6645	COMMD10
6645	COMMD2
6645	COMMD3
6645	COMMD4
6645	COMMD5
6645	COMMD6
6645	COMMD7
6645	COMMD8
6645	COMMD9
6645	VPS35L
6646	SMAD2
6646	SMAD4
6646	WWTR1
6647	MED15
6647	WWTR1
6648	KCND3
6648	KCNIP4
6649	SMAD3
6649	SMAD4
6649	WWTR1
6650	KCND3
6650	KCNIP4
6651	WWTR1
6651	YAP1
6652	WWTR1
6653	EP300
6653	KAT2B
6653	TBX5
6653	WWTR1
6654	ABCC9
6654	KCNJ11
6655	CTNNB1
6655	TBX5
6655	YAP1
6657	DR1
6657	KAT14
6657	KAT2A
6657	MBIP
6657	SGF29
6657	TADA2A
6657	TADA3
6657	WDR5
6657	YEATS2
6657	ZZZ3
6658	CCDC22
6658	COMMD8
6658	CUL1
6659	CCDC22
6659	COMMD8
6659	CUL3
6660	LATS1
6660	NPHP4
6661	NEK8
6661	WWTR1
6664	ATXN7
6664	ATXN7L3
6664	ENY2
6664	KAT2A
6664	SAP130
6664	SGF29
6664	SUPT20H
6664	SUPT3H
6664	SUPT7L
6664	TADA1
6664	TADA2B
6664	TADA3
6664	TAF10
6664	TAF12
6664	TAF5L
6664	TAF6L
6664	TAF9
6664	TRRAP
6664	USP22
6665	DR1
6665	KAT14
6665	KAT2A
6665	MAP3K7
6665	MBIP
6665	POLE3
6665	POLE4
6665	SGF29
6665	TADA2A
6665	TADA3
6665	UBAP2L
6665	WDR5
6665	YEATS2
6665	ZZZ3
6668	GLIS3
6668	SUFU
6671	AP3B1
6671	ARHGEF1
6671	ARHGEF2
6671	CAPZA1
6671	CAPZB
6671	CLTC
6671	DNM2
6671	DOCK7
6671	FKBP15
6671	NEDD4
6671	PI4K2A
6671	WASHC2A
6671	WASHC4
6671	WASHC5
6675	PI4K2A
6675	PRDX1
6676	WWTR1
6676	YWHAQ
6680	CTNNB1
6680	GLIS2
6681	DVL2
6681	INVS
6681	NPHP4
6681	RPGRIP1L
6682	MKS1
6682	TMEM67
6683	SYNE2
6683	TMEM67
6684	TNF
6684	TNFRSF1B
6684	XPNPEP3
6685	IL13RA1
6685	TRAF3IP1
6688	GLIS2
6688	TRIM32
6689	DTNBP1
6689	TRIM32
6690	NEDD4
6690	PI4K2A
6691	CLTC
6691	PI4K2A
6692	BLOC1S6
6692	PI4K2A
6693	DVL1
6693	PI4K2A
6695	BBS12
6695	MKKS
6699	KCNQ1
6701	DVL1
6701	PI4K2A
6701	PIP5K1B
6702	CXCR2
6702	NHERF1
6702	PLCB3
6703	TBCD
6703	TUBA1A
6703	TUBB
6704	KCNE2
6704	KCNQ1
6705	KCNE3
6705	KCNQ1
6706	CAPN1
6706	HSP90AB1
6707	PI4K2A
6707	PIP5K1B
6708	KCNE4
6708	KCNQ1
6709	KCNE5
6709	KCNQ1
6710	CAPN1
6710	CAPNS1
6712	KCNQ2
6712	KCNQ3
6713	ARL2
6713	TBCD
6713	TUBB
6714	TBCB
6714	TBCE
6714	TUBA1A
6715	ARL2
6715	TBCD
6715	TBCE
6715	TUBB
6716	DLG5
6716	STK3
6716	STK4
6717	KCNQ3
6717	KCNQ5
6718	CALM1
6718	KCNQ4
6719	CALM1
6719	KCNQ4
6720	FILIP1
6720	FLNA
6722	FILIP1
6722	RHOD
6724	RHOD
6724	WHAMM
6725	ACTR3
6725	WHAMM
6726	GRIP1
6726	GRIPAP1
6728	HUS1
6728	RAD1
6728	RAD9A
6728	RHNO1
6729	CXCR2
6729	IQGAP1
6730	CXCR2
6730	YWHAG
6731	CXCR2
6731	VASP
6732	RHNO1
6732	TOPBP1
6733	HUS1
6733	RAD1
6733	RAD9B
6734	HUS1B
6734	RAD1
6734	RAD9B
6735	KCNH2
6735	SIGMAR1
6736	CUL2
6736	PRAME
6737	DNTTIP2
6737	H2AC20
6737	H2BC21
6737	PCNA
6738	ELOB
6738	ELOC
6738	PRAME
6740	AURKA
6740	INPP5E
6741	INPP5E
6741	PDE6D
6741	RPGR
6742	EIF4A3
6742	MAGOH
6742	RBM8A
6742	SMG1
6742	UPF2
6742	UPF3B
6743	AHI1
6743	NPHP1
6744	AHI1
6744	HAP1
6747	AQP1
6748	KCNMA1
6748	LRRC26
6749	ITGB1BP1
6749	KRIT1
6749	RAP1A
6750	AHI1
6750	NPHP1
6753	MIOS
6753	NPRL2
6753	NPRL3
6753	SEC13
6753	SEH1L
6753	SZT2
6753	WDR24
6753	WDR59
6754	ITFG2
6754	KICS2
6754	KPTN
6754	SZT2
6756	AURKB
6756	BIRC5
6756	RASA1
6758	IL10
6758	IL10RA
6758	IL10RB
6765	CNOT1
6765	CNOT10
6765	CNOT11
6765	CNOT2
6765	CNOT3
6765	CNOT6
6765	CNOT7
6765	CNOT9
6768	TBX18
6768	TBX20
6769	TBX20
6769	TLE1
6770	TBX20
6770	TLE3
6771	HDAC2
6771	TBX20
6777	NOS1AP
6777	SCRIB
6777	VANGL1
6778	ARHGEF7
6778	GIT1
6778	PAK1
6778	SCRIB
6779	ARHGEF7
6779	GIT1
6779	PAK1
6779	PAK2
6779	SCRIB
6780	KCMF1
6780	UBE2A
6780	UBR4
6782	PPIF
6782	SPG7
6782	VDAC1
6783	CLIC5
6783	EZR
6783	PODXL
6784	EZR
6784	NHERF2
6784	SCHIP1
6787	ACTN4
6787	NHERF2
6787	SLC9A3
6788	ACTN4
6788	NHERF1
6789	EGFR
6789	NHERF1
6789	PTEN
6790	NHERF1
6790	PRKCZ
6791	EZR
6791	NHERF1
6791	SLC34A1
6793	EZR
6793	NHERF1
6793	PDZK1
6794	LPAR2
6794	NHERF2
6794	TRIP6
6795	LPAR2
6795	SIVA1
6796	S1PR4
6796	SIVA1
6798	ITGB4
6798	MET
6798	S1PR1
6799	KDR
6799	MAPK1
6799	MAPK3
6799	PRKCA
6799	S1PR1
6800	KDR
6800	MAPK1
6800	MAPK3
6800	PRKCA
6800	S1PR2
6801	KDR
6801	MAPK1
6801	MAPK3
6801	PRKCA
6801	S1PR3
6802	KDR
6802	MAPK1
6802	MAPK3
6802	PRKCA
6802	S1PR5
6805	ARRB2
6805	S1PR1
6806	CXCR4
6806	GNAI2
6806	GNB1
6806	IGF1R
6807	ADRA1A
6807	CXCR4
6808	ADRA1B
6808	CXCR4
6811	ADCY2
6811	AKAP5
6811	ARRB2
6811	PDE4D
6811	PRKACA
6811	RXFP1
6815	CUL3
6815	DRD4
6815	KLHL12
6816	ATG13
6816	ATG14
6816	PIK3C3
6816	ULK1
6819	APOA1
6819	APOL1
6819	C3
6819	HPR
6820	APOA1
6820	APOL1
6820	FN1
6820	HPR
6820	IGHM
6821	RBP4
6821	TTR
6822	AZGP1
6822	PIP
6823	CP
6823	LTF
6823	MPO
6824	CP
6824	LTF
6825	CP
6825	MPO
6826	S100A8
6826	S100A9
6827	NOS2
6827	S100A8
6827	S100A9
6828	FGF21
6828	FGFR1
6828	KLB
6832	FGF19
6832	FGFR4
6832	KLB
6833	FGFR4
6833	KLB
6835	FGF21
6835	FGFR4
6835	KLB
6836	FGFR1
6836	KLB
6838	DHX9
6838	ELAVL1
6838	HNRNPU
6838	IGF2BP1
6838	RPL26
6838	RPS6
6838	STAU1
6838	SYNCRIP
6838	YBX1
6842	EPHA1
6842	LCK
6842	PIK3R1
6842	PTK2B
6844	CCAR2
6844	EMSY
6844	ZNF335
6845	ASH2L
6845	RBBP5
6845	WDR5
6845	ZNF335
6846	CCAR2
6846	SIRT1
6847	CCAR2
6847	ZNF326
6848	IRF2BP1
6848	IRF2BP2
6848	IRF2BPL
6849	ASH2L
6849	DPY30
6849	RBBP5
6849	WDR5
6850	ASH2L
6850	RBBP5
6850	WDR5
6851	ASH2L
6851	DPY30
6851	KMT2A
6851	RBBP5
6851	WDR5
6852	CBFB
6852	COPRS
6852	PRMT5
6852	RUNX1
6853	COPRS
6853	PRMT5
6854	LAS1L
6854	PELP1
6854	SENP3
6854	TEX10
6854	WDR18
6855	LAS1L
6855	NOL9
6855	PELP1
6855	SENP3
6855	TEX10
6855	WDR18
6856	BOP1
6856	PES1
6856	WDR12
6857	PELP1
6857	TEX10
6857	WDR18
6858	CHTOP
6858	ERH
6858	PRMT1
6858	PRMT5
6858	WDR77
6859	AUP1
6859	BSG
6859	DERL2
6859	ERLEC1
6859	ERLIN2
6859	FAF2
6859	FAM8A1
6859	HSP90B1
6859	HSPA5
6859	OS9
6859	SEL1L
6859	SYVN1
6859	UBE2J1
6860	HERC2
6860	MAPK6
6860	NEURL4
6860	UBE3A
6861	MMAA
6861	MMUT
6862	BAG6
6862	GET4
6862	UBL4A
6863	CBX3
6863	EHMT2
6863	NR3C1
6864	CBX3
6864	EHMT1
6864	NR3C1
6866	AMFR
6866	ERLIN2
6866	TMUB1
6871	AMFR
6871	INSIG1
6871	STING1
6873	AMFR
6873	BAG6
6873	FAF2
6875	CRBN
6875	CUL4A
6875	DDB1
6875	RBX1
6881	EXT1
6881	EXT2
6884	FAAP100
6884	FAAP24
6884	FANCA
6884	FANCB
6884	FANCC
6884	FANCE
6884	FANCF
6884	FANCG
6884	FANCL
6884	FANCM
6885	FAAP100
6885	FANCB
6885	FANCL
6886	AUP1
6886	FAF2
6886	OS9
6886	SEL1L
6886	UBE2J1
6888	ATP6V0C
6888	ATP6V0D1
6888	ATP6V1A
6888	ATP6V1B2
6888	AXIN1
6888	LAMTOR1
6888	LAMTOR2
6888	LAMTOR3
6888	LAMTOR4
6888	LAMTOR5
6888	PRKAA1
6888	PRKAB1
6888	PRKAG1
6888	STK11
6889	TBC1D7
6889	TSC1
6889	TSC2
6890	GSPT2
6890	HYCC1
6890	PI4KA
6890	TTC7B
6891	MPHOSPH8
6891	PPHLN1
6891	TASOR
6893	TUBG1
6893	TUBGCP2
6893	TUBGCP3
6893	TUBGCP4
6893	TUBGCP5
6893	TUBGCP6
6895	CIAO1
6895	CIAO2B
6895	ERCC2
6895	MMS19
6895	SLC25A5
6896	CIAO1
6896	CIAO2B
6896	CIAO3
6896	MMS19
6900	CUL1
6900	FBXO10
6900	SKP1
6901	CUL1
6901	FBXO6
6901	RBX1
6901	SKP1
6902	CUL1
6902	FBXO17
6902	RBX1
6902	SKP1
6903	CUL1
6903	FBXO27
6903	RBX1
6903	SKP1
6904	CUL1
6904	FBXO44
6904	RBX1
6904	SKP1
6905	IRAK1
6905	IRAK4
6905	PELI1
6905	TRAF6
6906	CDX2
6906	FBXW7
6906	GSK3B
6907	CTNNB1
6907	FERMT2
6907	TCF7L2
6908	CTNNB1
6908	FERMT2
6908	YBX1
6909	FGF1
6909	FGFR1
6909	ITGB3
6910	EED
6910	EZH2
6910	PHF19
6913	ELN
6913	FBLN2
6913	FBN1
6914	ELN
6914	FBLN5
6914	FBN1
6916	CTTN
6916	FER
6916	PTK2
6919	ILK
6919	LIMS1
6919	PARVA
6920	ILK
6920	LIMS2
6920	PARVA
6921	BCAR1
6921	MMP14
6921	PTK2
6925	MAPK1
6925	PTK2
6925	PXN
6927	PXN
6927	ROBO4
6928	ARHGEF7
6928	GIT2
6928	PAK1
6929	AKT1
6929	FOXO1
6929	WDFY2
6930	PRKCZ
6930	VAMP2
6930	WDFY2
6931	FOXP3
6931	TRIM28
6931	ZFP90
6932	AJUBA
6932	PRMT5
6932	SNAI1
6933	PRKCZ
6933	SQSTM1
6933	TRAF6
6935	KAT2A
6935	MYC
6935	TRRAP
6936	KAT2A
6936	TRRAP
6937	ARHGEF2
6937	MAPK1
6937	MAPK3
6937	PXN
6939	FZD4
6939	LRP5
6939	NDP
6939	TSPAN12
6940	LRP6
6940	PTH
6940	PTH1R
6942	FZD5
6942	LGR5
6942	LRP6
6946	BARD1
6946	BRCA1
6946	RAD51
6948	IDH2
6949	IDH3A
6949	IDH3B
6949	IDH3G
6951	CSPG4
6951	ITGA3
6951	ITGB1
6951	LGALS3
6953	ARTN
6953	GFRA3
6953	RET
6954	CDT1
6954	GMNN
6954	MCIDAS
6956	CHM
6956	RAB3A
6956	RABGGTA
6957	DHX15
6957	GCFC2
6957	TFIP11
6958	BOLA2
6958	GLRX3
6959	GATB
6959	GATC
6959	QRSL1
6960	BICD2
6960	DCTN1
6960	DYNC1I1
6961	CTNNB1
6961	GID8
6963	AXIN1
6963	GID8
6963	GSK3B
6968	SPTLC1
6968	SPTLC2
6969	SPTLC1
6969	SPTLC2
6969	SPTLC3
6970	SPTLC1
6970	SPTLC3
6970	SPTSSB
6972	SPTLC1
6972	SPTLC3
6972	SPTSSA
6973	SPTLC1
6973	SPTLC2
6973	SPTSSB
6974	SPTLC1
6974	SPTLC2
6974	SPTSSA
6975	FBXW7
6975	JUN
6975	PRR7
6980	IGF1
6980	IGF1R
6980	ITGAV
6980	ITGB3
6982	ORMDL3
6982	SPTLC1
6984	ACTB
6984	MARCKSL1
6984	PTMA
6984	SET
6985	ANP32A
6985	C1QBP
6985	PSMA1
6985	PTMA
6985	SLC25A3
6987	ANP32A
6987	ANP32B
6987	PTMA
6988	ANP32A
6988	ANP32B
6988	PTMA
6988	RAB11A
6989	PTMA
6989	SET
6990	PTK2
6990	THSD1
6990	TLN1
6990	VCL
6991	ABI3
6991	CYFIP1
6991	WASF2
6993	FGF1
6993	ITGAV
6993	ITGB3
6994	MAPK8IP1
6994	MAPK8IP2
6997	ADIPOQ
6997	COLGALT1
6997	PLOD3
6998	EGFR
6998	ST3GAL1
6999	SEPHS1
6999	SEPHS2
6999	SEPSECS
6999	TRNAU1AP
7000	FKBP10
7000	PLOD2
7002	CAPZA3
7002	CAPZB
7004	DISC1
7004	HTT
7004	PDE4B
7005	GRIN3A
7005	PPP2CA
7005	PPP2R1A
7005	PPP2R2A
7011	FERMT3
7011	RACK1
7012	ITGB1
7012	RACK1
7013	ITGB2
7013	RACK1
7014	GNAI1
7014	GNB1
7014	GNGT1
7015	GNAI1
7015	GNB2
7015	GNGT1
7016	GNAI1
7016	GNB3
7016	GNGT1
7017	GNAI1
7017	GNB4
7017	GNGT1
7018	GNAI1
7018	GNB5
7018	GNGT1
7019	GNAI1
7019	GNB1
7019	GNG2
7020	GNAI1
7020	GNB2
7020	GNG2
7021	GNAI1
7021	GNB3
7021	GNG2
7022	GNAI1
7022	GNB4
7022	GNG2
7023	GNAI1
7023	GNB5
7023	GNG2
7024	GNAI1
7024	GNB1
7024	GNG3
7025	GNAI1
7025	GNB2
7025	GNG3
7026	GNAI1
7026	GNB3
7026	GNG3
7027	GNAI1
7027	GNB4
7027	GNG3
7028	GNAI1
7028	GNB5
7028	GNG3
7029	IGF1
7029	IGF1R
7029	ITGA6
7029	ITGB4
7030	DCP1A
7030	NR3C1
7030	PNRC2
7030	UPF1
7031	GNAI1
7031	GNB1
7031	GNG4
7032	GNAI1
7032	GNB2
7032	GNG4
7033	GNAI1
7033	GNB3
7033	GNG4
7034	GNAI1
7034	GNB4
7034	GNG4
7035	GNAI1
7035	GNB5
7035	GNG4
7036	GNAI1
7036	GNB1
7036	GNG5
7037	GNAI1
7037	GNB2
7037	GNG5
7038	BLVRA
7038	MAPK1
7038	PRKCD
7040	PDZK1
7040	PLCB3
7040	SSTR5
7041	PDZK1
7041	PLCB3
7041	SSTR1
7042	PDZK1
7042	PLCB3
7042	SSTR2
7043	PDZK1
7043	PLCB3
7043	SSTR3
7044	PDZK1
7044	PLCB3
7044	SSTR4
7045	IFNAR1
7045	IFNAR2
7045	IFNW1
7046	IFNA2
7046	IFNAR2
7047	IFNA2
7047	IFNAR1
7047	IFNAR2
7048	TLR1
7048	TLR2
7050	PIAS1
7050	SUMO1
7050	UBE2I
7051	OTUB1
7051	UBE2N
7051	UBE2V2
7057	PCCA
7057	PCCB
7058	HEG1
7058	KRIT1
7058	RAP1B
7059	GNAI1
7059	GNB3
7059	GNG5
7060	GNAI1
7060	GNB4
7060	GNG5
7061	GNAI1
7061	GNB5
7061	GNG5
7062	NFAT5
7062	WWTR1
7063	C9ORF72
7063	SMCR8
7063	WDR41
7064	C9ORF72
7064	SMCR8
7065	ATG101
7065	ATG13
7065	C9ORF72
7065	RB1CC1
7065	SMCR8
7065	ULK1
7065	WDR41
7066	GNAI1
7066	GNB1
7066	GNG7
7067	GNAI1
7067	GNB2
7067	GNG7
7068	GNAI1
7068	GNB3
7068	GNG7
7069	GNAI1
7069	GNB4
7069	GNG7
7070	GNAI1
7070	GNB5
7070	GNG7
7071	GNAI1
7071	GNB1
7071	GNG8
7072	GNAI1
7072	GNB2
7072	GNG8
7073	GNAI1
7073	GNB3
7073	GNG8
7074	GNAI1
7074	GNB4
7074	GNG8
7075	GNAI1
7075	GNB5
7075	GNG8
7076	GNAI1
7076	GNB1
7076	GNG10
7077	GNAI1
7077	GNB2
7077	GNG10
7078	GNAI1
7078	GNB3
7078	GNG10
7079	GNAI1
7079	GNB4
7079	GNG10
7080	GNAI1
7080	GNB5
7080	GNG10
7081	GNAI1
7081	GNB1
7081	GNG11
7082	GNAI1
7082	GNB2
7082	GNG11
7083	GNAI1
7083	GNB3
7083	GNG11
7084	GNAI1
7084	GNB4
7084	GNG11
7085	GNAI1
7085	GNB5
7085	GNG11
7086	GNAI1
7086	GNB1
7086	GNG12
7087	GNAI1
7087	GNB2
7087	GNG12
7088	GNAI1
7088	GNB3
7088	GNG12
7089	GNAI1
7089	GNB4
7089	GNG12
7090	GNAI1
7090	GNB5
7090	GNG12
7092	GNAI1
7092	GNB1
7092	GNG13
7093	GNAI1
7093	GNB2
7093	GNG13
7094	GNAI1
7094	GNB3
7094	GNG13
7095	GNAI1
7095	GNB4
7095	GNG13
7096	GNAI1
7096	GNB5
7096	GNG13
7097	GNAS
7097	GNB1
7097	GNGT1
7098	ASAH1
7098	NR5A1
7099	ASAH1
7099	NR5A1
7099	PSAP
7100	DNAAF2
7100	DNAAF5
7100	SPAG1
7101	AURKB
7101	VRK1
7102	SOX2
7102	VRK1
7103	NBN
7103	VRK1
7104	NBN
7104	RNF8
7104	VRK1
7105	PRRX1
7105	UCHL1
7106	PRRX2
7106	UCHL1
7107	IGF2R
7107	PLAUR
7107	PLG
7108	IGF2R
7108	PLAUR
7109	IGF2R
7109	PLAU
7109	PLAUR
7110	IGF2R
7110	PLAU
7110	PLAUR
7110	PLG
7110	TGFB1
7111	NUFIP2
7111	RC3H1
7112	PLAU
7112	PLAUR
7113	ABRAXAS2
7113	SHMT1
7114	ABRAXAS2
7114	SHMT2
7116	GRB7
7116	PTK2
7122	GRPEL1
7122	GRPEL2
7122	HSPA9
7123	GRPEL1
7123	GRPEL2
7124	GRPEL1
7124	HSPA9
7125	GRPEL2
7125	HSPA9
7126	GRPEL1
7126	GRPEL2
7126	HSPA9
7126	TIMM44
7127	GSK3B
7127	GSKIP
7127	PRKAR2A
7129	GSKIP
7129	PRKAR2B
7130	DNM1L
7130	GSK3B
7130	GSKIP
7130	PRKAR2A
7131	CCDC22
7131	CCDC93
7131	COMMD1
7131	VPS35L
7132	CCDC22
7132	CCDC93
7132	VPS35L
7133	CCDC93
7133	COMMD1
7133	COMMD6
7134	CCDC93
7134	COMMD1
7134	VPS35L
7135	CCDC22
7135	CCDC93
7135	VPS35L
7135	WASHC1
7135	WASHC2C
7136	DERL1
7136	SELENOK
7136	VCP
7139	SEC23A
7139	SEC24B
7140	SCAP
7140	SEC23A
7140	SEC24B
7140	SREBF1
7141	PREB
7141	SAR1B
7141	SEC23A
7141	SEC23IP
7141	SEC24B
7143	GNAS
7143	GNB2
7143	GNGT1
7144	GNAS
7144	GNB3
7144	GNGT1
7145	GNAS
7145	GNB4
7145	GNGT1
7146	GNAS
7146	GNB5
7146	GNGT1
7148	GNAS
7148	GNB2
7148	GNG2
7149	GNAS
7149	GNB3
7149	GNG2
7150	GNAS
7150	GNB4
7150	GNG2
7151	GNAS
7151	GNB5
7151	GNG2
7152	GNAS
7152	GNB1
7152	GNG3
7153	GNAS
7153	GNB2
7153	GNG3
7154	GNAS
7154	GNB3
7154	GNG3
7155	GNAS
7155	GNB4
7155	GNG3
7156	GNAS
7156	GNB5
7156	GNG3
7157	TSC1
7157	TSC2
7158	DVL1
7158	TSC2
7159	AXIN1
7159	DVL1
7159	GSK3B
7159	TSC2
7160	GNAS
7160	GNB1
7160	GNG4
7161	GNAS
7161	GNB2
7161	GNG4
7162	GNAS
7162	GNB3
7162	GNG4
7163	GNAS
7163	GNB4
7163	GNG4
7164	GNAS
7164	GNB5
7164	GNG4
7165	GNAS
7165	GNB1
7165	GNG5
7166	GNAS
7166	GNB2
7166	GNG5
7167	GNAS
7167	GNB3
7167	GNG5
7168	GNAS
7168	GNB4
7168	GNG5
7169	GNAS
7169	GNB5
7169	GNG5
7170	GNAS
7170	GNB1
7170	GNG7
7171	GNAS
7171	GNB2
7171	GNG7
7172	GNAS
7172	GNB3
7172	GNG7
7173	GNAS
7173	GNB4
7173	GNG7
7174	GNAS
7174	GNB5
7174	GNG7
7175	GNAS
7175	GNB1
7175	GNG8
7176	GNAS
7176	GNB2
7176	GNG8
7177	GNAS
7177	GNB3
7177	GNG8
7178	GNAS
7178	GNB4
7178	GNG8
7179	GNAS
7179	GNB5
7179	GNG8
7180	MDM2
7180	TP53
7181	MDM2
7181	TP53
7182	MDM2
7182	TP53
7185	CCNB1
7185	CCNF
7186	GCLC
7186	GCLM
7187	GNAS
7187	GNB1
7187	GNG10
7188	GNAS
7188	GNB2
7188	GNG10
7189	GNAS
7189	GNB3
7189	GNG10
7190	MCCC1
7190	MCCC2
7191	MAT2A
7191	MAT2B
7192	CNOT1
7192	CNOT10
7192	CNOT11
7192	CNOT2
7192	CNOT3
7192	CNOT6
7192	CNOT7
7192	CNOT9
7192	TNKS1BP1
7193	GNAS
7193	GNB4
7193	GNG10
7194	GNAS
7194	GNB5
7194	GNG10
7195	GNAS
7195	GNB1
7195	GNG11
7196	MAT2A
7196	MAT2B
7197	MAT1A
7197	MAT2B
7199	GNAS
7199	GNB2
7199	GNG11
7201	GNAS
7201	GNB3
7201	GNG11
7202	GNAS
7202	GNB4
7202	GNG11
7203	GNAS
7203	GNB5
7203	GNG11
7204	GNAS
7204	GNB1
7204	GNG12
7205	GNAS
7205	GNB2
7205	GNG12
7206	GNAS
7206	GNB3
7206	GNG12
7207	GNAS
7207	GNB4
7207	GNG12
7208	GNAS
7208	GNB5
7208	GNG12
7209	GNAS
7209	GNB1
7209	GNG13
7210	GNAS
7210	GNB2
7210	GNG13
7211	GNAS
7211	GNB3
7211	GNG13
7212	GNAS
7212	GNB4
7212	GNG13
7213	GNAS
7213	GNB5
7213	GNG13
7214	CNOT1
7214	CNOT10
7214	CNOT11
7214	CNOT2
7214	CNOT3
7214	CNOT6L
7214	CNOT7
7214	CNOT9
7214	TNKS1BP1
7215	CNOT1
7215	CNOT10
7215	CNOT11
7215	CNOT2
7215	CNOT3
7215	CNOT6
7215	CNOT8
7215	CNOT9
7215	TNKS1BP1
7216	CNOT1
7216	CNOT10
7216	CNOT11
7216	CNOT2
7216	CNOT3
7216	CNOT6L
7216	CNOT8
7216	CNOT9
7216	TNKS1BP1
7218	DTNBP1
7218	PRKDC
7218	XRCC5
7218	XRCC6
7219	SELENOK
7219	ZDHHC6
7220	KAT8
7220	MSL1
7220	MSL2
7220	MSL3
7221	HCFC1
7221	KANSL1
7221	KANSL2
7221	KANSL3
7221	KAT8
7221	MCRS1
7221	OGT
7221	PHF20
7221	WDR5
7222	ERCC2
7222	MMS19
7223	CIAO2B
7223	MMS19
7224	HCFC1
7224	THAP11
7225	CHD4
7225	HDAC2
7225	MTA2
7225	RBBP7
7225	TWIST1
7233	DLC1
7233	DLGAP1
7233	MYO5A
7234	DLG4
7234	DLGAP1
7234	DYNLL2
7235	DISC1
7235	DRD2
7236	ATXN1
7236	CIC
7239	CHRNA7
7239	GRIN1
7240	CHRNA7
7240	GRIN2A
7241	SNCA
7241	TUBB3
7242	RPGRIP1
7242	SPATA7
7243	AURKA
7243	HRAS
7243	RAF1
7246	TP53
7247	TP53
7248	ABCB1
7248	ANXA2
7248	RACK1
7248	SRC
7249	ESR1
7249	MDM2
7250	ESR1
7250	MDM4
7251	IGBP1
7251	MID1
7251	PPP2CA
7252	BRD1
7252	ING5
7252	KAT6A
7252	KAT6B
7252	MEAF6
7253	BRPF3
7253	ING5
7253	KAT6A
7253	KAT6B
7253	MEAF6
7254	ING5
7254	JADE2
7254	KAT7
7254	MEAF6
7255	ING5
7255	JADE3
7255	KAT7
7255	MEAF6
7256	ABCB1
7256	PPP2R3C
7256	TFPI2
7259	HCFC1
7259	THAP11
7259	ZNF143
7262	HADHA
7262	HADHB
7263	ABCG5
7263	ABCG8
7265	AQP4
7265	ATP1B1
7265	KCNJ10
7265	MLC1
7265	SNTG1
7265	TRPV4
7266	AKT1
7266	NQO2
7267	DLD
7267	DLST
7267	KAT2A
7267	OGDH
7268	AQP4
7268	ATP1B1
7268	HEPACAM
7268	KCNJ10
7268	MLC1
7268	TRPV4
7269	CLTC
7269	HERC1
7269	HSPA1A
7271	BMAL1
7271	NPAS2
7272	BMAL1
7272	CLOCK
7273	BMAL1
7273	HIF1A
7274	BMAL1
7274	EPAS1
7275	BCL2
7275	CISD2
7277	CPN1
7277	CPN2
7278	CTNNB1
7278	GSK3B
7278	PHF19
7279	BTRC
7279	CTNNB1
7279	PHF19
7281	BIN1
7281	EHBP1
7281	RAB8A
7282	FEN1
7282	WRN
7283	ETS1
7283	PRRX1
7284	GSK3B
7284	HSP90AA1
7284	PKM
7285	HEXIM1
7285	MATR3
7285	NONO
7285	PRKDC
7285	PSPC1
7285	RBM14
7285	SFPQ
7285	XRCC5
7285	XRCC6
7286	DTX3L
7286	ITCH
7287	HGS
7287	LITAF
7287	STAM
7288	ANGPTL4
7288	LRP6
7288	SDC1
7289	ANGPTL4
7289	LRP6
7289	SDC2
7290	ANGPTL4
7290	LRP6
7290	SDC4
7291	EIF2B2
7291	EIF2B3
7291	EIF2B4
7291	EIF2B5
7292	EIF2B1
7292	EIF2B2
7292	EIF2B3
7292	EIF2B4
7292	EIF2B5
7295	ERCC1
7295	RPA1
7295	XPA
7296	EIF3B
7296	RGP1
7298	ACTB
7298	ANP32A
7298	C1QBP
7298	PSMA1
7298	PTMA
7298	SLC25A3
7299	ANP32A
7299	ANP32B
7299	PSMA3
7299	PTMA
7299	SLC25A5
7300	PARD3B
7300	PARD6A
7300	PRKCI
7304	EED
7304	EZH2
7304	HIC1
7304	PHF19
7304	SUZ12
7305	COX4I1
7305	COX5A
7305	COX5B
7305	COX6A1
7305	COX6B1
7305	COX6C
7305	COX7A2
7305	COX7B
7305	COX7C
7305	COX8A
7305	HIGD1A
7305	MT-CO1
7305	MT-CO2
7305	MT-CO3
7305	NDUFA4
7305	PET100
7305	PET117
7305	PNKD
7309	EDN1
7309	EDNRA
7310	IL10
7310	IL10RA
7311	BMAL1
7311	CLOCK
7311	CRY1
7312	CTNNB1
7312	ESR1
7313	ESYT1
7313	ESYT2
7314	ESYT1
7314	ESYT3
7316	NFKB1
7316	STAT3
7317	RELA
7317	STAT3
7318	CTNNB1
7318	DDX5
7318	HDGF
7319	CLEC4E
7319	FCER1G
7320	CLEC4E
7320	MS4A2
7324	HINT1
7324	KAT5
7325	CDC34
7325	HINT1
7325	RBX1
7326	HINT1
7326	SP1
7328	EP300
7328	HIPK2
7328	RUNX1
7329	CADM1
7329	DLG1
7329	MPP3
7329	PIK3R1
7331	RAC1
7331	RHOA
7331	VANGL2
7333	MICALL1
7333	RAB13
7336	FRMD7
7337	HNRNPD
7337	ZFP36
7338	HNRNPD
7338	ZFP36L1
7340	HNRNPD
7340	ZFP36L2
7341	CTNNAL1
7341	DTNA
7342	DHCR24
7342	DHCR7
7344	NLGN1
7344	NRXN1
7345	DISC1
7345	TRAK1
7346	DISC1
7346	RHOT1
7349	MTREX
7349	RBM7
7349	ZCCHC8
7351	ERBB2
7351	GDF15
7352	LIG3
7352	PARP1
7354	ASXL1
7354	HCFC1
7354	OGT
7356	IL15
7356	MFGE8
7357	G3BP2
7357	TRIM25
7358	NDFIP1
7358	NEDD4L
7358	SLC11A2
7359	TF
7359	TFRC
7361	ARAF
7361	PIK3R1
7363	EYA1
7363	SIX1
7364	EYA1
7364	SIX2
7366	KATNA1
7366	KATNAL1
7366	KATNB1
7366	KATNBL1
7367	ASH2L
7367	KDM6B
7367	RBBP5
7367	WDR5
7368	CUL3
7368	KEAP1
7368	RBX1
7370	CUL3
7370	KCTD11
7371	CUL3
7371	KCTD6
7372	ACTL6A
7372	ARID1A
7372	BRD7
7372	PHF10
7372	PRMT5
7372	SMARCA2
7372	SMARCA4
7372	SMARCC1
7372	SMARCC2
7372	SMARCD1
7372	SMARCE1
7373	BRD7
7373	PRMT7
7373	SMARCA2
7373	SMARCA4
7373	SUZ12
7374	BRD7
7374	SMARCD1
7374	WDR77
7375	BRD7
7375	EZH2
7375	SUZ12
7376	BRD7
7376	PAG1
7376	PHF10
7376	PRMT5
7376	SMARCA2
7376	SMARCA4
7376	SMARCE1
7377	KDM8
7377	RCCD1
7378	KHDC3L
7378	NLRP5
7378	OOEP
7378	TLE6
7379	FYN
7379	KHDRBS1
7379	PLCG1
7381	HNRNPH1
7381	KHSRP
7381	PTBP1
7381	PTBP2
7382	CABIN1
7382	HIRA
7382	PHB1
7382	UBN1
7383	CABIN1
7383	HIRA
7383	OGT
7383	UBN1
7384	DTX3L
7384	PARP9
7385	DTX3L
7385	PARP9
7385	STAT1
7386	HIVEP3
7386	RUNX2
7386	WWP1
7388	CENPA
7388	CENPB
7388	CENPC
7388	CENPH
7388	CENPI
7388	CENPL
7388	CENPN
7388	CENPT
7388	H2AC1
7388	H2BC3
7388	H4C1
7388	HJURP
7388	RSF1
7388	SSRP1
7388	SUPT16H
7389	KCNA1
7389	KCNA2
7389	KCNAB2
7394	CENPH
7394	CENPI
7394	CENPK
7394	CENPL
7394	CENPM
7394	CENPN
7394	CENPO
7394	CENPP
7394	CENPQ
7394	CENPU
7394	ITGB3BP
7395	ADAM22
7395	LGI1
7403	PKM
7403	SREBF1
7405	STING1
7405	TBK1
7406	AKT1
7406	APPL1
7406	HDAC3
7407	TDRD3
7407	TOP3B
7408	ARHGEF18
7408	ARRB1
7408	ENAH
7410	CAPG
7410	PRMT5
7413	CENPA
7413	H4C1
7413	HJURP
7416	GJB2
7416	NANOG
7416	PTK2
7417	CFTR
7417	GOPC
7417	STX6
7418	HK1
7418	VDAC1
7420	TP53
7420	TSPY1
7420	USP7
7421	TSPY1
7421	TSPYL5
7421	USP7
7422	CEP55
7422	PPP1R13L
7423	PPP1CA
7423	PPP1R13L
7424	ISLR2
7424	ROCK1
7425	OSBP
7425	RAB11A
7425	RELCH
7427	ATF2
7427	HK1
7427	VDAC1
7428	HSD17B10
7428	PRORP
7428	TRMT10C
7429	HSD17B10
7429	TRMT10C
7430	FLCN
7430	FNIP2
7437	KAT2B
7437	KIF11
7437	MYSM1
7439	ECT2
7439	KIF23
7439	RACGAP1
7440	KIF23
7440	RACGAP1
7441	HOOK1
7441	PTPN11
7442	HOOK2
7442	PCM1
7442	RAB8A
7443	DIS3L
7443	EXOSC1
7443	EXOSC10
7443	EXOSC2
7443	EXOSC3
7443	EXOSC4
7443	EXOSC5
7443	EXOSC6
7443	EXOSC7
7443	EXOSC8
7443	EXOSC9
7443	MPHOSPH6
7444	HOOK2
7444	PARD3
7444	PARD6A
7444	PRKCI
7445	HOOK2
7445	KLC3
7445	LRGUK
7445	RIMBP3
7459	GLRA1
7459	GLRB
7462	GABRA1
7462	GABRB2
7462	GABRD
7476	AP1B1
7476	AP1G2
7476	AP1M1
7476	AP1S1
7477	MIA2
7477	MIA3
7477	PREB
7478	MIA2
7478	MIA3
7478	PREB
7479	DYNLL1
7479	KNSTRN
7479	PLK1
7479	SGO2
7479	SPAG5
7480	H1-3
7480	HDAC3
7480	NCOR1
7480	NCOR2
7482	TOR1A
7482	TOR1AIP1
7483	ARF1
7483	ARFIP2
7483	ARL1
7483	PKD2
7485	HAS1
7485	HAS2
7486	HAS2
7486	HAS3
7487	DTNBP1
7487	HDAC3
7488	DTNBP1
7488	HDAC3
7489	EGLN2
7489	NFE2L1
7489	PPARGC1A
7490	KDR
7490	VEGFA
7491	KDR
7491	VEGFA
7493	DRD2
7493	GNAI2
7495	KDR
7495	VEGFA
7496	NRP2
7496	VEGFA
7497	FLT1
7497	VEGFA
7498	NRP1
7498	VEGFA
7499	VEGFA
7499	VEGFB
7500	KDR
7500	VEGFA
7504	CD44
7504	HMMR
7504	MAPK1
7504	MAPK3
7506	KCNB1
7506	KCNE2
7507	KCNB1
7507	KCNE1
7509	IL1RAP
7509	IL1RL1
7509	KIT
7510	IL1RAP
7510	KIT
7513	PAQR3
7513	SCAP
7513	SREBF2
7514	SCAP
7514	SREBF2
7515	PAQR3
7515	SCAP
7516	PAQR3
7516	SREBF2
7517	CUL3
7517	KLHL7
7517	RBX1
7518	CUL3
7518	KLHL8
7520	INSIG1
7520	SCAP
7521	INSIG1
7521	PAQR3
7522	CUL3
7522	KLHL12
7522	PDCD6
7522	PEF1
7523	CUL3
7523	KLHL13
7523	KLHL9
7523	RBX1
7524	CUL3
7524	KLHL20
7524	RBX1
7525	CUL3
7525	KLHL24
7525	RBX1
7526	CUL3
7526	KLHL25
7527	EPM2A
7528	EPM2A
7529	APP
7529	VDAC1
7533	CUL3
7533	KLHL42
7534	CTNNB1
7534	EPCAM
7534	FHL2
7534	LEF1
7535	CD44
7535	LRP1
7540	KMT2E
7540	OGT
7540	USP7
7541	KNTC1
7541	ZW10
7541	ZWILCH
7542	KNL1
7542	MIS12
7542	NDC80
7542	SPC24
7542	ZWINT
7544	DKK1
7544	KREMEN1
7544	LRP6
7545	BLOC1S1
7545	BLOC1S2
7545	BORCS5
7545	BORCS6
7545	BORCS7
7545	BORCS8
7545	KXD1
7545	SNAPIN
7548	MAPK6
7548	MAPKAPK5
7548	SEPTIN7
7549	CALM1
7549	KCNE1
7549	KCNQ1
7551	AKAP9
7551	CDK5RAP2
7551	MAPRE1
7551	MAPRE3
7551	PDE4DIP
7551	PRKACA
7551	PRKAR2A
7551	PRKAR2B
7552	MAPRE1
7552	MAPRE3
7552	PDE4DIP
7555	LAGE3
7555	OSGEP
7555	TP53RK
7555	TPRKB
7556	CUL2
7556	ELOB
7556	ELOC
7556	LAGE3
7556	OSGEP
7556	PRAME
7556	RBX1
7557	DIAPH1
7557	DVL2
7557	IQGAP1
7557	LGR4
7557	MAP2K1
7557	MAP2K2
7557	PTK2
7557	PXN
7557	RSPO3
7557	WASL
7559	GPSM2
7559	INSC
7559	PARD3
7561	NCKAP1
7561	WASF3
7562	NCKAP1
7562	RAC1
7562	WASF3
7563	LARP1
7563	PABPC1
7563	SHFL
7564	LGR5
7564	RNF43
7564	RSPO1
7566	CCNT1
7566	CDK9
7566	HEXIM1
7566	LARP7
7567	SUMO1
7567	SYT7
7568	LATS2
7568	SIAH2
7568	ZYX
7574	APP
7574	PSEN1
7575	APP
7575	PSEN2
7576	ELOB
7576	ELOC
7576	VHL
7577	APBB1
7577	APP
7577	KAT5
7578	MAD2L2
7578	SHLD1
7578	SHLD2
7578	SHLD3
7580	MAP2K4
7580	MAP3K3
7580	NBR1
7581	CCNC
7581	CDK8
7581	EP300
7581	ESR1
7581	MED1
7581	MED10
7581	MED12
7581	MED13
7581	MED14
7581	MED16
7581	MED17
7581	MED20
7581	MED21
7581	MED23
7581	MED24
7581	MED6
7581	MED7
7581	NCOA1
7582	CCNC
7582	CDK8
7582	EP300
7582	ESR2
7582	MED1
7582	MED10
7582	MED12
7582	MED13
7582	MED14
7582	MED16
7582	MED17
7582	MED20
7582	MED21
7582	MED23
7582	MED24
7582	MED6
7582	MED7
7582	NCOA1
7583	CCNC
7583	CDK8
7583	MED12
7583	MED13
7584	CCNC
7584	CDK8
7584	MED12
7585	CCNC
7585	CDK8
7585	MED13
7586	ESR1
7586	FOXO1
7587	APP
7587	FOXO3
7588	APP
7588	FOXO1
7589	APP
7589	FOXO4
7590	CASP2
7590	SPTAN1
7591	RHOB
7591	TP53
7593	AKAP13
7593	MAP2K3
7593	MAP3K20
7593	MAPK14
7593	PKN1
7595	ALYREF
7595	CDC5L
7595	PRPF19
7595	RBMX
7595	TOP1
7596	C2ORF49
7596	DDX1
7596	FAM98B
7596	RTCB
7596	RTRAF
7596	ZBTB8OS
7597	CTNNB1
7597	RUNX3
7597	TCF4
7598	CAV1
7598	ESR1
7598	VDAC1
7607	AJUBA
7607	LATS2
7609	ADA
7609	ADORA2A
7609	DPP4
7612	ISL1
7612	LHX3
7612	TGFB1I1
7613	ISL1
7613	LHX3
7613	STAT3
7614	EGLN1
7614	LIMD1
7614	VHL
7617	LIMK1
7617	SSH1
7617	YWHAZ
7620	PRDM4
7620	YAP1
7621	HSF1
7621	IER5
7621	PPP2CA
7621	PPP2R2A
7622	HSF1
7622	PARP1
7622	ZC3HAV1
7623	HSPA8
7623	HSPBP1
7623	STUB1
7624	BAG1
7624	HSPA8
7624	STUB1
7625	IFIT1
7625	IFIT2
7625	IFIT3
7626	CSDE1
7626	IGF2BP1
7626	PABPC1
7627	ACTL6A
7627	ANP32E
7627	BRD8
7627	DMAP1
7627	EP400
7627	EPC1
7627	EPC2
7627	H2AZ1
7627	H2BC4
7627	H3C1
7627	H4C1
7627	ING3
7627	IPO9
7627	KAT5
7627	MORF4L1
7627	MORF4L2
7627	MRGBP
7627	PRKDC
7627	RUVBL1
7627	RUVBL2
7627	SRCAP
7627	TRRAP
7627	VPS72
7627	XRCC5
7627	XRCC6
7627	YEATS4
7627	ZNHIT1
7631	INSIG1
7631	RNF139
7637	HTR3A
7637	HTR3B
7638	HTR3A
7638	HTR3C
7639	HTR3A
7639	HTR3D
7640	HTR3A
7640	HTR3E
7645	ADGRA2
7645	DOCK1
7645	ELMO2
7645	GNB1
7645	GNG2
7650	CAMK4
7650	HSPA1L
7650	HSPA8
7650	IQCG
7651	IRAK1
7651	IRAK4
7651	MYD88
7651	PELI1
7651	TRAF6
7652	IRAK2
7652	IRAK4
7652	MYD88
7655	CAPN7
7655	CHMP1B
7655	IST1
7656	ISY1
7656	PRPF19
7656	XAB2
7657	AQR
7657	ISY1
7657	PPIE
7657	PRPF19
7657	XAB2
7657	ZNF830
7658	ITCH
7658	MAVS
7658	PCBP2
7659	ITCH
7659	MAP3K7
7659	NDFIP1
7661	CD177
7661	ITGAM
7661	ITGB2
7662	IZUMO1
7662	IZUMO1R
7663	HYPK
7663	NAA10
7663	NAA15
7664	EZR
7664	MSN
7664	NHERF1
7664	PAG1
7664	RDX
7665	MAU2
7665	NIPBL
7666	TANK
7666	TBK1
7666	TRAF2
7667	ATG14
7667	BECN1
7667	NRBF2
7667	PIK3C3
7667	PIK3R4
7669	MAP3K5
7669	TXN
7670	AKAP1
7670	CFAP91
7670	MYCBP
7670	PRKAR2B
7671	CAMSAP3
7671	MACF1
7672	MAD2L2
7672	POLD2
7672	POLD3
7672	REV3L
7673	ANKS1A
7673	EPHA8
7673	RINL
7676	GPR143
7676	TYR
7679	BCL10
7679	CARD14
7679	MALT1
7680	DNAJB11
7680	SDF2
7681	DNAJB11
7681	SDF2L1
7685	ERN1
7685	MAP3K5
7685	TRAF2
7686	ITCH
7686	NDFIP1
7686	UBE2L3
7687	CYLD
7687	ITCH
7692	AKT1
7692	HSPB1
7692	MAPK14
7692	MAPKAPK2
7693	AKT1
7693	MAPK14
7693	MAPKAPK2
7694	MAPK14
7694	MAPKAPK3
7696	DONSON
7696	MCM2
7696	MCM7
7696	PCNA
7696	TICRR
7697	MCM8
7697	MCM9
7698	MCM8
7698	MCM9
7698	MRE11
7698	NBN
7698	RAD50
7699	MCPH1
7699	NCAPD3
7699	NCAPG2
7699	NCAPH2
7699	SMC2
7699	SMC4
7699	TERF2
7699	TERF2IP
7700	MCRS1
7700	NDE1
7702	MDM2
7702	MDM4
7702	TP53
7703	MDM2
7703	TP53
7703	WWOX
7705	HOXD4
7705	MEIS1
7705	PBX1
7706	HOXD9
7706	MEIS1
7706	PBX1
7707	HOXD10
7707	MEIS1
7707	PBX1
7708	PBX1
7708	PKNOX1
7720	EYA1
7720	PAX2
7720	TLX1
7721	ADORA1
7721	DRD1
7722	GABBR1
7722	GABBR2
7724	GABBR1
7724	GABBR2
7724	GRM1
7725	CNR1
7725	DRD2
7726	ADORA2A
7726	DRD2
7727	MC4R
7727	NPBWR1
7728	GHSR
7728	MC3R
7729	ADORA2A
7729	CNR1
7729	DRD2
7730	ADORA2A
7730	CNR1
7733	ADORA2A
7733	GRM5
7734	GHSR
7734	PTGER3
7736	GHSR
7736	TBXA2R
7737	GHSR
7737	PTGIR
7738	IFT122
7738	IFT140
7738	WDR19
7739	IFT122
7739	IFT140
7739	TULP3
7739	WDR19
7740	IFT43
7740	TTC21B
7740	WDR35
7741	MC1R
7741	MC3R
7742	GHSR
7742	NTSR1
7743	DRD1
7743	GHSR
7744	GNB1
7744	PPP1CA
7744	PPP1CB
7744	PPP1CC
7745	CRHR2
7745	DRD1
7746	CRHR2
7746	DRD1
7747	HTR2A
7747	HTR2C
7748	MC2R
7748	MRAP
7749	VIPR1
7749	VIPR2
7750	SCTR
7750	VIPR1
7751	SCTR
7751	VIPR2
7753	DRD2
7753	GHSR
7754	CNR2
7754	SQSTM1
7755	MYC
7755	YAP1
7758	RAMP1
7758	VIPR1
7759	RAMP3
7759	VIPR1
7760	RAMP2
7760	VIPR1
7761	PTH1R
7761	RAMP2
7762	PTH2R
7762	RAMP3
7763	GCGR
7763	RAMP2
7764	CRHR1
7764	RAMP2
7765	RAMP1
7765	VIPR2
7766	RAMP2
7766	VIPR2
7767	RAMP3
7767	VIPR2
7768	GHSR
7768	SSTR5
7770	GHSR
7770	MC3R
7771	GHSR
7771	HTR2C
7772	SEPTIN3
7772	SEPTIN5
7773	AGTR1
7773	MAS1
7779	CCND3
7779	CRABP2
7779	RARA
7780	EP300
7780	ESR1
7780	NCOA2
7781	CCDC47
7781	WDR83OS
7784	ATXN3
7784	NPLOC4
7784	RNF8
7784	UFD1
7784	VCP
7786	MMS22L
7786	TONSL
7787	MYOD1
7787	TEAD4
7787	VGLL4
7788	MAD2L2
7788	RIF1
7788	SHLD2
7788	TP53BP1
7789	STX1A
7789	STXBP1
7791	ALAS1
7791	CLPP
7791	CLPX
7792	AXL
7792	DOCK1
7792	ELMO2
7792	MET
7793	FOXK1
7793	PLK1
7793	SPAG9
7794	FOXK2
7794	PLK1
7794	SPAG9
7795	MC1R
7798	ADRB2
7798	PTGER1
7802	PTGIR
7802	TBXA2R
7803	ADORA2A
7803	GAS2L2
7805	ARRB2
7805	GNB1
7805	GNG2
7805	PTH1R
7806	MAP2K5
7806	PRKCD
7806	SQSTM1
7807	ELL
7807	ICE1
7807	ICE2
7807	LARP7
7807	MEPCE
7807	ZC3H8
7808	METTL14
7808	METTL3
7808	WTAP
7809	CBLL1
7809	METTL14
7809	METTL3
7809	VIRMA
7809	WTAP
7809	ZC3H13
7812	HDAC1
7812	HDAC2
7812	MIER1
7812	MIER2
7813	CDYL
7813	EHMT1
7813	EHMT2
7813	HDAC1
7813	HDAC2
7813	MIER1
7813	REST
7813	SETDB1
7813	WIZ
7814	CDYL
7814	CHAF1A
7814	CHAF1B
7814	EHMT2
7814	EZH2
7814	MCM2
7814	MCM3
7814	MCM4
7814	MCM5
7814	MCM6
7814	MCM7
7814	RBBP4
7814	SETDB1
7817	ASH2L
7817	MRTFA
7819	MLKL
7819	PGAM5
7819	RIPK1
7819	RIPK3
7820	BMI1
7820	CBX8
7820	MLLT3
7820	RING1
7822	MOB4
7822	STK26
7823	MOB1A
7823	STK3
7823	STK38
7825	CCZ1
7825	MON1A
7825	MON1B
7825	RMC1
7826	ATP9A
7826	DOP1B
7826	MON2
7830	AMOT
7830	NF2
7830	PALS1
7830	PATJ
7831	MRAS
7831	PPP1CA
7831	SHOC2
7832	MRAS
7832	PPP1CB
7832	SHOC2
7833	MRAS
7833	SCRIB
7833	SHOC2
7834	MRC2
7834	PLAU
7834	PLAUR
7835	MRE11
7835	MRNIP
7835	NBN
7835	RAD50
7836	GOLGA2
7836	PDCD10
7836	STK26
7837	MTREX
7837	ZFC3H1
7838	MUC1
7838	RELA
7839	MUC1
7839	SH3KBP1
7840	GRB2
7840	MUC1
7840	SOS1
7841	EME1
7841	MUS81
7844	E2F4
7844	LIN37
7844	LIN52
7844	LIN54
7844	LIN9
7844	RBBP4
7844	RBL2
7844	TFDP1
7845	LIN37
7845	LIN52
7845	LIN54
7845	LIN9
7845	MYBL2
7847	MYD88
7847	TIRAP
7847	TLR4
7851	ANAPC1
7851	ANAPC16
7851	ANAPC2
7851	ANAPC4
7851	ANAPC5
7851	ANAPC7
7851	CDC16
7851	CDC23
7851	CDC27
7853	NAA10
7853	NAA16
7854	NAA10
7854	NAA15
7854	NAA50
7855	NAA30
7855	NAA35
7855	NAA38
7856	NAA20
7856	NAA25
7857	ANO1
7857	KCNE1
7858	ANO1
7858	KCNE5
7859	INIP
7859	INTS3
7859	NABP1
7860	INIP
7860	INTS3
7860	NABP2
7861	BTF3
7861	NACA
7862	NALCN
7862	UNC79
7862	UNC80
7863	NBAS
7863	RINT1
7863	ZW10
7864	NCBP1
7864	NCBP3
7865	NCLN
7865	NOMO1
7865	TMEM147
7866	NDFIP1
7866	NDFIP2
7867	CFAP410
7867	NEK1
7867	SPATA7
7868	MMP9
7868	NEU1
7868	TLR7
7870	FASTKD2
7870	NGRN
7870	RCC1L
7870	RPUSD3
7870	RPUSD4
7870	TRUB2
7871	NFE4
7871	TFCP2
7872	LYRM4
7872	NFS1
7873	EPM2A
7873	NHLRC1
7874	DKC1
7874	GAR1
7874	NHP2
7874	NOP10
7875	AUNIP
7875	AURKA
7875	NIN
7876	NISCH
7876	STK11
7879	CASP1
7879	CASP8
7879	NLRC4
7879	NLRP3
7879	PYCARD
7880	DHX9
7880	NLRP9
7880	PYCARD
7881	NMD3
7881	RAN
7881	XPO1
7882	BSG
7882	JUP
7882	NME1
7883	MIF
7883	NME1
7884	ANP32A
7884	APEX1
7884	HMGB2
7884	NME1
7884	SET
7885	CASP1
7885	NLRP1
7885	NOD2
7886	NOX1
7886	NOXA1
7886	NOXO1
7886	RAC1
7887	CASP1
7887	NLRP6
7887	PYCARD
7888	CASP1
7888	NLRP7
7888	PYCARD
7889	AIM2
7889	CASP1
7889	PYCARD
7890	HRAS
7890	IRAK1
7890	IRAK2
7890	TRAF6
7892	AIM2
7892	CASP8
7892	PYCARD
7893	PYCARD
7893	RIGI
7894	CEBPB
7894	MECOM
7895	MECOM
7895	SUV39H1
7896	EHMT2
7896	MECOM
7897	CASP1
7897	IFI16
7897	PYCARD
7898	NCF1
7898	NCF2
7898	NCF4
7899	CYBA
7899	CYBB
7899	NCF1
7899	NCF2
7900	CASP1
7900	NEK7
7900	NLRP3
7900	PYCARD
7901	DPP9
7901	NLRP1
7902	BCL10
7902	CARD9
7902	CASP8
7902	MALT1
7902	PYCARD
7903	CASP8
7903	MALT1
7903	PYCARD
7904	IQGAP1
7904	NLRC3
7905	CASP1
7905	NAIP
7905	NLRC4
7909	CASP1
7909	NLRP12
7909	PYCARD
7910	BAG2
7910	HSPA2
7910	NLRP14
7911	CYBA
7911	CYBB
7911	NCF1
7911	NCF2
7911	NCF4
7911	RAC1
7913	NONO
7913	NR5A1
7914	NONO
7914	SFPQ
7915	NONO
7915	NR5A1
7915	SFPQ
7916	ILF3
7916	NR5A2
7916	PPARA
7916	PRMT1
7919	ILF3
7919	NR5A2
7919	SERBP1
7920	IGFBP3
7920	NONO
7920	SFPQ
7924	ACE2
7924	TMPRSS2
7925	ACE2
7925	SLC6A19
7926	AGTR2
7926	MAS1
7927	AGTR1
7927	AGTR2
7928	BDKRB2
7928	MAS1
7930	RAB8A
7930	SYTL4
7932	ERBB3
7932	ITGA6
7932	ITGB4
7932	NRG1
7933	ERBB3
7933	ITGAV
7933	ITGB3
7933	NRG1
7934	GTF2I
7934	PARP1
7934	SFPQ
7935	ATP6AP2
7935	REN
7936	BCAS2
7936	CDC5L
7936	PLRG1
7936	PRPF19
7937	BCAS2
7937	CDC5L
7937	PLRG1
7937	PRPF19
7937	WRN
7938	BCAS2
7938	CDC5L
7938	CTNNBL1
7938	CWC15
7938	HSPA8
7938	PLRG1
7938	PRPF19
7939	CDC5L
7939	PRPF19
7940	INSIG2
7940	RNF139
7942	EXPH5
7942	HDAC6
7942	TM4SF5
7943	EGFR
7943	ITGA5
7943	TM4SF5
7944	MTOR
7944	SLC38A9
7944	TM4SF5
7945	CD151
7945	ITGA3
7945	ITGB1
7946	HDAC1
7946	HDAC2
7946	KDM1A
7946	MBD2
7946	MBD3
7946	MTA3
7946	RBBP4
7946	RBBP7
7946	SIX3
7947	CDK2AP1
7947	CHD3
7947	CHD4
7947	GATAD2A
7947	GATAD2B
7947	HDAC1
7947	HDAC2
7947	MBD3
7947	MTA2
7947	RBBP4
7947	RBBP7
7947	ZMYND8
7947	ZNF598
7949	USH1G
7949	USH2A
7949	WHRN
7950	NFKB2
7950	RELA
7950	SP1
7952	IRF8
7952	SPI1
7952	STAT1
7953	IRF1
7953	STAT1
7954	BECN1
7954	SH3GLB1
7954	UVRAG
7955	CREBBP
7955	EP300
7955	HDAC1
7955	SP1
7955	SP3
7956	NRIP1
7956	YWHAH
7957	CASP10
7957	CASP8
7957	CFLAR
7957	FADD
7957	RIPK1
7958	CASP1
7958	MEFV
7958	PYCARD
7960	EMC1
7960	EMC10
7960	EMC2
7960	EMC3
7960	EMC4
7960	EMC6
7960	EMC7
7960	EMC8
7960	MMGT1
7961	EMC1
7961	EMC10
7961	EMC2
7961	EMC3
7961	EMC4
7961	EMC6
7961	EMC7
7961	EMC9
7961	MMGT1
7962	NSMCE1
7962	NSMCE2
7962	NSMCE3
7962	NSMCE4A
7962	SMC5
7962	SMC6
7963	EID3
7963	NSMCE1
7963	NSMCE2
7963	NSMCE3
7963	SMC5
7963	SMC6
7964	NUBP1
7964	NUBP2
7965	DCTN1
7965	DYNC1I1
7965	NUDC
7965	PLK1
7966	ALYREF
7966	NXF1
7966	RBM8A
7966	UPF3A
7967	ALYREF
7967	NXF1
7967	RBM8A
7967	UPF3B
7968	NXF1
7968	NXT1
7969	OTUB1
7969	RNF128
7969	USP8
7971	GIT1
7971	MAT2B
7974	ACTB
7974	ACTL6A
7974	ARID1A
7974	ARID1B
7974	BCL7A
7974	BCL7C
7974	DPF2
7974	SMARCA4
7974	SMARCB1
7974	SMARCC1
7974	SMARCC2
7974	SMARCD1
7974	SMARCD2
7974	SMARCE1
7975	ACTB
7975	ACTL6A
7975	ARID2
7975	BCL7A
7975	BCL7C
7975	BRD7
7975	PBRM1
7975	PHF10
7975	SMARCA4
7975	SMARCB1
7975	SMARCC1
7975	SMARCC2
7975	SMARCD1
7975	SMARCE1
7976	KDM1A
7976	MTA3
7976	SIX3
7977	ACTB
7977	ACTL6A
7977	ARID1A
7977	ARID1B
7977	BCL7A
7977	BCL7C
7977	DPF2
7977	SMARCA2
7977	SMARCB1
7977	SMARCC1
7977	SMARCC2
7977	SMARCD1
7977	SMARCD2
7977	SMARCE1
7978	ACTB
7978	ACTL6A
7978	ARID2
7978	BCL7A
7978	BCL7C
7978	BRD7
7978	PBRM1
7978	PHF10
7978	SMARCA2
7978	SMARCB1
7978	SMARCC1
7978	SMARCC2
7978	SMARCD1
7978	SMARCE1
7979	CUL4A
7979	CUL4B
7979	DDB1
7979	RBX1
7979	WDTC1
7980	ACTB
7980	ACTL6A
7980	BCL7A
7980	BCL7C
7980	BICRAL
7980	BRD9
7980	SMARCA2
7980	SMARCC1
7980	SMARCD1
7980	SS18
7981	ACTB
7981	ACTL6A
7981	BCL7A
7981	BCL7C
7981	BICRAL
7981	BRD9
7981	SMARCA4
7981	SMARCC1
7981	SMARCD1
7981	SS18
7984	KLK6
7984	SERPINA3
7985	KLK3
7985	SERPINA1
7986	KLK2
7986	SERPINA3
7987	FANCD2
7987	FANCI
7988	BRCA2
7988	FANCD2
7988	FANCG
7988	XRCC3
7990	NPM1
7990	PA2G4
7991	PTGDS
7991	TTR
7992	CRCP
7992	POLR1C
7992	POLR1D
7992	POLR2H
7992	POLR2K
7992	POLR2L
7992	POLR3A
7992	POLR3B
7992	POLR3C
7992	POLR3D
7992	POLR3E
7992	POLR3F
7992	POLR3G
7992	POLR3H
7992	POLR3K
7994	B9D1
7994	B9D2
7994	MKS1
7995	E2F1
7995	HDAC2
7995	PA2G4
7995	RB1
7996	HSPA8
7996	PA2G4
7996	STUB1
7997	ILF3
7997	PA2G4
7998	MEIG1
7998	PACRG
8000	BAX
8000	BCL2L11
8000	PACS2
8000	TNFRSF10B
8000	TNFSF10
8002	TSN
8002	TSNAX
8004	CTSA
8004	GLB1
8005	CTSA
8005	GLB1
8005	NEU1
8006	CTBP1
8006	EP300
8006	FOXO3
8007	ANAPC1
8007	ANAPC2
8007	ANAPC5
8007	ANAPC7
8007	CDC16
8007	CDC23
8007	CDC27
8008	ANAPC1
8008	ANAPC11
8008	ANAPC2
8008	ANAPC4
8008	ANAPC5
8008	ANAPC7
8008	CDC16
8008	CDC23
8008	CDC26
8008	CDC27
8008	CDK2AP1
8009	TUBGCP4
8009	TUBGCP5
8009	TUBGCP6
8010	AURKA
8010	TPX2
8011	AURKA
8011	NUMA1
8011	TPX2
8012	CTBP2
8012	EP300
8012	RUNX2
8013	EP300
8013	RUNX2
8014	IFT122
8014	IFT140
8014	IFT43
8014	TTC21B
8014	TULP3
8014	WDR19
8014	WDR35
8015	ARMC8
8015	GID4
8015	GID8
8015	HTRA2
8015	MAEA
8015	MKLN1
8015	PGAM5
8015	RANBP10
8015	RANBP9
8015	RMND5A
8015	WDR26
8015	YPEL5
8016	DYNLL1
8016	DYNLL2
8018	RAD18
8018	SETD1A
8019	PACSIN1
8019	PICK1
8020	PACSIN2
8020	PICK1
8021	PACSIN3
8021	PICK1
8022	ACTL6A
8022	ACTR6
8022	DMAP1
8022	RUVBL1
8022	RUVBL2
8022	SRCAP
8022	YEATS4
8028	CD4
8028	LCK
8028	MYH9
8028	PTPRC
8028	PTPRCAP
8028	TFRC
8028	TUBA1C
8028	TUBB
8028	VIM
8029	MASP1
8029	MASP2
8029	MBL2
8034	MASP1
8034	MASP2
8034	MBL2
8043	SLC52A3
8043	TMEM237
8052	TIMELESS
8052	TIPIN
8055	CRY2
8055	TIMELESS
8056	ATR
8056	ATRIP
8056	TIMELESS
8057	KIAA0753
8057	OFD1
8057	PIBF1
8058	MAP1LC3A
8058	OFD1
8058	PCM1
8059	LYN
8059	PAG1
8059	STAT3
8060	LYN
8060	PAG1
8061	CSK
8061	FYN
8061	PAG1
8062	FYN
8062	KHDRBS1
8062	PAG1
8062	RASA1
8063	FYN
8063	KHDRBS1
8063	PAG1
8064	CSK
8064	PAG1
8065	FYN
8065	PAG1
8066	MSN
8066	NHERF1
8066	PAG1
8067	PAGR1
8067	PAXIP1
8068	BRCA1
8068	BRCA2
8068	PALB2
8069	PALB2
8069	RAD51
8070	PALB2
8070	RAD51AP1
8071	PABPC1
8071	PAN2
8071	PAN3
8072	AHCYL1
8072	CPSF1
8072	CPSF2
8072	CPSF3
8072	CPSF4
8072	FIP1L1
8073	AHCYL1
8073	FIP1L1
8073	PAPOLA
8074	ARL3
8074	RP2
8074	UNC119
8075	PARL
8075	STOML2
8075	YME1L1
8076	KIF14
8076	KIF20A
8076	KIF23
8076	KIF4A
8076	PRC1
8078	AGO2
8078	PARN
8079	CABLES1
8079	TP53
8079	TP73
8080	ODAD1
8080	ODAD2
8080	ODAD3
8080	ODAD4
8081	IL12B
8081	IL23A
8082	IL12A
8082	IL12B
8083	IL15
8083	IL15RA
8084	IL15
8084	IL2RB
8084	IL2RG
8085	IL2
8085	IL2RA
8085	IL2RB
8085	IL2RG
8086	IL2
8086	IL2RB
8086	IL2RG
8087	FXN
8087	ISCU
8087	LYRM4
8087	NFS1
8090	CSF2RB
8090	IL3
8090	IL3RA
8091	CSF2RB
8091	IL5
8091	IL5RA
8092	IL20
8092	IL20RA
8092	IL20RB
8094	IL18
8094	IL18R1
8095	IL18
8095	IL18R1
8095	IL18RAP
8097	MMP14
8097	TIMP2
8098	MMP14
8098	MMP2
8098	TIMP2
8099	NIPBL
8099	RAD21
8099	SMC1A
8100	EMC2
8100	EMC8
8100	WNK1
8101	EMC2
8101	EMC8
8101	MMGT1
8102	IL19
8102	IL20RA
8102	IL20RB
8104	ERCC2
8104	ERCC3
8104	GTF2H1
8104	GTF2H2
8104	GTF2H3
8104	GTF2H4
8105	CCNH
8105	CDK7
8105	ERCC2
8105	ERCC3
8105	MNAT1
8107	F2
8107	SERPINC1
8107	VTN
8111	IGF1
8111	IGFBP5
8112	IGF1
8112	IGFALS
8112	IGFBP5
8113	IGF2
8113	IGFBP5
8114	IGF2
8114	IGFALS
8114	IGFBP5
8115	IL6
8115	IL6R
8115	IL6ST
8117	CETN2
8117	ENY2
8117	MCM3AP
8117	PCID2
8117	SEM1
8118	CETN3
8118	ENY2
8118	MCM3AP
8118	PCID2
8118	SEM1
8121	PCGF1
8121	RING1
8122	PCGF1
8122	RNF2
8123	PCGF2
8123	RING1
8124	PCGF2
8124	RNF2
8125	PCGF3
8125	RING1
8126	PCGF3
8126	RNF2
8127	BMI1
8127	RING1
8128	BMI1
8128	RNF2
8129	PCGF5
8129	RING1
8130	PCGF5
8130	RNF2
8131	PCGF6
8131	RING1
8132	PCGF6
8132	RNF2
8133	PDCD4
8133	RICTOR
8134	MVB12B
8134	PDCD6
8134	PDCD6IP
8134	TSG101
8134	VPS28
8134	VPS37A
8135	PLAT
8135	PLG
8135	THBS1
8136	HRG
8136	PLAT
8136	PLG
8137	PLG
8137	THBS1
8138	HRG
8138	PLG
8140	CNTFR
8140	SORL1
8142	CLCF1
8142	CNTFR
8142	CRLF1
8143	EBI3
8143	IL27
8144	MAP2K1
8144	NEK10
8144	RAF1
8145	CRLF1
8145	IL27
8147	CCNA2
8147	CDC25C
8147	CDK2
8148	GMNN
8148	MCIDAS
8151	ERCC1
8151	ERCC2
8151	ERCC3
8151	ERCC5
8151	GTF2H1
8151	LIG1
8151	PCNA
8151	RFC1
8151	RPA2
8151	XPA
8152	ERCC5
8152	GTF2H1
8152	PCNA
8152	RFC1
8152	RPA1
8152	XPA
8153	ADA
8153	DPP4
8154	GP1BA
8154	GP1BB
8154	GP9
8155	GP1BA
8155	GP1BB
8155	GP5
8155	GP9
8156	RAN
8156	RCC1
8157	CXCL12
8157	CXCR4
8158	RAD23B
8158	XPC
8159	APAF1
8159	CASP3
8159	CASP7
8159	CASP9
8160	CASP3
8160	CASP7
8161	APAF1
8161	CASP7
8162	DNMT1
8162	HDAC1
8162	KAT5
8162	PCNA
8162	UHRF1
8162	USP7
8163	MVB12B
8163	PDCD6
8163	PDCD6IP
8163	TSG101
8163	VPS28
8163	VPS37B
8164	MVB12B
8164	PDCD6
8164	PDCD6IP
8164	TSG101
8164	VPS28
8164	VPS37C
8165	MVB12B
8165	PDCD6
8165	PDCD6IP
8165	TSG101
8165	VPS28
8165	VPS37D
8166	CD63
8166	SDCBP
8167	CFAP298
8167	DNAAF11
8167	DNAAF4
8167	HSPA8
8167	IQUB
8167	RUVBL2
8167	ZMYND10
8168	STAT1
8168	STAT3
8169	CD63
8169	PDCD6IP
8169	SDCBP
8170	IFNAR1
8170	IFNAR2
8170	TYK2
8171	CTTNBP2NL
8171	GOLGA2
8171	MOB4
8171	PDCD10
8171	PPP2CA
8171	PPP2R1A
8171	STK26
8171	STRIP1
8171	STRN
8171	STRN3
8171	STRN4
8173	PDCD6IP
8173	SDC1
8173	SDCBP
8174	IKBKG
8174	PIDD1
8174	RIPK1
8175	AKAP9
8175	PDE4D
8175	PRKACA
8176	AKAP9
8176	CAMSAP2
8176	PDE4DIP
8177	MSH2
8177	MSH6
8178	MSH2
8178	MSH3
8180	IL6ST
8180	JAK2
8180	SOCS3
8181	GNB1
8181	GNG2
8182	GNB2
8182	GNG3
8183	GNB2
8183	GNG8
8184	GNB4
8184	GNG2
8185	GNB5
8185	RGS7
8186	GNB5
8186	GNG2
8187	GNB2
8187	GNG7
8188	GNB2
8188	GNG12
8189	GNB2
8189	GNG2
8190	GNB2
8190	GNGT2
8191	GNB5
8191	PDCL
8192	GNB1
8192	PDCL
8193	CCT5
8193	GNB5
8194	CCT5
8194	GNB1
8195	GNB2
8195	PDCL
8196	GNB4
8196	PDCL
8197	GNB2
8197	GNG4
8198	CCT5
8198	GNB5
8198	PDCL
8199	AKAP9
8199	KCNQ1
8199	PDE4D
8200	DNAAF4
8200	ESR1
8201	DNAAF4
8201	ESR2
8202	CCNQ
8202	CDK10
8203	KIF17
8203	RAB23
8203	TNPO1
8205	PAWR
8205	PRKCZ
8205	SQSTM1
8206	DCLRE1C
8206	LIG4
8206	NHEJ1
8206	PAXX
8206	PRKDC
8206	XRCC4
8206	XRCC5
8206	XRCC6
8207	EGFR
8207	GRB2
8207	TNK2
8208	GRB2
8208	PDGFRA
8208	TNK2
8209	AXL
8209	GRB2
8209	TNK2
8210	SPDL1
8210	USP45
8211	ALK
8211	GRB2
8211	TNK2
8212	GRB2
8212	LTK
8212	TNK2
8213	EGFR
8213	ERRFI1
8213	GRB2
8214	ERRFI1
8214	GRB2
8214	PDGFRA
8215	AXL
8215	ERRFI1
8215	GRB2
8216	ALK
8216	ERRFI1
8216	GRB2
8217	ERRFI1
8217	GRB2
8217	LTK
8218	HOXA9
8218	MEIS1
8218	PBX1
8219	CNBP
8219	PCBP2
8220	HOXA9
8220	MEIS1
8220	PBX3
8221	LATS1
8221	PCBP2
8221	SAV1
8221	STK3
8221	STK4
8222	LATS1
8222	PCBP1
8222	SAV1
8222	STK3
8222	STK4
8223	PDLIM4
8223	PTPN13
8223	TRIP6
8224	PDPK1
8224	PRG2
8224	PRKCD
8225	PDPK1
8225	PRG2
8225	PRKCZ
8226	PEAK1
8226	PPP1CA
8226	SHC1
8227	PEAK1
8227	PPP1CC
8227	SHC1
8228	BDKRB2
8228	GNAQ
8228	PECAM1
8229	CDH5
8229	KDR
8229	PECAM1
8230	PELI1
8230	SMAD6
8233	CLDN1
8233	ESAM
8233	OCLN
8233	PECAM1
8234	ESR1
8234	PELP1
8234	SRC
8236	PPIH
8236	PRPF3
8236	PRPF4
8237	XAF1
8237	XIAP
8238	PPM1A
8238	PTEN
8238	SMAD2
8238	SMAD3
8239	AQR
8239	ISY1
8239	PPIE
8239	XAB2
8239	ZNF830
8240	BIRC5
8240	XIAP
8241	PPIH
8241	PRPF4
8242	PPIH
8242	PRPF18
8244	PPP1CA
8244	PPP1R10
8244	TOX4
8244	WDR82
8245	PPP1CB
8245	PPP1R10
8245	TOX4
8245	WDR82
8246	PPP1CC
8246	PPP1R10
8246	TOX4
8246	WDR82
8247	EIF2S1
8247	NCK1
8247	PPP1CA
8247	PPP1R15B
8248	RPA1
8248	RPA2
8248	RPA3
8248	XPA
8249	CETN2
8249	RAD23B
8249	XPC
8250	CETN2
8250	RAD23A
8250	XPC
8251	RAN
8251	RANBP3
8251	XPO1
8252	RAN
8252	XPO4
8253	DCTN1
8253	OSBPL1A
8253	RAB7A
8253	RILP
8254	RAN
8254	XPO5
8255	DNAJB12
8255	DNAJB14
8255	HSPA8
8255	SGTA
8256	DNAJB12
8256	DNAJB14
8257	RAN
8257	XPO6
8258	RAN
8258	XPO7
8259	RAN
8259	XPOT
8260	IPO4
8260	RAN
8261	IPO5
8261	RAN
8262	IPO7
8262	RAN
8263	IPO11
8263	RAN
8264	IPO13
8264	RAN
8266	PPP3CB
8266	PPP3R1
8267	DNAJB14
8267	HSPA8
8267	HSPH1
8267	SGTA
8268	PPP3CC
8268	PPP3R1
8270	CCNK
8270	CDK13
8271	CCNK
8271	CDK12
8272	RAB8A
8272	TNPO1
8273	ARMC8
8273	GID4
8273	GID8
8273	MAEA
8273	MKLN1
8273	RANBP9
8273	RMND5A
8273	WDR26
8274	IPO9
8274	RAN
8275	IPO8
8275	RAN
8276	IPO7
8276	KPNB1
8277	PTPN2
8277	RELA
8278	ASAP1
8278	RAB11A
8278	RAB11FIP3
8280	AIM2
8280	CASP1
8280	CASP8
8280	FADD
8280	MEFV
8280	PYCARD
8280	RIPK1
8280	RIPK3
8280	ZBP1
8281	CASP8
8281	CFLAR
8282	GUCY2D
8282	RD3
8286	BIRC2
8286	RIPK1
8286	TNFRSF1A
8286	TRADD
8286	TRAF2
8288	BIRC2
8288	CASP8
8288	FADD
8288	RIPK1
8288	TRADD
8288	TRAF2
8290	RAN
8290	TNPO3
8293	RAN
8293	TNPO1
8294	CASP8
8294	FADD
8294	NLRP3
8294	PYCARD
8294	RIPK1
8294	RIPK3
8294	ZBP1
8296	RIPK3
8296	ZBP1
8299	RAN
8299	RANBP1
8300	RAN
8300	RANBP1
8300	RCC1
8301	AIPL1
8301	HSP90AA1
8301	HSPA1A
8301	HSPA8
8302	CASP8
8302	FADD
8302	RIPK1
8303	GRIN1
8303	GRIN2B
8303	PRR7
8305	ANKRD28
8305	ANKRD44
8305	ANKRD52
8305	IGBP1
8305	PPP6C
8305	PPP6R1
8305	PPP6R2
8305	PPP6R3
8306	LAMTOR1
8306	LAMTOR2
8306	LAMTOR3
8307	LAMTOR1
8307	LAMTOR2
8307	LAMTOR3
8307	RRAGB
8307	RRAGD
8308	BMI1
8308	RNF2
8308	UBE2D3
8309	BRCA2
8309	PALB2
8309	RAD51
8309	RAD51C
8309	XRCC3
8310	AKT1S1
8310	MLST8
8310	MTOR
8310	RPTOR
8311	NHEJ1
8311	XRCC4
8313	PPP4C
8313	PPP4R1
8314	PPP4C
8314	PPP4R2
8314	PPP4R3B
8315	PPP4C
8315	PPP4R2
8315	PPP4R3A
8316	PPP4C
8316	PPP4R4
8317	CDC37
8317	HSP90AA1
8317	HSPA1A
8317	PPP5C
8317	TSC1
8317	TSC2
8318	HSP90AA1
8318	TSC1
8318	TSC2
8319	PPP6C
8319	TRIM14
8319	WRNIP1
8320	ANKRD28
8320	PPP6C
8320	PPP6R1
8321	ANKRD44
8321	PPP6C
8321	PPP6R1
8322	ANKRD28
8322	PPP6C
8322	PPP6R3
8323	ANKRD52
8323	PPP6C
8323	PPP6R1
8324	LAMTOR1
8324	LAMTOR2
8324	LAMTOR3
8324	LAMTOR4
8324	LAMTOR5
8325	LAMTOR1
8325	LAMTOR2
8325	LAMTOR3
8325	LAMTOR4
8325	LAMTOR5
8325	RRAGA
8325	RRAGC
8326	CRX
8326	NR2E3
8327	MAPKAP1
8327	MLST8
8327	MTOR
8327	PRR5
8327	RICTOR
8328	MAPKAP1
8328	MLST8
8328	MTOR
8328	PRR5L
8328	RICTOR
8329	IL15RA
8329	TGFBR2
8330	KLRC1
8330	KLRD1
8331	DLD
8331	NFE2L1
8331	RAN
8332	AR
8332	DTX3L
8332	PARP9
8333	DNMT1
8333	UHRF1
8333	USP7
8335	GNAI1
8335	GNB1
8335	GNGT1
8335	NTS
8335	NTSR1
8336	CAV1
8336	OCLN
8336	PDCD6IP
8337	GSK3B
8337	SRPK1
8337	WNK1
8338	KEAP1
8338	NFE2L2
8340	TELO2
8340	TTI1
8340	TTI2
8341	DKC1
8341	RUVBL1
8341	RUVBL2
8342	RUVBL1
8342	RUVBL2
8342	TERT
8343	SMG1
8343	SMG8
8343	SMG9
8344	RUVBL1
8344	RUVBL2
8345	DHFR
8345	SHMT1
8345	TYMS
8346	DRD2
8346	GNAI1
8347	NOL11
8347	UTP4
8347	WDR43
8348	AP1G1
8348	LZTFL1
8348	TFRC
8349	EGLN3
8349	PKM
8350	GPN1
8350	GPN3
8351	ANXA2
8351	MMP2
8351	WFDC2
8352	SKIL
8352	SMAD3
8352	SMAD4
8353	RAB24
8353	RAB27A
8353	RILP
8354	CTNND1
8354	RHOH
8355	AP2A1
8355	AP2B1
8355	AP2M1
8355	PICALM
8356	LTO1
8356	YAE1
8357	DNAJB1
8357	HSPA4
8357	HSPA8
8358	MDM2
8358	RSL1D1
8358	TP53
8359	SMN1
8359	TIMM50
8360	E2F5
8360	RBL1
8360	TFDP1
8367	PAIP1
8367	YBX2
8369	AQR
8369	BCAS2
8369	BUD31
8369	CASC3
8369	CDC40
8369	CDC5L
8369	CRNKL1
8369	CWC15
8369	CWC22
8369	CWC25
8369	DHX38
8369	EFTUD2
8369	EIF4A3
8369	ISY1
8369	MAGOH
8369	PLRG1
8369	PPIE
8369	PPIG
8369	PPIL1
8369	PPWD1
8369	PRPF19
8369	PRPF8
8369	RBM22
8369	RBM8A
8369	SNRNP200
8369	SNRPA1
8369	SNRPB
8369	SNRPB2
8369	SNRPD1
8369	SNRPD2
8369	SNRPD3
8369	SNRPE
8369	SNRPF
8369	SNRPG
8369	SNW1
8369	SRRM2
8369	SYF2
8369	XAB2
8369	YJU2
8370	DDX23
8370	EFTUD2
8370	LSM2
8370	LSM3
8370	LSM4
8370	LSM5
8370	LSM6
8370	LSM7
8370	LSM8
8370	PHF5A
8370	PRPF3
8370	PRPF31
8370	PRPF4
8370	PRPF6
8370	PRPF8
8370	SF3A1
8370	SF3A2
8370	SF3A3
8370	SF3B1
8370	SF3B2
8370	SF3B3
8370	SF3B4
8370	SF3B5
8370	SF3B6
8370	SNRNP200
8370	SNRNP40
8370	SNRPA1
8370	SNRPB
8370	SNRPB2
8370	SNRPD1
8370	SNRPD2
8370	SNRPD3
8370	SNRPE
8370	SNRPF
8370	SNRPG
8370	SNU13
8370	TXNL4A
8370	USP39
8371	EFTUD2
8371	LSM2
8371	LSM3
8371	LSM4
8371	LSM5
8371	LSM6
8371	LSM7
8371	LSM8
8371	MFAP1
8371	PHF5A
8371	PPIH
8371	PRPF3
8371	PRPF31
8371	PRPF38A
8371	PRPF4
8371	PRPF6
8371	PRPF8
8371	SART1
8371	SF3A1
8371	SF3A2
8371	SF3A3
8371	SF3B1
8371	SF3B2
8371	SF3B3
8371	SF3B4
8371	SF3B6
8371	SMU1
8371	SNRNP200
8371	SNRNP40
8371	SNRPA1
8371	SNRPB
8371	SNRPB2
8371	SNRPD1
8371	SNRPD2
8371	SNRPD3
8371	SNRPE
8371	SNRPF
8371	SNRPG
8371	SNU13
8371	TXNL4A
8371	UBL5
8371	WBP4
8371	ZMAT2
8372	ACIN1
8372	AGGF1
8372	BCAS2
8372	BUB3
8372	CCAR1
8372	CCAR2
8372	CD2BP2
8372	CDC5L
8372	CDK11A
8372	CFAP20
8372	CHERP
8372	CIRBP
8372	CTNNBL1
8372	CWC15
8372	DDX17
8372	DDX23
8372	DDX42
8372	DDX46
8372	DDX5
8372	DHX15
8372	DHX9
8372	DNAJC8
8372	EFTUD2
8372	ELAVL1
8372	FUS
8372	HNRNPA1
8372	HNRNPA2B1
8372	HNRNPA3
8372	HNRNPAB
8372	HNRNPC
8372	HNRNPK
8372	HNRNPR
8372	HNRNPU
8372	HNRNPUL1
8372	HSPA8
8372	HTATSF1
8372	ILF2
8372	ILF3
8372	NCBP1
8372	NCBP2
8372	NRIP2
8372	PCBP1
8372	PHF5A
8372	PLRG1
8372	PNN
8372	PPP1CA
8372	PPP1R8
8372	PQBP1
8372	PRCC
8372	PRPF19
8372	PRPF3
8372	PRPF40A
8372	PRPF6
8372	PRPF8
8372	PUF60
8372	RBM10
8372	RBM17
8372	RBM25
8372	RBM39
8372	RBM5
8372	RBMX
8372	RNPS1
8372	SAP30BP
8372	SART1
8372	SEC31B
8372	SF1
8372	SF3A1
8372	SF3A2
8372	SF3A3
8372	SF3B1
8372	SF3B2
8372	SF3B3
8372	SF3B4
8372	SF3B5
8372	SF3B6
8372	SMNDC1
8372	SNRNP200
8372	SNRNP70
8372	SNRPA
8372	SNRPA1
8372	SNRPB
8372	SNRPB2
8372	SNRPC
8372	SNRPD1
8372	SNRPD2
8372	SNRPD3
8372	SNRPE
8372	SNRPF
8372	SNRPG
8372	SRRM1
8372	SRRM2
8372	SRRT
8372	SRSF1
8372	SRSF2
8372	SRSF3
8372	SRSF4
8372	SRSF5
8372	SRSF6
8372	SRSF7
8372	SRSF9
8372	SUGP1
8372	SYNCRIP
8372	TCERG1
8372	TRA2B
8372	TRIR
8372	U2AF1
8372	U2AF2
8372	U2SURP
8372	WBP11
8372	YBX1
8372	ZC3H18
8372	ZNF207
8375	PCGF1
8375	RING1
8375	RNF2
8375	RYBP
8376	PCGF1
8376	RING1
8376	RNF2
8376	YAF2
8377	BCOR
8377	BCORL1
8377	KDM2B
8377	PCGF1
8377	RING1
8377	RNF2
8377	RYBP
8377	SKP1
8377	USP7
8378	BCOR
8378	BCORL1
8378	KDM2B
8378	PCGF1
8378	RING1
8378	RNF2
8378	SKP1
8378	USP7
8378	YAF2
8379	PCGF2
8379	RING1
8379	RNF2
8379	RYBP
8380	PCGF2
8380	RING1
8380	RNF2
8380	YAF2
8381	CBX2
8381	CBX4
8381	CBX8
8381	PCGF2
8381	PHC1
8381	PHC2
8381	PHC3
8381	RING1
8381	RNF2
8381	SCMH1
8381	SCML1
8382	AUTS2
8382	CSNK2A1
8382	CSNK2A2
8382	CSNK2B
8382	FBRS
8382	FBRSL1
8382	PCGF3
8382	RING1
8382	RNF2
8382	RYBP
8383	AUTS2
8383	CSNK2A1
8383	CSNK2A2
8383	CSNK2B
8383	FBRS
8383	FBRSL1
8383	PCGF3
8383	RING1
8383	RNF2
8383	YAF2
8384	BMI1
8384	RING1
8384	RNF2
8384	RYBP
8385	BMI1
8385	RING1
8385	RNF2
8385	YAF2
8386	BMI1
8386	CBX2
8386	CBX4
8386	CBX6
8386	CBX8
8386	PHC1
8386	PHC2
8386	PHC3
8386	RING1
8386	RNF2
8386	SCMH1
8387	AUTS2
8387	CSNK2A1
8387	CSNK2A2
8387	CSNK2B
8387	FBRS
8387	FBRSL1
8387	PCGF5
8387	RING1
8387	RNF2
8387	RYBP
8388	AUTS2
8388	CSNK2A1
8388	CSNK2A2
8388	CSNK2B
8388	FBRS
8388	FBRSL1
8388	PCGF5
8388	RING1
8388	RNF2
8388	YAF2
8389	CBX3
8389	E2F6
8389	HDAC1
8389	HDAC2
8389	L3MBTL2
8389	MAX
8389	MGA
8389	PCGF6
8389	RING1
8389	RNF2
8389	RYBP
8389	TFDP1
8389	WDR5
8390	CBX3
8390	E2F6
8390	HDAC1
8390	HDAC2
8390	L3MBTL2
8390	MAX
8390	MGA
8390	PCGF6
8390	RING1
8390	RNF2
8390	TFDP1
8390	WDR5
8390	YAF2
8391	ACTBL2
8391	ACTL6A
8391	ALYREF
8391	ARID1A
8391	ARID1B
8391	ARID2
8391	BCAS2
8391	CHD4
8391	CHD8
8391	CHERP
8391	CPSF1
8391	CPSF6
8391	CPSF7
8391	DDX17
8391	DDX20
8391	DDX23
8391	DDX39A
8391	DDX39B
8391	DDX46
8391	DDX5
8391	DHX15
8391	DHX9
8391	DNAJC8
8391	EFTUD2
8391	FUS
8391	GEMIN2
8391	GEMIN4
8391	GEMIN5
8391	GEMIN6
8391	GEMIN8
8391	HNRNPA0
8391	HNRNPA1
8391	HNRNPA2B1
8391	HNRNPC
8391	HNRNPD
8391	HNRNPF
8391	HNRNPH1
8391	HNRNPK
8391	HNRNPL
8391	HNRNPM
8391	HNRNPR
8391	HNRNPU
8391	HTATSF1
8391	KHSRP
8391	LSM4
8391	LUC7L2
8391	LUC7L3
8391	MTREX
8391	NCBP1
8391	NCBP2
8391	NUDT21
8391	PBRM1
8391	PCBP1
8391	PCBP2
8391	PHF5A
8391	PPIH
8391	PRPF19
8391	PRPF3
8391	PRPF31
8391	PRPF4
8391	PRPF40A
8391	PRPF6
8391	PRPF8
8391	PUF60
8391	RBM10
8391	RBM17
8391	RBM25
8391	RBM39
8391	RBM42
8391	RBM7
8391	RBMXL2
8391	RUVBL1
8391	RUVBL2
8391	SART1
8391	SART3
8391	SCAF4
8391	SF1
8391	SF3A1
8391	SF3A2
8391	SF3A3
8391	SF3B1
8391	SF3B2
8391	SF3B3
8391	SF3B4
8391	SF3B6
8391	SFSWAP
8391	SMARCA1
8391	SMARCA2
8391	SMARCA4
8391	SMARCB1
8391	SMARCC1
8391	SMARCC2
8391	SMARCD1
8391	SMARCE1
8391	SMN1
8391	SNRNP200
8391	SNRNP40
8391	SNRNP70
8391	SNRPA
8391	SNRPA1
8391	SNRPB
8391	SNRPB2
8391	SNRPC
8391	SNRPD1
8391	SNRPD2
8391	SNRPD3
8391	SNRPE
8391	SNRPF
8391	SNRPG
8391	SREK1
8391	SRRM2
8391	SRRT
8391	SRSF1
8391	SRSF11
8391	SRSF2
8391	SRSF3
8391	SRSF4
8391	SRSF5
8391	SRSF6
8391	SRSF7
8391	SRSF8
8391	STRAP
8391	SYNCRIP
8391	U2AF1
8391	U2AF2
8391	U2SURP
8391	USP39
8391	YBX1
8391	ZCCHC8
8393	GNB5
8393	GPR158
8393	RGS7
8394	GNB5
8394	GPR158
8394	RGS6
8395	GNB5
8395	RGS7
8395	RGS7BP
8396	GNB5
8396	GPR179
8396	RGS6
8397	GNB5
8397	GPR179
8397	RGS7
8398	GNB5
8398	GPR179
8398	RGS9
8399	GNB5
8399	GPR179
8399	RGS11
8402	MAP3K7
8402	TAB2
8403	CASP9
8403	NAIP
8405	ARMC8
8405	GID4
8405	GID8
8405	MAEA
8405	MKLN1
8405	RANBP10
8405	RANBP9
8405	RMND5A
8405	WDR26
8405	YPEL5
8406	ARMC8
8406	GID4
8406	GID8
8406	MAEA
8406	MKLN1
8406	RANBP10
8406	RANBP9
8406	RMND5B
8406	WDR26
8406	YPEL5
8407	CACNA1A
8407	CACNA1B
8407	DYNLT1
8408	CSK
8408	HSP90AA1
8408	HSPA8
8409	CSNK1A1
8409	CSNK1E
8409	NR3C2
8410	MAGEA3
8410	MAGEC2
8410	TRIM28
8411	CA9
8411	MYCBPAP
8412	CDC42
8412	FCHSD2
8412	WASL
8414	DOT1L
8414	MLLT10
8415	MTERF4
8415	NSUN4
8416	HFE
8416	HJV
8416	TFR2
8417	CCNC
8417	MED1
8417	MED12
8417	MED13
8417	MED14
8417	MED16
8417	MED17
8417	MED24
8417	MED25
8417	MED6
8417	SOX9
8417	THRAP3
8418	LY96
8418	TLR4
8419	MAGEA2
8419	TRIM28
8420	SMC3
8420	STAG2
8420	USP13
8421	CD14
8421	LY96
8421	TLR4
8424	MAGEA3
8424	TRIM28
8425	MAGEA6
8425	TRIM28
8426	MAGEC2
8426	TRIM28
8427	MAGED1
8427	PJA1
8428	MAGEF1
8428	NSMCE1
8429	NSMCE1
8429	NSMCE3
8430	NSMCE3
8430	PJA1
8431	MAGEL2
8431	TRIM27
8432	CD36
8432	TLR4
8432	TLR6
8435	MAP3K7
8435	TAB2
8435	TLR3
8435	TRAF6
8438	IRAK1
8438	TOLLIP
8439	IL1R1
8439	IL1RAP
8439	IRAK1
8439	MYD88
8439	TOLLIP
8441	CNOT1
8441	CNOT10
8441	CNOT2
8441	CNOT3
8441	CNOT6L
8441	CNOT7
8441	CNOT9
8441	TOB1
8442	AR
8442	MAGEA11
8445	CBL
8445	EGFR
8445	VAV2
8446	ASXL1
8446	BAP1
8447	ASXL2
8447	BAP1
8448	CUL3
8448	KBTBD6
8449	CUL3
8449	KBTBD7
8450	AP3D1
8450	AP3S1
8450	KIF3A
8450	RAB4A
8450	RBSN
8452	SBNO1
8452	TEAD4
8452	YAP1
8453	NOTCH1
8453	RBPJ
8453	SBNO1
8454	SMC5
8454	SMC6
8455	EP300
8455	TP53
8456	ALYREF
8456	DDX39B
8456	SARNP
8457	DDX39A
8457	SARNP
8458	TANK
8458	USP10
8458	ZC3H12A
8460	HNRNPL
8460	SETD2
8463	ABRAXAS2
8463	BABAM1
8463	BABAM2
8463	BRCC3
8465	ESR1
8465	MAGEA2
8465	TP53
8466	DAAM1
8466	INTU
8466	NPHP4
8467	E2F1
8467	MAGEA11
8467	SKP2
8468	DNAJB9
8468	DNAJC10
8468	TMEM67
8469	ELL
8469	ICE1
8469	ICE2
8469	ZC3H8
8470	C2CD3
8470	CBY1
8470	CCP110
8470	CEP162
8470	CEP164
8470	CEP290
8470	CEP83
8470	CEP89
8470	CEP97
8470	FBF1
8470	ODF2
8470	SCLT1
8473	NMNAT1
8473	RRP8
8473	SIRT1
8474	METTL14
8474	METTL3
8476	DRG1
8476	ZC3H15
8477	DRG2
8477	RWDD1
8489	TFG
8489	TRAF3
8490	MAVS
8490	TBK1
8490	TFG
8490	TRAF3
8492	EYA4
8492	SIX3
8494	TCF4
8494	ZIC2
8495	CUL2
8495	ZER1
8497	BAG6
8497	DERL1
8497	FAF2
8497	NPLOC4
8497	UFD1
8497	VCP
8497	ZFAND2B
8499	IL21
8499	IL21R
8499	IL2RG
8502	CDON
8502	PTCH1
8504	BOC
8504	CDON
8508	CEP78
8508	DCAF1
8508	DYRK2
8508	UBR5
8509	CEP19
8509	CEP350
8509	CEP43
8509	RABL2B
8510	CUL2
8510	ELOB
8510	ELOC
8510	PTCH1
8510	ZYG11B
8513	ATRX
8513	SETDB1
8513	TRIM28
8513	ZNF274
8514	PDE6D
8514	RPGR
8515	INPP5E
8515	RPGR
8516	RPGR
8516	RPGRIP1L
8518	ABCD4
8518	LMBRD1
8520	CNGA3
8520	CNGB3
8521	IL12B
8521	IL12RB1
8521	IL23A
8521	IL23R
8523	TBK1
8523	TRAF3
8525	PBX1
8525	PBXIP1
8526	PBX2
8526	TLX1
8527	HOXB7
8527	PBX2
8528	PLK4
8528	TENT5C
8529	PLK4
8529	STIL
8530	STING1
8530	TBK1
8530	TRAF3
8533	SNAP23
8533	STX4
8533	VAMP8
8535	ANKRD1
8535	IRF3
8536	ANKRD1
8536	NFKB1
8537	IRF9
8537	STAT1
8537	STAT2
8540	TANK
8540	TBK1
8540	TRAF3
8541	IKBKE
8541	TBK1
8542	TANK
8542	TRAF3
8543	CEP128
8543	CEP170
8543	CNTRL
8543	DCTN1
8543	KIF2A
8543	NIN
8543	ODF2
8544	IRF3
8544	TANK
8544	TBK1
8546	ITGA4
8546	ITGB7
8547	IKBKE
8547	TANK
8547	TBK1
8547	TRAF3
8548	ITGA3
8548	ITGB5
8549	ITGA3
8549	ITGB4
8550	MAP3K14
8550	MAVS
8550	RIGI
8551	MAVS
8551	RIGI
8552	BRCA1
8552	H2BC26
8552	IFI16
8553	BRCA1
8553	IFI16
8554	CALM1
8554	CCP110
8554	CETN2
8555	AGK
8555	TIMM22
8555	TIMM29
8556	TIMM10
8556	TIMM10B
8556	TIMM9
8557	AGK
8557	TIMM10
8557	TIMM10B
8557	TIMM22
8557	TIMM29
8557	TIMM9
8559	DNAJC19
8559	PAM16
8560	IFT20
8560	IFT57
8560	IFT88
8560	PCNT
8560	PKD2
8561	BIRC2
8561	BIRC3
8561	CHUK
8561	CYLD
8561	HTRA2
8561	IKBKB
8561	IKBKE
8561	IKBKG
8561	MAP3K7
8561	RBCK1
8561	RIPK1
8561	RNF31
8561	SHARPIN
8561	SPATA2
8561	TAB2
8561	TANK
8561	TBK1
8561	TNF
8561	TNFAIP3
8561	TNFRSF1A
8561	TNIP1
8561	TNIP2
8561	TRADD
8561	TRAF2
8562	CYLD
8562	RBCK1
8562	RNF31
8562	SHARPIN
8562	SPATA2
8563	COA3
8563	HSPA9
8563	ROMO1
8563	TIMM17A
8563	TIMM21
8563	TIMM23
8563	TIMM44
8563	TIMM50
8564	IKBKG
8564	MAVS
8564	TBK1
8565	IKBKE
8565	IRF3
8565	TANK
8565	TBK1
8566	ROMO1
8566	TIMM17A
8566	TIMM21
8566	TIMM23
8566	TIMM50
8567	MAP3K7
8567	TAB1
8567	TAB3
8568	MAVS
8568	TRADD
8569	CMC1
8569	COA1
8569	COA3
8569	COX14
8569	COX15
8569	COX16
8569	COX4I1
8569	COX5A
8569	COX6C
8569	MT-CO1
8569	MT-CO2
8569	MT-CO3
8569	SURF1
8569	TIMM21
8570	FADD
8570	MAVS
8570	RIPK1
8571	DNAH5
8571	DNAH9
8571	DNAI1
8571	DNAI2
8572	APP
8573	TANK
8573	TRADD
8573	TRAF3
8574	IRF7
8574	MYD88
8575	IRAK4
8575	MYD88
8576	NDC80
8576	ZW10
8576	ZWINT
8577	NBAS
8577	RINT1
8577	ZW10
8577	ZWILCH
8578	RAB3IP
8578	TRAPPC1
8578	TRAPPC10
8578	TRAPPC14
8578	TRAPPC2
8578	TRAPPC2L
8578	TRAPPC3
8578	TRAPPC4
8578	TRAPPC5
8578	TRAPPC6A
8578	TRAPPC6B
8578	TRAPPC9
8579	MTX1
8579	MTX2
8580	DDX3X
8580	IKBKE
8580	IRF3
8581	IKBKE
8581	MAVS
8581	TRAF3
8582	RIGI
8582	TRIM25
8582	YWHAE
8583	CYLD
8583	RIGI
8583	SDC4
8584	SWSAP1
8584	ZSWIM7
8585	APOO
8585	IMMT
8586	ILF3
8586	RAN
8586	XPO5
8586	ZNF346
8587	CHCHD3
8587	CHCHD6
8587	DNAJC11
8587	IMMT
8587	MTX1
8587	MTX2
8587	SAMM50
8588	MAVS
8588	RIGI
8588	STING1
8589	IRF7
8589	MYD88
8589	TRAF6
8590	AIFM1
8590	CHCHD4
8591	CTBP2
8591	FOXP3
8591	HDAC1
8593	CASP1
8593	NLRP1
8593	PYCARD
8594	DMXL1
8594	ROGDI
8594	WDR7
8595	DMXL2
8595	ROGDI
8595	WDR7
8596	EIF4E2
8596	GIGYF2
8596	ZNF598
8597	KPNB1
8597	SMN1
8597	SNUPN
8597	ZPR1
8600	CHCHD4
8600	GFER
8601	DYRK1B
8601	RANBP9
8602	ENTR1
8602	GIT1
8602	PTPN13
8605	IFNL1
8605	IFNLR1
8605	IL10RB
8607	CXCR4
8607	GDF5
8607	HSP90AA1
8607	HSPA8
8608	CD274
8608	RAB11A
8608	TRAPPC4
8611	CASP8
8611	NLRC4
8611	PSMC5
8612	CASP1
8612	NLRP3
8612	PYCARD
8613	TRAPPC1
8613	TRAPPC11
8613	TRAPPC12
8613	TRAPPC13
8613	TRAPPC2
8613	TRAPPC2L
8613	TRAPPC3
8613	TRAPPC4
8613	TRAPPC5
8613	TRAPPC6A
8613	TRAPPC6B
8613	TRAPPC8
8614	CD36
8614	TLR2
8614	TLR6
8615	TLR2
8615	TLR6
8616	C17ORF75
8616	WDR11
8617	CD180
8617	LY86
8619	TICAM1
8619	TLR3
8620	IL1R1
8620	IL1RAP
8620	IRAK2
8621	IL1R1
8621	IL1RAP
8621	IRAK1
8621	MYD88
8622	ACIN1
8622	RNPS1
8622	SAP18
8623	LAS1L
8623	MDN1
8623	NOL9
8623	PELP1
8623	SENP3
8623	TEX10
8623	WDR18
8624	TIRAP
8624	TRAF6
8625	RAB11A
8625	RAB11FIP2
8625	TICAM1
8625	TICAM2
8626	RAB11A
8626	RAB11FIP1
8626	SLAMF1
8627	CD44
8627	ERBB2
8627	GRB2
8627	VAV2
8628	RAB11A
8628	RAB11FIP2
8628	SLAMF1
8629	RAB11A
8629	RAB11FIP5
8629	SLAMF1
8630	BECN1
8630	PIK3C3
8630	PIK3R4
8630	SLAMF1
8632	BECN1
8632	PIK3C3
8632	PIK3R4
8632	SLAMF1
8632	UVRAG
8634	TRAPPC1
8634	TRAPPC10
8634	TRAPPC2
8634	TRAPPC2L
8634	TRAPPC3
8634	TRAPPC4
8634	TRAPPC5
8634	TRAPPC6A
8634	TRAPPC6B
8634	TRAPPC9
8639	PRLR
8640	PRLR
8641	PRLR
8642	CDC37
8642	HSP90AA1
8642	MAPK1
8642	MAPK11
8642	MAPK3
8643	ABCB11
8643	CHMP5
8644	DTNBP1
8644	PRKDC
8644	XRCC5
8644	XRCC6
8645	PTPN6
8645	VAV1
8647	GRB2
8647	PTPN6
8647	SOS1
8649	GRB2
8649	MED28
8649	NF2
8650	GOLGA7
8650	ZDHHC9
8651	GOLGA7
8651	ZDHHC5
8652	GOLGA7B
8652	ZDHHC5
8654	GRB2
8654	PLCG1
8654	SOS1
8654	ZAP70
8655	MYD88
8655	SYK
8655	TLR4
8656	IRAK1
8656	MYD88
8656	SYK
8656	TLR4
8658	ATG2B
8658	TRAPPC11
8658	WDR45
8661	HNRNPD
8661	PIN1
8662	HNRNPD
8662	PIN1
8663	HNRNPD
8663	PIN1
8664	KPNA2
8664	NUP50
8665	KPNA2
8665	NUP50
8666	KPNA4
8666	KPNB1
8667	KPNA3
8667	KPNB1
8668	KPNA1
8668	KPNB1
8669	KPNA6
8669	KPNB1
8670	CSE1L
8670	KPNA4
8670	RAN
8671	CSE1L
8671	KPNA3
8671	RAN
8672	CSE1L
8672	KPNA1
8672	RAN
8673	CSE1L
8673	KPNA6
8673	RAN
8674	AAAS
8674	AHCTF1
8674	GLE1
8674	NDC1
8674	NUP107
8674	NUP133
8674	NUP153
8674	NUP155
8674	NUP160
8674	NUP188
8674	NUP205
8674	NUP210
8674	NUP214
8674	NUP35
8674	NUP37
8674	NUP42
8674	NUP43
8674	NUP50
8674	NUP54
8674	NUP58
8674	NUP62
8674	NUP85
8674	NUP88
8674	NUP93
8674	NUP98
8674	POM121
8674	RAE1
8674	RANBP2
8674	SEC13
8674	SEH1L
8674	TPR
8675	MTX2
8675	MTX3
8675	SAMM50
8676	DNAJC11
8676	MTX1
8677	CASP8
8677	CFLAR
8677	FADD
8677	RIPK1
8677	TICAM1
8677	TLR3
8678	CASP10
8678	CASP8
8678	CFLAR
8678	FADD
8678	RIPK1
8678	TICAM1
8678	TLR3
8679	CASP8
8679	FADD
8679	RIPK1
8679	TICAM1
8679	TLR3
8681	IKBKG
8681	MAVS
8681	TRAF2
8682	DDX3X
8682	IKBKE
8682	MAVS
8682	TRAF3
8683	HCN2
8683	HCN4
8684	HCN1
8684	HCN3
8685	HCN1
8685	HCN4
8686	HCN3
8686	HCN4
8691	PRKN
8691	TOMM40
8692	PRKN
8692	TOMM70
8693	MAVS
8693	RIGI
8693	TRIM31
8694	IKBKE
8694	MAVS
8694	TBK1
8695	MAVS
8695	RIGI
8695	TBK1
8695	TRAF3
8696	MAVS
8696	PPP6C
8696	RIGI
8696	TRIM14
8696	WRNIP1
8697	GUCA1A
8697	GUCY2D
8697	RD3
8698	RIPK1
8698	RIPK3
8699	CASP8
8699	FADD
8699	RIPK1
8699	RIPK3
8700	HRAS
8700	PPP1CC
8700	SHOC2
8701	KRAS
8701	PPP1CC
8701	SHOC2
8702	MRAS
8702	PPP1CC
8702	SHOC2
8703	NRAS
8703	PPP1CC
8703	SHOC2
8704	MRAS
8704	PPP1CC
8704	SHOC2
8705	RIPK1
8705	TICAM1
8705	TLR3
8707	OPTN
8707	TBK1
8708	TLR4
8708	TLR5
8709	MYD88
8709	TLR4
8710	ALYREF
8710	MYCN
8711	MYCN
8711	SIRT1
8712	HDAC2
8712	MYCN
8712	SP1
8713	HDAC1
8713	MYCN
8713	SP1
8714	DOCK8
8714	MYD88
8714	PTK2B
8715	IKBKE
8715	MAVS
8719	TBK1
8719	TRAF6
8720	ECSIT
8720	MAP3K7
8720	TRAF6
8721	DDX3X
8721	IKBKE
8722	TIMM17B
8722	TIMM23
8722	TIMM44
8723	ROMO1
8723	TIMM17B
8723	TIMM21
8723	TIMM23
8723	TIMM50
8724	IFNAR1
8724	IFNAR2
8724	RACK1
8724	STAT1
8725	AZI2
8725	TBK1
8726	BIRC2
8726	TNFRSF1B
8726	TRAF1
8726	TRAF2
8727	KCNE1
8727	KCNQ1
8729	HSP90AB1
8729	IRF3
8729	TBK1
8730	BAX
8730	HSP90AA1
8730	IRF3
8730	TOMM70
8731	BAX
8731	IRF3
8732	HSP90AA1
8732	RIGI
8733	IRAK2
8733	MAL
8734	HSP90AA1
8734	IRF3
8734	MAVS
8734	TBK1
8734	TOMM70
8735	PIH1D1
8735	RPAP3
8735	RUVBL1
8735	RUVBL2
8736	MAVS
8736	TOMM70
8737	EFNB1
8737	TUBB4B
8739	HSP90AA1
8739	TOMM70
8741	HSP90AA1
8741	IRF3
8741	TBK1
8741	TOMM70
8742	CHUK
8742	HSP90AA1
8742	IKBKB
8742	TOMM70
8743	PEX19
8743	PEX3
8749	FTO
8749	TRMT10A
8750	MICU1
8750	UCP2
8756	HEPH
8756	SLC40A1
8757	MYCN
8757	SP1
8757	ZBTB17
8758	AURKA
8758	MYCN
8759	KDM1A
8759	MYCN
8760	MAP2K1
8760	WWOX
8761	HYAL2
8761	WWOX
8762	HYAL2
8762	SMAD3
8762	WWOX
8763	HYAL2
8763	SMAD4
8763	WWOX
8764	SMAD4
8764	TP53
8764	WWOX
8766	NFKB1
8766	RELA
8766	UXT
8767	BCLAF1
8767	TET2
8768	TNNC1
8768	TNNI3
8768	TNNT2
8771	CRLF2
8771	IL7R
8771	TSLP
8772	CLEC4M
8772	VWF
8773	F8
8773	VWF
8774	SNX1
8774	SNX2
8775	SNX2
8775	SNX4
8776	LEPR
8776	SNX1
8777	LEPR
8777	SNX2
8778	LEPR
8778	SNX4
8779	INSR
8779	SNX1
8780	INSR
8780	SNX2
8781	INSR
8781	SNX4
8782	SNX1
8782	TFRC
8783	EGFR
8783	SNX1
8784	EGFR
8784	SNX2
8785	EGFR
8785	SNX4
8786	PDGFRB
8786	SNX1
8787	PDGFRB
8787	SNX2
8788	PDGFRB
8788	SNX4
8791	PEX12
8791	PEX5
8792	PEX10
8792	PEX12
8796	RAB5IF
8796	TMCO1
8802	NOD2
8802	RIPK2
8808	KEAP1
8808	SQSTM1
8811	ACHE
8811	NRXN1
8813	APOA1
8813	BCHE
8814	APOB
8814	BCHE
8815	BCHE
8815	CLU
8817	BCHE
8817	KRT1
8818	BCHE
8818	KRT10
8819	ALB
8819	BCHE
8820	BCHE
8820	KRT9
8821	BCHE
8821	KRT2
8822	BCHE
8822	KRT14
8823	AHSG
8823	BCHE
8824	BCHE
8824	KRT6B
8825	BCHE
8825	TF
8826	BCHE
8826	KRT6A
8827	BCHE
8827	KRT5
8828	BCHE
8828	C1S
8829	BCHE
8829	KRT16
8830	BCHE
8831	BCHE
8831	VTN
8832	BCHE
8832	HBB
8833	BCHE
8833	THBS1
8835	BCHE
8835	IGHM
8836	BCHE
8836	LGALS3BP
8837	A2M
8837	BCHE
8838	BCHE
8838	HPR
8839	BCHE
8839	HP
8840	BCHE
8841	ACHE
8842	AHR
8842	ARNT
8843	KDM6A
8843	RNF114
8844	COLQ
8844	HSPG2
8845	COLQ
8845	MUSK
8846	ACHE
8846	COLQ
8847	ACHE
8847	COLQ
8848	ACHE
8848	COLQ
8849	ACHE
8850	PSMA1
8850	PSMA2
8850	PSMA3
8850	PSMA4
8850	PSMA5
8850	PSMA6
8850	PSMA7
8850	PSMB1
8850	PSMB2
8850	PSMB3
8850	PSMB4
8850	PSMB5
8850	PSMB6
8850	PSMB7
8856	APP
8856	BCHE
8857	ACHE
8857	APP
8859	ITGA4
8859	ITGB7
8859	MADCAM1
8860	ICAM1
8860	ITGAL
8860	ITGB2
8861	EGLN1
8861	SH3KBP1
8862	PTGS2
8864	OAZ1
8864	ODC1
8865	NPR1
8866	ODC1
8867	ITGA4
8867	ITGB7
8867	VCAM1
8868	BCL10
8868	CARD11
8868	DPP4
8868	IKBKB
8869	AZIN1
8869	OAZ1
8870	DPP4
8870	FAP
8871	AZIN2
8871	OAZ1
8872	RXRA
8872	THRA
8873	RXRA
8873	THRB
8874	RARA
8874	RXRA
8875	RARB
8875	RXRA
8876	RARG
8876	RXRA
8877	PLAT
8877	PLG
8878	RARG
8878	RXRB
8881	HDAC3
8881	RARA
8882	HDAC5
8882	RARA
8883	HDAC7
8883	RARA
8886	NCOR2
8886	RARA
8887	NCOR2
8887	THRB
8888	NCOR2
8888	THRA
8889	NCOR2
8889	RARA
8889	RXRA
8890	NCOR2
8890	RXRA
8890	THRB
8891	FGA
8891	FGB
8891	FGG
8892	NCOA2
8892	RARA
8893	NCOA2
8893	RXRA
8894	NCOA2
8894	THRA
8895	NCOA2
8895	VDR
8897	AR
8897	NCOA2
8898	PLAU
8898	SERPINE1
8899	NR1H3
8899	RXRA
8900	NR1H2
8900	RXRA
8901	PLAU
8901	PLAUR
8901	VTN
8902	NR1H3
8902	PPARA
8903	NR1H2
8903	PPARA
8904	NR1H3
8904	PPARD
8905	NR1H2
8905	PPARD
8906	NR1H3
8906	PPARG
8907	NR1H2
8907	PPARG
8908	PIK3R1
8908	RARA
8909	PIK3R1
8909	PTK2
8909	RARA
8910	ESR1
8910	FOS
8910	FOXA1
8910	GATA3
8910	PRKDC
8910	RARA
8910	STAT1
8910	TFAP2C
8910	XRCC5
8910	XRCC6
8911	ESR1
8911	FOS
8911	FOXA1
8911	GATA3
8911	PRKDC
8911	RARG
8911	STAT1
8911	TFAP2C
8911	XRCC5
8911	XRCC6
8912	GNAQ
8912	RARA
8914	SERPINE1
8914	VTN
8915	NR4A1
8915	RXRA
8916	PLAU
8916	SERPINB2
8917	RARA
8917	RXRB
8919	RARG
8919	SRC
8920	HRG
8922	PPARA
8922	RXRA
8923	PPARG
8923	RXRA
8924	NR1H4
8924	RXRA
8925	PLAU
8925	THBS1
8926	NCOA1
8926	NR1H3
8926	RXRA
8927	HRG
8927	THBS1
8929	NR1I3
8929	RXRA
8930	EP300
8930	RXRA
8931	NR1I2
8931	RXRA
8932	RXRA
8932	VDR
8933	GRIN1
8933	GRIN2A
8934	NR4A2
8934	RXRG
8935	NR4A1
8935	RXRG
8936	GRIN1
8936	GRIN2B
8937	GRIN1
8937	GRIN2C
8938	GRIN1
8938	GRIN2D
8939	GRIN1
8939	GRIN2A
8944	RARA
8944	WTIP
8947	KCNA1
8947	KCNA4
8948	KCNA2
8948	KCNA4
8949	KCNA4
8949	KCNA5
8950	KCNA4
8951	KCNA1
8953	RXRB
8953	THRA
8954	CAMK2A
8954	GRIN2B
8957	GRIN2B
8957	RASGRF1
8960	KCNA2
8961	KCNA3
8964	KCNA5
8965	KCNA1
8965	KCNA2
8965	KCNA3
8965	KCNA4
8967	DPP4
8967	IGF2R
8968	DPP4
8968	GPC3
8973	KCNA10
8973	POMP
8975	NR4A2
8975	RXRA
8978	CAV1
8978	DPP4
8979	GRIN1
8979	GRIN2C
8980	GRIN1
8980	GRIN2A
8980	GRIN2C
8981	GRIN1
8981	GRIN2D
8982	POLD1
8982	POLD2
8982	POLD3
8982	POLD4
8983	POLD1
8983	POLD2
8983	POLD3
8984	GLP1R
8985	SCTR
8986	GLP1R
8986	SCTR
8988	KCNB1
8988	KCNG4
8989	GRIN1
8989	GRIN3B
8991	KCNC3
8991	KCNG3
8992	KCNC1
8992	KCNH1
8993	KCNB1
8993	KCNV2
8994	KCNB2
8994	KCNV2
9004	CAV1
9004	GLP1R
9009	APP
9009	GRIN1
9009	GRIN2A
9010	APP
9010	GRIN1
9010	GRIN2B
9011	APP
9011	GRIN1
9019	POLE
9019	POLE2
9019	POLE3
9019	POLE4
9020	PTH1R
9020	SCTR
9021	PTH2R
9021	SCTR
9022	GLP2R
9022	SCTR
9023	CALCRL
9023	SCTR
9024	GHRHR
9024	SCTR
9026	GIPR
9027	ADRB2
9027	GIPR
9028	RXRA
9029	APP
9029	GRIN1
9029	GRIN2A
9029	NETO1
9030	APP
9030	GRIN1
9030	GRIN2B
9030	NETO1
9034	AGTR1
9034	BDKRB2
9035	GIPR
9035	GLP1R
9036	APBB1
9036	APP
9037	APBB2
9037	APP
9038	PARP1
9038	TDP1
9039	KCNC1
9040	APP
9040	NCSTN
9041	APP
9041	NCSTN
9042	CAV1
9042	CAVIN1
9043	CAV1
9043	GRK2
9044	PARP1
9044	TIMELESS
9051	PARP1
9051	PARP2
9052	LIG3
9052	PARP1
9052	PARP2
9052	POLB
9052	XRCC1
9053	COPS4
9053	COPS7A
9053	CUL4A
9053	CUL4B
9053	DDB1
9053	DDB2
9053	GPS1
9053	PARP1
9054	KCNA5
9054	KCNAB1
9055	OGG1
9055	PARP1
9056	KCNA5
9056	KCNAB1
9056	PRKCB
9056	PRKCQ
9056	RACK1
9058	PARP1
9058	TSG101
9059	GRIK2
9059	GRIK5
9060	GRIK2
9060	GRIK5
9061	GRIK2
9062	GRIK2
9063	NCOR1
9063	THRA
9064	ESR1
9064	NCOA2
9065	NCOA2
9065	PGR
9069	GRIK1
9069	GRIK2
9069	GRIK3
9070	GRIK1
9070	GRIK3
9071	GRIK2
9071	GRIK3
9072	RARA
9073	CRABP2
9073	RARA
9073	RXRA
9074	ABCC8
9074	KCNJ11
9076	IL1RAP
9076	IL1RL2
9076	IL36A
9081	IL1RAP
9081	IL1RL2
9081	IL36G
9083	IL1RAP
9083	IL1RL1
9083	IL33
9084	AR
9084	KAT5
9085	AR
9085	HDAC1
9085	KAT5
9086	IL1B
9086	IL1R1
9086	IL1RAP
9087	AR
9087	KAT7
9088	AGAP1
9088	GUCY1A1
9088	GUCY1B1
9089	AR
9089	SIRT1
9090	AR
9090	CLNS1A
9090	PRMT5
9090	WDR77
9092	AR
9092	NSD1
9093	AR
9093	KDM1A
9095	AR
9095	KDM3A
9096	AR
9096	KDM1A
9096	KDM4C
9097	AR
9097	UBE3A
9098	AR
9098	HDAC1
9098	MDM2
9099	AR
9099	HDAC1
9099	RCHY1
9100	AR
9100	RNF4
9101	AR
9101	RNF14
9103	AR
9103	USP10
9104	AR
9104	SUMO3
9110	AR
9110	ZMIZ1
9112	AR
9112	SENP1
9115	AR
9115	PRPF6
9116	AR
9116	NONO
9117	AR
9117	XRCC5
9117	XRCC6
9118	AR
9118	RAD9A
9119	GUCY2C
9120	AR
9120	BRCA1
9121	AR
9121	BRCA2
9122	AR
9122	BAG1
9122	HSPA1A
9123	IL17A
9123	IL17RA
9123	IL17RC
9124	KCNB1
9124	KCNV1
9125	KCNB2
9125	KCNV1
9126	AR
9126	SVIL
9127	AR
9127	GSN
9128	AR
9128	FLNA
9129	APPBP2
9129	AR
9130	AR
9130	HIP1
9131	AR
9131	GAK
9132	IL17F
9132	IL17RA
9132	IL17RC
9133	IL17A
9133	IL17F
9135	KCNB1
9135	KCNS3
9136	IL17A
9136	IL17F
9136	IL17RA
9136	IL17RC
9138	AR
9138	CAV1
9139	AR
9139	TGFB1I1
9140	AR
9140	FHL2
9140	PELP1
9141	AR
9141	FHL2
9143	AR
9143	TNK2
9144	AR
9144	NCOA2
9144	PKN1
9145	AR
9145	RANBP9
9146	AR
9146	PAK6
9147	AR
9147	RACK1
9147	SRC
9148	AR
9148	STAT3
9149	AR
9149	SMAD3
9150	AR
9150	HEY1
9151	AR
9151	RNASEL
9152	AR
9152	CTNNB1
9153	AR
9153	GSK3B
9154	AR
9154	TCF4
9155	AR
9155	CCNE1
9156	AR
9156	CDC25B
9157	AR
9157	CDK6
9158	AR
9158	CCND1
9159	AR
9159	RB1
9160	ANP32A
9160	AR
9161	AR
9161	RBAK
9162	GUCY2C
9163	AR
9163	PAWR
9164	AR
9164	CASP8
9165	APOA1
9165	PDE1A
9167	AR
9167	MED1
9168	AR
9168	NRIP1
9169	AR
9169	ARID5A
9171	AKAP6
9171	PDE4D
9172	AR
9172	NCOA4
9174	AR
9174	COPS2
9175	AR
9175	TLE5
9176	AR
9176	PATZ1
9176	RNF4
9177	NGFR
9177	PDE4A
9178	AR
9178	TGIF1
9179	AR
9179	UXT
9180	AR
9180	TMF1
9181	NGFR
9181	PDE4B
9182	AR
9182	SART3
9183	AR
9183	MAK
9183	NCOA3
9184	NGFR
9184	PDE4C
9185	AR
9185	CTDSP2
9187	NGFR
9187	PDE4D
9188	AR
9188	CTDSP1
9190	PDE10A
9191	LIG3
9191	XRCC1
9192	AR
9192	CTDSPL
9193	AR
9193	PPP2CA
9193	PPP2R1A
9194	PARP1
9194	SMAD3
9195	AR
9195	LATS2
9196	PARP1
9196	SMAD2
9197	PARP1
9197	SMAD4
9198	PARP2
9198	SMAD2
9200	PARP2
9200	SMAD3
9201	PARP2
9201	SMAD4
9202	PARG
9202	SMAD2
9203	PARG
9203	SMAD3
9210	LIG3
9210	LIG4
9210	PARP1
9210	PARP3
9210	PRKDC
9210	XRCC5
9210	XRCC6
9211	LIG3
9211	LIG4
9211	PARP1
9211	PARP3
9211	PRKDC
9211	XRCC5
9211	XRCC6
9212	CSN1S1
9212	PDE10A
9213	PARP1
9213	XPC
9214	CUL4A
9214	DDB1
9214	DDB2
9214	PARP1
9214	RBX1
9214	XPC
9215	PDE4A
9215	PDE4D
9216	PDE4B
9216	PDE4D
9217	HPF1
9217	PARP1
9221	AR
9221	PARK7
9222	AR
9222	DDC
9223	AR
9223	PIK3R1
9223	SRC
9225	METAP2
9225	PDE4A
9226	PDE1A
9226	YWHAZ
9227	AR
9227	RUNX2
9228	AR
9228	JUN
9230	AR
9230	FOS
9231	AR
9231	ATF2
9231	JUN
9232	PDE5A
9235	HPF1
9235	PARP2
9237	MTHFD2
9237	PARP3
9238	EZH2
9238	HDAC1
9238	PARP3
9238	SUZ12
9238	YY1
9242	AR
9242	CEBPA
9243	AR
9243	NR0B1
9244	GLP2R
9244	PIK3R1
9245	AR
9245	EGR1
9246	AR
9246	ESR1
9247	AR
9247	FOXO1
9248	AR
9248	FOXA1
9249	NHLH2
9249	PDE4A
9250	AR
9250	GATA2
9251	AR
9251	FOXH1
9252	IRAG1
9252	ITPR1
9252	PDE5A
9252	PRKG1
9253	PDE1A
9253	PDE1C
9256	AR
9256	HOXB13
9257	AR
9257	NF1
9259	AR
9259	SP1
9261	AR
9261	SPDEF
9263	AR
9263	RXRA
9264	AR
9264	SOX9
9265	AR
9265	SRY
9266	AIPL1
9266	PDE6A
9266	PDE6B
9266	PDE6G
9267	AR
9267	NR2C1
9268	AR
9268	NR2C2
9269	AR
9269	TRAM1
9270	AIPL1
9270	PDE6C
9270	PDE6H
9272	AR
9272	CCAR2
9273	AR
9273	SETD7
9274	AR
9274	NONO
9274	SFPQ
9275	FBXL20
9275	PDE6D
9276	FBXL2
9276	PDE6D
9277	PDE6D
9277	UBL3
9278	FAM219A
9278	PDE6D
9279	NIM1K
9279	PDE6D
9280	KCNQ5
9281	SLPI
9281	TUBB1
9284	MYH9
9284	TUBB4A
9285	GBP1
9285	TUBB3
9290	KCNQ4
9291	GBP1
9291	PIM1
9291	TUBB3
9292	RUVBL1
9292	TUBB4A
9293	TINF2
9293	TUBB4A
9294	LRP5
9294	PCSK9
9295	PIK3CA
9295	TRAF6
9296	PIK3CA
9296	PIK3R1
9296	TRAF6
9297	PIK3CB
9297	PIK3R1
9308	LDLR
9308	PCSK9
9309	KCNE2
9309	KCNQ2
9309	KCNQ3
9310	NEDD9
9310	PIK3CA
9311	PIK3CA
9311	SQSTM1
9312	ANXA2
9312	PCSK9
9313	CD36
9313	PCSK9
9314	GPC3
9314	PCSK9
9315	EPHA8
9315	PIK3CG
9316	HSP90B1
9316	PCSK9
9317	CD81
9317	PCSK9
9318	CAP1
9318	LDLR
9318	PCSK9
9319	PIK3CG
9319	PIK3R5
9323	ADCYAP1R1
9323	GIPR
9324	ADCYAP1R1
9324	SCTR
9325	MPC1
9325	MPC2
9326	ACBD5
9326	VAPA
9327	ACBD5
9327	VAPB
9329	ESR1
9329	SVIL
9330	ESR1
9330	SORBS3
9331	ESR1
9331	TCF4
9332	CDC25B
9332	ESR1
9333	ANP32A
9333	ESR1
9334	ESR1
9334	RBAK
9335	ESR1
9335	TRIP4
9336	ESR1
9336	PNRC1
9337	ARID5A
9337	ESR1
9339	ESR1
9339	UXT
9340	ANXA1
9340	PIK3CA
9341	ESR1
9341	NCOA3
9342	PIK3CA
9342	SCGB2A1
9343	ESR1
9343	NCOA1
9344	BRCA1
9344	ESR1
9345	PIK3CA
9345	ZG16B
9346	CITED1
9346	ESR1
9347	CCND1
9347	ESR1
9347	NCOA1
9348	BPIFA1
9348	PIK3CA
9349	ESR1
9349	UBE3A
9350	APOA1
9350	PIK3CA
9351	ERBB4
9351	ESR1
9352	ESR1
9352	MED1
9353	CALCOCO1
9353	ESR1
9353	NCOA2
9354	BPIFB1
9354	PIK3CA
9356	GCG
9356	GCGR
9358	ESR1
9358	PHB2
9359	AJUBA
9359	CCAR2
9359	CREBBP
9359	ESR1
9361	ESR1
9361	RBM23
9364	DLG3
9364	DLG4
9364	PTK2B
9367	CCDC62
9367	ESR1
9368	DNTTIP2
9368	ESR1
9369	ASAP1
9369	PTK2B
9370	ESR1
9370	NCOA5
9371	ESR1
9371	NCOA6
9372	ESR1
9372	NCOA7
9373	ASAP2
9373	PTK2B
9374	ASAP1
9374	SRC
9375	ESR1
9375	PRMT2
9376	ESR1
9376	TXNRD1
9377	ESR1
9377	SETD7
9379	ESR1
9379	NR1H4
9380	CTBP1
9380	ESR1
9380	LCOR
9380	RBBP8
9381	ESR1
9381	NCOA3
9381	NCOR2
9382	ASXL1
9382	ESR1
9385	ESR1
9385	MTA1
9387	ESR2
9387	SORBS3
9388	ESR2
9388	TCF4
9389	ARID5A
9389	ESR2
9391	ESR2
9391	MED1
9393	CCAR2
9393	ESR2
9395	CCDC62
9395	ESR2
9396	DNTTIP2
9396	ESR2
9397	ESR2
9397	NCOA5
9402	ESR2
9402	NCOA7
9403	ESR2
9403	PRMT2
9404	ESR2
9404	TXNRD1
9405	NR1H4
9405	PPARGC1A
9406	GPS2
9406	NR1H4
9407	NCOA1
9407	NR1H4
9408	NR1H4
9408	PRMT1
9409	NR1H4
9409	RELA
9410	NR1H4
9410	SETD7
9412	NR1H4
9412	SREBF2
9413	MED1
9413	NR1H4
9413	RXRA
9414	NR1H4
9414	SAFB
9416	NR3C1
9416	PRPF6
9417	NR3C1
9417	SVIL
9418	NR3C1
9418	SORBS3
9419	NR3C1
9419	RBAK
9422	NR3C1
9422	NRIP1
9423	NR3C1
9423	PSMC3IP
9424	NR3C1
9424	UXT
9425	CTDSPL
9425	NR3C1
9429	NCOA6
9429	NR3C1
9432	NCOR2
9432	NR3C1
9433	NR3C1
9433	NR4A2
9434	NR3C1
9434	NR4A1
9435	NR3C1
9435	NR4A3
9436	NR3C1
9436	ZNF264
9437	BAG1
9437	NR3C1
9438	BMAL1
9438	CLOCK
9438	NR3C1
9439	CRY1
9439	NR3C1
9440	CRY2
9440	NR3C1
9441	NCOA2
9441	NR3C1
9442	MCM3AP
9442	NR3C1
9443	NR3C1
9443	TGFB1I1
9445	NR3C1
9445	YWHAH
9446	ELL
9446	NR3C1
9447	DAXX
9447	NR3C1
9448	CASP8AP2
9448	NR3C1
9449	ASXL1
9449	NR3C1
9451	PIK3CD
9451	PIK3R1
9452	PIK3CA
9452	PIK3R2
9456	PIK3CD
9456	PIK3R2
9457	PITPNM3
9457	PTK2B
9459	PITPNM1
9459	PTK2B
9460	PITPNM2
9460	PTK2B
9461	NR3C1
9461	NR3C2
9462	ELL
9462	NR3C2
9463	NR3C2
9463	PIAS1
9464	DAXX
9464	NR3C2
9465	CASP8AP2
9465	NR3C2
9466	FAF1
9466	NR3C2
9467	NFYC
9467	NR3C2
9468	NR3C2
9468	TESMIN
9469	NR3C2
9469	PPARGC1A
9470	PTK2B
9470	PTPN11
9471	NCOA1
9471	NR3C2
9472	GEMIN4
9472	NR3C2
9473	NCOR1
9473	NR3C2
9474	NR3C2
9474	XRCC6
9475	EEF1A1
9475	NR3C2
9477	PTK2B
9477	PTPN6
9478	NR3C2
9478	SSRP1
9480	NR3C2
9480	TRIM24
9481	NR3C2
9481	NRIP1
9483	CDC25B
9483	PGR
9486	ANP32A
9486	PGR
9487	NR0B1
9487	PGR
9488	NCOR2
9488	PGR
9491	HINFP
9491	NPAT
9491	TRRAP
9492	PGR
9492	UBE3A
9493	PGR
9493	RBM23
9494	PGR
9494	RBM39
9495	HINFP
9495	NPAT
9496	GSTP1
9496	PCSK9
9497	GCG
9497	GCGR
9497	GNAS
9497	GNB1
9497	GNG2
9498	KCNMA1
9499	PGR
9499	PRMT2
9500	COPS5
9500	NCOA1
9500	PGR
9502	KAT7
9502	PGR
9503	CTBP1
9503	LCOR
9503	PGR
9503	RBBP8
9504	NCOA1
9504	PGR
9505	GCGR
9505	YWHAB
9506	GCGR
9506	LRP5
9507	NCOA3
9507	PGR
9508	NONO
9508	PGR
9508	SIN3A
9509	NONO
9509	PGR
9510	PTK2B
9510	TGFB1I1
9511	PTK2
9511	PXN
9511	SRC
9512	NONO
9512	PGR
9513	PGR
9513	SFPQ
9514	PGR
9514	TRERF1
9515	APP
9515	TPPP
9516	NCOA1
9516	NCOA2
9516	PGR
9518	HDAC11
9518	HDAC6
9520	MED1
9520	PPARA
9522	HDAC6
9522	RAD23B
9524	NCOR1
9524	PPARA
9524	SUMO1
9525	NRIP1
9525	PPARA
9532	PPARA
9532	SIRT6
9534	NCOA2
9534	PPARA
9536	ASXL2
9536	PPARA
9537	HDAC6
9537	MSH2
9538	CSF3
9538	CSF3R
9544	CSF3R
9544	LYN
9544	SYK
9548	CSF3R
9548	FTH1
9549	HDAC4
9549	NCOR2
9550	HDAC5
9550	NCOR2
9551	PPARG
9551	SVIL
9552	ANP32A
9552	PPARG
9556	CCAR2
9556	HDAC3
9557	NCOA7
9557	PPARG
9558	PPARG
9558	PRMT2
9561	DHFR
9562	ACTN4
9562	PPARG
9565	ASXL1
9565	PPARG
9566	ASXL2
9566	PPARG
9567	DNTTIP2
9567	PPARG
9568	ETV6
9568	HDAC9
9569	HELZ2
9569	PPARG
9570	LRP1
9570	PPARG
9571	MED1
9571	PPARG
9571	RXRA
9572	DHFR
9572	TYMS
9573	MAP2K1
9573	PPARG
9574	NCOA1
9574	PPARG
9576	HDAC3
9576	HDAC9
9577	HDAC4
9577	HDAC9
9578	HDAC1
9578	HDAC9
9580	NCOA2
9580	PPARG
9581	EPOR
9581	JAK2
9582	HDAC9
9582	ZBTB16
9583	NCOA3
9583	PPARG
9585	EPOR
9586	PTH1R
9586	YWHAH
9587	HDAC9
9587	SIN3A
9588	HDAC9
9588	SIN3B
9589	NCOR2
9589	PPARG
9590	PPARG
9590	STAT3
9592	PTH
9592	PTH1R
9593	PTH1R
9593	PTHLH
9594	PDPK1
9594	PPARG
9595	HDAC3
9595	PPARG
9595	RB1
9596	PPARG
9596	SAFB
9597	PPARG
9597	SIRT1
9599	PPARG
9599	TGFB1I1
9601	HDAC9
9601	NCOR1
9602	BCL6
9602	HDAC9
9603	GRK2
9603	HDAC6
9604	HDAC6
9604	MYH10
9605	PTH
9605	PTH2R
9609	RARA
9609	TRIP4
9611	NHERF1
9611	PTH1R
9612	NR0B2
9612	RARA
9613	NCOA7
9613	RARA
9614	NCOA6
9614	RARA
9615	PTH1R
9615	TGFBR2
9616	EZR
9616	PTH1R
9617	ACTG1
9617	HDAC6
9618	PRMT2
9618	RARA
9619	BMAL1
9619	NPAS2
9619	RARA
9620	BMAL1
9620	CLOCK
9620	RARA
9621	DDX3X
9621	HDAC6
9622	ACTN4
9622	RARA
9624	ASXL1
9624	RARA
9626	FOXO1
9626	RARA
9628	ASXL1
9628	RARB
9629	HDAC6
9629	PHGDH
9633	HDAC10
9633	MMP2
9634	HDAC10
9634	MMP9
9637	GNAS
9637	GNB1
9637	GNG2
9637	SCT
9637	SCTR
9638	PPARD
9638	RXRA
9640	HDAC10
9640	HDAC3
9641	HDAC4
9641	MEF2A
9642	HDAC4
9642	MEF2C
9643	HDAC4
9643	MEF2D
9644	HDAC5
9644	MEF2A
9645	HDAC5
9645	MEF2C
9646	HDAC5
9646	MEF2D
9648	NCOA1
9648	RXRA
9648	VDR
9649	NCOA2
9649	RXRA
9649	VDR
9650	CALCR
9650	RAMP1
9651	CALCR
9651	RAMP2
9652	NCOA3
9652	RXRA
9652	VDR
9653	CALCR
9653	RAMP3
9654	FOLR1
9654	PGR
9654	SRC
9655	HDAC10
9655	HDAC2
9656	HDAC10
9656	NCOR2
9657	HDAC9
9657	SMARCA4
9658	RXRA
9658	TRIP4
9659	NR0B2
9659	RXRA
9660	NCOA6
9660	RXRA
9661	CREB1
9661	HDAC8
9662	HDAC8
9662	PPP1CA
9663	PRMT2
9663	RXRA
9664	PPARGC1A
9664	RXRA
9665	BMAL1
9665	NPAS2
9665	RXRA
9666	ACTA2
9666	HDAC8
9668	IFNAR1
9668	STAT1
9668	TYK2
9669	BMAL1
9669	CLOCK
9669	RXRA
9670	NRIP1
9670	RXRA
9671	ASXL1
9671	RXRA
9672	DNTTIP2
9672	RXRA
9674	NCOA4
9674	RXRA
9676	CFL1
9676	HDAC8
9676	HSPB6
9677	HDAC8
9677	SMG5
9678	NR1H3
9678	RXRB
9679	IFNG
9679	IFNGR1
9679	IFNGR2
9682	IFNG
9682	KPNA1
9682	STAT1
9683	HDAC8
9683	STIP1
9684	NR1H3
9684	RXRG
9685	AJUBA
9685	CREBBP
9685	NR1H3
9685	RXRG
9686	AJUBA
9686	NR1H3
9686	RXRG
9687	HDAC8
9687	HSPA1A
9687	SMG5
9688	HDAC8
9688	HSPA1A
9690	ADM2
9690	CALCRL
9690	RAMP1
9691	ADM2
9691	CALCRL
9691	RAMP2
9692	ADM2
9692	CALCRL
9692	RAMP3
9695	MED1
9695	THRA
9696	MED1
9696	RXRA
9696	THRA
9697	HDAC8
9697	HSP90AA1
9697	HSPA1A
9697	SMG5
9698	CTNNB1
9698	HDAC7
9698	YWHAE
9698	YWHAH
9698	YWHAZ
9699	NR0B2
9699	THRA
9700	NCOA6
9700	THRA
9704	ANP32A
9704	THRB
9705	THRB
9705	TRIP4
9706	NCOR2
9706	THRB
9706	TRIP4
9707	HDAC10
9707	NCOR2
9709	MED1
9709	THRB
9712	HDAC11
9712	STAT3
9713	HDAC3
9713	STAT3
9714	NR0B2
9714	THRB
9715	NCOA6
9715	THRB
9716	NCOA7
9716	THRB
9717	PRMT2
9717	THRB
9720	FOXO1
9720	THRB
9721	GPRASP1
9721	OPRD1
9722	GPRASP1
9722	OPRM1
9723	GPRASP1
9723	OPRK1
9724	GPRASP1
9724	OPRL1
9725	CHRM2
9725	GPRASP1
9726	GPRASP1
9726	TBXA2R
9727	ADRB1
9727	GPRASP1
9728	CHRM1
9728	GPRASP1
9729	GPRASP1
9729	HTR7
9730	CALCR
9730	GPRASP1
9731	CHRM1
9731	GPRASP2
9732	CALCR
9732	GPRASP2
9733	GPRASP2
9733	HTR7
9734	ADRB1
9734	GPRASP2
9735	CHRM2
9735	GPRASP2
9736	GPRASP2
9736	HRH2
9737	MED1
9737	VDR
9738	MED1
9738	RXRA
9738	VDR
9739	MED1
9739	MED12
9739	MED13
9739	MED14
9739	MED16
9739	MED17
9739	MED23
9739	MED24
9739	MED25
9739	MED4
9739	MED6
9739	MED7
9739	RXRB
9739	VDR
9741	NCOA6
9741	VDR
9742	SAFB
9742	VDR
9744	HDAC11
9744	VDR
9745	CALCA
9745	CALCR
9746	CALCA
9746	CALCR
9747	HDAC9
9747	MEF2C
9748	HDAC9
9748	MEF2C
9749	HDAC11
9749	SPI1
9750	HDAC6
9750	RPL36A
9751	HDAC6
9751	RPS6
9752	CALCA
9752	CALCR
9752	GNAS
9752	GNB1
9752	GNG2
9753	IL13
9753	IL13RA2
9754	IL13
9754	IL13RA1
9754	IL4R
9756	CCNA2
9756	HDAC3
9757	HDAC6
9757	TRIM21
9758	IL13RA1
9758	IL4
9758	IL4R
9759	HDAC10
9759	HSPA1A
9759	HSPA8
9760	AKAP13
9760	THRA
9763	HDAC11
9763	SMN1
9764	AKAP13
9764	ESR1
9765	DICER1
9765	HDAC11
9766	DDX20
9766	HDAC11
9767	RAMP3
9767	SCTR
9768	CASR
9768	RAMP1
9769	CASR
9769	RAMP3
9771	NCOA3
9771	RARB
9772	NCOA3
9772	RARA
9773	GPER1
9773	RAMP3
9775	CASR
9775	RNF19A
9776	NCOA3
9776	VDR
9777	GEMIN4
9777	HDAC11
9778	NCOA3
9778	RXRA
9779	NCOA3
9779	THRB
9780	GEMIN2
9780	HDAC11
9781	NCOA3
9781	RARA
9781	RXRA
9783	NRIP1
9783	THRA
9785	ARRB1
9785	CASR
9787	ARRB1
9787	CYTH2
9788	CASR
9788	GNAQ
9788	GNB1
9788	GNG2
9790	NRIP1
9790	THRB
9793	CASR
9793	GABBR1
9794	CASR
9794	GRM1
9795	CASR
9795	GRM5
9796	CTNNB1
9796	HDAC7
9797	MUC5B
9797	PIK3CA
9798	CASR
9798	GABBR1
9799	CASR
9799	GABBR2
9801	CASR
9802	PIK3R1
9802	THRA
9806	COPS2
9806	THRA
9807	COPS2
9807	THRB
9810	IL15
9810	IL15RA
9810	IL2RB
9810	IL2RG
9811	THRA
9811	TXNRD1
9814	IL13
9814	IL13RA2
9814	TMEM219
9822	NFKBIB
9822	THRB
9823	IL17RA
9823	IL17RB
9823	IL25
9824	GCGR
9824	RAMP1
9825	GCGR
9825	RAMP3
9826	GHRHR
9826	RAMP1
9827	GHRHR
9827	RAMP2
9828	GHRHR
9828	RAMP3
9829	GHRHR
9829	RAMP1
9830	GHRHR
9830	RAMP2
9831	GHRHR
9831	RAMP3
9832	GIPR
9832	RAMP1
9833	GIPR
9833	RAMP2
9834	GIPR
9834	RAMP3
9835	GLP1R
9835	RAMP1
9836	GLP1R
9836	RAMP2
9837	GLP1R
9837	RAMP3
9838	GLP2R
9838	RAMP1
9839	GLP2R
9839	RAMP2
9840	GLP2R
9840	RAMP3
9841	RAMP1
9841	SCTR
9842	RAMP2
9842	SCTR
9843	PPARGC1A
9843	THRB
9848	IL17C
9848	IL17RA
9848	IL17RE
9849	FOS
9849	JUN
9849	THRA
9850	GHRHR
9850	PICK1
9854	CALCA
9854	CALCRL
9854	GNAS
9854	GNB1
9854	GNG2
9854	RAMP1
9857	ADM
9857	CALCRL
9857	GNAS
9857	GNB1
9857	GNG2
9857	RAMP2
9858	ADM
9858	CALCRL
9858	GNAS
9858	GNB1
9858	GNG2
9858	RAMP3
9859	ADM2
9859	CALCRL
9859	GNAS
9859	GNB1
9859	GNG2
9859	RAMP3
9867	ACTN4
9867	VDR
9869	ACTN4
9869	ESR1
9870	IL17A
9870	IL17RA
9870	IL17RD
9873	EGR1
9873	EP300
9873	VDR
9874	GHRHR
9874	JAK2
9875	GHRH
9875	GHSR
9876	KCNH3
9876	KCNH8
9880	GSN
9880	PTK2B
9881	GHR
9881	JAK1
9882	GHR
9882	JAK2
9883	GHR
9883	TYK2
9885	PDE8A
9885	PDE8B
9886	MSTN
9887	PDE8A
9887	UNC119
9888	GHR
9889	GH1
9889	GHR
9891	KCNH4
9891	KCNH8
9892	GH1
9892	GHR
9892	IGF1R
9892	JAK2
9894	KCNH5
9896	ESR1
9896	LCOR
9897	LCOR
9897	VDR
9901	SNW1
9901	VDR
9902	PDE3A
9902	SLFN12
9903	RARA
9903	SNW1
9905	RXRA
9905	SNW1
9905	VDR
9907	NCOA1
9907	SNW1
9907	VDR
9911	RXRA
9911	SQSTM1
9911	VDR
9912	KCNB1
9912	KCNG2
9914	NCOR1
9914	RXRA
9914	VDR
9915	NCOR2
9915	RXRA
9915	VDR
9916	KCNB1
9916	KCNG1
9917	FSTL3
9917	MSTN
9919	MSTN
9919	SGTA
9921	KCNF1
9921	KCNG3
9924	GDF11
9924	LTBP4
9925	KCNF1
9925	KCNH1
9926	KCNF1
9926	KCNV2
9927	GHR
9927	GRB10
9928	KCNK10
9931	GHR
9931	HMGN1
9933	ABAT
9934	ACLY
9935	AKT3
9935	PDE3B
9936	ADH1A
9937	ADH1A
9937	ADH1B
9938	ADH1A
9938	ADH1C
9939	ADH1B
9940	ADH1B
9940	ADH1C
9941	PDE3A
9941	TRIM13
9942	ADH1C
9943	ALDH2
9944	ALDH5A1
9946	ALOX5
9946	DICER1
9947	ALOX5
9947	CD40
9947	PIK3R1
9948	CACNA1B
9948	CACNA2D1
9948	CACNB3
9949	CD38
9950	CD19
9950	CD38
9951	CD38
9951	CD9
9951	HLA-DRA
9951	HLA-DRB1
9954	CD38
9954	CD44
9954	ITGA4
9954	MMP9
9955	CD38
9955	LRRK2
9956	CD38
9956	ITGA4
9956	ITGB1
9957	CD79A
9957	CD79B
9958	FST
9958	GDF11
9959	CD3D
9959	CD3E
9959	CD3G
9959	LAG3
9959	TRA
9959	TRB
9960	NECTIN1
9960	NECTIN4
9961	NECTIN4
9964	CLDN1
9964	TACSTD2
9965	CLDN7
9965	TACSTD2
9966	GRIN2A
9966	PDE3B
9968	ACVR1B
9968	ACVR2B
9968	GDF11
9969	GHR
9969	LYN
9970	ACVR2B
9970	GDF11
9970	TGFBR1
9971	ACVR1C
9971	ACVR2B
9971	GDF11
9974	NRG1
9974	TACSTD2
9975	ITGA5
9975	ITGB1
9975	TACSTD2
9976	ITGA5
9976	ITGB1
9976	TACSTD2
9976	TLN1
9977	GHR
9977	PRLR
9978	PDE7A
9978	PRKCA
9979	GHR
9979	SOCS2
9980	CUL5
9980	ELOB
9980	ELOC
9980	RNF7
9980	SOCS2
9981	PDE7A
9981	THBS3
9982	PDE7A
9982	TMOD1
9983	CBFA2T3
9983	PDE4A
9983	PRKAR2A
9984	AKAP1
9984	PDE4A
9984	PRKAR2A
9985	AKAP8
9985	PDE4A
9985	PRKAR2A
9986	CBFA2T3
9986	PDE7A
9986	PRKAR2A
9989	CRBN
9989	ECSIT
9990	PDE7B
9990	YWHAQ
9991	GHSR
9992	GHSR
9993	PDE7B
9993	RUFY3
9994	PDE7B
9994	ZNHIT6
9995	GHSR
9995	OXTR
9996	MTTP
9996	P4HB
9998	GHSR
9998	MRAP2
9999	GHSR
9999	HCRTR1
10000	ADRB2
10000	OXTR
10001	HTR2A
10001	OXTR
10002	HTR2C
10002	OXTR
10003	CDC37
10003	GUCY2C
10003	HSP90AA1
10004	PDE9A
10004	UNC119
10005	CA12
10006	AIPL1
10006	PDE5A
10007	MSH5
10007	PDE5A
10008	TOMM40
10008	TUBB6
10009	C1QA
10009	C1QB
10009	C1QC
10009	C1R
10009	C1S
10010	TUBB6
10010	TUBG1
10011	CDA
10014	COMT
10015	OXTR
10016	AVPR1A
10016	OXTR
10017	AVPR2
10017	OXTR
10021	GRK2
10021	OXTR
10023	CPS1
10024	TLR7
10027	CHRM2
10027	SET
10029	GNRHR
10029	KISS1R
10030	PAH
10034	DLG4
10034	GRIK2
10035	DLG4
10035	GRIK5
10037	SMIM30
10037	YES1
10043	SMIM30
10043	SRC
10044	SCRIB
10044	YES1
10045	CYP11A1
10046	CTNNB1
10046	TBX5
10046	YAP1
10046	YES1
10047	CYP11B1
10050	GRIK1
10050	GRIK4
10052	CYP19A1
10057	CACNA1H
10057	CAV3
10060	DRD2
10060	HTR2A
10061	GALR1
10061	HTR1A
10062	ADORA1
10062	ADORA2A
10063	CACNA1I
10063	CATSPER1
10064	CACNA1I
10064	CATSPER2
10066	ADORA1
10066	P2RY1
10071	CNR1
10071	OPRD1
10072	CNR1
10072	OPRK1
10073	CNR1
10073	OPRM1
10074	CNR1
10074	HCRTR1
10076	CYP2D6
10078	CXCR4
10078	OPRD1
10079	DRD2
10079	HRH3
10080	DRD2
10080	SSTR2
10081	DRD2
10081	SSTR5
10082	EDNRA
10082	EDNRB
10083	OPRM1
10083	TACR1
10088	CYP2D6
10088	CYP2E1
10089	CYP2D6
10089	CYP3A4
10090	P2RY12
10092	CLCN2
10092	SCNN1G
10094	PTPN6
10094	TYK2
10095	PTAFR
10095	TYK2
10096	BAX
10096	BCL2
10096	MCL1
10098	ADORA1
10100	HCN1
10101	ADORA1
10101	GNAI2
10101	GNB1
10101	GNG2
10102	HCN4
10103	BCL2
10103	BCL2L11
10104	BAX
10104	BCL2
10105	ESR1
10105	KDM3A
10105	TNK2
10106	EGFR
10106	TNK2
10107	ADORA2A
10107	ADORA3
10108	ADORA2A
10108	ADORA2B
10109	CYP3A4
10110	CYP3A4
10110	CYP3A5
10111	CYP2E1
10111	CYP3A4
10112	ADORA2A
10113	CYP2E1
10113	CYP3A5
10114	CYP3A5
10115	CYP2C9
10115	CYP3A4
10116	BCL2
10116	MCL1
10118	BCL2
10118	PARP1
10120	JAK2
10120	STAM2
10121	JAK3
10121	STAM2
10124	AKT1
10124	TNK2
10126	DOK2
10126	NCK1
10126	PAK1
10126	TEK
10127	DDC
10128	CYP1B1
10128	TEK
10133	DDC
10133	PIK3CA
10133	PIK3R1
10134	DGAT1
10135	DGAT1
10136	ITGAV
10136	ITGB3
10136	TEK
10137	ITGAV
10137	ITGB3
10137	PTK2
10137	TEK
10138	JAK3
10138	STAT5A
10139	ANGPT2
10139	TEK
10142	JAK3
10142	STAT5B
10146	TRPM8
10147	TCAF1
10147	TRPM8
10148	ANGPT1
10148	PTPRB
10148	TEK
10149	TCAF2
10149	TRPM8
10150	ADA
10150	ADORA2B
10151	ADORA2B
10151	DCC
10152	TRPV1
10153	ANGPT1
10153	TEK
10154	ANGPT1
10154	CBL
10154	TEK
10155	IL2RB
10155	JAK3
10156	IL2RG
10156	JAK3
10157	IL2RB
10157	JAK1
10158	IL2RG
10158	JAK1
10161	TEK
10161	TIE1
10162	ADORA2B
10162	SNAP23
10162	VAMP2
10163	ADORA2B
10163	EZR
10163	NHERF2
10164	ACTN1
10164	ADORA2B
10166	TRPV1
10166	TRPV3
10167	TRPA1
10169	JAK3
10169	PTK2B
10175	ADRA1A
10176	ADRA1B
10177	ADRA1A
10177	ADRA1B
10178	MAPT
10178	SNCA
10179	ADRA1D
10180	ADRA1B
10180	ADRA1D
10181	ADRA1A
10181	CAVIN4
10182	ADRA1B
10182	CAVIN4
10183	ACKR3
10183	ADRA1A
10184	ACKR3
10184	ADRA1B
10185	ACKR3
10185	ADRA1D
10186	ACKR3
10186	ADRA2B
10190	AKAP5
10190	TRPA1
10191	MAPT
10191	STUB1
10193	FYN
10193	MAPT
10196	ACKR3
10196	AVPR1A
10196	CXCR4
10197	ACKR3
10197	ADRA1A
10197	AVPR1A
10198	ACKR3
10198	ADRA1A
10198	AVPR1A
10198	CXCR4
10199	LRP1
10199	MAPT
10201	MAPT
10201	PRKN
10202	CLTC
10202	SYK
10209	ADRA1A
10209	MTNR1A
10210	ADRA1A
10210	MTNR1B
10211	ADRA1A
10211	DRD1
10212	ADRA1A
10212	DRD5
10213	IGHG1
10213	IGKC
10214	NCL
10214	SYK
10215	KCNB1
10216	IGHG4
10216	IGKC
10217	ADRA1D
10217	ADRB2
10221	MSN
10221	SELPLG
10221	SYK
10222	SCIMP
10222	SYK
10222	TLR4
10223	DNMT3A
10223	EZH2
10224	CDK1
10224	DNMT3A
10226	PECAM1
10226	SYK
10227	DNMT3A
10227	SPI1
10234	ACTN4
10234	HDAC7
10235	ACTN4
10235	HDAC4
10236	GRB2
10236	ROS1
10236	SOS1
10237	ACTN4
10237	HDAC5
10238	ACTN1
10238	HDAC7
10239	NELL2
10239	NICOL1
10241	NELL2
10241	ROS1
10244	RCC1
10244	TUBB2A
10245	SELP
10245	SELPLG
10246	CD274
10246	PDCD1
10247	CD274
10247	STAT3
10248	CD274
10248	CMTM4
10249	CD274
10249	CMTM6
10250	ROCK1
10251	CCT3
10251	TUBB2A
10252	MYH9
10252	TUBB2A
10253	ROCK2
10254	DIO1
10255	DPEP1
10256	DPYD
10257	ELANE
10257	SERPINE1
10258	PDLIM5
10258	TUBB2A
10260	BRCA2
10260	NPM1
10260	ROCK2
10261	EP300
10261	ROCK2
10262	F2
10263	AMBP
10263	F2
10264	NEK9
10264	TUBB4B
10265	DLGAP4
10265	TUBB4B
10266	F2
10266	SERPINA5
10267	F2
10267	SERPIND1
10268	CAPZA2
10268	TUBB6
10269	PPP6R1
10269	TUBB6
10270	CORO1B
10270	ROCK2
10271	F10
10273	RCC1
10273	TUBB2B
10275	F10
10275	SERPINA5
10276	F10
10276	F3
10276	F7
10277	CCT3
10277	TUBB2B
10278	MYH9
10278	TUBB2B
10279	PDLIM5
10279	TUBB2B
10280	GDF15
10280	GFRAL
10281	GDF15
10281	GFRAL
10281	RET
10282	PDE1B
10282	PDE1C
10285	ALDOB
10285	G6PD
10285	TP53
10287	GSPT2
10287	PDE1C
10288	INS
10288	INSR
10289	ADRA1B
10289	DRD4
10290	ADRB1
10290	DRD4
10291	ADRA1B
10291	EZR
10292	NUFIP1
10292	PDE2A
10293	GDNF
10293	GFRA1
10293	SORL1
10294	AIP
10294	PDE2A
10295	GFRA1
10295	RET
10295	SORL1
10297	PDE3A
10297	PDE3B
10298	ADRA1B
10298	EIF3F
10299	AIP
10299	RET
10300	ADRA1A
10300	RGS2
10301	ADRA1B
10301	AP2M1
10302	FDPS
10303	ADRA1B
10303	C1QBP
10304	ADRA1D
10304	C1QBP
10308	ADRA1B
10308	EEA1
10309	ADRA1B
10309	RAB5A
10310	ADRA1B
10310	RAB4A
10311	ADRA1B
10311	RAB11A
10313	ADRA1B
10313	RAB9A
10314	ADRA1B
10314	RAB7A
10315	FKBP1A
10315	GLMN
10316	ADRA1D
10316	SNTB1
10317	ADRA1D
10317	SNTB2
10320	CACNA1C
10320	PDE8B
10323	GDNF
10323	GFRA1
10323	RET
10324	GFRA2
10324	NRTN
10324	RET
10328	ACVR1B
10328	FKBP1A
10328	SMAD7
10328	SMURF1
10329	AKAP12
10329	PDE8A
10330	ARTN
10330	GFRA3
10333	ADRA1D
10333	CXCR4
10334	FKBP1A
10334	TGFBR1
10335	ADRA1D
10335	CTNNAL1
10336	ADRA1D
10336	SNTA1
10340	PDE8A
10340	PRKAR1A
10341	FNTA
10341	PGGT1B
10342	ADRA2A
10343	ADRA2C
10344	ADRA2A
10344	ADRA2C
10345	FOLH1
10347	SLC10A1
10349	SLC10A1
10349	SLC10A4
10350	SLC10A1
10350	SLC10A6
10351	ADRA2A
10351	OPRD1
10352	SLC10A2
10353	GART
10354	ADRA2A
10354	TAAR1
10355	TAAR1
10356	BRAF
10356	MAP2K1
10357	ADRA2B
10357	RAB26
10360	GBA1
10360	IGF2R
10360	SCARB2
10361	IGF2R
10361	SCARB2
10362	GBA1
10362	SCARB2
10363	GBA1
10363	PSAP
10364	RAF1
10365	GBA1
10365	GRN
10366	GBA1
10366	GRN
10366	HSPA1A
10366	SCARB2
10368	GLA
10370	GSR
10371	PAK1
10371	RAF1
10372	ARAF
10372	MITF
10374	BRAF
10374	MITF
10375	MITF
10375	RAF1
10376	ADRA2A
10376	ADRB1
10377	ADRA2A
10377	APLP1
10378	ADRA2B
10378	APLP1
10379	ADRA2C
10379	APLP1
10380	SSTR1
10380	SSTR5
10381	CD247
10381	CD3D
10381	CD3E
10381	CD3G
10381	TRA
10381	TRB
10382	SSTR5
10386	SLC12A2
10391	ADRA2B
10391	RAB8A
10392	ADRB2
10392	RAB8A
10393	ADRA2B
10393	ARF1
10394	ADRA2B
10394	PPP1R9B
10395	SLC12A1
10396	ADRA2B
10396	GGA1
10397	ADRA2B
10397	GGA2
10398	SLC12A3
10399	ADRA2B
10399	GGA3
10400	ADRA2A
10400	ODR4
10401	ADRA2C
10401	HSP90AB1
10402	SLC22A6
10404	C3
10404	CFB
10404	CFP
10405	PDE4D
10405	RACK1
10408	ADRA2C
10408	ADRB2
10409	FLT1
10409	KDR
10410	PDZK1
10410	SLC22A12
10411	HMGCR
10412	PDZK1
10412	SLC22A11
10415	KDR
10415	SHC2
10416	KDR
10416	NRP1
10416	PLXND1
10417	SLC29A1
10419	ADRB1
10419	GRK2
10421	SLC29A1
10421	SLC29A2
10422	ADRB1
10422	GOPC
10423	SLC6A1
10424	SLC6A2
10425	SLC6A4
10426	HMGCR
10426	INSIG1
10430	ECSCR
10430	KDR
10431	HDAC10
10431	MSH2
10432	FOXP3
10432	HDAC7
10432	KAT5
10433	HPD
10434	FOXP3
10434	HDAC9
10434	KAT5
10435	ANG
10435	TUBB8
10436	ANG
10436	TUBB3
10437	ANG
10437	TUBB
10438	ADRB1
10439	ADRB1
10439	ADRB2
10440	ANG
10440	TUBB6
10441	ANG
10441	TUBB4B
10442	OPRD1
10443	ADRB2
10443	OPRD1
10444	CCKBR
10445	CCKAR
10445	CCKBR
10446	HSD11B1
10447	ADRB1
10447	MAGI2
10448	ADRB1
10448	GIPC1
10449	ADRB1
10449	GOLGA3
10450	TRAF3IP1
10450	TUBB
10451	TRAF3IP1
10451	TUBB2A
10452	TRAF3IP1
10452	TUBB2B
10454	ADRB1
10454	YWHAE
10455	KCNH2
10455	YWHAE
10458	ADRB3
10458	ARRDC3
10459	ADRB2
10459	ARRDC3
10460	ADRB2
10460	ARRDC4
10461	GRIK1
10462	GRIK1
10462	GRIK2
10463	GRIK1
10463	GRIK5
10464	SLC9A3
10465	CHP1
10465	SLC9A3
10469	SCN1B
10469	SCN4A
10470	SCN5A
10471	SCN3B
10471	SCN7A
10472	FGF13
10472	SCN1B
10472	SCN8A
10474	DNMT1
10474	EHMT2
10474	HDAC1
10474	UHRF1
10477	DNMT3A
10477	DNMT3L
10478	SCN1B
10478	SCN2B
10478	SCN9A
10479	DNMT3A
10480	RYR2
10482	P2RX3
10486	ATP1A3
10486	ATP1B1
10486	FXYD6
10487	ATP1A4
10487	ATP1B1
10488	ADRB2
10488	CNIH4
10489	CCR5
10489	CNIH4
10490	CNIH4
10490	PTAFR
10491	CNIH4
10491	CXCR4
10492	AVPR2
10492	CNIH4
10493	ATP1A4
10493	ATP1B3
10494	CALCRL
10494	CNIH4
10495	CNIH4
10495	GABBR1
10496	ADRB2
10496	USP20
10497	ADRB2
10497	USP33
10498	ADRB2
10498	MARCHF2
10503	ATP1A3
10503	ATP1B2
10503	RS1
10503	SARM1
10504	ADRB2
10504	EIF2S2
10505	CACNA1C
10505	CALM2
10506	ACE2
10506	AGTR1
10511	AGTR1
10511	CD74
10512	AGTR1
10512	UTS2R
10513	CALM3
10513	KCNQ2
10514	CALM2
10514	KCNQ2
10516	ADRB2
10516	AGTR1
10517	CHRNA1
10517	CHRNA7
10517	CHRNB1
10517	CHRND
10517	CHRNE
10518	AGTR1
10518	PTGFR
10527	ABL1
10527	BCR
10527	SHC1
10528	FLT1
10528	VEGFB
10529	FLT1
10529	VEGFB
10530	KDR
10530	VEGFC
10531	FLT4
10531	VEGFC
10534	EGFR
10534	SLC5A1
10536	PDZK1IP1
10536	SLC5A2
10537	ABL1
10537	NUP155
10537	NUP214
10539	ABL1
10539	NUP214
10539	SMC4
10540	ABL1
10540	MAD2L1
10540	NUP214
10541	AGTR2
10541	DRD1
10542	FLT4
10542	VEGFD
10543	KDR
10543	VEGFD
10544	ABL1
10544	NUP214
10544	STAT1
10545	ABL1
10545	BCR
10545	GRB2
10546	ABL1
10546	BCR
10546	CBL
10547	FLT4
10547	KDR
10548	ABL1
10548	CFL1
10549	ABL1
10549	ARHGDIB
10550	ABL1
10550	TPM3
10551	ABL1
10551	PREX2
10554	ABL1
10554	BCR
10554	MAP2K1
10554	MAP2K2
10557	PGF
10557	VEGFA
10561	ABL1
10561	BCR
10561	BCR/ABL FUSION
10561	MAP2K1
10561	MAP2K2
10563	FLT1
10563	KDR
10564	DNM2
10564	KDR
10565	KDR
10565	SH2D2A
10566	HBA1
10566	HBB
10567	FLT1
10567	RACK1
10568	FLT1
10568	MMP14
10569	KDR
10569	SRC
10570	FLT1
10570	FYN
10571	HBA1
10571	HBE1
10572	HBA1
10572	HBG1
10573	HBA1
10573	HBG2
10574	FLT1
10574	YES1
10575	KDR
10575	NRP1
10575	RFTN1
10575	VEGFA
10576	KSR1
10576	MAP2K1
10577	NRP1
10577	RFTN1
10578	KSR2
10578	MAP2K1
10579	MAP2K1
10579	RAF1
10580	HBA1
10580	HBD
10583	KSR1
10583	MAP2K1
10584	KSR2
10584	MAP2K1
10587	GABRA3
10587	GABRB1
10587	GABRE
10588	FLT1
10588	VEGFA
10589	FLT1
10589	VEGFA
10590	FLT1
10590	PGF
10591	AGTR2
10591	TIMP3
10592	AGTR2
10592	BDKRB2
10594	KDR
10594	VEGFA
10595	AGTR2
10595	RXFP1
10597	APLNR
10597	OPRL1
10599	FGFR1
10599	FLT1
10602	FGFR1
10602	FLT1
10602	VEGFB
10603	APLNR
10603	BDKRB2
10604	APLNR
10604	HCRTR1
10605	APLNR
10605	NTSR1
10606	APLNR
10606	BDKRB1
10607	APLNR
10608	CCKAR
10608	HCRTR1
10609	GABRA3
10609	GABRB1
10609	GABRE
10609	GABRQ
10610	ITGA5
10610	ITGB3
10610	KDR
10610	VEGFA
10611	AVPR1A
10612	AVPR1B
10612	CRHR1
10613	CRHR1
10614	AVPR1B
10616	AVPR2
10619	BDKRB2
10619	P2RY2
10620	BDKRB2
10620	OPRK1
10621	FLT1
10621	ITGB1
10621	KCNH2
10622	FLT1
10622	ITGA5
10622	ITGB1
10623	BDKRB2
10623	DRD2
10625	CACNA2D1
10625	GRIN1
10626	FLT4
10626	IL1B
10627	BDKRB2
10628	ACE
10628	BDKRB2
10629	PDE2A
10630	CD36
10630	KDR
10630	PTPN6
10630	THBS1
10631	BDKRB1
10631	BDKRB2
10632	BDKRB1
10632	CPM
10633	KDR
10633	PTPN6
10633	SRC
10634	ARRB1
10634	C5AR1
10635	ARRB2
10635	C5AR1
10636	ACHE
10636	BCHE
10637	C5AR1
10638	C5AR1
10638	CCR5
10639	C5AR1
10639	C5AR2
10640	DAB2
10640	EFNB2
10640	F2RL2
10640	GNAI1
10640	GNAI3
10640	KDR
10642	EFNB2
10642	KDR
10642	SDCBP
10643	APOE
10643	BCHE
10644	DRD2
10644	NTSR1
10645	CCN2
10645	VEGFA
10646	DRD3
10646	NTSR1
10647	KDR
10647	MMP14
10647	SRC
10648	ABL1
10648	TPM2
10649	ABL1
10649	TPM1
10650	ABL1
10650	VCL
10651	ABL1
10651	YWHAE
10652	ABL1
10652	MYBPC1
10653	ABL1
10653	ACTN2
10654	APOE
10654	APP
10655	APOE
10655	APP
10656	APOE
10656	APP
10657	DRD1
10657	DRD2
10659	FLT4
10659	NRP2
10659	VEGFD
10660	CNR2
10660	GPR55
10662	ADRA1A
10662	CXCR2
10663	CCR5
10663	CD4
10663	CXCR4
10664	CCR2
10664	CXCR4
10665	CXCR4
10666	CCR5
10666	CXCR4
10667	CCR5
10668	CCR2
10669	CCR2
10669	CCR5
10671	CALM1
10671	PDE1A
10671	PDE3A
10673	CCR5
10673	OPRM1
10674	CCR5
10674	OPRD1
10675	CCR5
10675	OPRK1
10676	AGTR1
10676	CCR2
10677	ACKR3
10678	ACKR3
10678	CXCR4
10679	CXCR3
10679	CXCR4
10680	F2R
10680	F2RL2
10681	F2R
10682	F2R
10682	F2RL3
10683	F2RL3
10684	F2R
10684	F2RL1
10686	FLT4
10686	ITGB1
10686	SRC
10688	ABCA1
10688	ABCA8
10690	ABCA1
10690	ABCA12
10690	NR1H2
10692	EDNRA
10693	EDNRB
10697	PTK2B
10697	ROS1
10697	SRC
10698	DRD2
10699	HTR2C
10699	MTNR1B
10700	GPR50
10700	MTNR1A
10701	GPR50
10701	MTNR1B
10702	GPR50
10703	DRD2
10703	DRD4
10704	CHRNA3
10704	P2RX2
10705	CHRNA3
10705	CHRNB2
10706	CAV1
10706	FLT4
10707	FLT4
10707	NRP2
10707	VEGFC
10709	HTR2A
10710	DRD2
10710	DRD5
10711	NTSR1
10711	NTSR2
10712	NTSR1
10712	SORT1
10715	FLT4
10715	ITGA5
10715	ITGB1
10717	KDR
10717	SCUBE2
10717	VEGFA
10718	CXCR2
10719	CHRM1
10719	RGS2
10720	BACE1
10720	CHRM1
10721	FLT1
10721	PGF
10722	FLT1
10722	VEGFA
10725	CHRM3
10729	CHRNA4
10729	CHRNB2
10730	CHRM3
10730	OPRM1
10731	CHRNA3
10731	CHRNA5
10731	CHRNB2
10732	CHRM1
10732	DRD2
10733	CHRM2
10734	CHRM2
10734	RACK1
10735	RACK1
10735	TBXA2R
10736	CHRNA3
10736	CHRNA5
10736	CHRNB4
10737	GLRA1
10738	CHRM5
10739	CHRM3
10739	CHRM5
10740	CHRM3
10740	PLCB3
10742	CHRM4
10742	NGF
10743	CHRM4
10745	HIF1A
10745	VHL
10746	CNR1
10746	CNR2
10747	SLC6A3
10747	SNCA
10750	CMKLR1
10750	CXCR4
10751	CCR7
10751	CMKLR1
10752	CMKLR1
10753	CNR2
10753	CXCR4
10754	CXCR1
10755	CXCR1
10755	CXCR2
10756	CXCR5
10756	GPR183
10757	CXCR5
10758	GPR183
10759	CYSLTR1
10760	CYSLTR1
10760	CYSLTR2
10761	CUL2
10761	EGLN1
10761	ELOB
10761	LIMD1
10761	VHL
10762	AGTR1
10762	F2R
10763	TSHR
10764	LHCGR
10765	LHCGR
10765	TSHR
10766	FSHR
10766	YWHAQ
10767	FSHR
10767	GPER1
10768	FSHR
10769	GPER1
10771	FSHR
10771	LHCGR
10772	EGLN3
10772	PRPF19
10776	CNR1
10776	GPR55
10777	GPR55
10777	LPAR2
10778	EGLN1
10778	EGLN3
10779	EGLN1
10779	HIF1A
10779	PLD1
10780	ARNT
10780	EGLN1
10780	HIF1A
10781	EGLN1
10781	HIF1A
10781	PLD1
10781	VHL
10782	GPR55
10782	RGS2
10783	EGLN1
10783	HIF1A
10783	LIMD1
10783	RHOBTB3
10783	VHL
10784	GNA12
10784	GPR55
10784	RGS2
10785	GNAQ
10785	GPR55
10785	RGS2
10786	GPR55
10786	S1PR5
10787	CNR2
10787	LPAR5
10789	GPRC5D
10790	HCAR2
10791	HCAR2
10791	HCAR3
10792	HCAR3
10793	HCRTR1
10794	HCRTR1
10794	HCRTR2
10795	HCRTR2
10796	CNR1
10797	CNR1
10797	HCRTR2
10798	HRH4
10798	TSPAN4
10800	DRD1
10800	HRH3
10801	DRD1
10801	GRIN1
10801	GRIN2B
10801	HRH3
10803	HTR4
10804	HTR4
10805	ADRB2
10805	HTR4
10806	MC3R
10807	MC1R
10807	NF1
10808	SCRIB
10808	TSHR
10809	ATP1A1
10809	TSHR
10810	ADORA1
10810	TBXA2R
10811	RPGRIP1L
10811	TBXA2R
10812	RPGRIP1L
10812	TBXA2R
10813	TAC1
10813	TACR2
10814	AKAP6
10814	EGLN1
10814	HIF1A
10814	VHL
10818	TACR1
10818	TACR2
10819	PICK1
10819	SLC6A3
10820	TACR3
10821	SLC6A2
10821	SNCA
10822	SLC6A2
10822	STX1A
10829	SSTR1
10829	SSTR2
10830	SSTR2
10830	SSTR5
10831	ADRB1
10831	SSTR5
10832	ADRB2
10832	SSTR5
10833	SSTR2
10834	SSTR4
10835	SSTR4
10835	SSTR5
10836	EGF
10836	EGFR
10836	ERBB2
10837	EGFR
10837	SSTR5
10838	EGFR
10838	SSTR1
10839	SMO
10840	GAS8
10840	SMO
10843	ARRB2
10843	SMO
10849	NPR2
10850	LPAR1
10851	LPAR2
10852	LPAR3
10853	LPAR1
10853	LPAR2
10854	LPAR1
10854	LPAR3
10855	LPAR2
10855	LPAR3
10856	S1PR1
10857	S1PR2
10858	S1PR3
10859	LPAR1
10859	S1PR1
10860	LPAR1
10860	S1PR2
10861	LPAR1
10861	S1PR3
10862	LPAR2
10862	S1PR1
10863	LPAR2
10863	S1PR2
10864	LPAR2
10864	S1PR3
10865	LPAR3
10865	S1PR1
10866	LPAR3
10866	S1PR2
10867	LPAR3
10867	S1PR3
10868	GPR4
10869	GPR4
10869	GPR68
10870	GPR4
10870	LPAR1
10871	GPR4
10871	LPAR2
10872	GPR4
10872	LPAR3
10873	GPR68
10873	LPAR1
10874	GPR68
10874	LPAR2
10875	GPR68
10875	LPAR3
10876	GPR4
10876	S1PR1
10877	GPR4
10877	S1PR2
10878	GPR4
10878	S1PR3
10879	GPR68
10879	S1PR1
10880	GPR68
10880	S1PR3
10881	CD69
10881	GNAI1
10881	GNB1
10881	GNG2
10881	S1PR1
10882	ITGB4
10882	S1PR2
10883	ITGB4
10883	S1PR3
10884	S1PR1
10884	S1PR2
10886	SPARC
10886	THBS1
10887	PTGIR
10887	RAB11A
10888	RAB11A
10888	TBXA2R
10889	ADRB2
10889	RAB11A
10890	NHERF4
10890	PTGIR
10891	PDZK1
10891	PTGIR
10892	PTGIR
10893	PTGIR
10893	TBXA2R
10894	NRP1
10894	PGF
10895	PTGFR
10896	ACTBL2
10896	ACTL6A
10896	BRD8
10896	CREB3L2
10896	DMAP1
10896	EP400
10896	EPC1
10896	H2AC20
10896	H2AZ2
10896	H2BC18
10896	ING3
10896	KAT5
10896	MBTD1
10896	MEAF6
10896	MORF4L1
10896	MORF4L2
10896	MRGBP
10896	RUVBL1
10896	RUVBL2
10896	TRRAP
10896	TUBB
10896	VPS72
10896	YEATS4
10897	TBXA2R
10898	FEM1A
10898	NFKB1
10898	PTGER4
10899	FEM1A
10899	NFKB1
10899	PTGER4
10900	FEM1A
10900	PTGER4
10902	PTGDR
10902	PTGDR2
10903	ABCA1
10903	APOA1
10904	ABCA1
10904	APOE
10905	IMPA1
10906	ABCA1
10906	SNTB2
10906	UGP2
10907	ABCA1
10907	COPS2
10907	COPS5
10908	IMPDH1
10909	IMPDH2
10910	P2RY1
10911	P2RY1
10911	P2RY11
10935	P2RY2
10936	GNA15
10936	P2RY2
10941	KRAS
10941	SOS1
10944	P2RY6
10946	F2RL3
10946	P2RY12
10947	NHERF2
10947	P2RY1
10948	GRIN1
10948	P2RY4
10949	KRAS
10949	PDE6D
10950	GPR31
10950	KRAS
10951	ABCA1
10951	CDC42
10952	F2R
10952	TMED2
10953	P2RY4
10953	TMED2
10954	P2RY11
10954	TMED2
10955	ABCA1
10955	FLOT1
10955	STX12
10956	P2RY1
10956	TMED2
10957	P2RY2
10957	TMED2
10959	OPRM1
10959	TMED2
10960	ABCA1
10960	SPTLC1
10961	F2RL1
10961	TMED10
10962	CAV1
10962	P2RY2
10964	OPRL1
10964	OPRM1
10965	OPRK1
10965	OPRL1
10966	OPRD1
10966	OPRL1
10967	ABCC9
10967	KCNJ11
10967	LDHA
10969	LDHA
10970	AGO2
10970	KRAS
10971	KRAS
10971	RNF141
10974	GALR1
10974	OPRM1
10978	HTR1A
10978	OPRM1
10979	NPFFR2
10979	OPRM1
10981	HTR1B
10981	MC4R
10982	ABCC8
10982	RAPGEF4
10983	MC4R
10984	MC3R
10984	NPY2R
10985	MC3R
10985	OPRM1
10986	GRM5
10986	OPRM1
10987	GPR83
10988	GPR83
10988	MC3R
10989	GPR83
10989	MC4R
10990	GHSR
10990	GPR83
10991	APLNR
10991	OPRK1
10993	FLT3
10993	FLT3LG
10995	LIPF
10996	ANO1
10996	CFTR
10997	ANO1
10997	COPB1
10998	ANO1
10999	ATP1A1
10999	ATP1B1
11001	MAOB
11002	ATP1A1
11002	ATP1B3
11002	BSG
11002	SLC3A2
11002	SLC5A1
11006	MAOA
11007	FLT3
11007	SET
11017	HMGA1
11017	PDX1
11018	HMGA1
11018	MAFA
11019	MOCS1
11020	CDKN1B
11020	FLT3
11022	PKLR
11023	TNF
11023	TNFRSF1A
11024	TNF
11024	TNFRSF1B
11025	LTA
11025	TNFRSF1B
11026	LTA
11026	TNFRSF1A
11027	PPAT
11028	FOXO1
11028	PPIA
11031	MAP3K5
11031	PPIA
11032	FLNA
11032	MTNR1A
11033	FLNA
11033	MTNR1B
11034	IRS4
11034	MTNR1A
11035	IRS4
11035	MTNR1B
11036	MTNR1A
11036	RAC1
11037	MTNR1A
11037	RAP1A
11038	CNP
11038	MTNR1A
11039	CTNND1
11039	MTNR1B
11040	MTNR1B
11040	PPM1G
11046	PPIA
11046	RELA
11047	TNFRSF1B
11047	TRAF1
11047	TRAF2
11048	PPIA
11048	PPP3CA
11048	PPP3R1
11049	CASR
11049	FLNA
11050	CACNA1B
11050	MTNR1A
11053	GPR61
11053	MTNR1B
11054	GPR62
11054	MTNR1B
11055	GPR135
11055	MTNR1B
11056	DRD3
11056	MTNR1A
11057	DRD3
11057	MTNR1B
11058	GPR50
11058	RTN4
11061	GPR50
11061	TGFBR1
11062	ADAM17
11062	GPR50
11064	ARRB1
11064	MC1R
11065	ARRB2
11065	MC1R
11066	MC1R
11066	OPN3
11067	MC2R
11068	MRAP
11069	MC1R
11069	MRAP
11070	MC3R
11070	MRAP
11071	MC4R
11071	MRAP
11072	MC5R
11072	MRAP
11073	MC5R
11073	MRAP2
11074	MC4R
11074	MRAP2
11075	MC3R
11075	MRAP2
11076	MC2R
11076	MRAP2
11077	MC1R
11077	MRAP2
11078	PPIA
11078	RB1
11079	PPIA
11079	YY1
11080	MC2R
11080	NUP50
11081	HCRTR1
11081	MRAP2
11138	PRSS1
11139	TNFRSF1A
11139	TRADD
11139	TRAF1
11139	TRAF2
11140	FADD
11140	TNFRSF1A
11140	TRADD
11141	ARRB1
11141	MC3R
11142	ARRB1
11142	MC4R
11143	BIRC3
11143	TNFRSF1B
11143	TRAF1
11143	TRAF2
11144	MC4R
11144	SLC16A2
11146	MC1R
11146	MGRN1
11147	MC4R
11147	MGRN1
11150	RRM1
11150	RRM2
11151	RRM1
11151	RRM2B
11152	TNFRSF11B
11152	TNFSF11
11153	AHCYL1
11153	RRM1
11153	RRM2B
11154	MAP3K7
11154	TAB1
11154	TAB2
11154	TNFRSF11A
11154	TRAF6
11160	ADRB1
11160	GPER1
11161	GPR39
11161	HTR1A
11162	GALR1
11162	GPR39
11162	HTR1A
11165	CRHR1
11165	PDZK1
11166	HTR2A
11166	PDZK1
11170	HTR2C
11171	HTR7
11176	TNFRSF11A
11176	TRAF6
11176	VAV3
11177	HTR2B
11177	HTR2C
11178	HTR2A
11178	HTR2B
11179	ADORA2A
11179	HTR1A
11181	HCRTR1
11181	HTR1A
11183	HEPH
11183	SLC40A1
11183	TF
11184	HCRTR2
11184	HTR1A
11186	TNFRSF11A
11186	TNFSF11
11187	CPE
11187	HTR1E
11189	TH
11189	YWHAG
11190	TH
11192	BTK
11192	EEIG1
11192	GAB2
11192	PLCG2
11192	TNFRSF11A
11197	CNR1
11197	HTR2A
11200	AGTR1
11200	HTR2B
11203	TNFRSF11B
11203	TNFSF10
11206	LGR4
11206	TNFSF11
11216	GRK5
11216	HTR4
11218	HTR6
11218	MTOR
11219	HTR6
11219	RPTOR
11220	HTR6
11220	NF1
11222	CDK5
11222	HTR6
11223	FYN
11223	HTR6
11225	COPS5
11225	HTR6
11226	HTR6
11226	MAP1B
11229	FAS
11229	TNFSF13
11230	HOOK1
11230	TNFSF13B
11231	ATP1A2
11231	ATP1B1
11232	DHX9
11232	TOP2A
11233	TNFRSF17
11233	TNFSF13B
11234	TNFRSF13B
11234	TNFSF13B
11235	TNFRSF13C
11235	TNFSF13B
11236	SETMAR
11236	TOP2A
11237	TOP2A
11238	ATP1A3
11238	ATP1B1
11239	ATP1A3
11239	CNTNAP1
11240	TOP2A
11240	TOP2B
11241	TOP2B
11242	TNFSF13
11242	TNFSF13B
11243	HRH1
11243	HRH2
11246	DRD2
11246	GPR143
11247	DRD3
11247	GPR143
11248	ADORA2A
11248	DRD2
11249	DRD1
11249	DRD3
11250	DRD2
11251	DRD3
11252	DRD2
11252	DRD3
11253	TPO
11254	SLC6A3
11255	DUOX1
11255	DUOX2
11255	TPO
11255	TXNDC11
11256	CYBA
11256	DUOX1
11256	DUOX2
11256	TPO
11258	CD40
11258	FAS
11259	CD40
11259	TNFRSF10B
11260	TNFRSF17
11260	TNFSF13
11261	TNFRSF13B
11261	TNFSF13
11262	TPSAB1
11263	SPAG11B
11263	TPSAB1
11268	TXNRD1
11271	TYMP
11272	TNFRSF8
11272	TNFSF8
11273	TYMS
11275	SLC6A3
11275	TOR1A
11276	DCT
11276	TYR
11277	TYR
11278	SGMS1
11278	UGCG
11279	RTN1
11279	UGCG
11280	IL1RAP
11280	IL1RL2
11280	IL36B
11282	EGFLAM
11282	GPR179
11285	ADGRG1
11285	COL3A1
11286	UMPS
11288	LGR5
11288	RSPO2
11289	LGR5
11289	RSPO3
11290	LGR5
11290	RSPO4
11295	LGR4
11295	TGFB1
11297	NEDD4
11297	SLC22A6
11298	NEDD4L
11298	SLC22A6
11300	NEDD4L
11300	SLC22A8
11301	SLC29A1
11301	STOM
11302	PARK7
11302	SLC18A2
11303	CA6
11305	SLC6A3
11305	SNCA
11306	CA9
11307	GPR37
11307	SLC6A3
11309	SLC6A3
11309	STX1A
11310	SLC6A3
11310	TGFB1I1
11311	KLHL3
11311	SLC12A3
11314	IL1RL2
11314	IL36RN
11315	IL31RA
11315	OSMR
11316	IL31
11316	IL31RA
11316	OSMR
11317	CD74
11317	CTSL
11318	MPL
11318	THPO
11319	LGR6
11319	RSPO1
11320	LGR6
11320	RSPO2
11321	LGR6
11321	RSPO3
11322	LGR6
11322	RSPO4
11349	ACVR1
11349	ACVR2B
11381	EGLN1
11381	EPAS1
11382	EPAS1
11382	VHL
11392	EZR
11392	SLC12A2
11409	COMMD1
11409	SLC12A2
11410	SLC12A2
11410	SLC7A5
11411	ACVR1
11411	ACVR2B
11411	GDF2
11412	ACVR1
11412	BMPR2
11412	GDF2
11413	ACVR1
11413	BMPR2
11415	ARNT
11415	EPAS1
11417	LRP5
11417	SOST
11418	GPER1
11418	KISS1R
11419	KISS1R
11419	NPFFR1
11420	KISS1R
11420	TACR2
11421	DRD1
11421	NPFFR1
11422	LRP6
11422	SOST
11423	DRD5
11423	NPFFR1
11424	DRD1
11424	NPFFR2
11425	HCRTR1
11425	QRFPR
11426	LRP4
11426	SOST
11427	HCRTR2
11427	QRFPR
11430	ATP1A1
11430	SLC12A1
11432	SOST
11432	STAT3
11433	F10
11433	TFPI
11436	CXCR1
11436	GNAI2
11437	CXCR2
11437	GNAI2
11438	AKT1
11438	TMEM175
11439	AKT1
11439	SYAP1
11440	AKT1
11440	TRIB3
11441	AKT2
11441	CDKN1A
11442	AKT2
11442	MTDH
11445	AKT2
11445	SIRT5
11446	AKT2
11446	WDFY2
11447	AKT1
11447	WDFY2
11448	ERBB2
11449	ERBB2
11449	ERBB3
11449	NRG1
11450	ERBB2
11450	ERBB4
11450	NRG1
11451	ERBB4
11451	NRG1
11452	ERBB2
11452	PGR
11452	STAT3
11453	SIRT1
11453	TULP3
11454	RHO
11454	USH1C
11457	EGF
11457	EGFR
11457	ERBB3
11458	EGFR
11458	ERBB3
11458	NRG1
11459	PFDN5
11459	RNF115
11460	ERBB3
11460	NRG1
11461	ERBB3
11461	PIK3R1
11462	BTC
11462	ERBB4
11463	BTC
11463	ERBB2
11463	ERBB4
11464	ACVR1
11464	BMP6
11464	BMPR1A
11465	ERBB4
11465	YAP1
11466	ERBB4
11466	YAP1
11467	ERBB4
11467	STAT5A
11468	ERBB4
11468	STAT5A
11469	ERBB4
11469	TRIM28
11470	ERBB4
11470	TRIM28
11472	ERBB4
11472	MDM2
11476	ERBB4
11476	WWOX
11477	ERBB4
11477	WWOX
11478	ASGR1
11479	BCL2
11479	ERBB4
11480	ASGR1
11480	ASGR2
11481	EGF
11481	EGFR
11482	ASGR1
11482	ASGR2
11483	ASGR1
11483	ASGR2
11484	AREG
11484	EGFR
11485	BTC
11485	EGFR
11486	EGFR
11486	HBEGF
11487	EGFR
11487	TGFA
11488	EGFR
11488	EREG
11489	EGFR
11489	EPGN
11490	BTC
11490	EGFR
11490	ERBB3
11491	CUL3
11491	DCUN1D3
11491	RBX1
11492	DCUN1D3
11492	UBE2M
11493	DCUN1D1
11493	UBE2M
11494	DCUN1D2
11494	UBE2M
11496	CCR5
11496	CD4
11497	CCDC88A
11497	EGF
11497	EGFR
11497	GNAI3
11498	EGFR
11498	GPRC5A
11499	EGF
11499	EGFR
11499	TRAF4
11500	EGFR
11500	LAPTM4B
11501	BECN1
11501	LAPTM4B
11503	CD44
11503	EGFR
11504	GNL1
11504	RPS20
11505	EGFR
11505	FER
11511	FER
11511	MET
11512	BCR
11512	FES
11514	FES
11514	FLT3
11515	FER
11515	FLT3
11516	FES
11522	FGFR1
11522	PKM
11522	RACK1
11523	FGFR1
11523	FRS2
11523	MTOR
11525	CACNA1D
11525	SHANK1
11526	ACTN2
11526	CACNA1D
11527	CACNA1D
11527	SHANK3
11528	HERC1
11528	RAF1
11529	FGFR1
11529	GRB14
11531	FGFR1
11531	FGFRL1
11532	FGF2
11532	FGFR1
11532	FGFRL1
11535	FGFR1
11535	RPS6KA1
11536	FGF1
11536	FGFR2
11541	FGF2
11541	FGFR2
11542	FGF4
11542	FGFR2
11545	FGFR2
11545	GRB2
11546	FGFR2
11546	PTPN11
11547	FGFR2
11547	GRB2
11547	PAK4
11553	FGFR3
11553	SOCS3
11554	FGFR4
11554	HIP1
11556	FGFR4
11556	MMP14
11557	ALK
11557	BTK
11558	BTK
11558	CAV1
11559	BTK
11559	IBTK
11560	CSF1R
11560	INPPL1
11563	CSF1R
11563	EGR1
11564	CSF1
11564	CSF1R
11565	CSF1R
11565	ELK1
11566	CSF1R
11566	YY1
11567	CSNK1E
11567	DDX3X
11568	CSNK1E
11568	PER1
11569	EGFR
11569	EPHA2
11569	NGEF
11570	EGFR
11570	EPHA2
11571	EPHA2
11571	SLC3A2
11572	ARHGEF16
11572	EPHA2
11573	DOCK4
11573	ELMO2
11573	EPHA2
11574	ACE
11575	AGT
11575	REN
11576	ATP6AP2
11576	ZBTB16
11578	EPHA2
11578	ERBB2
11579	INSR
11580	IGF1R
11581	IGF1R
11581	INSR
11582	EPHA2
11582	FLNA
11583	FLNA
11583	INSR
11584	LEPR
11584	SOCS3
11585	BBS1
11585	LEPR
11586	EPHA2
11586	LYN
11588	EPHA2
11588	NTRK1
11588	SORT1
11590	EPHA2
11590	SRC
11592	AKAP9
11592	FYN
11592	PRKACA
11593	FYN
11593	PDE4DIP
11593	PRKACA
11594	CDK5RAP2
11594	FYN
11594	PRKACA
11596	BIRC2
11596	DDX3X
11596	GSK3B
11597	AXIN1
11597	GSK3B
11597	STRAP
11598	QRICH1
11598	SEPHS1
11599	QRICH1
11599	SEPHS1
11599	ZFP91
11600	ESR1
11600	GSK3B
11601	CSK
11601	GSK3B
11602	GSK3B
11602	GSKIP
11602	PRKAR2B
11605	CASTOR1
11605	MIOS
11605	SEC13
11605	SEH1L
11605	WDR24
11605	WDR59
11606	MIOS
11606	SEC13
11606	SEH1L
11606	SESN2
11606	WDR24
11606	WDR59
11607	GSK3B
11607	PGR
11608	GSK3B
11608	PRUNE1
11609	GSK3A
11609	PRUNE1
11611	AXIN1
11611	CTNNB1
11611	GSK3B
11611	RACK1
11612	HCK
11612	NLRP12
11613	HCK
11613	SKAP2
11614	HCK
11614	TP73
11615	HCK
11615	TBK1
11616	CD28
11616	ITK
11617	CBL
11617	CRKL
11617	KIT
11617	PIK3R1
11618	CSK
11618	KIT
11619	GRB2
11619	KIT
11620	GRB7
11620	KIT
11621	KIT
11621	SOCS6
11623	ABCE1
11623	HBS1L
11623	PELO
11628	ALK
11628	IGF1R
11629	IGF1R
11629	LTK
11630	CD19
11630	LYN
11631	CD19
11631	LCK
11633	CD36
11633	LYN
11634	CD36
11634	FYN
11635	CD36
11635	YES1
11636	CD38
11636	CD81
11636	HSPA8
11636	LYN
11637	CD19
11637	CD38
11637	LYN
11638	CD38
11638	GNAI2
11638	LYN
11639	FCER1G
11639	GP6
11639	LYN
11640	FCER1G
11640	FYN
11640	GP6
11641	FOLR1
11641	GNAI3
11641	LYN
11643	LYN
11643	PIK3R1
11643	SHC1
11644	LYN
11644	RUVBL1
11647	KIT
11647	LYN
11648	PDZK1IP1
11648	SLC5A1
11650	EGFR
11650	ERBB3
11650	LYN
11650	PAG1
11650	PRKCB
11650	RACK1
11651	EGFR
11651	MET
11655	SLC18A2
11656	CD151
11656	ITGB4
11656	MET
11657	CD82
11657	MET
11658	SLC10A1
11658	SLC10A5
11659	SLC10A1
11659	SLC10A7
11660	SLC10A1
11660	SOAT1
11661	ITGA6
11661	ITGB4
11661	MET
11661	PIK3R1
11661	SHC1
11662	ITGAV
11662	ITGB1
11662	MET
11663	MET
11663	PLXNB1
11664	MET
11664	NRP1
11665	EGFR
11665	MET
11666	ERBB3
11666	MET
11667	ERBB2
11667	MET
11668	MET
11668	RET
11669	MET
11669	MST1R
11671	FGF13
11671	SCN9A
11673	KDR
11673	MET
11676	SCN1B
11676	SCN5A
11677	AKT1S1
11677	DEPTOR
11677	MLST8
11677	MTOR
11677	RPTOR
11678	AKT1S1
11678	DEPTOR
11678	MLST8
11678	MTOR
11678	RICTOR
11681	LAMTOR1
11681	LAMTOR2
11681	LAMTOR3
11681	LAMTOR4
11681	LAMTOR5
11681	MLST8
11681	MTOR
11681	RPTOR
11681	RRAGA
11681	RRAGC
11681	TFEB
11682	CALM1
11682	SCN1A
11685	CALM1
11685	SCN5A
11686	MLST8
11686	MTOR
11686	RPTOR
11686	TELO2
11686	TTI1
11687	MLST8
11687	MTOR
11687	RICTOR
11687	TELO2
11687	TTI1
11688	MLST8
11688	MTOR
11688	RPTOR
11688	RRAGB
11688	RRAGC
11689	MLST8
11689	MTOR
11689	RPTOR
11689	RRAGB
11689	RRAGD
11690	NEDD4
11690	SCN5A
11691	CALM1
11691	SCN4A
11704	NTRK3
11704	TGFBR2
11706	PDGFRB
11707	PDGFRA
11708	PDGFRA
11708	PDGFRB
11709	PDGFRA
11709	SHF
11710	PDGFRA
11710	SHB
11713	GRB2
11713	PDGFRB
11715	PDGFRB
11715	YES1
11716	FYN
11716	PDGFRB
11719	PDGFRA
11719	STAT1
11720	PDGFRA
11720	STAT3
11721	PDGFRA
11721	STAT5A
11722	PDGFRB
11722	STAT1
11723	PDGFRB
11723	STAT3
11724	PDGFRB
11724	STAT5A
11726	JAK1
11726	PDGFRB
11727	JAK2
11727	PDGFRB
11728	PDGFRB
11728	TYK2
11729	GRB2
11729	PDGFRB
11729	PTPN11
11730	PRKAA1
11730	PRKAB1
11730	PRKAG1
11731	PRKAA1
11731	PRKAB2
11731	PRKAG3
11732	PRKAA2
11732	PRKAB1
11732	PRKAG1
11737	IL32
11737	PRKCD
11737	STAT3
11739	MUC1
11739	PRKCD
11740	PLSCR3
11740	PRKCD
11741	PRKCD
11741	RAD9A
11742	PRKCD
11742	VASP
11743	PRKCD
11743	PRKD2
11744	AHSA1
11744	HSP90AA1
11745	FNIP1
11745	HSP90AA1
11746	FNIP2
11746	HSP90AA1
11747	FNIP1
11747	FNIP2
11747	HSP90AA1
11748	CDC37
11748	HSP90AB1
11748	RAF1
11749	CDC37
11749	CDK4
11749	HSP90AB1
11750	HSP90AB1
11750	PTGES3
11751	AARSD1
11751	HSP90AB1
11753	FNIP1
11753	HSP90AA1
11753	TSC1
11754	FKBP5
11754	HSP90AA1
11754	PTGES3
11755	FKBP4
11755	HSP90AB1
11758	CDC37
11758	HSP90AA1
11758	PPP5C
11759	HSP90AB1
11759	PTGES3
11759	TERT
11760	HSP90AA1
11760	HSPA8
11760	STIP1
11761	HSP90AA1
11761	STIP1
11762	HSP90AB1
11762	HSPA8
11762	STIP1
11763	HSP90AB1
11763	STIP1
11764	F3
11764	F7
11765	FCER1G
11765	FCGR1A
11765	PPL
11767	FCER1G
11767	FCGR1A
11767	LAT
11768	FCER1G
11768	FCGR1A
11768	SYK
11769	FCER1G
11769	FCGR1A
11769	HCK
11770	FCER1G
11770	FCGR1A
11770	LYN
11771	CD247
11771	FCER1G
11771	FCGR3A
11772	CD247
11772	FCGR3A
11773	FCER1G
11773	FCGR3A
11774	CD2
11774	CD247
11774	FCGR3A
11775	CD247
11775	FCGR3A
11775	LCK
11776	B2M
11776	FCGRT
11777	GRB2
11777	IRS4
11777	NISCH
11777	PIK3R1
11779	NISCH
11779	RAB14
11780	NISCH
11780	RAB9A
11781	NISCH
11781	RAB4A
11783	PDCD1
11783	PTPN11
11784	PDCD1
11784	PDCD1LG2
11785	HAVCR2
11785	LGALS9
11785	PDCD1
11786	ANK2
11786	ITPR3
11786	SIGMAR1
11787	ASIC1
11787	SIGMAR1
11788	DRD1
11788	SIGMAR1
11789	DRD1
11789	HRH3
11789	SIGMAR1
11791	DRD2
11791	SIGMAR1
11793	PDGFRB
11793	SIGMAR1
11795	KCNA3
11795	SIGMAR1
11797	SCN5A
11797	SIGMAR1
