model_id,panel,panel_seed,label_order,depmap_column
ACH-000178,0,2075375458166876372,1,PPM1D (8493)
ACH-000178,0,2075375458166876372,2,CCNL1 (57018)
ACH-000178,0,2075375458166876372,3,PRKAR1A (5573)
ACH-000178,0,2075375458166876372,4,PNKP (11284)
ACH-000178,0,2075375458166876372,5,SAMM50 (25813)
ACH-000178,0,2075375458166876372,6,TIGD3 (220359)
ACH-000178,0,2075375458166876372,7,HMBS (3145)
ACH-000178,0,2075375458166876372,8,ANKRD49 (54851)
ACH-000178,0,2075375458166876372,9,USP1 (7398)
ACH-000178,0,2075375458166876372,10,RIC1 (57589)
ACH-000178,0,2075375458166876372,11,AIFM1 (9131)
ACH-000178,0,2075375458166876372,12,EXOC1 (55763)
ACH-000178,0,2075375458166876372,13,MRPL32 (64983)
ACH-000178,0,2075375458166876372,14,FADD (8772)
ACH-000178,0,2075375458166876372,15,DOLPP1 (57171)
ACH-000178,0,2075375458166876372,16,RIC8A (60626)
ACH-000178,0,2075375458166876372,17,TFB2M (64216)
ACH-000178,0,2075375458166876372,18,CTNNB1 (1499)
ACH-000178,0,2075375458166876372,19,NPEPPS (9520)
ACH-000178,0,2075375458166876372,20,NDUFB4 (4710)
ACH-000178,0,2075375458166876372,21,COASY (80347)
ACH-000178,0,2075375458166876372,22,CAB39 (51719)
ACH-000178,0,2075375458166876372,23,TRIP13 (9319)
ACH-000178,0,2075375458166876372,24,ATP1B3 (483)
ACH-000178,0,2075375458166876372,25,SCAP (22937)
ACH-000178,0,2075375458166876372,26,COQ4 (51117)
ACH-000178,0,2075375458166876372,27,ATL2 (64225)
ACH-000178,0,2075375458166876372,28,HECTD1 (25831)
ACH-000178,0,2075375458166876372,29,NDUFB11 (54539)
ACH-000178,0,2075375458166876372,30,NXT1 (29107)
ACH-000178,0,2075375458166876372,31,TAMM41 (132001)
ACH-000178,0,2075375458166876372,32,LIPT1 (51601)
ACH-000178,0,2075375458166876372,33,CYB5B (80777)
ACH-000178,0,2075375458166876372,34,MRPS7 (51081)
ACH-000178,0,2075375458166876372,35,ATP5F1C (509)
ACH-000178,0,2075375458166876372,36,WRN (7486)
ACH-000178,0,2075375458166876372,37,MDM4 (4194)
ACH-000178,0,2075375458166876372,38,SLC16A1 (6566)
ACH-000178,0,2075375458166876372,39,DNAJB13 (374407)
ACH-000178,0,2075375458166876372,40,MRPS14 (63931)
ACH-000178,0,2075375458166876372,41,FOXO3B (2310)
ACH-000178,0,2075375458166876372,42,SMARCB1 (6598)
ACH-000178,0,2075375458166876372,43,SLC25A3 (5250)
ACH-000178,0,2075375458166876372,44,OXSM (54995)
ACH-000178,0,2075375458166876372,45,YME1L1 (10730)
ACH-000178,0,2075375458166876372,46,ELP4 (26610)
ACH-000178,0,2075375458166876372,47,HSPA8 (3312)
ACH-000178,0,2075375458166876372,48,BSG (682)
ACH-000178,0,2075375458166876372,49,ANAPC15 (25906)
ACH-000178,0,2075375458166876372,50,SLC25A26 (115286)
ACH-000178,1,13420789181605114532,1,VPS4A (27183)
ACH-000178,1,13420789181605114532,2,TUBE1 (51175)
ACH-000178,1,13420789181605114532,3,ARMC5 (79798)
ACH-000178,1,13420789181605114532,4,GEMIN2 (8487)
ACH-000178,1,13420789181605114532,5,MIPEP (4285)
ACH-000178,1,13420789181605114532,6,MFN2 (9927)
ACH-000178,1,13420789181605114532,7,BRCA2 (675)
ACH-000178,1,13420789181605114532,8,CYC1 (1537)
ACH-000178,1,13420789181605114532,9,CUL3 (8452)
ACH-000178,1,13420789181605114532,10,ATP1B3 (483)
ACH-000178,1,13420789181605114532,11,TCOF1 (6949)
ACH-000178,1,13420789181605114532,12,CDK8 (1024)
ACH-000178,1,13420789181605114532,13,KIF20A (10112)
ACH-000178,1,13420789181605114532,14,LIPT1 (51601)
ACH-000178,1,13420789181605114532,15,MRPS25 (64432)
ACH-000178,1,13420789181605114532,16,MYB (4602)
ACH-000178,1,13420789181605114532,17,SLC7A1 (6541)
ACH-000178,1,13420789181605114532,18,YME1L1 (10730)
ACH-000178,1,13420789181605114532,19,MEN1 (4221)
ACH-000178,1,13420789181605114532,20,DLST (1743)
ACH-000178,1,13420789181605114532,21,ARPC4 (10093)
ACH-000178,1,13420789181605114532,22,TEN1 (100134934)
ACH-000178,1,13420789181605114532,23,AHCYL1 (10768)
ACH-000178,1,13420789181605114532,24,KIF4A (24137)
ACH-000178,1,13420789181605114532,25,STX4 (6810)
ACH-000178,1,13420789181605114532,26,SOX9 (6662)
ACH-000178,1,13420789181605114532,27,BUD13 (84811)
ACH-000178,1,13420789181605114532,28,BCL9 (607)
ACH-000178,1,13420789181605114532,29,NAMPT (10135)
ACH-000178,1,13420789181605114532,30,UBE2H (7328)
ACH-000178,1,13420789181605114532,31,ATP5F1C (509)
ACH-000178,1,13420789181605114532,32,TFAM (7019)
ACH-000178,1,13420789181605114532,33,FAM98B (283742)
ACH-000178,1,13420789181605114532,34,MRPS16 (51021)
ACH-000178,1,13420789181605114532,35,FOSL1 (8061)
ACH-000178,1,13420789181605114532,36,METTL17 (64745)
ACH-000178,1,13420789181605114532,37,DARS2 (55157)
ACH-000178,1,13420789181605114532,38,FERMT1 (55612)
ACH-000178,1,13420789181605114532,39,MMGT1 (93380)
ACH-000178,1,13420789181605114532,40,NAPG (8774)
ACH-000178,1,13420789181605114532,41,ZFP36L1 (677)
ACH-000178,1,13420789181605114532,42,NDE1 (54820)
ACH-000178,1,13420789181605114532,43,KCMF1 (56888)
ACH-000178,1,13420789181605114532,44,MRPS34 (65993)
ACH-000178,1,13420789181605114532,45,RHOA (387)
ACH-000178,1,13420789181605114532,46,CTDSPL2 (51496)
ACH-000178,1,13420789181605114532,47,RRAGC (64121)
ACH-000178,1,13420789181605114532,48,TADA1 (117143)
ACH-000178,1,13420789181605114532,49,TXNRD1 (7296)
ACH-000178,1,13420789181605114532,50,KEAP1 (9817)
ACH-000178,2,17321698585028354461,1,POLRMT (5442)
ACH-000178,2,17321698585028354461,2,PMM2 (5373)
ACH-000178,2,17321698585028354461,3,SAMM50 (25813)
ACH-000178,2,17321698585028354461,4,MYB (4602)
ACH-000178,2,17321698585028354461,5,BSG (682)
ACH-000178,2,17321698585028354461,6,ATP1B3 (483)
ACH-000178,2,17321698585028354461,7,PKN2 (5586)
ACH-000178,2,17321698585028354461,8,PCNX3 (399909)
ACH-000178,2,17321698585028354461,9,CRLS1 (54675)
ACH-000178,2,17321698585028354461,10,BRAF (673)
ACH-000178,2,17321698585028354461,11,RPL22L1 (200916)
ACH-000178,2,17321698585028354461,12,NDUFB4 (4710)
ACH-000178,2,17321698585028354461,13,KEAP1 (9817)
ACH-000178,2,17321698585028354461,14,TMED2 (10959)
ACH-000178,2,17321698585028354461,15,MLST8 (64223)
ACH-000178,2,17321698585028354461,16,UBE2H (7328)
ACH-000178,2,17321698585028354461,17,TUBB3 (10381)
ACH-000178,2,17321698585028354461,18,VPS4A (27183)
ACH-000178,2,17321698585028354461,19,MYH9 (4627)
ACH-000178,2,17321698585028354461,20,P2RY6 (5031)
ACH-000178,2,17321698585028354461,21,TMED10 (10972)
ACH-000178,2,17321698585028354461,22,AMBRA1 (55626)
ACH-000178,2,17321698585028354461,23,PCYT1A (5130)
ACH-000178,2,17321698585028354461,24,MRPS12 (6183)
ACH-000178,2,17321698585028354461,25,IRF2BP2 (359948)
ACH-000178,2,17321698585028354461,26,PPM1D (8493)
ACH-000178,2,17321698585028354461,27,FGFR1 (2260)
ACH-000178,2,17321698585028354461,28,MNAT1 (4331)
ACH-000178,2,17321698585028354461,29,TAPT1 (202018)
ACH-000178,2,17321698585028354461,30,THG1L (54974)
ACH-000178,2,17321698585028354461,31,ANLN (54443)
ACH-000178,2,17321698585028354461,32,NDUFB3 (4709)
ACH-000178,2,17321698585028354461,33,TSC22D2 (9819)
ACH-000178,2,17321698585028354461,34,CDK6 (1021)
ACH-000178,2,17321698585028354461,35,KATNB1 (10300)
ACH-000178,2,17321698585028354461,36,CBFB (865)
ACH-000178,2,17321698585028354461,37,NDUFB10 (4716)
ACH-000178,2,17321698585028354461,38,TRIP13 (9319)
ACH-000178,2,17321698585028354461,39,ADSS2 (159)
ACH-000178,2,17321698585028354461,40,UBA5 (79876)
ACH-000178,2,17321698585028354461,41,PPP2R2A (5520)
ACH-000178,2,17321698585028354461,42,THAP11 (57215)
ACH-000178,2,17321698585028354461,43,CTNNB1 (1499)
ACH-000178,2,17321698585028354461,44,MIOS (54468)
ACH-000178,2,17321698585028354461,45,DNAJC13 (23317)
ACH-000178,2,17321698585028354461,46,COA7 (65260)
ACH-000178,2,17321698585028354461,47,RPRD1B (58490)
ACH-000178,2,17321698585028354461,48,RRAGC (64121)
ACH-000178,2,17321698585028354461,49,PARS2 (25973)
ACH-000178,2,17321698585028354461,50,WTAP (9589)
ACH-000178,3,12244462930596812421,1,UBR5 (51366)
ACH-000178,3,12244462930596812421,2,RPP25L (138716)
ACH-000178,3,12244462930596812421,3,NAA20 (51126)
ACH-000178,3,12244462930596812421,4,MDM2 (4193)
ACH-000178,3,12244462930596812421,5,GART (2618)
ACH-000178,3,12244462930596812421,6,MDM4 (4194)
ACH-000178,3,12244462930596812421,7,LDLR (3949)
ACH-000178,3,12244462930596812421,8,DNM1L (10059)
ACH-000178,3,12244462930596812421,9,PPIL1 (51645)
ACH-000178,3,12244462930596812421,10,TFB2M (64216)
ACH-000178,3,12244462930596812421,11,RIC8A (60626)
ACH-000178,3,12244462930596812421,12,RAB10 (10890)
ACH-000178,3,12244462930596812421,13,SLC33A1 (9197)
ACH-000178,3,12244462930596812421,14,EAF1 (85403)
ACH-000178,3,12244462930596812421,15,COX6A1 (1337)
ACH-000178,3,12244462930596812421,16,PTP4A1 (7803)
ACH-000178,3,12244462930596812421,17,KRAS (3845)
ACH-000178,3,12244462930596812421,18,MIB1 (57534)
ACH-000178,3,12244462930596812421,19,PTDSS1 (9791)
ACH-000178,3,12244462930596812421,20,SAMM50 (25813)
ACH-000178,3,12244462930596812421,21,BCL9L (283149)
ACH-000178,3,12244462930596812421,22,CCNL1 (57018)
ACH-000178,3,12244462930596812421,23,UBIAD1 (29914)
ACH-000178,3,12244462930596812421,24,NARS2 (79731)
ACH-000178,3,12244462930596812421,25,EP300 (2033)
ACH-000178,3,12244462930596812421,26,MVD (4597)
ACH-000178,3,12244462930596812421,27,WDR48 (57599)
ACH-000178,3,12244462930596812421,28,AHCYL1 (10768)
ACH-000178,3,12244462930596812421,29,DHODH (1723)
ACH-000178,3,12244462930596812421,30,KNTC1 (9735)
ACH-000178,3,12244462930596812421,31,HNRNPA2B1 (3181)
ACH-000178,3,12244462930596812421,32,COX7C (1350)
ACH-000178,3,12244462930596812421,33,MNAT1 (4331)
ACH-000178,3,12244462930596812421,34,CAD (790)
ACH-000178,3,12244462930596812421,35,TAF1D (79101)
ACH-000178,3,12244462930596812421,36,SOX10 (6663)
ACH-000178,3,12244462930596812421,37,RAB6A (5870)
ACH-000178,3,12244462930596812421,38,MPPE1 (65258)
ACH-000178,3,12244462930596812421,39,MICOS10 (440574)
ACH-000178,3,12244462930596812421,40,KLF5 (688)
ACH-000178,3,12244462930596812421,41,YAP1 (10413)
ACH-000178,3,12244462930596812421,42,TUBE1 (51175)
ACH-000178,3,12244462930596812421,43,ITGAV (3685)
ACH-000178,3,12244462930596812421,44,HEMK2 (29104)
ACH-000178,3,12244462930596812421,45,SLC3A2 (6520)
ACH-000178,3,12244462930596812421,46,CAB39 (51719)
ACH-000178,3,12244462930596812421,47,GLRX5 (51218)
ACH-000178,3,12244462930596812421,48,FAM98B (283742)
ACH-000178,3,12244462930596812421,49,TEN1 (100134934)
ACH-000178,3,12244462930596812421,50,TIMM22 (29928)
ACH-000178,4,3857514175245069476,1,MRPL4 (51073)
ACH-000178,4,3857514175245069476,2,GABPB1 (2553)
ACH-000178,4,3857514175245069476,3,PRDX1 (5052)
ACH-000178,4,3857514175245069476,4,STAG2 (10735)
ACH-000178,4,3857514175245069476,5,LRPPRC (10128)
ACH-000178,4,3857514175245069476,6,RBBP7 (5931)
ACH-000178,4,3857514175245069476,7,ARID2 (196528)
ACH-000178,4,3857514175245069476,8,SMG7 (9887)
ACH-000178,4,3857514175245069476,9,PFAS (5198)
ACH-000178,4,3857514175245069476,10,SSBP3 (23648)
ACH-000178,4,3857514175245069476,11,TAPT1 (202018)
ACH-000178,4,3857514175245069476,12,SEPSECS (51091)
ACH-000178,4,3857514175245069476,13,SERBP1 (26135)
ACH-000178,4,3857514175245069476,14,PSMG2 (56984)
ACH-000178,4,3857514175245069476,15,NAPG (8774)
ACH-000178,4,3857514175245069476,16,WDR7 (23335)
ACH-000178,4,3857514175245069476,17,USE1 (55850)
ACH-000178,4,3857514175245069476,18,CCAR1 (55749)
ACH-000178,4,3857514175245069476,19,MTCH2 (23788)
ACH-000178,4,3857514175245069476,20,PRKRA (8575)
ACH-000178,4,3857514175245069476,21,NDE1 (54820)
ACH-000178,4,3857514175245069476,22,YME1L1 (10730)
ACH-000178,4,3857514175245069476,23,ARPC4 (10093)
ACH-000178,4,3857514175245069476,24,TACC3 (10460)
ACH-000178,4,3857514175245069476,25,CDS2 (8760)
ACH-000178,4,3857514175245069476,26,NUP50 (10762)
ACH-000178,4,3857514175245069476,27,CFL1 (1072)
ACH-000178,4,3857514175245069476,28,TFAM (7019)
ACH-000178,4,3857514175245069476,29,UBE2S (27338)
ACH-000178,4,3857514175245069476,30,RBM18 (92400)
ACH-000178,4,3857514175245069476,31,PFDN1 (5201)
ACH-000178,4,3857514175245069476,32,ACTR3 (10096)
ACH-000178,4,3857514175245069476,33,SLC25A28 (81894)
ACH-000178,4,3857514175245069476,34,MRPL15 (29088)
ACH-000178,4,3857514175245069476,35,RARS2 (57038)
ACH-000178,4,3857514175245069476,36,STX4 (6810)
ACH-000178,4,3857514175245069476,37,ADSL (158)
ACH-000178,4,3857514175245069476,38,UBAP2L (9898)
ACH-000178,4,3857514175245069476,39,XYLT2 (64132)
ACH-000178,4,3857514175245069476,40,TXNRD1 (7296)
ACH-000178,4,3857514175245069476,41,RRAGC (64121)
ACH-000178,4,3857514175245069476,42,MIPEP (4285)
ACH-000178,4,3857514175245069476,43,ARHGEF7 (8874)
ACH-000178,4,3857514175245069476,44,CTNNB1 (1499)
ACH-000178,4,3857514175245069476,45,H2AX (3014)
ACH-000178,4,3857514175245069476,46,MAPK14 (1432)
ACH-000178,4,3857514175245069476,47,ADAR (103)
ACH-000178,4,3857514175245069476,48,PDS5A (23244)
ACH-000178,4,3857514175245069476,49,STN1 (79991)
ACH-000178,4,3857514175245069476,50,NARS2 (79731)
ACH-000178,5,13808367926187870989,1,PGM3 (5238)
ACH-000178,5,13808367926187870989,2,TACC3 (10460)
ACH-000178,5,13808367926187870989,3,JTB (10899)
ACH-000178,5,13808367926187870989,4,GMNN (51053)
ACH-000178,5,13808367926187870989,5,CFLAR (8837)
ACH-000178,5,13808367926187870989,6,MRPS5 (64969)
ACH-000178,5,13808367926187870989,7,LDLR (3949)
ACH-000178,5,13808367926187870989,8,GFM1 (85476)
ACH-000178,5,13808367926187870989,9,SHOC2 (8036)
ACH-000178,5,13808367926187870989,10,HAPSTR1 (29035)
ACH-000178,5,13808367926187870989,11,KATNB1 (10300)
ACH-000178,5,13808367926187870989,12,TXNRD1 (7296)
ACH-000178,5,13808367926187870989,13,TRERF1 (55809)
ACH-000178,5,13808367926187870989,14,RHEB (6009)
ACH-000178,5,13808367926187870989,15,H2BC9 (8345)
ACH-000178,5,13808367926187870989,16,UQCRC2 (7385)
ACH-000178,5,13808367926187870989,17,RAD1 (5810)
ACH-000178,5,13808367926187870989,18,P2RY6 (5031)
ACH-000178,5,13808367926187870989,19,FXN (2395)
ACH-000178,5,13808367926187870989,20,ACO2 (50)
ACH-000178,5,13808367926187870989,21,GEMIN2 (8487)
ACH-000178,5,13808367926187870989,22,LAMTOR2 (28956)
ACH-000178,5,13808367926187870989,23,GABPA (2551)
ACH-000178,5,13808367926187870989,24,MRPS25 (64432)
ACH-000178,5,13808367926187870989,25,CTPS1 (1503)
ACH-000178,5,13808367926187870989,26,INTS6 (26512)
ACH-000178,5,13808367926187870989,27,POLRMT (5442)
ACH-000178,5,13808367926187870989,28,SNAP23 (8773)
ACH-000178,5,13808367926187870989,29,DYNLL1 (8655)
ACH-000178,5,13808367926187870989,30,VARS2 (57176)
ACH-000178,5,13808367926187870989,31,UBAP2L (9898)
ACH-000178,5,13808367926187870989,32,HNF1A (6927)
ACH-000178,5,13808367926187870989,33,NSMCE4A (54780)
ACH-000178,5,13808367926187870989,34,ATP6V0E1 (8992)
ACH-000178,5,13808367926187870989,35,MRPS24 (64951)
ACH-000178,5,13808367926187870989,36,PTPMT1 (114971)
ACH-000178,5,13808367926187870989,37,PRKRA (8575)
ACH-000178,5,13808367926187870989,38,PAICS (10606)
ACH-000178,5,13808367926187870989,39,MRPL55 (128308)
ACH-000178,5,13808367926187870989,40,NBAS (51594)
ACH-000178,5,13808367926187870989,41,MRPS12 (6183)
ACH-000178,5,13808367926187870989,42,IMPDH2 (3615)
ACH-000178,5,13808367926187870989,43,ACLY (47)
ACH-000178,5,13808367926187870989,44,SOX9 (6662)
ACH-000178,5,13808367926187870989,45,RAF1 (5894)
ACH-000178,5,13808367926187870989,46,SUGT1 (10910)
ACH-000178,5,13808367926187870989,47,CCND3 (896)
ACH-000178,5,13808367926187870989,48,KCTD5 (54442)
ACH-000178,5,13808367926187870989,49,MYBBP1A (10514)
ACH-000178,5,13808367926187870989,50,MED12 (9968)
ACH-000178,6,14825011562617517497,1,CCNC (892)
ACH-000178,6,14825011562617517497,2,OXSM (54995)
ACH-000178,6,14825011562617517497,3,BIRC6 (57448)
ACH-000178,6,14825011562617517497,4,TCF7L2 (6934)
ACH-000178,6,14825011562617517497,5,CCND3 (896)
ACH-000178,6,14825011562617517497,6,MRPL18 (29074)
ACH-000178,6,14825011562617517497,7,PCNX3 (399909)
ACH-000178,6,14825011562617517497,8,ELMO2 (63916)
ACH-000178,6,14825011562617517497,9,TFRC (7037)
ACH-000178,6,14825011562617517497,10,SAMM50 (25813)
ACH-000178,6,14825011562617517497,11,WTAP (9589)
ACH-000178,6,14825011562617517497,12,SCD (6319)
ACH-000178,6,14825011562617517497,13,MRPL35 (51318)
ACH-000178,6,14825011562617517497,14,BAP1 (8314)
ACH-000178,6,14825011562617517497,15,STAG2 (10735)
ACH-000178,6,14825011562617517497,16,PRDX1 (5052)
ACH-000178,6,14825011562617517497,17,TRPM7 (54822)
ACH-000178,6,14825011562617517497,18,GRSF1 (2926)
ACH-000178,6,14825011562617517497,19,ACSL3 (2181)
ACH-000178,6,14825011562617517497,20,USE1 (55850)
ACH-000178,6,14825011562617517497,21,UBE2D3 (7323)
ACH-000178,6,14825011562617517497,22,UBQLN4 (56893)
ACH-000178,6,14825011562617517497,23,COA6 (388753)
ACH-000178,6,14825011562617517497,24,MRPL4 (51073)
ACH-000178,6,14825011562617517497,25,NDUFB3 (4709)
ACH-000178,6,14825011562617517497,26,FAM98B (283742)
ACH-000178,6,14825011562617517497,27,SLC30A9 (10463)
ACH-000178,6,14825011562617517497,28,TMED10 (10972)
ACH-000178,6,14825011562617517497,29,SLC25A3 (5250)
ACH-000178,6,14825011562617517497,30,MYBL2 (4605)
ACH-000178,6,14825011562617517497,31,ANKRD49 (54851)
ACH-000178,6,14825011562617517497,32,MRPS6 (64968)
ACH-000178,6,14825011562617517497,33,NDUFB11 (54539)
ACH-000178,6,14825011562617517497,34,ADRM1 (11047)
ACH-000178,6,14825011562617517497,35,NDUFC2 (4718)
ACH-000178,6,14825011562617517497,36,PTP4A1 (7803)
ACH-000178,6,14825011562617517497,37,ATP6V0E1 (8992)
ACH-000178,6,14825011562617517497,38,MTPAP (55149)
ACH-000178,6,14825011562617517497,39,CCNB1 (891)
ACH-000178,6,14825011562617517497,40,VPS37A (137492)
ACH-000178,6,14825011562617517497,41,PDS5A (23244)
ACH-000178,6,14825011562617517497,42,RELA (5970)
ACH-000178,6,14825011562617517497,43,ATF4 (468)
ACH-000178,6,14825011562617517497,44,IMPDH2 (3615)
ACH-000178,6,14825011562617517497,45,ADAR (103)
ACH-000178,6,14825011562617517497,46,RHOA (387)
ACH-000178,6,14825011562617517497,47,SERBP1 (26135)
ACH-000178,6,14825011562617517497,48,FOXO3B (2310)
ACH-000178,6,14825011562617517497,49,EAF1 (85403)
ACH-000178,6,14825011562617517497,50,DDX39B (7919)
ACH-000178,7,5678489813494957471,1,MED19 (219541)
ACH-000178,7,5678489813494957471,2,MRPS6 (64968)
ACH-000178,7,5678489813494957471,3,MIOS (54468)
ACH-000178,7,5678489813494957471,4,CRIPTO (6997)
ACH-000178,7,5678489813494957471,5,NCAPD3 (23310)
ACH-000178,7,5678489813494957471,6,IPPK (64768)
ACH-000178,7,5678489813494957471,7,UBA5 (79876)
ACH-000178,7,5678489813494957471,8,SSBP1 (6742)
ACH-000178,7,5678489813494957471,9,KCTD5 (54442)
ACH-000178,7,5678489813494957471,10,MRPS7 (51081)
ACH-000178,7,5678489813494957471,11,FOXO3B (2310)
ACH-000178,7,5678489813494957471,12,PPP1CB (5500)
ACH-000178,7,5678489813494957471,13,GRB2 (2885)
ACH-000178,7,5678489813494957471,14,CDAN1 (146059)
ACH-000178,7,5678489813494957471,15,ZEB1 (6935)
ACH-000178,7,5678489813494957471,16,CTPS1 (1503)
ACH-000178,7,5678489813494957471,17,MRPS12 (6183)
ACH-000178,7,5678489813494957471,18,RIC8A (60626)
ACH-000178,7,5678489813494957471,19,RIC1 (57589)
ACH-000178,7,5678489813494957471,20,PPM1D (8493)
ACH-000178,7,5678489813494957471,21,JUN (3725)
ACH-000178,7,5678489813494957471,22,ARF4 (378)
ACH-000178,7,5678489813494957471,23,THG1L (54974)
ACH-000178,7,5678489813494957471,24,GABPA (2551)
ACH-000178,7,5678489813494957471,25,SOD2 (6648)
ACH-000178,7,5678489813494957471,26,EED (8726)
ACH-000178,7,5678489813494957471,27,INTS15 (79034)
ACH-000178,7,5678489813494957471,28,TEAD1 (7003)
ACH-000178,7,5678489813494957471,29,HNRNPR (10236)
ACH-000178,7,5678489813494957471,30,NBAS (51594)
ACH-000178,7,5678489813494957471,31,ELMO2 (63916)
ACH-000178,7,5678489813494957471,32,EP300 (2033)
ACH-000178,7,5678489813494957471,33,CHMP7 (91782)
ACH-000178,7,5678489813494957471,34,HYCC2 (285172)
ACH-000178,7,5678489813494957471,35,CCDC6 (8030)
ACH-000178,7,5678489813494957471,36,STAG2 (10735)
ACH-000178,7,5678489813494957471,37,MICOS10 (440574)
ACH-000178,7,5678489813494957471,38,ADSS2 (159)
ACH-000178,7,5678489813494957471,39,SSBP3 (23648)
ACH-000178,7,5678489813494957471,40,PGM3 (5238)
ACH-000178,7,5678489813494957471,41,SLC25A28 (81894)
ACH-000178,7,5678489813494957471,42,RPRD1B (58490)
ACH-000178,7,5678489813494957471,43,AP2M1 (1173)
ACH-000178,7,5678489813494957471,44,CCDC51 (79714)
ACH-000178,7,5678489813494957471,45,COA7 (65260)
ACH-000178,7,5678489813494957471,46,ARPC4 (10093)
ACH-000178,7,5678489813494957471,47,PHF12 (57649)
ACH-000178,7,5678489813494957471,48,HMBS (3145)
ACH-000178,7,5678489813494957471,49,CUL3 (8452)
ACH-000178,7,5678489813494957471,50,TWNK (56652)
ACH-000178,8,7071809463888010028,1,FZD5 (7855)
ACH-000178,8,7071809463888010028,2,TCF7L2 (6934)
ACH-000178,8,7071809463888010028,3,PRDX1 (5052)
ACH-000178,8,7071809463888010028,4,LDLR (3949)
ACH-000178,8,7071809463888010028,5,MAPK1 (5594)
ACH-000178,8,7071809463888010028,6,ATP2B1 (490)
ACH-000178,8,7071809463888010028,7,MAPK14 (1432)
ACH-000178,8,7071809463888010028,8,SLC33A1 (9197)
ACH-000178,8,7071809463888010028,9,DNAJC19 (131118)
ACH-000178,8,7071809463888010028,10,SLC30A9 (10463)
ACH-000178,8,7071809463888010028,11,BIRC6 (57448)
ACH-000178,8,7071809463888010028,12,BPTF (2186)
ACH-000178,8,7071809463888010028,13,GFPT1 (2673)
ACH-000178,8,7071809463888010028,14,ARHGEF7 (8874)
ACH-000178,8,7071809463888010028,15,OTUD5 (55593)
ACH-000178,8,7071809463888010028,16,PMM2 (5373)
ACH-000178,8,7071809463888010028,17,PARD6B (84612)
ACH-000178,8,7071809463888010028,18,DHX29 (54505)
ACH-000178,8,7071809463888010028,19,IGF1R (3480)
ACH-000178,8,7071809463888010028,20,KDM2A (22992)
ACH-000178,8,7071809463888010028,21,FDPS (2224)
ACH-000178,8,7071809463888010028,22,HNRNPR (10236)
ACH-000178,8,7071809463888010028,23,GMNN (51053)
ACH-000178,8,7071809463888010028,24,MRPL49 (740)
ACH-000178,8,7071809463888010028,25,RTTN (25914)
ACH-000178,8,7071809463888010028,26,THG1L (54974)
ACH-000178,8,7071809463888010028,27,NELFCD (51497)
ACH-000178,8,7071809463888010028,28,SARS2 (54938)
ACH-000178,8,7071809463888010028,29,SMC5 (23137)
ACH-000178,8,7071809463888010028,30,CBLL1 (79872)
ACH-000178,8,7071809463888010028,31,NDUFB6 (4712)
ACH-000178,8,7071809463888010028,32,RELA (5970)
ACH-000178,8,7071809463888010028,33,ELP4 (26610)
ACH-000178,8,7071809463888010028,34,KATNB1 (10300)
ACH-000178,8,7071809463888010028,35,PRKRA (8575)
ACH-000178,8,7071809463888010028,36,DYNLL1 (8655)
ACH-000178,8,7071809463888010028,37,APC (324)
ACH-000178,8,7071809463888010028,38,COX6A1 (1337)
ACH-000178,8,7071809463888010028,39,FAM50A (9130)
ACH-000178,8,7071809463888010028,40,ATP5F1C (509)
ACH-000178,8,7071809463888010028,41,PPP1CA (5499)
ACH-000178,8,7071809463888010028,42,PCYT1A (5130)
ACH-000178,8,7071809463888010028,43,SLC7A1 (6541)
ACH-000178,8,7071809463888010028,44,CTC1 (80169)
ACH-000178,8,7071809463888010028,45,TSC22D2 (9819)
ACH-000178,8,7071809463888010028,46,SDHD (6392)
ACH-000178,8,7071809463888010028,47,NCKAP1 (10787)
ACH-000178,8,7071809463888010028,48,TAF1D (79101)
ACH-000178,8,7071809463888010028,49,ASCC3 (10973)
ACH-000178,8,7071809463888010028,50,HNRNPA2B1 (3181)
ACH-000178,9,2338583129333722889,1,VPS4B (9525)
ACH-000178,9,2338583129333722889,2,CRLS1 (54675)
ACH-000178,9,2338583129333722889,3,FDX1 (2230)
ACH-000178,9,2338583129333722889,4,FECH (2235)
ACH-000178,9,2338583129333722889,5,TFB2M (64216)
ACH-000178,9,2338583129333722889,6,CDIN1 (84529)
ACH-000178,9,2338583129333722889,7,GART (2618)
ACH-000178,9,2338583129333722889,8,SDHB (6390)
ACH-000178,9,2338583129333722889,9,NR2C2AP (126382)
ACH-000178,9,2338583129333722889,10,DNAJC11 (55735)
ACH-000178,9,2338583129333722889,11,ATXN7L3 (56970)
ACH-000178,9,2338583129333722889,12,SMARCE1 (6605)
ACH-000178,9,2338583129333722889,13,PPA2 (27068)
ACH-000178,9,2338583129333722889,14,HYCC2 (285172)
ACH-000178,9,2338583129333722889,15,MRPL12 (6182)
ACH-000178,9,2338583129333722889,16,SOX9 (6662)
ACH-000178,9,2338583129333722889,17,PTPN11 (5781)
ACH-000178,9,2338583129333722889,18,HAPSTR1 (29035)
ACH-000178,9,2338583129333722889,19,KLF5 (688)
ACH-000178,9,2338583129333722889,20,ZNF217 (7764)
ACH-000178,9,2338583129333722889,21,RPAP2 (79871)
ACH-000178,9,2338583129333722889,22,IER3IP1 (51124)
ACH-000178,9,2338583129333722889,23,BCL9L (283149)
ACH-000178,9,2338583129333722889,24,ASCC3 (10973)
ACH-000178,9,2338583129333722889,25,UBE2C (11065)
ACH-000178,9,2338583129333722889,26,MDM2 (4193)
ACH-000178,9,2338583129333722889,27,VHL (7428)
ACH-000178,9,2338583129333722889,28,H2AX (3014)
ACH-000178,9,2338583129333722889,29,CRAMP1 (57585)
ACH-000178,9,2338583129333722889,30,BPTF (2186)
ACH-000178,9,2338583129333722889,31,TFRC (7037)
ACH-000178,9,2338583129333722889,32,NRAS (4893)
ACH-000178,9,2338583129333722889,33,DICER1 (23405)
ACH-000178,9,2338583129333722889,34,SCAP (22937)
ACH-000178,9,2338583129333722889,35,NDUFB3 (4709)
ACH-000178,9,2338583129333722889,36,INTS6 (26512)
ACH-000178,9,2338583129333722889,37,SEPHS2 (22928)
ACH-000178,9,2338583129333722889,38,ADSS2 (159)
ACH-000178,9,2338583129333722889,39,ACSL3 (2181)
ACH-000178,9,2338583129333722889,40,MVD (4597)
ACH-000178,9,2338583129333722889,41,RHOA (387)
ACH-000178,9,2338583129333722889,42,CCNB1 (891)
ACH-000178,9,2338583129333722889,43,SSBP3 (23648)
ACH-000178,9,2338583129333722889,44,GRSF1 (2926)
ACH-000178,9,2338583129333722889,45,ACLY (47)
ACH-000178,9,2338583129333722889,46,ZNF407 (55628)
ACH-000178,9,2338583129333722889,47,SARS2 (54938)
ACH-000178,9,2338583129333722889,48,WRN (7486)
ACH-000178,9,2338583129333722889,49,PTPMT1 (114971)
ACH-000178,9,2338583129333722889,50,WTAP (9589)
ACH-000178,10,14042329992057032881,1,TCF7L2 (6934)
ACH-000178,10,14042329992057032881,2,USP9X (8239)
ACH-000178,10,14042329992057032881,3,PSMG1 (8624)
ACH-000178,10,14042329992057032881,4,FBXW11 (23291)
ACH-000178,10,14042329992057032881,5,CTDSPL2 (51496)
ACH-000178,10,14042329992057032881,6,FDX1 (2230)
ACH-000178,10,14042329992057032881,7,GEMIN7 (79760)
ACH-000178,10,14042329992057032881,8,MYBBP1A (10514)
ACH-000178,10,14042329992057032881,9,EXOSC10 (5394)
ACH-000178,10,14042329992057032881,10,TWNK (56652)
ACH-000178,10,14042329992057032881,11,PITRM1 (10531)
ACH-000178,10,14042329992057032881,12,PPP6R3 (55291)
ACH-000178,10,14042329992057032881,13,PRDX1 (5052)
ACH-000178,10,14042329992057032881,14,CDIN1 (84529)
ACH-000178,10,14042329992057032881,15,NPEPPS (9520)
ACH-000178,10,14042329992057032881,16,REXO2 (25996)
ACH-000178,10,14042329992057032881,17,ACO2 (50)
ACH-000178,10,14042329992057032881,18,MRPL55 (128308)
ACH-000178,10,14042329992057032881,19,METTL17 (64745)
ACH-000178,10,14042329992057032881,20,ARHGEF7 (8874)
ACH-000178,10,14042329992057032881,21,SAMM50 (25813)
ACH-000178,10,14042329992057032881,22,GLRX5 (51218)
ACH-000178,10,14042329992057032881,23,MNAT1 (4331)
ACH-000178,10,14042329992057032881,24,COX15 (1355)
ACH-000178,10,14042329992057032881,25,KANSL1 (284058)
ACH-000178,10,14042329992057032881,26,PTDSS1 (9791)
ACH-000178,10,14042329992057032881,27,KNTC1 (9735)
ACH-000178,10,14042329992057032881,28,MRPS34 (65993)
ACH-000178,10,14042329992057032881,29,BCL9L (283149)
ACH-000178,10,14042329992057032881,30,FECH (2235)
ACH-000178,10,14042329992057032881,31,GEMIN2 (8487)
ACH-000178,10,14042329992057032881,32,CCND1 (595)
ACH-000178,10,14042329992057032881,33,UFM1 (51569)
ACH-000178,10,14042329992057032881,34,RPIA (22934)
ACH-000178,10,14042329992057032881,35,MED1 (5469)
ACH-000178,10,14042329992057032881,36,OXSM (54995)
ACH-000178,10,14042329992057032881,37,SDHA (6389)
ACH-000178,10,14042329992057032881,38,CBFB (865)
ACH-000178,10,14042329992057032881,39,RPUSD4 (84881)
ACH-000178,10,14042329992057032881,40,POLE3 (54107)
ACH-000178,10,14042329992057032881,41,MRPL28 (10573)
ACH-000178,10,14042329992057032881,42,EIF2AK4 (440275)
ACH-000178,10,14042329992057032881,43,TRIP13 (9319)
ACH-000178,10,14042329992057032881,44,KIF14 (9928)
ACH-000178,10,14042329992057032881,45,TIGD3 (220359)
ACH-000178,10,14042329992057032881,46,CDS2 (8760)
ACH-000178,10,14042329992057032881,47,MRPL18 (29074)
ACH-000178,10,14042329992057032881,48,EGLN1 (54583)
ACH-000178,10,14042329992057032881,49,STAG2 (10735)
ACH-000178,10,14042329992057032881,50,SMARCE1 (6605)
ACH-000178,11,5232889182549731171,1,HEMK2 (29104)
ACH-000178,11,5232889182549731171,2,GOLT1B (51026)
ACH-000178,11,5232889182549731171,3,FDPS (2224)
ACH-000178,11,5232889182549731171,4,FAM50A (9130)
ACH-000178,11,5232889182549731171,5,TADA1 (117143)
ACH-000178,11,5232889182549731171,6,SLC7A1 (6541)
ACH-000178,11,5232889182549731171,7,ANKRD49 (54851)
ACH-000178,11,5232889182549731171,8,EIF5AL1 (143244)
ACH-000178,11,5232889182549731171,9,C19orf53 (28974)
ACH-000178,11,5232889182549731171,10,PRDX1 (5052)
ACH-000178,11,5232889182549731171,11,PPP1CB (5500)
ACH-000178,11,5232889182549731171,12,ACLY (47)
ACH-000178,11,5232889182549731171,13,CEP43 (11116)
ACH-000178,11,5232889182549731171,14,DUSP4 (1846)
ACH-000178,11,5232889182549731171,15,RIC8A (60626)
ACH-000178,11,5232889182549731171,16,DAP3 (7818)
ACH-000178,11,5232889182549731171,17,TEN1 (100134934)
ACH-000178,11,5232889182549731171,18,PPP1R15B (84919)
ACH-000178,11,5232889182549731171,19,RGP1 (9827)
ACH-000178,11,5232889182549731171,20,POLG (5428)
ACH-000178,11,5232889182549731171,21,ATP1B3 (483)
ACH-000178,11,5232889182549731171,22,NONO (4841)
ACH-000178,11,5232889182549731171,23,INTS6 (26512)
ACH-000178,11,5232889182549731171,24,NFE2L2 (4780)
ACH-000178,11,5232889182549731171,25,ELMO2 (63916)
ACH-000178,11,5232889182549731171,26,MRPS10 (55173)
ACH-000178,11,5232889182549731171,27,PRKRA (8575)
ACH-000178,11,5232889182549731171,28,MED12 (9968)
ACH-000178,11,5232889182549731171,29,MED24 (9862)
ACH-000178,11,5232889182549731171,30,ZMYND8 (23613)
ACH-000178,11,5232889182549731171,31,GEMIN7 (79760)
ACH-000178,11,5232889182549731171,32,TRIM28 (10155)
ACH-000178,11,5232889182549731171,33,MAPK1 (5594)
ACH-000178,11,5232889182549731171,34,COASY (80347)
ACH-000178,11,5232889182549731171,35,WTAP (9589)
ACH-000178,11,5232889182549731171,36,CARS2 (79587)
ACH-000178,11,5232889182549731171,37,CUL3 (8452)
ACH-000178,11,5232889182549731171,38,IRS2 (8660)
ACH-000178,11,5232889182549731171,39,ATP2B1 (490)
ACH-000178,11,5232889182549731171,40,ATP6V0E1 (8992)
ACH-000178,11,5232889182549731171,41,RBBP7 (5931)
ACH-000178,11,5232889182549731171,42,RAB6A (5870)
ACH-000178,11,5232889182549731171,43,TMED10 (10972)
ACH-000178,11,5232889182549731171,44,METTL1 (4234)
ACH-000178,11,5232889182549731171,45,SRSF10 (10772)
ACH-000178,11,5232889182549731171,46,ISCA2 (122961)
ACH-000178,11,5232889182549731171,47,MICOS10 (440574)
ACH-000178,11,5232889182549731171,48,VEZF1 (7716)
ACH-000178,11,5232889182549731171,49,DNM1L (10059)
ACH-000178,11,5232889182549731171,50,PTK2 (5747)
ACH-000178,12,5163094450744004344,1,CDIN1 (84529)
ACH-000178,12,5163094450744004344,2,ELAVL1 (1994)
ACH-000178,12,5163094450744004344,3,CFL1 (1072)
ACH-000178,12,5163094450744004344,4,ZEB1 (6935)
ACH-000178,12,5163094450744004344,5,PGP (283871)
ACH-000178,12,5163094450744004344,6,PHF12 (57649)
ACH-000178,12,5163094450744004344,7,SMC5 (23137)
ACH-000178,12,5163094450744004344,8,ACSL3 (2181)
ACH-000178,12,5163094450744004344,9,SCD (6319)
ACH-000178,12,5163094450744004344,10,RBBP7 (5931)
ACH-000178,12,5163094450744004344,11,FOSL1 (8061)
ACH-000178,12,5163094450744004344,12,COA6 (388753)
ACH-000178,12,5163094450744004344,13,MTHFD1 (4522)
ACH-000178,12,5163094450744004344,14,RBM18 (92400)
ACH-000178,12,5163094450744004344,15,ADSS2 (159)
ACH-000178,12,5163094450744004344,16,NHLRC2 (374354)
ACH-000178,12,5163094450744004344,17,COX10 (1352)
ACH-000178,12,5163094450744004344,18,UBA5 (79876)
ACH-000178,12,5163094450744004344,19,STX4 (6810)
ACH-000178,12,5163094450744004344,20,NDE1 (54820)
ACH-000178,12,5163094450744004344,21,FAM185A (222234)
ACH-000178,12,5163094450744004344,22,MMGT1 (93380)
ACH-000178,12,5163094450744004344,23,HNRNPR (10236)
ACH-000178,12,5163094450744004344,24,MNAT1 (4331)
ACH-000178,12,5163094450744004344,25,NDUFAB1 (4706)
ACH-000178,12,5163094450744004344,26,TEDC1 (283643)
ACH-000178,12,5163094450744004344,27,FAM210A (125228)
ACH-000178,12,5163094450744004344,28,NRAS (4893)
ACH-000178,12,5163094450744004344,29,CTNNB1 (1499)
ACH-000178,12,5163094450744004344,30,ATP6V1H (51606)
ACH-000178,12,5163094450744004344,31,PPP1CA (5499)
ACH-000178,12,5163094450744004344,32,UBE2Z (65264)
ACH-000178,12,5163094450744004344,33,SREBF1 (6720)
ACH-000178,12,5163094450744004344,34,TYMS (7298)
ACH-000178,12,5163094450744004344,35,ADRM1 (11047)
ACH-000178,12,5163094450744004344,36,MRPS24 (64951)
ACH-000178,12,5163094450744004344,37,UAP1 (6675)
ACH-000178,12,5163094450744004344,38,PTPA (5524)
ACH-000178,12,5163094450744004344,39,ILK (3611)
ACH-000178,12,5163094450744004344,40,ATP2B1 (490)
ACH-000178,12,5163094450744004344,41,DNAJC19 (131118)
ACH-000178,12,5163094450744004344,42,BAP1 (8314)
ACH-000178,12,5163094450744004344,43,NPEPPS (9520)
ACH-000178,12,5163094450744004344,44,CCDC6 (8030)
ACH-000178,12,5163094450744004344,45,TSC22D2 (9819)
ACH-000178,12,5163094450744004344,46,STK11 (6794)
ACH-000178,12,5163094450744004344,47,NDUFA4 (4697)
ACH-000178,12,5163094450744004344,48,MED9 (55090)
ACH-000178,12,5163094450744004344,49,NARS2 (79731)
ACH-000178,12,5163094450744004344,50,UBE2C (11065)
ACH-000178,13,11272698260081498735,1,PFDN1 (5201)
ACH-000178,13,11272698260081498735,2,UBR5 (51366)
ACH-000178,13,11272698260081498735,3,C19orf53 (28974)
ACH-000178,13,11272698260081498735,4,CCND1 (595)
ACH-000178,13,11272698260081498735,5,TKT (7086)
ACH-000178,13,11272698260081498735,6,CYB5B (80777)
ACH-000178,13,11272698260081498735,7,DSCC1 (79075)
ACH-000178,13,11272698260081498735,8,SERBP1 (26135)
ACH-000178,13,11272698260081498735,9,DET1 (55070)
ACH-000178,13,11272698260081498735,10,RPL22L1 (200916)
ACH-000178,13,11272698260081498735,11,FGFR1 (2260)
ACH-000178,13,11272698260081498735,12,WNK1 (65125)
ACH-000178,13,11272698260081498735,13,GTF3C3 (9330)
ACH-000178,13,11272698260081498735,14,SLC2A1 (6513)
ACH-000178,13,11272698260081498735,15,MYH9 (4627)
ACH-000178,13,11272698260081498735,16,OXSM (54995)
ACH-000178,13,11272698260081498735,17,PFDN5 (5204)
ACH-000178,13,11272698260081498735,18,KIF20A (10112)
ACH-000178,13,11272698260081498735,19,STAMBP (10617)
ACH-000178,13,11272698260081498735,20,PDS5A (23244)
ACH-000178,13,11272698260081498735,21,MLST8 (64223)
ACH-000178,13,11272698260081498735,22,LAMTOR2 (28956)
ACH-000178,13,11272698260081498735,23,NDUFA8 (4702)
ACH-000178,13,11272698260081498735,24,COX6A1 (1337)
ACH-000178,13,11272698260081498735,25,SLC7A5 (8140)
ACH-000178,13,11272698260081498735,26,CBFB (865)
ACH-000178,13,11272698260081498735,27,ANKRD49 (54851)
ACH-000178,13,11272698260081498735,28,NMNAT1 (64802)
ACH-000178,13,11272698260081498735,29,KRAS (3845)
ACH-000178,13,11272698260081498735,30,C3orf38 (285237)
ACH-000178,13,11272698260081498735,31,TCOF1 (6949)
ACH-000178,13,11272698260081498735,32,MRPS11 (64963)
ACH-000178,13,11272698260081498735,33,UXS1 (80146)
ACH-000178,13,11272698260081498735,34,ACTR3 (10096)
ACH-000178,13,11272698260081498735,35,AMBRA1 (55626)
ACH-000178,13,11272698260081498735,36,PNKP (11284)
ACH-000178,13,11272698260081498735,37,KIF18B (146909)
ACH-000178,13,11272698260081498735,38,PSMG2 (56984)
ACH-000178,13,11272698260081498735,39,ATXN7L3 (56970)
ACH-000178,13,11272698260081498735,40,ACSL3 (2181)
ACH-000178,13,11272698260081498735,41,DSN1 (79980)
ACH-000178,13,11272698260081498735,42,TGIF1 (7050)
ACH-000178,13,11272698260081498735,43,NDUFAB1 (4706)
ACH-000178,13,11272698260081498735,44,HSPA8 (3312)
ACH-000178,13,11272698260081498735,45,DDX39B (7919)
ACH-000178,13,11272698260081498735,46,CEP43 (11116)
ACH-000178,13,11272698260081498735,47,ZWINT (11130)
ACH-000178,13,11272698260081498735,48,MRPS25 (64432)
ACH-000178,13,11272698260081498735,49,INTS15 (79034)
ACH-000178,13,11272698260081498735,50,SOX10 (6663)
ACH-000178,14,16450431461861199209,1,ARPC4 (10093)
ACH-000178,14,16450431461861199209,2,PFDN5 (5204)
ACH-000178,14,16450431461861199209,3,NFRKB (4798)
ACH-000178,14,16450431461861199209,4,SLC2A1 (6513)
ACH-000178,14,16450431461861199209,5,MCMBP (79892)
ACH-000178,14,16450431461861199209,6,SSBP3 (23648)
ACH-000178,14,16450431461861199209,7,TAPT1 (202018)
ACH-000178,14,16450431461861199209,8,FECH (2235)
ACH-000178,14,16450431461861199209,9,CTC1 (80169)
ACH-000178,14,16450431461861199209,10,MAPK14 (1432)
ACH-000178,14,16450431461861199209,11,SGF29 (112869)
ACH-000178,14,16450431461861199209,12,VPS4A (27183)
ACH-000178,14,16450431461861199209,13,CDK6 (1021)
ACH-000178,14,16450431461861199209,14,SREBF1 (6720)
ACH-000178,14,16450431461861199209,15,TRIT1 (54802)
ACH-000178,14,16450431461861199209,16,PCNX3 (399909)
ACH-000178,14,16450431461861199209,17,FXN (2395)
ACH-000178,14,16450431461861199209,18,COX7C (1350)
ACH-000178,14,16450431461861199209,19,TRIM28 (10155)
ACH-000178,14,16450431461861199209,20,GRB2 (2885)
ACH-000178,14,16450431461861199209,21,MRPS34 (65993)
ACH-000178,14,16450431461861199209,22,TFRC (7037)
ACH-000178,14,16450431461861199209,23,PIK3CA (5290)
ACH-000178,14,16450431461861199209,24,PTK2 (5747)
ACH-000178,14,16450431461861199209,25,PPIL1 (51645)
ACH-000178,14,16450431461861199209,26,SOD2 (6648)
ACH-000178,14,16450431461861199209,27,HNRNPA2B1 (3181)
ACH-000178,14,16450431461861199209,28,SNAP23 (8773)
ACH-000178,14,16450431461861199209,29,MVD (4597)
ACH-000178,14,16450431461861199209,30,CHMP5 (51510)
ACH-000178,14,16450431461861199209,31,ELMO2 (63916)
ACH-000178,14,16450431461861199209,32,SEC62 (7095)
ACH-000178,14,16450431461861199209,33,TGIF1 (7050)
ACH-000178,14,16450431461861199209,34,ARID2 (196528)
ACH-000178,14,16450431461861199209,35,INTS15 (79034)
ACH-000178,14,16450431461861199209,36,GPX4 (2879)
ACH-000178,14,16450431461861199209,37,RPRD1B (58490)
ACH-000178,14,16450431461861199209,38,CTPS1 (1503)
ACH-000178,14,16450431461861199209,39,UBE2H (7328)
ACH-000178,14,16450431461861199209,40,JUN (3725)
ACH-000178,14,16450431461861199209,41,MLST8 (64223)
ACH-000178,14,16450431461861199209,42,MEN1 (4221)
ACH-000178,14,16450431461861199209,43,RPL22L1 (200916)
ACH-000178,14,16450431461861199209,44,KIF14 (9928)
ACH-000178,14,16450431461861199209,45,BPTF (2186)
ACH-000178,14,16450431461861199209,46,RARS2 (57038)
ACH-000178,14,16450431461861199209,47,ICE2 (79664)
ACH-000178,14,16450431461861199209,48,CCNB1 (891)
ACH-000178,14,16450431461861199209,49,GMNN (51053)
ACH-000178,14,16450431461861199209,50,RIC8A (60626)
ACH-000178,15,15680869650957752625,1,FECH (2235)
ACH-000178,15,15680869650957752625,2,FDX1 (2230)
ACH-000178,15,15680869650957752625,3,GRSF1 (2926)
ACH-000178,15,15680869650957752625,4,TSC22D2 (9819)
ACH-000178,15,15680869650957752625,5,PPP1CA (5499)
ACH-000178,15,15680869650957752625,6,ATP5F1C (509)
ACH-000178,15,15680869650957752625,7,ATF4 (468)
ACH-000178,15,15680869650957752625,8,SAMD4B (55095)
ACH-000178,15,15680869650957752625,9,SDHA (6389)
ACH-000178,15,15680869650957752625,10,SYNCRIP (10492)
ACH-000178,15,15680869650957752625,11,SAMM50 (25813)
ACH-000178,15,15680869650957752625,12,ELP2 (55250)
ACH-000178,15,15680869650957752625,13,COX18 (285521)
ACH-000178,15,15680869650957752625,14,EIF2AK4 (440275)
ACH-000178,15,15680869650957752625,15,TSC2 (7249)
ACH-000178,15,15680869650957752625,16,TYMS (7298)
ACH-000178,15,15680869650957752625,17,FLII (2314)
ACH-000178,15,15680869650957752625,18,NFE2L2 (4780)
ACH-000178,15,15680869650957752625,19,ACTR3 (10096)
ACH-000178,15,15680869650957752625,20,LAMTOR2 (28956)
ACH-000178,15,15680869650957752625,21,UQCRC2 (7385)
ACH-000178,15,15680869650957752625,22,RHEB (6009)
ACH-000178,15,15680869650957752625,23,NONO (4841)
ACH-000178,15,15680869650957752625,24,DET1 (55070)
ACH-000178,15,15680869650957752625,25,MBTPS2 (51360)
ACH-000178,15,15680869650957752625,26,KEAP1 (9817)
ACH-000178,15,15680869650957752625,27,COQ4 (51117)
ACH-000178,15,15680869650957752625,28,CDH1 (999)
ACH-000178,15,15680869650957752625,29,CRIPTO (6997)
ACH-000178,15,15680869650957752625,30,KATNB1 (10300)
ACH-000178,15,15680869650957752625,31,COX10 (1352)
ACH-000178,15,15680869650957752625,32,SNRPB2 (6629)
ACH-000178,15,15680869650957752625,33,SGF29 (112869)
ACH-000178,15,15680869650957752625,34,RRAGC (64121)
ACH-000178,15,15680869650957752625,35,FDFT1 (2222)
ACH-000178,15,15680869650957752625,36,ATIC (471)
ACH-000178,15,15680869650957752625,37,CCNC (892)
ACH-000178,15,15680869650957752625,38,KIF4A (24137)
ACH-000178,15,15680869650957752625,39,FERMT2 (10979)
ACH-000178,15,15680869650957752625,40,DNAJC13 (23317)
ACH-000178,15,15680869650957752625,41,ARID2 (196528)
ACH-000178,15,15680869650957752625,42,MAU2 (23383)
ACH-000178,15,15680869650957752625,43,CCND1 (595)
ACH-000178,15,15680869650957752625,44,RBBP7 (5931)
ACH-000178,15,15680869650957752625,45,SEC62 (7095)
ACH-000178,15,15680869650957752625,46,PSMG1 (8624)
ACH-000178,15,15680869650957752625,47,CFLAR (8837)
ACH-000178,15,15680869650957752625,48,BIRC6 (57448)
ACH-000178,15,15680869650957752625,49,NBAS (51594)
ACH-000178,15,15680869650957752625,50,IPPK (64768)
ACH-000178,16,16971500879106469231,1,ICE2 (79664)
ACH-000178,16,16971500879106469231,2,CDK4 (1019)
ACH-000178,16,16971500879106469231,3,PHF12 (57649)
ACH-000178,16,16971500879106469231,4,UROD (7389)
ACH-000178,16,16971500879106469231,5,MLST8 (64223)
ACH-000178,16,16971500879106469231,6,STEEP1 (63932)
ACH-000178,16,16971500879106469231,7,FDX1 (2230)
ACH-000178,16,16971500879106469231,8,MRPL53 (116540)
ACH-000178,16,16971500879106469231,9,EAPP (55837)
ACH-000178,16,16971500879106469231,10,ASCC3 (10973)
ACH-000178,16,16971500879106469231,11,TOE1 (114034)
ACH-000178,16,16971500879106469231,12,NDUFB10 (4716)
ACH-000178,16,16971500879106469231,13,ITGB5 (3693)
ACH-000178,16,16971500879106469231,14,GEMIN4 (50628)
ACH-000178,16,16971500879106469231,15,ITGAV (3685)
ACH-000178,16,16971500879106469231,16,DNAJB13 (374407)
ACH-000178,16,16971500879106469231,17,MYBL2 (4605)
ACH-000178,16,16971500879106469231,18,RIC1 (57589)
ACH-000178,16,16971500879106469231,19,DET1 (55070)
ACH-000178,16,16971500879106469231,20,ACSL3 (2181)
ACH-000178,16,16971500879106469231,21,TSC1 (7248)
ACH-000178,16,16971500879106469231,22,ELP4 (26610)
ACH-000178,16,16971500879106469231,23,PPP4R2 (151987)
ACH-000178,16,16971500879106469231,24,MRPL35 (51318)
ACH-000178,16,16971500879106469231,25,IRF2BP2 (359948)
ACH-000178,16,16971500879106469231,26,CCNL1 (57018)
ACH-000178,16,16971500879106469231,27,KANSL1 (284058)
ACH-000178,16,16971500879106469231,28,WDR83 (84292)
ACH-000178,16,16971500879106469231,29,TIPRL (261726)
ACH-000178,16,16971500879106469231,30,EXOSC10 (5394)
ACH-000178,16,16971500879106469231,31,ZMYND8 (23613)
ACH-000178,16,16971500879106469231,32,COQ4 (51117)
ACH-000178,16,16971500879106469231,33,PET117 (100303755)
ACH-000178,16,16971500879106469231,34,TEN1 (100134934)
ACH-000178,16,16971500879106469231,35,FPGS (2356)
ACH-000178,16,16971500879106469231,36,MAU2 (23383)
ACH-000178,16,16971500879106469231,37,DAP3 (7818)
ACH-000178,16,16971500879106469231,38,UBA5 (79876)
ACH-000178,16,16971500879106469231,39,NAPG (8774)
ACH-000178,16,16971500879106469231,40,ZEB1 (6935)
ACH-000178,16,16971500879106469231,41,XRN1 (54464)
ACH-000178,16,16971500879106469231,42,NRAS (4893)
ACH-000178,16,16971500879106469231,43,PTPA (5524)
ACH-000178,16,16971500879106469231,44,EFR3A (23167)
ACH-000178,16,16971500879106469231,45,ARID1B (57492)
ACH-000178,16,16971500879106469231,46,RELA (5970)
ACH-000178,16,16971500879106469231,47,NDUFA4 (4697)
ACH-000178,16,16971500879106469231,48,MBTPS1 (8720)
ACH-000178,16,16971500879106469231,49,DNAJC13 (23317)
ACH-000178,16,16971500879106469231,50,PCNX3 (399909)
ACH-000178,17,15220705930819509992,1,CRIPTO (6997)
ACH-000178,17,15220705930819509992,2,PNKP (11284)
ACH-000178,17,15220705930819509992,3,MDM4 (4194)
ACH-000178,17,15220705930819509992,4,FBXO42 (54455)
ACH-000178,17,15220705930819509992,5,LDLR (3949)
ACH-000178,17,15220705930819509992,6,GMPS (8833)
ACH-000178,17,15220705930819509992,7,EXOSC10 (5394)
ACH-000178,17,15220705930819509992,8,TIMM22 (29928)
ACH-000178,17,15220705930819509992,9,UXS1 (80146)
ACH-000178,17,15220705930819509992,10,ITGB1 (3688)
ACH-000178,17,15220705930819509992,11,TIMM29 (90580)
ACH-000178,17,15220705930819509992,12,MTCH2 (23788)
ACH-000178,17,15220705930819509992,13,KIF4A (24137)
ACH-000178,17,15220705930819509992,14,VRK1 (7443)
ACH-000178,17,15220705930819509992,15,SCAP (22937)
ACH-000178,17,15220705930819509992,16,EEFSEC (60678)
ACH-000178,17,15220705930819509992,17,VEZF1 (7716)
ACH-000178,17,15220705930819509992,18,TIMM17A (10440)
ACH-000178,17,15220705930819509992,19,ACSL3 (2181)
ACH-000178,17,15220705930819509992,20,CYC1 (1537)
ACH-000178,17,15220705930819509992,21,EARS2 (124454)
ACH-000178,17,15220705930819509992,22,RBM18 (92400)
ACH-000178,17,15220705930819509992,23,PAXIP1 (22976)
ACH-000178,17,15220705930819509992,24,ESCO2 (157570)
ACH-000178,17,15220705930819509992,25,PPAT (5471)
ACH-000178,17,15220705930819509992,26,GOLGA7 (51125)
ACH-000178,17,15220705930819509992,27,MNAT1 (4331)
ACH-000178,17,15220705930819509992,28,SGF29 (112869)
ACH-000178,17,15220705930819509992,29,NHLRC2 (374354)
ACH-000178,17,15220705930819509992,30,WDR83 (84292)
ACH-000178,17,15220705930819509992,31,GRSF1 (2926)
ACH-000178,17,15220705930819509992,32,DDX19A (55308)
ACH-000178,17,15220705930819509992,33,DNAJC13 (23317)
ACH-000178,17,15220705930819509992,34,DYNLL1 (8655)
ACH-000178,17,15220705930819509992,35,TADA1 (117143)
ACH-000178,17,15220705930819509992,36,MED12 (9968)
ACH-000178,17,15220705930819509992,37,VPS4A (27183)
ACH-000178,17,15220705930819509992,38,ZNF217 (7764)
ACH-000178,17,15220705930819509992,39,HYCC2 (285172)
ACH-000178,17,15220705930819509992,40,DICER1 (23405)
ACH-000178,17,15220705930819509992,41,YPEL5 (51646)
ACH-000178,17,15220705930819509992,42,KCTD5 (54442)
ACH-000178,17,15220705930819509992,43,CDH1 (999)
ACH-000178,17,15220705930819509992,44,ADSS2 (159)
ACH-000178,17,15220705930819509992,45,TRNAU1AP (54952)
ACH-000178,17,15220705930819509992,46,RAB6A (5870)
ACH-000178,17,15220705930819509992,47,BUD13 (84811)
ACH-000178,17,15220705930819509992,48,SARNP (84324)
ACH-000178,17,15220705930819509992,49,INTS15 (79034)
ACH-000178,17,15220705930819509992,50,NUP50 (10762)
ACH-000178,18,1580896017253207243,1,INTS6 (26512)
ACH-000178,18,1580896017253207243,2,TIMM29 (90580)
ACH-000178,18,1580896017253207243,3,SMC5 (23137)
ACH-000178,18,1580896017253207243,4,PET117 (100303755)
ACH-000178,18,1580896017253207243,5,CDAN1 (146059)
ACH-000178,18,1580896017253207243,6,TGIF1 (7050)
ACH-000178,18,1580896017253207243,7,IGF1R (3480)
ACH-000178,18,1580896017253207243,8,VRK1 (7443)
ACH-000178,18,1580896017253207243,9,TSC1 (7248)
ACH-000178,18,1580896017253207243,10,LRPPRC (10128)
ACH-000178,18,1580896017253207243,11,IMPDH2 (3615)
ACH-000178,18,1580896017253207243,12,UXS1 (80146)
ACH-000178,18,1580896017253207243,13,NSMCE4A (54780)
ACH-000178,18,1580896017253207243,14,PPP1R15B (84919)
ACH-000178,18,1580896017253207243,15,ELP2 (55250)
ACH-000178,18,1580896017253207243,16,ELMO2 (63916)
ACH-000178,18,1580896017253207243,17,TEDC1 (283643)
ACH-000178,18,1580896017253207243,18,XRCC3 (7517)
ACH-000178,18,1580896017253207243,19,GEMIN7 (79760)
ACH-000178,18,1580896017253207243,20,MRPS25 (64432)
ACH-000178,18,1580896017253207243,21,SMARCE1 (6605)
ACH-000178,18,1580896017253207243,22,MYB (4602)
ACH-000178,18,1580896017253207243,23,FOXA2 (3170)
ACH-000178,18,1580896017253207243,24,WDR1 (9948)
ACH-000178,18,1580896017253207243,25,USP9X (8239)
ACH-000178,18,1580896017253207243,26,PSMG1 (8624)
ACH-000178,18,1580896017253207243,27,NPEPPS (9520)
ACH-000178,18,1580896017253207243,28,DLST (1743)
ACH-000178,18,1580896017253207243,29,CYB5B (80777)
ACH-000178,18,1580896017253207243,30,AP2S1 (1175)
ACH-000178,18,1580896017253207243,31,ARID2 (196528)
ACH-000178,18,1580896017253207243,32,NARS2 (79731)
ACH-000178,18,1580896017253207243,33,TCF7L2 (6934)
ACH-000178,18,1580896017253207243,34,SDHB (6390)
ACH-000178,18,1580896017253207243,35,FERMT1 (55612)
ACH-000178,18,1580896017253207243,36,MRPL39 (54148)
ACH-000178,18,1580896017253207243,37,SLC20A1 (6574)
ACH-000178,18,1580896017253207243,38,NELFCD (51497)
ACH-000178,18,1580896017253207243,39,PFDN1 (5201)
ACH-000178,18,1580896017253207243,40,EGLN1 (54583)
ACH-000178,18,1580896017253207243,41,CRAMP1 (57585)
ACH-000178,18,1580896017253207243,42,PPM1D (8493)
ACH-000178,18,1580896017253207243,43,RPP25L (138716)
ACH-000178,18,1580896017253207243,44,FBXW11 (23291)
ACH-000178,18,1580896017253207243,45,NCAPD3 (23310)
ACH-000178,18,1580896017253207243,46,TRERF1 (55809)
ACH-000178,18,1580896017253207243,47,PCNX3 (399909)
ACH-000178,18,1580896017253207243,48,NBAS (51594)
ACH-000178,18,1580896017253207243,49,SERBP1 (26135)
ACH-000178,18,1580896017253207243,50,WNK1 (65125)
ACH-000178,19,2690125865436743862,1,WDR1 (9948)
ACH-000178,19,2690125865436743862,2,POLG (5428)
ACH-000178,19,2690125865436743862,3,PPP6C (5537)
ACH-000178,19,2690125865436743862,4,INTS15 (79034)
ACH-000178,19,2690125865436743862,5,SLC16A1 (6566)
ACH-000178,19,2690125865436743862,6,HSPA8 (3312)
ACH-000178,19,2690125865436743862,7,PGM3 (5238)
ACH-000178,19,2690125865436743862,8,ATF4 (468)
ACH-000178,19,2690125865436743862,9,VPS4A (27183)
ACH-000178,19,2690125865436743862,10,CEP85 (64793)
ACH-000178,19,2690125865436743862,11,FOXA2 (3170)
ACH-000178,19,2690125865436743862,12,MRPS34 (65993)
ACH-000178,19,2690125865436743862,13,BSG (682)
ACH-000178,19,2690125865436743862,14,EEFSEC (60678)
ACH-000178,19,2690125865436743862,15,DSN1 (79980)
ACH-000178,19,2690125865436743862,16,PTK2 (5747)
ACH-000178,19,2690125865436743862,17,CBLL1 (79872)
ACH-000178,19,2690125865436743862,18,GCN1 (10985)
ACH-000178,19,2690125865436743862,19,RAF1 (5894)
ACH-000178,19,2690125865436743862,20,ADAR (103)
ACH-000178,19,2690125865436743862,21,CTNNB1 (1499)
ACH-000178,19,2690125865436743862,22,UBIAD1 (29914)
ACH-000178,19,2690125865436743862,23,RIC8A (60626)
ACH-000178,19,2690125865436743862,24,KATNB1 (10300)
ACH-000178,19,2690125865436743862,25,GPI (2821)
ACH-000178,19,2690125865436743862,26,KCTD5 (54442)
ACH-000178,19,2690125865436743862,27,SNRPB2 (6629)
ACH-000178,19,2690125865436743862,28,ATP5F1C (509)
ACH-000178,19,2690125865436743862,29,MTHFD1 (4522)
ACH-000178,19,2690125865436743862,30,TIMM22 (29928)
ACH-000178,19,2690125865436743862,31,PTMA (5757)
ACH-000178,19,2690125865436743862,32,PPP1CB (5500)
ACH-000178,19,2690125865436743862,33,DHODH (1723)
ACH-000178,19,2690125865436743862,34,RFK (55312)
ACH-000178,19,2690125865436743862,35,BAP1 (8314)
ACH-000178,19,2690125865436743862,36,GPX4 (2879)
ACH-000178,19,2690125865436743862,37,BUD13 (84811)
ACH-000178,19,2690125865436743862,38,NIPBL (25836)
ACH-000178,19,2690125865436743862,39,TCOF1 (6949)
ACH-000178,19,2690125865436743862,40,CDH1 (999)
ACH-000178,19,2690125865436743862,41,PTP4A1 (7803)
ACH-000178,19,2690125865436743862,42,TFB2M (64216)
ACH-000178,19,2690125865436743862,43,UBQLN4 (56893)
ACH-000178,19,2690125865436743862,44,FERMT2 (10979)
ACH-000178,19,2690125865436743862,45,NDUFB11 (54539)
ACH-000178,19,2690125865436743862,46,KIF4A (24137)
ACH-000178,19,2690125865436743862,47,VBP1 (7411)
ACH-000178,19,2690125865436743862,48,METTL1 (4234)
ACH-000178,19,2690125865436743862,49,ELOF1 (84337)
ACH-000178,19,2690125865436743862,50,UBE2Z (65264)
ACH-000348,0,4435162976401698012,1,RAB10 (10890)
ACH-000348,0,4435162976401698012,2,SLC16A1 (6566)
ACH-000348,0,4435162976401698012,3,ACO2 (50)
ACH-000348,0,4435162976401698012,4,MTPAP (55149)
ACH-000348,0,4435162976401698012,5,ATP6V1H (51606)
ACH-000348,0,4435162976401698012,6,MRPL39 (54148)
ACH-000348,0,4435162976401698012,7,CSNK1A1 (1452)
ACH-000348,0,4435162976401698012,8,ARF4 (378)
ACH-000348,0,4435162976401698012,9,BPTF (2186)
ACH-000348,0,4435162976401698012,10,NBAS (51594)
ACH-000348,0,4435162976401698012,11,FBXO42 (54455)
ACH-000348,0,4435162976401698012,12,MCL1 (4170)
ACH-000348,0,4435162976401698012,13,NDUFB11 (54539)
ACH-000348,0,4435162976401698012,14,HECTD1 (25831)
ACH-000348,0,4435162976401698012,15,SUGT1 (10910)
ACH-000348,0,4435162976401698012,16,GFPT1 (2673)
ACH-000348,0,4435162976401698012,17,SAMD4B (55095)
ACH-000348,0,4435162976401698012,18,MRPS25 (64432)
ACH-000348,0,4435162976401698012,19,TWNK (56652)
ACH-000348,0,4435162976401698012,20,ATXN7L3 (56970)
ACH-000348,0,4435162976401698012,21,CHMP7 (91782)
ACH-000348,0,4435162976401698012,22,AP2M1 (1173)
ACH-000348,0,4435162976401698012,23,WDR73 (84942)
ACH-000348,0,4435162976401698012,24,ATF4 (468)
ACH-000348,0,4435162976401698012,25,SYNCRIP (10492)
ACH-000348,0,4435162976401698012,26,CFLAR (8837)
ACH-000348,0,4435162976401698012,27,LMNA (4000)
ACH-000348,0,4435162976401698012,28,RNF168 (165918)
ACH-000348,0,4435162976401698012,29,UBE2C (11065)
ACH-000348,0,4435162976401698012,30,MRPL12 (6182)
ACH-000348,0,4435162976401698012,31,ASCC3 (10973)
ACH-000348,0,4435162976401698012,32,DAXX (1616)
ACH-000348,0,4435162976401698012,33,PPAT (5471)
ACH-000348,0,4435162976401698012,34,H2BC9 (8345)
ACH-000348,0,4435162976401698012,35,TKT (7086)
ACH-000348,0,4435162976401698012,36,MAD2L1BP (9587)
ACH-000348,0,4435162976401698012,37,SLC7A1 (6541)
ACH-000348,0,4435162976401698012,38,GRSF1 (2926)
ACH-000348,0,4435162976401698012,39,MRPL55 (128308)
ACH-000348,0,4435162976401698012,40,TCF7L2 (6934)
ACH-000348,0,4435162976401698012,41,LDB1 (8861)
ACH-000348,0,4435162976401698012,42,TADA1 (117143)
ACH-000348,0,4435162976401698012,43,KEAP1 (9817)
ACH-000348,0,4435162976401698012,44,CCNB1 (891)
ACH-000348,0,4435162976401698012,45,RAB6A (5870)
ACH-000348,0,4435162976401698012,46,CBLL1 (79872)
ACH-000348,0,4435162976401698012,47,WASHC2C (253725)
ACH-000348,0,4435162976401698012,48,CRAMP1 (57585)
ACH-000348,0,4435162976401698012,49,KIF18B (146909)
ACH-000348,0,4435162976401698012,50,PAICS (10606)
ACH-000348,1,2589833091450087107,1,FPGS (2356)
ACH-000348,1,2589833091450087107,2,DYNLL1 (8655)
ACH-000348,1,2589833091450087107,3,SEPSECS (51091)
ACH-000348,1,2589833091450087107,4,PAGR1 (79447)
ACH-000348,1,2589833091450087107,5,USP7 (7874)
ACH-000348,1,2589833091450087107,6,FGFR1 (2260)
ACH-000348,1,2589833091450087107,7,RARS2 (57038)
ACH-000348,1,2589833091450087107,8,MAPK14 (1432)
ACH-000348,1,2589833091450087107,9,RAD51D (5892)
ACH-000348,1,2589833091450087107,10,PARD6B (84612)
ACH-000348,1,2589833091450087107,11,NCKAP1 (10787)
ACH-000348,1,2589833091450087107,12,SNRPB2 (6629)
ACH-000348,1,2589833091450087107,13,TIMM29 (90580)
ACH-000348,1,2589833091450087107,14,WASHC2C (253725)
ACH-000348,1,2589833091450087107,15,TMX2 (51075)
ACH-000348,1,2589833091450087107,16,SQLE (6713)
ACH-000348,1,2589833091450087107,17,LRPPRC (10128)
ACH-000348,1,2589833091450087107,18,RHOA (387)
ACH-000348,1,2589833091450087107,19,DSCC1 (79075)
ACH-000348,1,2589833091450087107,20,ZFP36L1 (677)
ACH-000348,1,2589833091450087107,21,GEMIN7 (79760)
ACH-000348,1,2589833091450087107,22,TSC1 (7248)
ACH-000348,1,2589833091450087107,23,CAB39 (51719)
ACH-000348,1,2589833091450087107,24,ASNS (440)
ACH-000348,1,2589833091450087107,25,WDR1 (9948)
ACH-000348,1,2589833091450087107,26,HSD17B10 (3028)
ACH-000348,1,2589833091450087107,27,SLC30A9 (10463)
ACH-000348,1,2589833091450087107,28,COX18 (285521)
ACH-000348,1,2589833091450087107,29,AIFM1 (9131)
ACH-000348,1,2589833091450087107,30,TUBB3 (10381)
ACH-000348,1,2589833091450087107,31,SLC20A1 (6574)
ACH-000348,1,2589833091450087107,32,BCL9 (607)
ACH-000348,1,2589833091450087107,33,MRPS11 (64963)
ACH-000348,1,2589833091450087107,34,H2BC9 (8345)
ACH-000348,1,2589833091450087107,35,METTL1 (4234)
ACH-000348,1,2589833091450087107,36,PPP6R3 (55291)
ACH-000348,1,2589833091450087107,37,CAND1 (55832)
ACH-000348,1,2589833091450087107,38,NCAPD3 (23310)
ACH-000348,1,2589833091450087107,39,IGF1R (3480)
ACH-000348,1,2589833091450087107,40,GCN1 (10985)
ACH-000348,1,2589833091450087107,41,AP2M1 (1173)
ACH-000348,1,2589833091450087107,42,CRIPTO (6997)
ACH-000348,1,2589833091450087107,43,PTP4A1 (7803)
ACH-000348,1,2589833091450087107,44,ANKRD49 (54851)
ACH-000348,1,2589833091450087107,45,SLC25A3 (5250)
ACH-000348,1,2589833091450087107,46,WWTR1 (25937)
ACH-000348,1,2589833091450087107,47,UBE2C (11065)
ACH-000348,1,2589833091450087107,48,NRAS (4893)
ACH-000348,1,2589833091450087107,49,DNAJC11 (55735)
ACH-000348,1,2589833091450087107,50,MRPS14 (63931)
ACH-000348,2,16824844990819949617,1,RFK (55312)
ACH-000348,2,16824844990819949617,2,FPGS (2356)
ACH-000348,2,16824844990819949617,3,CTDSPL2 (51496)
ACH-000348,2,16824844990819949617,4,SARS2 (54938)
ACH-000348,2,16824844990819949617,5,TFAM (7019)
ACH-000348,2,16824844990819949617,6,KIF4A (24137)
ACH-000348,2,16824844990819949617,7,P2RY6 (5031)
ACH-000348,2,16824844990819949617,8,SERBP1 (26135)
ACH-000348,2,16824844990819949617,9,TRIM37 (4591)
ACH-000348,2,16824844990819949617,10,SNAP23 (8773)
ACH-000348,2,16824844990819949617,11,OXSM (54995)
ACH-000348,2,16824844990819949617,12,TUBE1 (51175)
ACH-000348,2,16824844990819949617,13,SLC25A28 (81894)
ACH-000348,2,16824844990819949617,14,TMED2 (10959)
ACH-000348,2,16824844990819949617,15,KCMF1 (56888)
ACH-000348,2,16824844990819949617,16,DYNLL1 (8655)
ACH-000348,2,16824844990819949617,17,MYBL2 (4605)
ACH-000348,2,16824844990819949617,18,PARD6B (84612)
ACH-000348,2,16824844990819949617,19,TIMM22 (29928)
ACH-000348,2,16824844990819949617,20,ZMYND8 (23613)
ACH-000348,2,16824844990819949617,21,IRF2BP2 (359948)
ACH-000348,2,16824844990819949617,22,MTX2 (10651)
ACH-000348,2,16824844990819949617,23,MLST8 (64223)
ACH-000348,2,16824844990819949617,24,NFRKB (4798)
ACH-000348,2,16824844990819949617,25,CAB39 (51719)
ACH-000348,2,16824844990819949617,26,GOLGA7 (51125)
ACH-000348,2,16824844990819949617,27,NUP50 (10762)
ACH-000348,2,16824844990819949617,28,METTL17 (64745)
ACH-000348,2,16824844990819949617,29,ILK (3611)
ACH-000348,2,16824844990819949617,30,POP7 (10248)
ACH-000348,2,16824844990819949617,31,SMC5 (23137)
ACH-000348,2,16824844990819949617,32,CUL2 (8453)
ACH-000348,2,16824844990819949617,33,TRAF7 (84231)
ACH-000348,2,16824844990819949617,34,ASCC3 (10973)
ACH-000348,2,16824844990819949617,35,TIMM29 (90580)
ACH-000348,2,16824844990819949617,36,ZNF217 (7764)
ACH-000348,2,16824844990819949617,37,XRN1 (54464)
ACH-000348,2,16824844990819949617,38,UBIAD1 (29914)
ACH-000348,2,16824844990819949617,39,SEPHS2 (22928)
ACH-000348,2,16824844990819949617,40,CREBBP (1387)
ACH-000348,2,16824844990819949617,41,SOX9 (6662)
ACH-000348,2,16824844990819949617,42,UXS1 (80146)
ACH-000348,2,16824844990819949617,43,PTMA (5757)
ACH-000348,2,16824844990819949617,44,CFLAR (8837)
ACH-000348,2,16824844990819949617,45,NMNAT1 (64802)
ACH-000348,2,16824844990819949617,46,BPTF (2186)
ACH-000348,2,16824844990819949617,47,NELFCD (51497)
ACH-000348,2,16824844990819949617,48,TIGD3 (220359)
ACH-000348,2,16824844990819949617,49,LDLR (3949)
ACH-000348,2,16824844990819949617,50,SLC25A26 (115286)
ACH-000348,3,11050204673138792145,1,PDCD7 (10081)
ACH-000348,3,11050204673138792145,2,OXSM (54995)
ACH-000348,3,11050204673138792145,3,TAF5L (27097)
ACH-000348,3,11050204673138792145,4,FPGS (2356)
ACH-000348,3,11050204673138792145,5,ADRM1 (11047)
ACH-000348,3,11050204673138792145,6,PPA2 (27068)
ACH-000348,3,11050204673138792145,7,METAP1 (23173)
ACH-000348,3,11050204673138792145,8,PKN2 (5586)
ACH-000348,3,11050204673138792145,9,DDX5 (1655)
ACH-000348,3,11050204673138792145,10,COX15 (1355)
ACH-000348,3,11050204673138792145,11,CHMP7 (91782)
ACH-000348,3,11050204673138792145,12,SLC3A2 (6520)
ACH-000348,3,11050204673138792145,13,ESCO2 (157570)
ACH-000348,3,11050204673138792145,14,NDUFB3 (4709)
ACH-000348,3,11050204673138792145,15,BSG (682)
ACH-000348,3,11050204673138792145,16,MRPS25 (64432)
ACH-000348,3,11050204673138792145,17,MED9 (55090)
ACH-000348,3,11050204673138792145,18,CTNNA1 (1495)
ACH-000348,3,11050204673138792145,19,PNKP (11284)
ACH-000348,3,11050204673138792145,20,MAPK1 (5594)
ACH-000348,3,11050204673138792145,21,ACSL3 (2181)
ACH-000348,3,11050204673138792145,22,SLC7A5 (8140)
ACH-000348,3,11050204673138792145,23,HAPSTR1 (29035)
ACH-000348,3,11050204673138792145,24,TRIM28 (10155)
ACH-000348,3,11050204673138792145,25,HAPLN2 (60484)
ACH-000348,3,11050204673138792145,26,FBXO42 (54455)
ACH-000348,3,11050204673138792145,27,SDHA (6389)
ACH-000348,3,11050204673138792145,28,RBM18 (92400)
ACH-000348,3,11050204673138792145,29,CFL1 (1072)
ACH-000348,3,11050204673138792145,30,HECTD1 (25831)
ACH-000348,3,11050204673138792145,31,KLF5 (688)
ACH-000348,3,11050204673138792145,32,GCN1 (10985)
ACH-000348,3,11050204673138792145,33,ZWINT (11130)
ACH-000348,3,11050204673138792145,34,TOE1 (114034)
ACH-000348,3,11050204673138792145,35,SRSF10 (10772)
ACH-000348,3,11050204673138792145,36,SMG7 (9887)
ACH-000348,3,11050204673138792145,37,MTG1 (92170)
ACH-000348,3,11050204673138792145,38,COX18 (285521)
ACH-000348,3,11050204673138792145,39,H2AX (3014)
ACH-000348,3,11050204673138792145,40,H2BC5 (3017)
ACH-000348,3,11050204673138792145,41,PET117 (100303755)
ACH-000348,3,11050204673138792145,42,MRPL4 (51073)
ACH-000348,3,11050204673138792145,43,WDR48 (57599)
ACH-000348,3,11050204673138792145,44,GRB2 (2885)
ACH-000348,3,11050204673138792145,45,IPPK (64768)
ACH-000348,3,11050204673138792145,46,REXO2 (25996)
ACH-000348,3,11050204673138792145,47,ICE2 (79664)
ACH-000348,3,11050204673138792145,48,HARS2 (23438)
ACH-000348,3,11050204673138792145,49,SLC16A1 (6566)
ACH-000348,3,11050204673138792145,50,IRS2 (8660)
ACH-000348,4,11526975021464620718,1,DYNLL1 (8655)
ACH-000348,4,11526975021464620718,2,ANKRD49 (54851)
ACH-000348,4,11526975021464620718,3,PCNX3 (399909)
ACH-000348,4,11526975021464620718,4,PAGR1 (79447)
ACH-000348,4,11526975021464620718,5,KEAP1 (9817)
ACH-000348,4,11526975021464620718,6,ADAR (103)
ACH-000348,4,11526975021464620718,7,MBTPS1 (8720)
ACH-000348,4,11526975021464620718,8,NAMPT (10135)
ACH-000348,4,11526975021464620718,9,HNRNPR (10236)
ACH-000348,4,11526975021464620718,10,TRIM28 (10155)
ACH-000348,4,11526975021464620718,11,SAMM50 (25813)
ACH-000348,4,11526975021464620718,12,CHMP5 (51510)
ACH-000348,4,11526975021464620718,13,NELFCD (51497)
ACH-000348,4,11526975021464620718,14,TACC3 (10460)
ACH-000348,4,11526975021464620718,15,MRPS34 (65993)
ACH-000348,4,11526975021464620718,16,HMBS (3145)
ACH-000348,4,11526975021464620718,17,ADRM1 (11047)
ACH-000348,4,11526975021464620718,18,SLC25A26 (115286)
ACH-000348,4,11526975021464620718,19,GART (2618)
ACH-000348,4,11526975021464620718,20,FGFR1 (2260)
ACH-000348,4,11526975021464620718,21,MVD (4597)
ACH-000348,4,11526975021464620718,22,ZWINT (11130)
ACH-000348,4,11526975021464620718,23,STK11 (6794)
ACH-000348,4,11526975021464620718,24,TRIM37 (4591)
ACH-000348,4,11526975021464620718,25,DNAJC19 (131118)
ACH-000348,4,11526975021464620718,26,ASCC3 (10973)
ACH-000348,4,11526975021464620718,27,RIC1 (57589)
ACH-000348,4,11526975021464620718,28,MRPS25 (64432)
ACH-000348,4,11526975021464620718,29,TRNAU1AP (54952)
ACH-000348,4,11526975021464620718,30,SREBF1 (6720)
ACH-000348,4,11526975021464620718,31,CSNK1A1 (1452)
ACH-000348,4,11526975021464620718,32,KDM2A (22992)
ACH-000348,4,11526975021464620718,33,H2AX (3014)
ACH-000348,4,11526975021464620718,34,RHOA (387)
ACH-000348,4,11526975021464620718,35,GABPB1 (2553)
ACH-000348,4,11526975021464620718,36,WDR7 (23335)
ACH-000348,4,11526975021464620718,37,RPUSD4 (84881)
ACH-000348,4,11526975021464620718,38,POLRMT (5442)
ACH-000348,4,11526975021464620718,39,MYH9 (4627)
ACH-000348,4,11526975021464620718,40,PKN2 (5586)
ACH-000348,4,11526975021464620718,41,ATXN7L3 (56970)
ACH-000348,4,11526975021464620718,42,WRN (7486)
ACH-000348,4,11526975021464620718,43,CCNB1 (891)
ACH-000348,4,11526975021464620718,44,C19orf53 (28974)
ACH-000348,4,11526975021464620718,45,HAUS8 (93323)
ACH-000348,4,11526975021464620718,46,UBE2S (27338)
ACH-000348,4,11526975021464620718,47,PGP (283871)
ACH-000348,4,11526975021464620718,48,ARID2 (196528)
ACH-000348,4,11526975021464620718,49,METTL17 (64745)
ACH-000348,4,11526975021464620718,50,PSMG1 (8624)
ACH-000348,5,10063858916442505269,1,KATNB1 (10300)
ACH-000348,5,10063858916442505269,2,PPP1R15B (84919)
ACH-000348,5,10063858916442505269,3,H2BC5 (3017)
ACH-000348,5,10063858916442505269,4,ISCA2 (122961)
ACH-000348,5,10063858916442505269,5,FAM98B (283742)
ACH-000348,5,10063858916442505269,6,PRDX1 (5052)
ACH-000348,5,10063858916442505269,7,HNF1A (6927)
ACH-000348,5,10063858916442505269,8,ILK (3611)
ACH-000348,5,10063858916442505269,9,KLF5 (688)
ACH-000348,5,10063858916442505269,10,MIOS (54468)
ACH-000348,5,10063858916442505269,11,RAD51C (5889)
ACH-000348,5,10063858916442505269,12,MRPL28 (10573)
ACH-000348,5,10063858916442505269,13,PSMG1 (8624)
ACH-000348,5,10063858916442505269,14,WNK1 (65125)
ACH-000348,5,10063858916442505269,15,BRCA2 (675)
ACH-000348,5,10063858916442505269,16,MIB1 (57534)
ACH-000348,5,10063858916442505269,17,ATP6V1H (51606)
ACH-000348,5,10063858916442505269,18,BCL9 (607)
ACH-000348,5,10063858916442505269,19,DLST (1743)
ACH-000348,5,10063858916442505269,20,MMGT1 (93380)
ACH-000348,5,10063858916442505269,21,MRPL4 (51073)
ACH-000348,5,10063858916442505269,22,PPP1CB (5500)
ACH-000348,5,10063858916442505269,23,DOLPP1 (57171)
ACH-000348,5,10063858916442505269,24,COX15 (1355)
ACH-000348,5,10063858916442505269,25,SOX9 (6662)
ACH-000348,5,10063858916442505269,26,RAF1 (5894)
ACH-000348,5,10063858916442505269,27,HNRNPR (10236)
ACH-000348,5,10063858916442505269,28,VPS4B (9525)
ACH-000348,5,10063858916442505269,29,GMPS (8833)
ACH-000348,5,10063858916442505269,30,RNF168 (165918)
ACH-000348,5,10063858916442505269,31,TEN1 (100134934)
ACH-000348,5,10063858916442505269,32,TSC2 (7249)
ACH-000348,5,10063858916442505269,33,CIT (11113)
ACH-000348,5,10063858916442505269,34,PPP4R2 (151987)
ACH-000348,5,10063858916442505269,35,IGF1R (3480)
ACH-000348,5,10063858916442505269,36,MRPL35 (51318)
ACH-000348,5,10063858916442505269,37,PTPN11 (5781)
ACH-000348,5,10063858916442505269,38,CCNB1 (891)
ACH-000348,5,10063858916442505269,39,ITGB5 (3693)
ACH-000348,5,10063858916442505269,40,SLC38A2 (54407)
ACH-000348,5,10063858916442505269,41,NDUFA4 (4697)
ACH-000348,5,10063858916442505269,42,GOLGA7 (51125)
ACH-000348,5,10063858916442505269,43,ZWINT (11130)
ACH-000348,5,10063858916442505269,44,VPS37A (137492)
ACH-000348,5,10063858916442505269,45,HAPSTR1 (29035)
ACH-000348,5,10063858916442505269,46,PNKP (11284)
ACH-000348,5,10063858916442505269,47,LIPT1 (51601)
ACH-000348,5,10063858916442505269,48,GRSF1 (2926)
ACH-000348,5,10063858916442505269,49,CDK8 (1024)
ACH-000348,5,10063858916442505269,50,CTNNB1 (1499)
ACH-000348,6,4907784316668345020,1,POLE3 (54107)
ACH-000348,6,4907784316668345020,2,MRPL4 (51073)
ACH-000348,6,4907784316668345020,3,HUS1 (3364)
ACH-000348,6,4907784316668345020,4,WNK1 (65125)
ACH-000348,6,4907784316668345020,5,MRPL38 (64978)
ACH-000348,6,4907784316668345020,6,UBE2S (27338)
ACH-000348,6,4907784316668345020,7,ELP2 (55250)
ACH-000348,6,4907784316668345020,8,TADA1 (117143)
ACH-000348,6,4907784316668345020,9,USP7 (7874)
ACH-000348,6,4907784316668345020,10,UBAP2L (9898)
ACH-000348,6,4907784316668345020,11,COX15 (1355)
ACH-000348,6,4907784316668345020,12,WDR73 (84942)
ACH-000348,6,4907784316668345020,13,MYB (4602)
ACH-000348,6,4907784316668345020,14,ZFP36L1 (677)
ACH-000348,6,4907784316668345020,15,DDX39B (7919)
ACH-000348,6,4907784316668345020,16,SEPHS2 (22928)
ACH-000348,6,4907784316668345020,17,NDUFB4 (4710)
ACH-000348,6,4907784316668345020,18,HAUS8 (93323)
ACH-000348,6,4907784316668345020,19,AP2S1 (1175)
ACH-000348,6,4907784316668345020,20,ISCA2 (122961)
ACH-000348,6,4907784316668345020,21,PPP2R3C (55012)
ACH-000348,6,4907784316668345020,22,EAPP (55837)
ACH-000348,6,4907784316668345020,23,MLST8 (64223)
ACH-000348,6,4907784316668345020,24,ARID2 (196528)
ACH-000348,6,4907784316668345020,25,SNRPB2 (6629)
ACH-000348,6,4907784316668345020,26,CCND1 (595)
ACH-000348,6,4907784316668345020,27,ATP1B3 (483)
ACH-000348,6,4907784316668345020,28,ARPC4 (10093)
ACH-000348,6,4907784316668345020,29,GEMIN4 (50628)
ACH-000348,6,4907784316668345020,30,VEZF1 (7716)
ACH-000348,6,4907784316668345020,31,SOX10 (6663)
ACH-000348,6,4907784316668345020,32,ADAR (103)
ACH-000348,6,4907784316668345020,33,XRN1 (54464)
ACH-000348,6,4907784316668345020,34,PFAS (5198)
ACH-000348,6,4907784316668345020,35,DOLPP1 (57171)
ACH-000348,6,4907784316668345020,36,PIK3CA (5290)
ACH-000348,6,4907784316668345020,37,FPGS (2356)
ACH-000348,6,4907784316668345020,38,TSC1 (7248)
ACH-000348,6,4907784316668345020,39,MTCH2 (23788)
ACH-000348,6,4907784316668345020,40,KANSL1 (284058)
ACH-000348,6,4907784316668345020,41,IMPDH2 (3615)
ACH-000348,6,4907784316668345020,42,HNF1A (6927)
ACH-000348,6,4907784316668345020,43,NBAS (51594)
ACH-000348,6,4907784316668345020,44,MIPEP (4285)
ACH-000348,6,4907784316668345020,45,MICOS10 (440574)
ACH-000348,6,4907784316668345020,46,HAPLN2 (60484)
ACH-000348,6,4907784316668345020,47,ARF4 (378)
ACH-000348,6,4907784316668345020,48,UBQLN4 (56893)
ACH-000348,6,4907784316668345020,49,TAPT1 (202018)
ACH-000348,6,4907784316668345020,50,STIL (6491)
ACH-000348,7,13978402448787518047,1,TEN1 (100134934)
ACH-000348,7,13978402448787518047,2,PDCD5 (9141)
ACH-000348,7,13978402448787518047,3,GEMIN2 (8487)
ACH-000348,7,13978402448787518047,4,MTCH2 (23788)
ACH-000348,7,13978402448787518047,5,MED19 (219541)
ACH-000348,7,13978402448787518047,6,DAP3 (7818)
ACH-000348,7,13978402448787518047,7,COX7C (1350)
ACH-000348,7,13978402448787518047,8,MRPS11 (64963)
ACH-000348,7,13978402448787518047,9,RAF1 (5894)
ACH-000348,7,13978402448787518047,10,GABPB1 (2553)
ACH-000348,7,13978402448787518047,11,HSP90B1 (7184)
ACH-000348,7,13978402448787518047,12,BRK1 (55845)
ACH-000348,7,13978402448787518047,13,WDR48 (57599)
ACH-000348,7,13978402448787518047,14,ATP6V0E1 (8992)
ACH-000348,7,13978402448787518047,15,TRPM7 (54822)
ACH-000348,7,13978402448787518047,16,MBTPS1 (8720)
ACH-000348,7,13978402448787518047,17,REXO2 (25996)
ACH-000348,7,13978402448787518047,18,RTTN (25914)
ACH-000348,7,13978402448787518047,19,ARMC5 (79798)
ACH-000348,7,13978402448787518047,20,THG1L (54974)
ACH-000348,7,13978402448787518047,21,TYMS (7298)
ACH-000348,7,13978402448787518047,22,MRPL53 (116540)
ACH-000348,7,13978402448787518047,23,GOLGA7 (51125)
ACH-000348,7,13978402448787518047,24,CCND1 (595)
ACH-000348,7,13978402448787518047,25,ZWINT (11130)
ACH-000348,7,13978402448787518047,26,ADRM1 (11047)
ACH-000348,7,13978402448787518047,27,DSCC1 (79075)
ACH-000348,7,13978402448787518047,28,GRB2 (2885)
ACH-000348,7,13978402448787518047,29,ENO1 (2023)
ACH-000348,7,13978402448787518047,30,CUL2 (8453)
ACH-000348,7,13978402448787518047,31,FZD5 (7855)
ACH-000348,7,13978402448787518047,32,EXOSC10 (5394)
ACH-000348,7,13978402448787518047,33,MRPL12 (6182)
ACH-000348,7,13978402448787518047,34,RAD1 (5810)
ACH-000348,7,13978402448787518047,35,BRAT1 (221927)
ACH-000348,7,13978402448787518047,36,CREBBP (1387)
ACH-000348,7,13978402448787518047,37,PAXIP1 (22976)
ACH-000348,7,13978402448787518047,38,SSBP3 (23648)
ACH-000348,7,13978402448787518047,39,ATP1B3 (483)
ACH-000348,7,13978402448787518047,40,PPM1D (8493)
ACH-000348,7,13978402448787518047,41,SLC25A3 (5250)
ACH-000348,7,13978402448787518047,42,COX10 (1352)
ACH-000348,7,13978402448787518047,43,SYNCRIP (10492)
ACH-000348,7,13978402448787518047,44,CTNNB1 (1499)
ACH-000348,7,13978402448787518047,45,BRCA1 (672)
ACH-000348,7,13978402448787518047,46,EFR3A (23167)
ACH-000348,7,13978402448787518047,47,MPPE1 (65258)
ACH-000348,7,13978402448787518047,48,ATF4 (468)
ACH-000348,7,13978402448787518047,49,NONO (4841)
ACH-000348,7,13978402448787518047,50,ARID2 (196528)
ACH-000348,8,14304461743052256925,1,CEP43 (11116)
ACH-000348,8,14304461743052256925,2,ITGB1 (3688)
ACH-000348,8,14304461743052256925,3,RIC8A (60626)
ACH-000348,8,14304461743052256925,4,KRTCAP2 (200185)
ACH-000348,8,14304461743052256925,5,ITGB5 (3693)
ACH-000348,8,14304461743052256925,6,RNF4 (6047)
ACH-000348,8,14304461743052256925,7,ELP2 (55250)
ACH-000348,8,14304461743052256925,8,RHEB (6009)
ACH-000348,8,14304461743052256925,9,GLRX5 (51218)
ACH-000348,8,14304461743052256925,10,NRAS (4893)
ACH-000348,8,14304461743052256925,11,GFM1 (85476)
ACH-000348,8,14304461743052256925,12,COX15 (1355)
ACH-000348,8,14304461743052256925,13,DYNLL1 (8655)
ACH-000348,8,14304461743052256925,14,CARS2 (79587)
ACH-000348,8,14304461743052256925,15,SAMD4B (55095)
ACH-000348,8,14304461743052256925,16,RGP1 (9827)
ACH-000348,8,14304461743052256925,17,AIFM1 (9131)
ACH-000348,8,14304461743052256925,18,WRN (7486)
ACH-000348,8,14304461743052256925,19,FAM185A (222234)
ACH-000348,8,14304461743052256925,20,NCAPD3 (23310)
ACH-000348,8,14304461743052256925,21,COA6 (388753)
ACH-000348,8,14304461743052256925,22,TAMM41 (132001)
ACH-000348,8,14304461743052256925,23,TOE1 (114034)
ACH-000348,8,14304461743052256925,24,JUN (3725)
ACH-000348,8,14304461743052256925,25,NDUFB3 (4709)
ACH-000348,8,14304461743052256925,26,CAD (790)
ACH-000348,8,14304461743052256925,27,SLC25A3 (5250)
ACH-000348,8,14304461743052256925,28,SQLE (6713)
ACH-000348,8,14304461743052256925,29,MED12 (9968)
ACH-000348,8,14304461743052256925,30,PRDX1 (5052)
ACH-000348,8,14304461743052256925,31,KRAS (3845)
ACH-000348,8,14304461743052256925,32,SLC38A2 (54407)
ACH-000348,8,14304461743052256925,33,UFM1 (51569)
ACH-000348,8,14304461743052256925,34,SSBP3 (23648)
ACH-000348,8,14304461743052256925,35,PRRC2A (7916)
ACH-000348,8,14304461743052256925,36,RFK (55312)
ACH-000348,8,14304461743052256925,37,SARNP (84324)
ACH-000348,8,14304461743052256925,38,SCAP (22937)
ACH-000348,8,14304461743052256925,39,ELMO2 (63916)
ACH-000348,8,14304461743052256925,40,PAICS (10606)
ACH-000348,8,14304461743052256925,41,WDR1 (9948)
ACH-000348,8,14304461743052256925,42,HMBS (3145)
ACH-000348,8,14304461743052256925,43,BIRC6 (57448)
ACH-000348,8,14304461743052256925,44,TMED2 (10959)
ACH-000348,8,14304461743052256925,45,THG1L (54974)
ACH-000348,8,14304461743052256925,46,NMT1 (4836)
ACH-000348,8,14304461743052256925,47,TDP2 (51567)
ACH-000348,8,14304461743052256925,48,RPUSD4 (84881)
ACH-000348,8,14304461743052256925,49,TIMM29 (90580)
ACH-000348,8,14304461743052256925,50,DDX19A (55308)
ACH-000348,9,2740429558941338081,1,ICE2 (79664)
ACH-000348,9,2740429558941338081,2,ITGAV (3685)
ACH-000348,9,2740429558941338081,3,POP7 (10248)
ACH-000348,9,2740429558941338081,4,DNAJC11 (55735)
ACH-000348,9,2740429558941338081,5,ACTB (60)
ACH-000348,9,2740429558941338081,6,TRIM28 (10155)
ACH-000348,9,2740429558941338081,7,RELA (5970)
ACH-000348,9,2740429558941338081,8,MRPS10 (55173)
ACH-000348,9,2740429558941338081,9,ENO1 (2023)
ACH-000348,9,2740429558941338081,10,PRKAR1A (5573)
ACH-000348,9,2740429558941338081,11,TRPM7 (54822)
ACH-000348,9,2740429558941338081,12,GCN1 (10985)
ACH-000348,9,2740429558941338081,13,ISCA2 (122961)
ACH-000348,9,2740429558941338081,14,UMPS (7372)
ACH-000348,9,2740429558941338081,15,HNRNPR (10236)
ACH-000348,9,2740429558941338081,16,SNAP23 (8773)
ACH-000348,9,2740429558941338081,17,RBM18 (92400)
ACH-000348,9,2740429558941338081,18,MRPS24 (64951)
ACH-000348,9,2740429558941338081,19,COQ4 (51117)
ACH-000348,9,2740429558941338081,20,ARPC4 (10093)
ACH-000348,9,2740429558941338081,21,NFE2L2 (4780)
ACH-000348,9,2740429558941338081,22,ARF4 (378)
ACH-000348,9,2740429558941338081,23,PTDSS1 (9791)
ACH-000348,9,2740429558941338081,24,MRPL18 (29074)
ACH-000348,9,2740429558941338081,25,ITGB1 (3688)
ACH-000348,9,2740429558941338081,26,SMC5 (23137)
ACH-000348,9,2740429558941338081,27,STX4 (6810)
ACH-000348,9,2740429558941338081,28,UAP1 (6675)
ACH-000348,9,2740429558941338081,29,SMARCE1 (6605)
ACH-000348,9,2740429558941338081,30,GART (2618)
ACH-000348,9,2740429558941338081,31,METTL17 (64745)
ACH-000348,9,2740429558941338081,32,RAB10 (10890)
ACH-000348,9,2740429558941338081,33,MTG1 (92170)
ACH-000348,9,2740429558941338081,34,TMX2 (51075)
ACH-000348,9,2740429558941338081,35,NDUFAB1 (4706)
ACH-000348,9,2740429558941338081,36,NCAPD3 (23310)
ACH-000348,9,2740429558941338081,37,COA7 (65260)
ACH-000348,9,2740429558941338081,38,SAMM50 (25813)
ACH-000348,9,2740429558941338081,39,PCNX3 (399909)
ACH-000348,9,2740429558941338081,40,USP8 (9101)
ACH-000348,9,2740429558941338081,41,C3orf38 (285237)
ACH-000348,9,2740429558941338081,42,LSM12 (124801)
ACH-000348,9,2740429558941338081,43,TELO2 (9894)
ACH-000348,9,2740429558941338081,44,SARS2 (54938)
ACH-000348,9,2740429558941338081,45,NBAS (51594)
ACH-000348,9,2740429558941338081,46,MAD2L1BP (9587)
ACH-000348,9,2740429558941338081,47,ELAVL1 (1994)
ACH-000348,9,2740429558941338081,48,DNAJC13 (23317)
ACH-000348,9,2740429558941338081,49,ANKRD49 (54851)
ACH-000348,9,2740429558941338081,50,GLRX5 (51218)
ACH-000348,10,18270169058817977796,1,ASNS (440)
ACH-000348,10,18270169058817977796,2,VPS4A (27183)
ACH-000348,10,18270169058817977796,3,TAF5L (27097)
ACH-000348,10,18270169058817977796,4,ZEB1 (6935)
ACH-000348,10,18270169058817977796,5,USP8 (9101)
ACH-000348,10,18270169058817977796,6,KRTCAP2 (200185)
ACH-000348,10,18270169058817977796,7,TIMM29 (90580)
ACH-000348,10,18270169058817977796,8,NDUFAB1 (4706)
ACH-000348,10,18270169058817977796,9,DNAJC13 (23317)
ACH-000348,10,18270169058817977796,10,NR2C2AP (126382)
ACH-000348,10,18270169058817977796,11,SDHD (6392)
ACH-000348,10,18270169058817977796,12,PRKRA (8575)
ACH-000348,10,18270169058817977796,13,NONO (4841)
ACH-000348,10,18270169058817977796,14,COX10 (1352)
ACH-000348,10,18270169058817977796,15,NDUFA4 (4697)
ACH-000348,10,18270169058817977796,16,H2BC5 (3017)
ACH-000348,10,18270169058817977796,17,ATP5F1C (509)
ACH-000348,10,18270169058817977796,18,AMBRA1 (55626)
ACH-000348,10,18270169058817977796,19,PNKP (11284)
ACH-000348,10,18270169058817977796,20,RGP1 (9827)
ACH-000348,10,18270169058817977796,21,DUSP4 (1846)
ACH-000348,10,18270169058817977796,22,ELMO2 (63916)
ACH-000348,10,18270169058817977796,23,NMT1 (4836)
ACH-000348,10,18270169058817977796,24,MRPS24 (64951)
ACH-000348,10,18270169058817977796,25,SLC33A1 (9197)
ACH-000348,10,18270169058817977796,26,EARS2 (124454)
ACH-000348,10,18270169058817977796,27,VARS2 (57176)
ACH-000348,10,18270169058817977796,28,MRPL39 (54148)
ACH-000348,10,18270169058817977796,29,BRAF (673)
ACH-000348,10,18270169058817977796,30,MRPL32 (64983)
ACH-000348,10,18270169058817977796,31,CCNC (892)
ACH-000348,10,18270169058817977796,32,MRPL55 (128308)
ACH-000348,10,18270169058817977796,33,MRPL15 (29088)
ACH-000348,10,18270169058817977796,34,MTCH2 (23788)
ACH-000348,10,18270169058817977796,35,NCKAP1 (10787)
ACH-000348,10,18270169058817977796,36,ATIC (471)
ACH-000348,10,18270169058817977796,37,MRPS5 (64969)
ACH-000348,10,18270169058817977796,38,CCDC6 (8030)
ACH-000348,10,18270169058817977796,39,XRCC2 (7516)
ACH-000348,10,18270169058817977796,40,FDX1 (2230)
ACH-000348,10,18270169058817977796,41,STAG2 (10735)
ACH-000348,10,18270169058817977796,42,DICER1 (23405)
ACH-000348,10,18270169058817977796,43,NUP50 (10762)
ACH-000348,10,18270169058817977796,44,VBP1 (7411)
ACH-000348,10,18270169058817977796,45,LMNA (4000)
ACH-000348,10,18270169058817977796,46,SLC38A2 (54407)
ACH-000348,10,18270169058817977796,47,SEC62 (7095)
ACH-000348,10,18270169058817977796,48,NIPBL (25836)
ACH-000348,10,18270169058817977796,49,BRCA1 (672)
ACH-000348,10,18270169058817977796,50,LDB1 (8861)
ACH-000348,11,11468820760422387383,1,OGDH (4967)
ACH-000348,11,11468820760422387383,2,PPP1CB (5500)
ACH-000348,11,11468820760422387383,3,AHCYL1 (10768)
ACH-000348,11,11468820760422387383,4,PPIL1 (51645)
ACH-000348,11,11468820760422387383,5,STEEP1 (63932)
ACH-000348,11,11468820760422387383,6,PAGR1 (79447)
ACH-000348,11,11468820760422387383,7,FDXR (2232)
ACH-000348,11,11468820760422387383,8,MTX2 (10651)
ACH-000348,11,11468820760422387383,9,TELO2 (9894)
ACH-000348,11,11468820760422387383,10,KRAS (3845)
ACH-000348,11,11468820760422387383,11,VARS2 (57176)
ACH-000348,11,11468820760422387383,12,DOCK5 (80005)
ACH-000348,11,11468820760422387383,13,KATNB1 (10300)
ACH-000348,11,11468820760422387383,14,CYC1 (1537)
ACH-000348,11,11468820760422387383,15,XRCC2 (7516)
ACH-000348,11,11468820760422387383,16,RBBP7 (5931)
ACH-000348,11,11468820760422387383,17,PTMA (5757)
ACH-000348,11,11468820760422387383,18,MED23 (9439)
ACH-000348,11,11468820760422387383,19,BSG (682)
ACH-000348,11,11468820760422387383,20,SMARCE1 (6605)
ACH-000348,11,11468820760422387383,21,MDM4 (4194)
ACH-000348,11,11468820760422387383,22,MRPL35 (51318)
ACH-000348,11,11468820760422387383,23,RNF4 (6047)
ACH-000348,11,11468820760422387383,24,ANLN (54443)
ACH-000348,11,11468820760422387383,25,FLII (2314)
ACH-000348,11,11468820760422387383,26,TFB2M (64216)
ACH-000348,11,11468820760422387383,27,IRS2 (8660)
ACH-000348,11,11468820760422387383,28,TIMM22 (29928)
ACH-000348,11,11468820760422387383,29,SGF29 (112869)
ACH-000348,11,11468820760422387383,30,DDX19A (55308)
ACH-000348,11,11468820760422387383,31,FZD5 (7855)
ACH-000348,11,11468820760422387383,32,NCKAP1 (10787)
ACH-000348,11,11468820760422387383,33,PFDN1 (5201)
ACH-000348,11,11468820760422387383,34,TKT (7086)
ACH-000348,11,11468820760422387383,35,NAA20 (51126)
ACH-000348,11,11468820760422387383,36,GABPA (2551)
ACH-000348,11,11468820760422387383,37,TWNK (56652)
ACH-000348,11,11468820760422387383,38,PRDX1 (5052)
ACH-000348,11,11468820760422387383,39,PTP4A1 (7803)
ACH-000348,11,11468820760422387383,40,METTL17 (64745)
ACH-000348,11,11468820760422387383,41,ZMYND8 (23613)
ACH-000348,11,11468820760422387383,42,LMNA (4000)
ACH-000348,11,11468820760422387383,43,TAMM41 (132001)
ACH-000348,11,11468820760422387383,44,TAF5L (27097)
ACH-000348,11,11468820760422387383,45,ISCA2 (122961)
ACH-000348,11,11468820760422387383,46,MRPL28 (10573)
ACH-000348,11,11468820760422387383,47,MRPL55 (128308)
ACH-000348,11,11468820760422387383,48,ADRM1 (11047)
ACH-000348,11,11468820760422387383,49,ATP6V1H (51606)
ACH-000348,11,11468820760422387383,50,MFN2 (9927)
ACH-000348,12,4640834494224020204,1,SOD2 (6648)
ACH-000348,12,4640834494224020204,2,BRAF (673)
ACH-000348,12,4640834494224020204,3,UBAP2L (9898)
ACH-000348,12,4640834494224020204,4,PNKP (11284)
ACH-000348,12,4640834494224020204,5,NUP50 (10762)
ACH-000348,12,4640834494224020204,6,GPX4 (2879)
ACH-000348,12,4640834494224020204,7,MYBBP1A (10514)
ACH-000348,12,4640834494224020204,8,PPP1CA (5499)
ACH-000348,12,4640834494224020204,9,SLC38A2 (54407)
ACH-000348,12,4640834494224020204,10,DLST (1743)
ACH-000348,12,4640834494224020204,11,PPP2R2A (5520)
ACH-000348,12,4640834494224020204,12,DNAJC19 (131118)
ACH-000348,12,4640834494224020204,13,FLII (2314)
ACH-000348,12,4640834494224020204,14,VPS33A (65082)
ACH-000348,12,4640834494224020204,15,NDUFA8 (4702)
ACH-000348,12,4640834494224020204,16,HYCC2 (285172)
ACH-000348,12,4640834494224020204,17,GART (2618)
ACH-000348,12,4640834494224020204,18,ACLY (47)
ACH-000348,12,4640834494224020204,19,SMARCE1 (6605)
ACH-000348,12,4640834494224020204,20,PSMG2 (56984)
ACH-000348,12,4640834494224020204,21,FBXO42 (54455)
ACH-000348,12,4640834494224020204,22,MIB1 (57534)
ACH-000348,12,4640834494224020204,23,PPP4R2 (151987)
ACH-000348,12,4640834494224020204,24,KEAP1 (9817)
ACH-000348,12,4640834494224020204,25,PRDX1 (5052)
ACH-000348,12,4640834494224020204,26,PPAT (5471)
ACH-000348,12,4640834494224020204,27,CAND1 (55832)
ACH-000348,12,4640834494224020204,28,VBP1 (7411)
ACH-000348,12,4640834494224020204,29,WDR73 (84942)
ACH-000348,12,4640834494224020204,30,PPP1R15B (84919)
ACH-000348,12,4640834494224020204,31,THG1L (54974)
ACH-000348,12,4640834494224020204,32,ATP2B1 (490)
ACH-000348,12,4640834494224020204,33,PARD6B (84612)
ACH-000348,12,4640834494224020204,34,DDX19A (55308)
ACH-000348,12,4640834494224020204,35,CDH1 (999)
ACH-000348,12,4640834494224020204,36,SLC7A5 (8140)
ACH-000348,12,4640834494224020204,37,BRCA1 (672)
ACH-000348,12,4640834494224020204,38,PTPA (5524)
ACH-000348,12,4640834494224020204,39,MRPL35 (51318)
ACH-000348,12,4640834494224020204,40,TOE1 (114034)
ACH-000348,12,4640834494224020204,41,NDUFAB1 (4706)
ACH-000348,12,4640834494224020204,42,KCTD5 (54442)
ACH-000348,12,4640834494224020204,43,GMPS (8833)
ACH-000348,12,4640834494224020204,44,DDX39B (7919)
ACH-000348,12,4640834494224020204,45,MRPL18 (29074)
ACH-000348,12,4640834494224020204,46,MIPEP (4285)
ACH-000348,12,4640834494224020204,47,RAF1 (5894)
ACH-000348,12,4640834494224020204,48,TMED2 (10959)
ACH-000348,12,4640834494224020204,49,MRPL53 (116540)
ACH-000348,12,4640834494224020204,50,SLC7A1 (6541)
ACH-000348,13,1092559109231182607,1,ESCO2 (157570)
ACH-000348,13,1092559109231182607,2,CFL1 (1072)
ACH-000348,13,1092559109231182607,3,CDK8 (1024)
ACH-000348,13,1092559109231182607,4,CTC1 (80169)
ACH-000348,13,1092559109231182607,5,POP7 (10248)
ACH-000348,13,1092559109231182607,6,SLC25A26 (115286)
ACH-000348,13,1092559109231182607,7,EED (8726)
ACH-000348,13,1092559109231182607,8,SHOC2 (8036)
ACH-000348,13,1092559109231182607,9,TDP2 (51567)
ACH-000348,13,1092559109231182607,10,NDUFAB1 (4706)
ACH-000348,13,1092559109231182607,11,FAM98B (283742)
ACH-000348,13,1092559109231182607,12,CCND3 (896)
ACH-000348,13,1092559109231182607,13,PTMA (5757)
ACH-000348,13,1092559109231182607,14,PFN1 (5216)
ACH-000348,13,1092559109231182607,15,ATF4 (468)
ACH-000348,13,1092559109231182607,16,TRERF1 (55809)
ACH-000348,13,1092559109231182607,17,TEAD1 (7003)
ACH-000348,13,1092559109231182607,18,NHLRC2 (374354)
ACH-000348,13,1092559109231182607,19,LSM12 (124801)
ACH-000348,13,1092559109231182607,20,MYB (4602)
ACH-000348,13,1092559109231182607,21,SOCS3 (9021)
ACH-000348,13,1092559109231182607,22,BRCA2 (675)
ACH-000348,13,1092559109231182607,23,SOX10 (6663)
ACH-000348,13,1092559109231182607,24,IPPK (64768)
ACH-000348,13,1092559109231182607,25,USP7 (7874)
ACH-000348,13,1092559109231182607,26,ZNF407 (55628)
ACH-000348,13,1092559109231182607,27,MIPEP (4285)
ACH-000348,13,1092559109231182607,28,NFRKB (4798)
ACH-000348,13,1092559109231182607,29,RAB6A (5870)
ACH-000348,13,1092559109231182607,30,ZMYND8 (23613)
ACH-000348,13,1092559109231182607,31,RNF168 (165918)
ACH-000348,13,1092559109231182607,32,FARS2 (10667)
ACH-000348,13,1092559109231182607,33,IDH3A (3419)
ACH-000348,13,1092559109231182607,34,PITRM1 (10531)
ACH-000348,13,1092559109231182607,35,STIL (6491)
ACH-000348,13,1092559109231182607,36,KATNB1 (10300)
ACH-000348,13,1092559109231182607,37,MTG1 (92170)
ACH-000348,13,1092559109231182607,38,WDR1 (9948)
ACH-000348,13,1092559109231182607,39,USP9X (8239)
ACH-000348,13,1092559109231182607,40,SLC33A1 (9197)
ACH-000348,13,1092559109231182607,41,KNTC1 (9735)
ACH-000348,13,1092559109231182607,42,C3orf38 (285237)
ACH-000348,13,1092559109231182607,43,DDX3X (1654)
ACH-000348,13,1092559109231182607,44,BRCA1 (672)
ACH-000348,13,1092559109231182607,45,WWTR1 (25937)
ACH-000348,13,1092559109231182607,46,CCDC51 (79714)
ACH-000348,13,1092559109231182607,47,PSMG2 (56984)
ACH-000348,13,1092559109231182607,48,MIOS (54468)
ACH-000348,13,1092559109231182607,49,CUL2 (8453)
ACH-000348,13,1092559109231182607,50,KIF4A (24137)
ACH-000348,14,18261319474718516310,1,SMCHD1 (23347)
ACH-000348,14,18261319474718516310,2,WDR73 (84942)
ACH-000348,14,18261319474718516310,3,PMM2 (5373)
ACH-000348,14,18261319474718516310,4,WTAP (9589)
ACH-000348,14,18261319474718516310,5,PDS5A (23244)
ACH-000348,14,18261319474718516310,6,CCNC (892)
ACH-000348,14,18261319474718516310,7,ZNF407 (55628)
ACH-000348,14,18261319474718516310,8,WASHC2C (253725)
ACH-000348,14,18261319474718516310,9,EAPP (55837)
ACH-000348,14,18261319474718516310,10,BPTF (2186)
ACH-000348,14,18261319474718516310,11,IRF2BP2 (359948)
ACH-000348,14,18261319474718516310,12,METAP1 (23173)
ACH-000348,14,18261319474718516310,13,DNM1L (10059)
ACH-000348,14,18261319474718516310,14,WRN (7486)
ACH-000348,14,18261319474718516310,15,RHEB (6009)
ACH-000348,14,18261319474718516310,16,COQ4 (51117)
ACH-000348,14,18261319474718516310,17,NBAS (51594)
ACH-000348,14,18261319474718516310,18,JUN (3725)
ACH-000348,14,18261319474718516310,19,PAICS (10606)
ACH-000348,14,18261319474718516310,20,NDC1 (55706)
ACH-000348,14,18261319474718516310,21,YAP1 (10413)
ACH-000348,14,18261319474718516310,22,PRPF39 (55015)
ACH-000348,14,18261319474718516310,23,RFK (55312)
ACH-000348,14,18261319474718516310,24,UROD (7389)
ACH-000348,14,18261319474718516310,25,MIB1 (57534)
ACH-000348,14,18261319474718516310,26,GTF3C3 (9330)
ACH-000348,14,18261319474718516310,27,EP300 (2033)
ACH-000348,14,18261319474718516310,28,TAMM41 (132001)
ACH-000348,14,18261319474718516310,29,YME1L1 (10730)
ACH-000348,14,18261319474718516310,30,TDP2 (51567)
ACH-000348,14,18261319474718516310,31,H2BC5 (3017)
ACH-000348,14,18261319474718516310,32,GMPS (8833)
ACH-000348,14,18261319474718516310,33,PPP4R2 (151987)
ACH-000348,14,18261319474718516310,34,TEN1 (100134934)
ACH-000348,14,18261319474718516310,35,FURIN (5045)
ACH-000348,14,18261319474718516310,36,RIC1 (57589)
ACH-000348,14,18261319474718516310,37,BRD2 (6046)
ACH-000348,14,18261319474718516310,38,SLC16A1 (6566)
ACH-000348,14,18261319474718516310,39,RAB6A (5870)
ACH-000348,14,18261319474718516310,40,CCND1 (595)
ACH-000348,14,18261319474718516310,41,FOSL1 (8061)
ACH-000348,14,18261319474718516310,42,VPS33A (65082)
ACH-000348,14,18261319474718516310,43,FAM50A (9130)
ACH-000348,14,18261319474718516310,44,AMBRA1 (55626)
ACH-000348,14,18261319474718516310,45,SCD (6319)
ACH-000348,14,18261319474718516310,46,SERBP1 (26135)
ACH-000348,14,18261319474718516310,47,MVD (4597)
ACH-000348,14,18261319474718516310,48,NXT1 (29107)
ACH-000348,14,18261319474718516310,49,MRPS6 (64968)
ACH-000348,14,18261319474718516310,50,FGFR1 (2260)
ACH-000348,15,6827993307164849052,1,NMNAT1 (64802)
ACH-000348,15,6827993307164849052,2,GCN1 (10985)
ACH-000348,15,6827993307164849052,3,OTUD5 (55593)
ACH-000348,15,6827993307164849052,4,CCNB1 (891)
ACH-000348,15,6827993307164849052,5,SGF29 (112869)
ACH-000348,15,6827993307164849052,6,MMGT1 (93380)
ACH-000348,15,6827993307164849052,7,CTDSPL2 (51496)
ACH-000348,15,6827993307164849052,8,LAMTOR2 (28956)
ACH-000348,15,6827993307164849052,9,MTCH2 (23788)
ACH-000348,15,6827993307164849052,10,SREBF1 (6720)
ACH-000348,15,6827993307164849052,11,HSPA8 (3312)
ACH-000348,15,6827993307164849052,12,RELA (5970)
ACH-000348,15,6827993307164849052,13,SNAP23 (8773)
ACH-000348,15,6827993307164849052,14,RHOA (387)
ACH-000348,15,6827993307164849052,15,PARD6B (84612)
ACH-000348,15,6827993307164849052,16,ACLY (47)
ACH-000348,15,6827993307164849052,17,ENO1 (2023)
ACH-000348,15,6827993307164849052,18,ELP4 (26610)
ACH-000348,15,6827993307164849052,19,PDS5A (23244)
ACH-000348,15,6827993307164849052,20,FOSL1 (8061)
ACH-000348,15,6827993307164849052,21,WDR73 (84942)
ACH-000348,15,6827993307164849052,22,MAD2L1BP (9587)
ACH-000348,15,6827993307164849052,23,DYNLL1 (8655)
ACH-000348,15,6827993307164849052,24,CFLAR (8837)
ACH-000348,15,6827993307164849052,25,MRPS14 (63931)
ACH-000348,15,6827993307164849052,26,RPRD1B (58490)
ACH-000348,15,6827993307164849052,27,BSG (682)
ACH-000348,15,6827993307164849052,28,ZEB1 (6935)
ACH-000348,15,6827993307164849052,29,CRIPTO (6997)
ACH-000348,15,6827993307164849052,30,PAICS (10606)
ACH-000348,15,6827993307164849052,31,NHLRC2 (374354)
ACH-000348,15,6827993307164849052,32,CAB39 (51719)
ACH-000348,15,6827993307164849052,33,DOLPP1 (57171)
ACH-000348,15,6827993307164849052,34,EARS2 (124454)
ACH-000348,15,6827993307164849052,35,EEFSEC (60678)
ACH-000348,15,6827993307164849052,36,TGIF1 (7050)
ACH-000348,15,6827993307164849052,37,FLII (2314)
ACH-000348,15,6827993307164849052,38,OXSM (54995)
ACH-000348,15,6827993307164849052,39,DNAJB13 (374407)
ACH-000348,15,6827993307164849052,40,FERMT1 (55612)
ACH-000348,15,6827993307164849052,41,SQLE (6713)
ACH-000348,15,6827993307164849052,42,NRAS (4893)
ACH-000348,15,6827993307164849052,43,AMBRA1 (55626)
ACH-000348,15,6827993307164849052,44,ANAPC15 (25906)
ACH-000348,15,6827993307164849052,45,RARS2 (57038)
ACH-000348,15,6827993307164849052,46,MDM2 (4193)
ACH-000348,15,6827993307164849052,47,SUGT1 (10910)
ACH-000348,15,6827993307164849052,48,THAP11 (57215)
ACH-000348,15,6827993307164849052,49,ADAR (103)
ACH-000348,15,6827993307164849052,50,HNRNPR (10236)
ACH-000348,16,9939338571862034120,1,GEMIN7 (79760)
ACH-000348,16,9939338571862034120,2,CCDC6 (8030)
ACH-000348,16,9939338571862034120,3,PHF12 (57649)
ACH-000348,16,9939338571862034120,4,SOD2 (6648)
ACH-000348,16,9939338571862034120,5,GART (2618)
ACH-000348,16,9939338571862034120,6,EIF5AL1 (143244)
ACH-000348,16,9939338571862034120,7,KIF20A (10112)
ACH-000348,16,9939338571862034120,8,SMARCE1 (6605)
ACH-000348,16,9939338571862034120,9,PITRM1 (10531)
ACH-000348,16,9939338571862034120,10,FECH (2235)
ACH-000348,16,9939338571862034120,11,SDHB (6390)
ACH-000348,16,9939338571862034120,12,CBFB (865)
ACH-000348,16,9939338571862034120,13,KLF5 (688)
ACH-000348,16,9939338571862034120,14,FARS2 (10667)
ACH-000348,16,9939338571862034120,15,NCKAP1 (10787)
ACH-000348,16,9939338571862034120,16,TGIF1 (7050)
ACH-000348,16,9939338571862034120,17,MEN1 (4221)
ACH-000348,16,9939338571862034120,18,BRAF (673)
ACH-000348,16,9939338571862034120,19,CDK4 (1019)
ACH-000348,16,9939338571862034120,20,CYB5B (80777)
ACH-000348,16,9939338571862034120,21,EIF2AK4 (440275)
ACH-000348,16,9939338571862034120,22,TFRC (7037)
ACH-000348,16,9939338571862034120,23,SUGT1 (10910)
ACH-000348,16,9939338571862034120,24,DLST (1743)
ACH-000348,16,9939338571862034120,25,PPP4R2 (151987)
ACH-000348,16,9939338571862034120,26,PPP1CA (5499)
ACH-000348,16,9939338571862034120,27,ACLY (47)
ACH-000348,16,9939338571862034120,28,GFM1 (85476)
ACH-000348,16,9939338571862034120,29,CAND1 (55832)
ACH-000348,16,9939338571862034120,30,MTPAP (55149)
ACH-000348,16,9939338571862034120,31,SNRPB2 (6629)
ACH-000348,16,9939338571862034120,32,PCYT1A (5130)
ACH-000348,16,9939338571862034120,33,MED19 (219541)
ACH-000348,16,9939338571862034120,34,PARS2 (25973)
ACH-000348,16,9939338571862034120,35,NFRKB (4798)
ACH-000348,16,9939338571862034120,36,POP7 (10248)
ACH-000348,16,9939338571862034120,37,ITGB1 (3688)
ACH-000348,16,9939338571862034120,38,NMNAT1 (64802)
ACH-000348,16,9939338571862034120,39,DDX3X (1654)
ACH-000348,16,9939338571862034120,40,TRIM37 (4591)
ACH-000348,16,9939338571862034120,41,WNK1 (65125)
ACH-000348,16,9939338571862034120,42,SERBP1 (26135)
ACH-000348,16,9939338571862034120,43,MDM2 (4193)
ACH-000348,16,9939338571862034120,44,BCL9L (283149)
ACH-000348,16,9939338571862034120,45,SREBF1 (6720)
ACH-000348,16,9939338571862034120,46,CFLAR (8837)
ACH-000348,16,9939338571862034120,47,MRPL53 (116540)
ACH-000348,16,9939338571862034120,48,JTB (10899)
ACH-000348,16,9939338571862034120,49,GOLGA7 (51125)
ACH-000348,16,9939338571862034120,50,SRSF10 (10772)
ACH-000348,17,4366717201051359325,1,FDX1 (2230)
ACH-000348,17,4366717201051359325,2,NFE2L2 (4780)
ACH-000348,17,4366717201051359325,3,ELP4 (26610)
ACH-000348,17,4366717201051359325,4,ELP2 (55250)
ACH-000348,17,4366717201051359325,5,CDK6 (1021)
ACH-000348,17,4366717201051359325,6,RAD51C (5889)
ACH-000348,17,4366717201051359325,7,CRIPTO (6997)
ACH-000348,17,4366717201051359325,8,UBA5 (79876)
ACH-000348,17,4366717201051359325,9,TIMM8A (1678)
ACH-000348,17,4366717201051359325,10,PHF12 (57649)
ACH-000348,17,4366717201051359325,11,CCNB1 (891)
ACH-000348,17,4366717201051359325,12,PDCD5 (9141)
ACH-000348,17,4366717201051359325,13,BCL9L (283149)
ACH-000348,17,4366717201051359325,14,AIFM1 (9131)
ACH-000348,17,4366717201051359325,15,DARS2 (55157)
ACH-000348,17,4366717201051359325,16,TADA1 (117143)
ACH-000348,17,4366717201051359325,17,SLC3A2 (6520)
ACH-000348,17,4366717201051359325,18,KIF14 (9928)
ACH-000348,17,4366717201051359325,19,OPA1 (4976)
ACH-000348,17,4366717201051359325,20,ITGB1 (3688)
ACH-000348,17,4366717201051359325,21,MEN1 (4221)
ACH-000348,17,4366717201051359325,22,DOLPP1 (57171)
ACH-000348,17,4366717201051359325,23,MED23 (9439)
ACH-000348,17,4366717201051359325,24,SUGT1 (10910)
ACH-000348,17,4366717201051359325,25,KATNB1 (10300)
ACH-000348,17,4366717201051359325,26,RFK (55312)
ACH-000348,17,4366717201051359325,27,OTUD5 (55593)
ACH-000348,17,4366717201051359325,28,NOA1 (84273)
ACH-000348,17,4366717201051359325,29,RAB10 (10890)
ACH-000348,17,4366717201051359325,30,PGM3 (5238)
ACH-000348,17,4366717201051359325,31,GLMN (11146)
ACH-000348,17,4366717201051359325,32,SLC25A3 (5250)
ACH-000348,17,4366717201051359325,33,GCN1 (10985)
ACH-000348,17,4366717201051359325,34,HSPA8 (3312)
ACH-000348,17,4366717201051359325,35,MRPL53 (116540)
ACH-000348,17,4366717201051359325,36,NDUFA4 (4697)
ACH-000348,17,4366717201051359325,37,MAU2 (23383)
ACH-000348,17,4366717201051359325,38,CBFB (865)
ACH-000348,17,4366717201051359325,39,PTPN11 (5781)
ACH-000348,17,4366717201051359325,40,MRPL32 (64983)
ACH-000348,17,4366717201051359325,41,WDR7 (23335)
ACH-000348,17,4366717201051359325,42,MIB1 (57534)
ACH-000348,17,4366717201051359325,43,DNAJB13 (374407)
ACH-000348,17,4366717201051359325,44,PAICS (10606)
ACH-000348,17,4366717201051359325,45,VARS2 (57176)
ACH-000348,17,4366717201051359325,46,ADRM1 (11047)
ACH-000348,17,4366717201051359325,47,SHOC2 (8036)
ACH-000348,17,4366717201051359325,48,PPAT (5471)
ACH-000348,17,4366717201051359325,49,RPUSD4 (84881)
ACH-000348,17,4366717201051359325,50,ADSL (158)
ACH-000348,18,781808452716492692,1,ATP5F1B (506)
ACH-000348,18,781808452716492692,2,COX10 (1352)
ACH-000348,18,781808452716492692,3,ENO1 (2023)
ACH-000348,18,781808452716492692,4,MMGT1 (93380)
ACH-000348,18,781808452716492692,5,CDK6 (1021)
ACH-000348,18,781808452716492692,6,CBLL1 (79872)
ACH-000348,18,781808452716492692,7,STEEP1 (63932)
ACH-000348,18,781808452716492692,8,RAB10 (10890)
ACH-000348,18,781808452716492692,9,MRPL41 (64975)
ACH-000348,18,781808452716492692,10,TUBB3 (10381)
ACH-000348,18,781808452716492692,11,MED24 (9862)
ACH-000348,18,781808452716492692,12,KRAS (3845)
ACH-000348,18,781808452716492692,13,CFLAR (8837)
ACH-000348,18,781808452716492692,14,UBE2Z (65264)
ACH-000348,18,781808452716492692,15,SLC3A2 (6520)
ACH-000348,18,781808452716492692,16,MYBBP1A (10514)
ACH-000348,18,781808452716492692,17,TRIM28 (10155)
ACH-000348,18,781808452716492692,18,SRSF10 (10772)
ACH-000348,18,781808452716492692,19,OTUD5 (55593)
ACH-000348,18,781808452716492692,20,TDP2 (51567)
ACH-000348,18,781808452716492692,21,SLC25A3 (5250)
ACH-000348,18,781808452716492692,22,MRPS24 (64951)
ACH-000348,18,781808452716492692,23,BRAT1 (221927)
ACH-000348,18,781808452716492692,24,UBE2C (11065)
ACH-000348,18,781808452716492692,25,RBBP7 (5931)
ACH-000348,18,781808452716492692,26,USP9X (8239)
ACH-000348,18,781808452716492692,27,COP1 (64326)
ACH-000348,18,781808452716492692,28,DNM1L (10059)
ACH-000348,18,781808452716492692,29,CTNNB1 (1499)
ACH-000348,18,781808452716492692,30,FDXR (2232)
ACH-000348,18,781808452716492692,31,EARS2 (124454)
ACH-000348,18,781808452716492692,32,RPAP2 (79871)
ACH-000348,18,781808452716492692,33,YME1L1 (10730)
ACH-000348,18,781808452716492692,34,ELMO2 (63916)
ACH-000348,18,781808452716492692,35,CFL1 (1072)
ACH-000348,18,781808452716492692,36,EAPP (55837)
ACH-000348,18,781808452716492692,37,KIF4A (24137)
ACH-000348,18,781808452716492692,38,DET1 (55070)
ACH-000348,18,781808452716492692,39,SEPSECS (51091)
ACH-000348,18,781808452716492692,40,PSMG2 (56984)
ACH-000348,18,781808452716492692,41,MRPS12 (6183)
ACH-000348,18,781808452716492692,42,FAM185A (222234)
ACH-000348,18,781808452716492692,43,EIF2AK4 (440275)
ACH-000348,18,781808452716492692,44,LIPT1 (51601)
ACH-000348,18,781808452716492692,45,EED (8726)
ACH-000348,18,781808452716492692,46,TEAD1 (7003)
ACH-000348,18,781808452716492692,47,GEMIN7 (79760)
ACH-000348,18,781808452716492692,48,CTC1 (80169)
ACH-000348,18,781808452716492692,49,PPP1R15B (84919)
ACH-000348,18,781808452716492692,50,SLC25A28 (81894)
ACH-000348,19,17601198293438768658,1,COX6A1 (1337)
ACH-000348,19,17601198293438768658,2,UBE2Z (65264)
ACH-000348,19,17601198293438768658,3,PPP2R3C (55012)
ACH-000348,19,17601198293438768658,4,PTDSS1 (9791)
ACH-000348,19,17601198293438768658,5,TIMM22 (29928)
ACH-000348,19,17601198293438768658,6,SDHD (6392)
ACH-000348,19,17601198293438768658,7,EAPP (55837)
ACH-000348,19,17601198293438768658,8,CAD (790)
ACH-000348,19,17601198293438768658,9,PDCD7 (10081)
ACH-000348,19,17601198293438768658,10,POP7 (10248)
ACH-000348,19,17601198293438768658,11,DDX3X (1654)
ACH-000348,19,17601198293438768658,12,PARS2 (25973)
ACH-000348,19,17601198293438768658,13,VHL (7428)
ACH-000348,19,17601198293438768658,14,DSN1 (79980)
ACH-000348,19,17601198293438768658,15,SSBP3 (23648)
ACH-000348,19,17601198293438768658,16,KLF5 (688)
ACH-000348,19,17601198293438768658,17,ILK (3611)
ACH-000348,19,17601198293438768658,18,TSC1 (7248)
ACH-000348,19,17601198293438768658,19,SGF29 (112869)
ACH-000348,19,17601198293438768658,20,PTP4A1 (7803)
ACH-000348,19,17601198293438768658,21,PFN1 (5216)
ACH-000348,19,17601198293438768658,22,COQ4 (51117)
ACH-000348,19,17601198293438768658,23,SDHA (6389)
ACH-000348,19,17601198293438768658,24,WWTR1 (25937)
ACH-000348,19,17601198293438768658,25,RPL22L1 (200916)
ACH-000348,19,17601198293438768658,26,XYLT2 (64132)
ACH-000348,19,17601198293438768658,27,ATP5F1D (513)
ACH-000348,19,17601198293438768658,28,HSPA8 (3312)
ACH-000348,19,17601198293438768658,29,MTG2 (26164)
ACH-000348,19,17601198293438768658,30,UBR5 (51366)
ACH-000348,19,17601198293438768658,31,ELMO2 (63916)
ACH-000348,19,17601198293438768658,32,GEMIN4 (50628)
ACH-000348,19,17601198293438768658,33,TMX2 (51075)
ACH-000348,19,17601198293438768658,34,CDIN1 (84529)
ACH-000348,19,17601198293438768658,35,P2RY6 (5031)
ACH-000348,19,17601198293438768658,36,UBE2S (27338)
ACH-000348,19,17601198293438768658,37,AHCYL1 (10768)
ACH-000348,19,17601198293438768658,38,KDM2A (22992)
ACH-000348,19,17601198293438768658,39,NAPG (8774)
ACH-000348,19,17601198293438768658,40,EED (8726)
ACH-000348,19,17601198293438768658,41,INTS15 (79034)
ACH-000348,19,17601198293438768658,42,MRPS14 (63931)
ACH-000348,19,17601198293438768658,43,RAB10 (10890)
ACH-000348,19,17601198293438768658,44,TOMM20 (9804)
ACH-000348,19,17601198293438768658,45,DAXX (1616)
ACH-000348,19,17601198293438768658,46,TACC3 (10460)
ACH-000348,19,17601198293438768658,47,NPEPPS (9520)
ACH-000348,19,17601198293438768658,48,UMPS (7372)
ACH-000348,19,17601198293438768658,49,RFK (55312)
ACH-000348,19,17601198293438768658,50,PRKRA (8575)
ACH-000389,0,4318518211206119318,1,BIRC6 (57448)
ACH-000389,0,4318518211206119318,2,CTNNA1 (1495)
ACH-000389,0,4318518211206119318,3,ZEB1 (6935)
ACH-000389,0,4318518211206119318,4,NSMCE4A (54780)
ACH-000389,0,4318518211206119318,5,TFB2M (64216)
ACH-000389,0,4318518211206119318,6,TRNAU1AP (54952)
ACH-000389,0,4318518211206119318,7,SMARCE1 (6605)
ACH-000389,0,4318518211206119318,8,MICOS10 (440574)
ACH-000389,0,4318518211206119318,9,DLST (1743)
ACH-000389,0,4318518211206119318,10,VPS37A (137492)
ACH-000389,0,4318518211206119318,11,CSNK1A1 (1452)
ACH-000389,0,4318518211206119318,12,VRK1 (7443)
ACH-000389,0,4318518211206119318,13,PRKAR1A (5573)
ACH-000389,0,4318518211206119318,14,BRD2 (6046)
ACH-000389,0,4318518211206119318,15,ANLN (54443)
ACH-000389,0,4318518211206119318,16,COX7C (1350)
ACH-000389,0,4318518211206119318,17,MAPK1 (5594)
ACH-000389,0,4318518211206119318,18,CRLS1 (54675)
ACH-000389,0,4318518211206119318,19,HSD17B10 (3028)
ACH-000389,0,4318518211206119318,20,HAPSTR1 (29035)
ACH-000389,0,4318518211206119318,21,WDR83 (84292)
ACH-000389,0,4318518211206119318,22,GEMIN2 (8487)
ACH-000389,0,4318518211206119318,23,ITGB1 (3688)
ACH-000389,0,4318518211206119318,24,TIMM22 (29928)
ACH-000389,0,4318518211206119318,25,BRCA2 (675)
ACH-000389,0,4318518211206119318,26,BRK1 (55845)
ACH-000389,0,4318518211206119318,27,USE1 (55850)
ACH-000389,0,4318518211206119318,28,CYB5B (80777)
ACH-000389,0,4318518211206119318,29,ATP6V1H (51606)
ACH-000389,0,4318518211206119318,30,TACC3 (10460)
ACH-000389,0,4318518211206119318,31,CEP85 (64793)
ACH-000389,0,4318518211206119318,32,NDUFA4 (4697)
ACH-000389,0,4318518211206119318,33,MRPL32 (64983)
ACH-000389,0,4318518211206119318,34,ELP2 (55250)
ACH-000389,0,4318518211206119318,35,EAF1 (85403)
ACH-000389,0,4318518211206119318,36,CDK6 (1021)
ACH-000389,0,4318518211206119318,37,PRKRA (8575)
ACH-000389,0,4318518211206119318,38,OTUD5 (55593)
ACH-000389,0,4318518211206119318,39,RTTN (25914)
ACH-000389,0,4318518211206119318,40,SAMD4B (55095)
ACH-000389,0,4318518211206119318,41,ACO2 (50)
ACH-000389,0,4318518211206119318,42,COQ4 (51117)
ACH-000389,0,4318518211206119318,43,SARNP (84324)
ACH-000389,0,4318518211206119318,44,NFRKB (4798)
ACH-000389,0,4318518211206119318,45,VHL (7428)
ACH-000389,0,4318518211206119318,46,PPP1CA (5499)
ACH-000389,0,4318518211206119318,47,STX4 (6810)
ACH-000389,0,4318518211206119318,48,CCND1 (595)
ACH-000389,0,4318518211206119318,49,TWNK (56652)
ACH-000389,0,4318518211206119318,50,ZMYND8 (23613)
ACH-000389,1,4376725570298581569,1,UBE2S (27338)
ACH-000389,1,4376725570298581569,2,MRPS12 (6183)
ACH-000389,1,4376725570298581569,3,MIOS (54468)
ACH-000389,1,4376725570298581569,4,STN1 (79991)
ACH-000389,1,4376725570298581569,5,TGIF1 (7050)
ACH-000389,1,4376725570298581569,6,SDHD (6392)
ACH-000389,1,4376725570298581569,7,FBXO42 (54455)
ACH-000389,1,4376725570298581569,8,TSC1 (7248)
ACH-000389,1,4376725570298581569,9,COX18 (285521)
ACH-000389,1,4376725570298581569,10,RFK (55312)
ACH-000389,1,4376725570298581569,11,COP1 (64326)
ACH-000389,1,4376725570298581569,12,GABPA (2551)
ACH-000389,1,4376725570298581569,13,CRLS1 (54675)
ACH-000389,1,4376725570298581569,14,VPS33A (65082)
ACH-000389,1,4376725570298581569,15,NMT1 (4836)
ACH-000389,1,4376725570298581569,16,PAICS (10606)
ACH-000389,1,4376725570298581569,17,SOX9 (6662)
ACH-000389,1,4376725570298581569,18,OGDH (4967)
ACH-000389,1,4376725570298581569,19,SLC33A1 (9197)
ACH-000389,1,4376725570298581569,20,STIL (6491)
ACH-000389,1,4376725570298581569,21,ADSS2 (159)
ACH-000389,1,4376725570298581569,22,TSC2 (7249)
ACH-000389,1,4376725570298581569,23,SLC30A9 (10463)
ACH-000389,1,4376725570298581569,24,MYBL2 (4605)
ACH-000389,1,4376725570298581569,25,IRS2 (8660)
ACH-000389,1,4376725570298581569,26,HNF1B (6928)
ACH-000389,1,4376725570298581569,27,HSP90B1 (7184)
ACH-000389,1,4376725570298581569,28,POP7 (10248)
ACH-000389,1,4376725570298581569,29,KIF20A (10112)
ACH-000389,1,4376725570298581569,30,POLE3 (54107)
ACH-000389,1,4376725570298581569,31,MNAT1 (4331)
ACH-000389,1,4376725570298581569,32,STX4 (6810)
ACH-000389,1,4376725570298581569,33,ICE2 (79664)
ACH-000389,1,4376725570298581569,34,ARID2 (196528)
ACH-000389,1,4376725570298581569,35,PTK2 (5747)
ACH-000389,1,4376725570298581569,36,SREBF1 (6720)
ACH-000389,1,4376725570298581569,37,DYNLL1 (8655)
ACH-000389,1,4376725570298581569,38,DNM1L (10059)
ACH-000389,1,4376725570298581569,39,ARF4 (378)
ACH-000389,1,4376725570298581569,40,NONO (4841)
ACH-000389,1,4376725570298581569,41,RRAGC (64121)
ACH-000389,1,4376725570298581569,42,KDM2A (22992)
ACH-000389,1,4376725570298581569,43,CDH1 (999)
ACH-000389,1,4376725570298581569,44,MLST8 (64223)
ACH-000389,1,4376725570298581569,45,DAXX (1616)
ACH-000389,1,4376725570298581569,46,BRAF (673)
ACH-000389,1,4376725570298581569,47,SARNP (84324)
ACH-000389,1,4376725570298581569,48,CFL1 (1072)
ACH-000389,1,4376725570298581569,49,SUGT1 (10910)
ACH-000389,1,4376725570298581569,50,NXT1 (29107)
ACH-000389,2,8775935907429833967,1,CDAN1 (146059)
ACH-000389,2,8775935907429833967,2,VPS4B (9525)
ACH-000389,2,8775935907429833967,3,XRCC2 (7516)
ACH-000389,2,8775935907429833967,4,ARID1B (57492)
ACH-000389,2,8775935907429833967,5,CBFB (865)
ACH-000389,2,8775935907429833967,6,UAP1 (6675)
ACH-000389,2,8775935907429833967,7,DDX19A (55308)
ACH-000389,2,8775935907429833967,8,DET1 (55070)
ACH-000389,2,8775935907429833967,9,ANKRD49 (54851)
ACH-000389,2,8775935907429833967,10,RELA (5970)
ACH-000389,2,8775935907429833967,11,PMM2 (5373)
ACH-000389,2,8775935907429833967,12,TADA1 (117143)
ACH-000389,2,8775935907429833967,13,TIMM29 (90580)
ACH-000389,2,8775935907429833967,14,ACLY (47)
ACH-000389,2,8775935907429833967,15,FARS2 (10667)
ACH-000389,2,8775935907429833967,16,SDHA (6389)
ACH-000389,2,8775935907429833967,17,HNRNPA2B1 (3181)
ACH-000389,2,8775935907429833967,18,SOX10 (6663)
ACH-000389,2,8775935907429833967,19,GLRX5 (51218)
ACH-000389,2,8775935907429833967,20,MTPAP (55149)
ACH-000389,2,8775935907429833967,21,TUBB3 (10381)
ACH-000389,2,8775935907429833967,22,BPTF (2186)
ACH-000389,2,8775935907429833967,23,CSK (1445)
ACH-000389,2,8775935907429833967,24,HNF1B (6928)
ACH-000389,2,8775935907429833967,25,MRPS24 (64951)
ACH-000389,2,8775935907429833967,26,SLC25A26 (115286)
ACH-000389,2,8775935907429833967,27,MYB (4602)
ACH-000389,2,8775935907429833967,28,ATP6V1H (51606)
ACH-000389,2,8775935907429833967,29,MAU2 (23383)
ACH-000389,2,8775935907429833967,30,CDK6 (1021)
ACH-000389,2,8775935907429833967,31,ISCA2 (122961)
ACH-000389,2,8775935907429833967,32,SLC16A1 (6566)
ACH-000389,2,8775935907429833967,33,DAXX (1616)
ACH-000389,2,8775935907429833967,34,WTAP (9589)
ACH-000389,2,8775935907429833967,35,SLC20A1 (6574)
ACH-000389,2,8775935907429833967,36,BRAF (673)
ACH-000389,2,8775935907429833967,37,AP2M1 (1173)
ACH-000389,2,8775935907429833967,38,ITGB5 (3693)
ACH-000389,2,8775935907429833967,39,STIL (6491)
ACH-000389,2,8775935907429833967,40,WDR83 (84292)
ACH-000389,2,8775935907429833967,41,SOD2 (6648)
ACH-000389,2,8775935907429833967,42,PTK2 (5747)
ACH-000389,2,8775935907429833967,43,TCOF1 (6949)
ACH-000389,2,8775935907429833967,44,TFAM (7019)
ACH-000389,2,8775935907429833967,45,DICER1 (23405)
ACH-000389,2,8775935907429833967,46,SDHD (6392)
ACH-000389,2,8775935907429833967,47,MTG1 (92170)
ACH-000389,2,8775935907429833967,48,SLC30A9 (10463)
ACH-000389,2,8775935907429833967,49,TDP2 (51567)
ACH-000389,2,8775935907429833967,50,IDH3A (3419)
ACH-000389,3,1802712425898478788,1,PPA2 (27068)
ACH-000389,3,1802712425898478788,2,EP300 (2033)
ACH-000389,3,1802712425898478788,3,NR2C2AP (126382)
ACH-000389,3,1802712425898478788,4,NDUFB11 (54539)
ACH-000389,3,1802712425898478788,5,GMPS (8833)
ACH-000389,3,1802712425898478788,6,UBE2C (11065)
ACH-000389,3,1802712425898478788,7,FECH (2235)
ACH-000389,3,1802712425898478788,8,SHOC2 (8036)
ACH-000389,3,1802712425898478788,9,VARS2 (57176)
ACH-000389,3,1802712425898478788,10,UBAP2L (9898)
ACH-000389,3,1802712425898478788,11,MYBL2 (4605)
ACH-000389,3,1802712425898478788,12,ANAPC15 (25906)
ACH-000389,3,1802712425898478788,13,ATP6V0E1 (8992)
ACH-000389,3,1802712425898478788,14,PARD6B (84612)
ACH-000389,3,1802712425898478788,15,FDXR (2232)
ACH-000389,3,1802712425898478788,16,BAP1 (8314)
ACH-000389,3,1802712425898478788,17,PDS5A (23244)
ACH-000389,3,1802712425898478788,18,RAD1 (5810)
ACH-000389,3,1802712425898478788,19,YME1L1 (10730)
ACH-000389,3,1802712425898478788,20,SDHB (6390)
ACH-000389,3,1802712425898478788,21,MRPL15 (29088)
ACH-000389,3,1802712425898478788,22,MIPEP (4285)
ACH-000389,3,1802712425898478788,23,HARS2 (23438)
ACH-000389,3,1802712425898478788,24,MRPS5 (64969)
ACH-000389,3,1802712425898478788,25,SLC7A1 (6541)
ACH-000389,3,1802712425898478788,26,PGM3 (5238)
ACH-000389,3,1802712425898478788,27,TADA1 (117143)
ACH-000389,3,1802712425898478788,28,DUSP4 (1846)
ACH-000389,3,1802712425898478788,29,ADSS2 (159)
ACH-000389,3,1802712425898478788,30,HAPSTR1 (29035)
ACH-000389,3,1802712425898478788,31,MRPL35 (51318)
ACH-000389,3,1802712425898478788,32,USP8 (9101)
ACH-000389,3,1802712425898478788,33,HNRNPA2B1 (3181)
ACH-000389,3,1802712425898478788,34,PPAT (5471)
ACH-000389,3,1802712425898478788,35,OXSM (54995)
ACH-000389,3,1802712425898478788,36,RARS2 (57038)
ACH-000389,3,1802712425898478788,37,ACO2 (50)
ACH-000389,3,1802712425898478788,38,OTUD5 (55593)
ACH-000389,3,1802712425898478788,39,GRB2 (2885)
ACH-000389,3,1802712425898478788,40,TRNAU1AP (54952)
ACH-000389,3,1802712425898478788,41,UBE2D3 (7323)
ACH-000389,3,1802712425898478788,42,GMNN (51053)
ACH-000389,3,1802712425898478788,43,CCNL1 (57018)
ACH-000389,3,1802712425898478788,44,IDH3A (3419)
ACH-000389,3,1802712425898478788,45,CDS2 (8760)
ACH-000389,3,1802712425898478788,46,RNF168 (165918)
ACH-000389,3,1802712425898478788,47,TFB2M (64216)
ACH-000389,3,1802712425898478788,48,WNK1 (65125)
ACH-000389,3,1802712425898478788,49,GEMIN4 (50628)
ACH-000389,3,1802712425898478788,50,TMED10 (10972)
ACH-000389,4,2733387985420758674,1,STK11 (6794)
ACH-000389,4,2733387985420758674,2,RAF1 (5894)
ACH-000389,4,2733387985420758674,3,MFN2 (9927)
ACH-000389,4,2733387985420758674,4,ACO2 (50)
ACH-000389,4,2733387985420758674,5,PIK3CA (5290)
ACH-000389,4,2733387985420758674,6,METTL1 (4234)
ACH-000389,4,2733387985420758674,7,BPTF (2186)
ACH-000389,4,2733387985420758674,8,CCDC51 (79714)
ACH-000389,4,2733387985420758674,9,ILK (3611)
ACH-000389,4,2733387985420758674,10,TRERF1 (55809)
ACH-000389,4,2733387985420758674,11,MRPL28 (10573)
ACH-000389,4,2733387985420758674,12,DDX39B (7919)
ACH-000389,4,2733387985420758674,13,EXOSC10 (5394)
ACH-000389,4,2733387985420758674,14,ADRM1 (11047)
ACH-000389,4,2733387985420758674,15,CDIN1 (84529)
ACH-000389,4,2733387985420758674,16,DHODH (1723)
ACH-000389,4,2733387985420758674,17,EXOC1 (55763)
ACH-000389,4,2733387985420758674,18,SEPSECS (51091)
ACH-000389,4,2733387985420758674,19,HAUS8 (93323)
ACH-000389,4,2733387985420758674,20,RIC8A (60626)
ACH-000389,4,2733387985420758674,21,CHMP7 (91782)
ACH-000389,4,2733387985420758674,22,MTX2 (10651)
ACH-000389,4,2733387985420758674,23,SOD2 (6648)
ACH-000389,4,2733387985420758674,24,STAG2 (10735)
ACH-000389,4,2733387985420758674,25,LAMTOR2 (28956)
ACH-000389,4,2733387985420758674,26,MNAT1 (4331)
ACH-000389,4,2733387985420758674,27,XRCC2 (7516)
ACH-000389,4,2733387985420758674,28,MRPL41 (64975)
ACH-000389,4,2733387985420758674,29,AIFM1 (9131)
ACH-000389,4,2733387985420758674,30,HUS1 (3364)
ACH-000389,4,2733387985420758674,31,SEC62 (7095)
ACH-000389,4,2733387985420758674,32,MED24 (9862)
ACH-000389,4,2733387985420758674,33,NCKAP1 (10787)
ACH-000389,4,2733387985420758674,34,VPS33A (65082)
ACH-000389,4,2733387985420758674,35,SCD (6319)
ACH-000389,4,2733387985420758674,36,CDK8 (1024)
ACH-000389,4,2733387985420758674,37,MIOS (54468)
ACH-000389,4,2733387985420758674,38,FERMT1 (55612)
ACH-000389,4,2733387985420758674,39,SLC30A9 (10463)
ACH-000389,4,2733387985420758674,40,USP1 (7398)
ACH-000389,4,2733387985420758674,41,TIGD3 (220359)
ACH-000389,4,2733387985420758674,42,COX6A1 (1337)
ACH-000389,4,2733387985420758674,43,KNTC1 (9735)
ACH-000389,4,2733387985420758674,44,SAMD4B (55095)
ACH-000389,4,2733387985420758674,45,TKT (7086)
ACH-000389,4,2733387985420758674,46,ACTB (60)
ACH-000389,4,2733387985420758674,47,TFB2M (64216)
ACH-000389,4,2733387985420758674,48,PPP2R2A (5520)
ACH-000389,4,2733387985420758674,49,GTF3C3 (9330)
ACH-000389,4,2733387985420758674,50,DAXX (1616)
ACH-000389,5,11026159796799961515,1,FAF2 (23197)
ACH-000389,5,11026159796799961515,2,C3orf38 (285237)
ACH-000389,5,11026159796799961515,3,SLC3A2 (6520)
ACH-000389,5,11026159796799961515,4,FOSL1 (8061)
ACH-000389,5,11026159796799961515,5,PPA2 (27068)
ACH-000389,5,11026159796799961515,6,METAP1 (23173)
ACH-000389,5,11026159796799961515,7,KIF18B (146909)
ACH-000389,5,11026159796799961515,8,MRPL39 (54148)
ACH-000389,5,11026159796799961515,9,PRKAR1A (5573)
ACH-000389,5,11026159796799961515,10,VHL (7428)
ACH-000389,5,11026159796799961515,11,MAD2L1BP (9587)
ACH-000389,5,11026159796799961515,12,SOX10 (6663)
ACH-000389,5,11026159796799961515,13,SLC2A1 (6513)
ACH-000389,5,11026159796799961515,14,PPP6C (5537)
ACH-000389,5,11026159796799961515,15,DHX29 (54505)
ACH-000389,5,11026159796799961515,16,ATP1B3 (483)
ACH-000389,5,11026159796799961515,17,HMBS (3145)
ACH-000389,5,11026159796799961515,18,ATIC (471)
ACH-000389,5,11026159796799961515,19,PCYT1A (5130)
ACH-000389,5,11026159796799961515,20,CIT (11113)
ACH-000389,5,11026159796799961515,21,MED23 (9439)
ACH-000389,5,11026159796799961515,22,CBLL1 (79872)
ACH-000389,5,11026159796799961515,23,ANKRD49 (54851)
ACH-000389,5,11026159796799961515,24,PFN1 (5216)
ACH-000389,5,11026159796799961515,25,EARS2 (124454)
ACH-000389,5,11026159796799961515,26,PIK3CA (5290)
ACH-000389,5,11026159796799961515,27,HSD17B10 (3028)
ACH-000389,5,11026159796799961515,28,XRCC2 (7516)
ACH-000389,5,11026159796799961515,29,TUBE1 (51175)
ACH-000389,5,11026159796799961515,30,TKT (7086)
ACH-000389,5,11026159796799961515,31,SEC62 (7095)
ACH-000389,5,11026159796799961515,32,MYBL2 (4605)
ACH-000389,5,11026159796799961515,33,ITGAV (3685)
ACH-000389,5,11026159796799961515,34,TGIF1 (7050)
ACH-000389,5,11026159796799961515,35,CYC1 (1537)
ACH-000389,5,11026159796799961515,36,EFR3A (23167)
ACH-000389,5,11026159796799961515,37,POP7 (10248)
ACH-000389,5,11026159796799961515,38,RPRD1B (58490)
ACH-000389,5,11026159796799961515,39,RNF168 (165918)
ACH-000389,5,11026159796799961515,40,GEMIN7 (79760)
ACH-000389,5,11026159796799961515,41,HSPA8 (3312)
ACH-000389,5,11026159796799961515,42,RPIA (22934)
ACH-000389,5,11026159796799961515,43,DNAJB13 (374407)
ACH-000389,5,11026159796799961515,44,BSG (682)
ACH-000389,5,11026159796799961515,45,CSK (1445)
ACH-000389,5,11026159796799961515,46,TIMM8A (1678)
ACH-000389,5,11026159796799961515,47,BPTF (2186)
ACH-000389,5,11026159796799961515,48,PARD6B (84612)
ACH-000389,5,11026159796799961515,49,HAPSTR1 (29035)
ACH-000389,5,11026159796799961515,50,TMED2 (10959)
ACH-000389,6,4010346183447196350,1,GTF3C3 (9330)
ACH-000389,6,4010346183447196350,2,STX4 (6810)
ACH-000389,6,4010346183447196350,3,ELP4 (26610)
ACH-000389,6,4010346183447196350,4,TIMM17A (10440)
ACH-000389,6,4010346183447196350,5,NAMPT (10135)
ACH-000389,6,4010346183447196350,6,RTTN (25914)
ACH-000389,6,4010346183447196350,7,TSC2 (7249)
ACH-000389,6,4010346183447196350,8,DAXX (1616)
ACH-000389,6,4010346183447196350,9,CAD (790)
ACH-000389,6,4010346183447196350,10,FARS2 (10667)
ACH-000389,6,4010346183447196350,11,DLST (1743)
ACH-000389,6,4010346183447196350,12,NDUFA8 (4702)
ACH-000389,6,4010346183447196350,13,KANSL1 (284058)
ACH-000389,6,4010346183447196350,14,UBQLN4 (56893)
ACH-000389,6,4010346183447196350,15,ATXN7L3 (56970)
ACH-000389,6,4010346183447196350,16,DAP3 (7818)
ACH-000389,6,4010346183447196350,17,FECH (2235)
ACH-000389,6,4010346183447196350,18,ZNF407 (55628)
ACH-000389,6,4010346183447196350,19,DYNLL1 (8655)
ACH-000389,6,4010346183447196350,20,GPI (2821)
ACH-000389,6,4010346183447196350,21,CDK4 (1019)
ACH-000389,6,4010346183447196350,22,USP1 (7398)
ACH-000389,6,4010346183447196350,23,MYB (4602)
ACH-000389,6,4010346183447196350,24,DNAJC13 (23317)
ACH-000389,6,4010346183447196350,25,TELO2 (9894)
ACH-000389,6,4010346183447196350,26,INTS15 (79034)
ACH-000389,6,4010346183447196350,27,WNK1 (65125)
ACH-000389,6,4010346183447196350,28,CDIN1 (84529)
ACH-000389,6,4010346183447196350,29,DDX19A (55308)
ACH-000389,6,4010346183447196350,30,BRD2 (6046)
ACH-000389,6,4010346183447196350,31,SERBP1 (26135)
ACH-000389,6,4010346183447196350,32,BRCA1 (672)
ACH-000389,6,4010346183447196350,33,RNF4 (6047)
ACH-000389,6,4010346183447196350,34,PCYT1A (5130)
ACH-000389,6,4010346183447196350,35,PAGR1 (79447)
ACH-000389,6,4010346183447196350,36,ASCC3 (10973)
ACH-000389,6,4010346183447196350,37,APC (324)
ACH-000389,6,4010346183447196350,38,SCD (6319)
ACH-000389,6,4010346183447196350,39,UAP1 (6675)
ACH-000389,6,4010346183447196350,40,CRAMP1 (57585)
ACH-000389,6,4010346183447196350,41,FERMT2 (10979)
ACH-000389,6,4010346183447196350,42,WASHC2C (253725)
ACH-000389,6,4010346183447196350,43,PPIL1 (51645)
ACH-000389,6,4010346183447196350,44,ARHGEF7 (8874)
ACH-000389,6,4010346183447196350,45,TMED10 (10972)
ACH-000389,6,4010346183447196350,46,SLC38A2 (54407)
ACH-000389,6,4010346183447196350,47,IRS2 (8660)
ACH-000389,6,4010346183447196350,48,MBTPS2 (51360)
ACH-000389,6,4010346183447196350,49,SLC7A5 (8140)
ACH-000389,6,4010346183447196350,50,GMNN (51053)
ACH-000389,7,6296682858944794556,1,FAF2 (23197)
ACH-000389,7,6296682858944794556,2,MBTPS2 (51360)
ACH-000389,7,6296682858944794556,3,RRAGC (64121)
ACH-000389,7,6296682858944794556,4,CEP85 (64793)
ACH-000389,7,6296682858944794556,5,MRPL39 (54148)
ACH-000389,7,6296682858944794556,6,IMPDH2 (3615)
ACH-000389,7,6296682858944794556,7,ARID2 (196528)
ACH-000389,7,6296682858944794556,8,COA7 (65260)
ACH-000389,7,6296682858944794556,9,CSNK1A1 (1452)
ACH-000389,7,6296682858944794556,10,UBQLN4 (56893)
ACH-000389,7,6296682858944794556,11,ARID1B (57492)
ACH-000389,7,6296682858944794556,12,RPUSD4 (84881)
ACH-000389,7,6296682858944794556,13,KIF4A (24137)
ACH-000389,7,6296682858944794556,14,TACC3 (10460)
ACH-000389,7,6296682858944794556,15,GFPT1 (2673)
ACH-000389,7,6296682858944794556,16,PFDN1 (5201)
ACH-000389,7,6296682858944794556,17,MED12 (9968)
ACH-000389,7,6296682858944794556,18,FOXO3B (2310)
ACH-000389,7,6296682858944794556,19,UXS1 (80146)
ACH-000389,7,6296682858944794556,20,HSPA8 (3312)
ACH-000389,7,6296682858944794556,21,DSCC1 (79075)
ACH-000389,7,6296682858944794556,22,CDH1 (999)
ACH-000389,7,6296682858944794556,23,LSM12 (124801)
ACH-000389,7,6296682858944794556,24,TIMM8A (1678)
ACH-000389,7,6296682858944794556,25,PPP6R3 (55291)
ACH-000389,7,6296682858944794556,26,PGP (283871)
ACH-000389,7,6296682858944794556,27,PPP1CB (5500)
ACH-000389,7,6296682858944794556,28,ILK (3611)
ACH-000389,7,6296682858944794556,29,MNAT1 (4331)
ACH-000389,7,6296682858944794556,30,TFRC (7037)
ACH-000389,7,6296682858944794556,31,DNAJC13 (23317)
ACH-000389,7,6296682858944794556,32,MAPK14 (1432)
ACH-000389,7,6296682858944794556,33,TSC1 (7248)
ACH-000389,7,6296682858944794556,34,DDX39B (7919)
ACH-000389,7,6296682858944794556,35,GABPA (2551)
ACH-000389,7,6296682858944794556,36,TEN1 (100134934)
ACH-000389,7,6296682858944794556,37,JUN (3725)
ACH-000389,7,6296682858944794556,38,CCND3 (896)
ACH-000389,7,6296682858944794556,39,NDUFB11 (54539)
ACH-000389,7,6296682858944794556,40,TTC7A (57217)
ACH-000389,7,6296682858944794556,41,CCND1 (595)
ACH-000389,7,6296682858944794556,42,RELA (5970)
ACH-000389,7,6296682858944794556,43,ZWINT (11130)
ACH-000389,7,6296682858944794556,44,WNK1 (65125)
ACH-000389,7,6296682858944794556,45,HECTD1 (25831)
ACH-000389,7,6296682858944794556,46,HMBS (3145)
ACH-000389,7,6296682858944794556,47,TRPM7 (54822)
ACH-000389,7,6296682858944794556,48,METTL17 (64745)
ACH-000389,7,6296682858944794556,49,ICE2 (79664)
ACH-000389,7,6296682858944794556,50,TIMM29 (90580)
ACH-000389,8,9682385290585404627,1,MDM4 (4194)
ACH-000389,8,9682385290585404627,2,TIMM29 (90580)
ACH-000389,8,9682385290585404627,3,TDP2 (51567)
ACH-000389,8,9682385290585404627,4,STX4 (6810)
ACH-000389,8,9682385290585404627,5,TAFAZZIN (6901)
ACH-000389,8,9682385290585404627,6,SLC20A1 (6574)
ACH-000389,8,9682385290585404627,7,SEPHS2 (22928)
ACH-000389,8,9682385290585404627,8,MRPS5 (64969)
ACH-000389,8,9682385290585404627,9,ICE2 (79664)
ACH-000389,8,9682385290585404627,10,MRPS34 (65993)
ACH-000389,8,9682385290585404627,11,STEEP1 (63932)
ACH-000389,8,9682385290585404627,12,HNRNPA2B1 (3181)
ACH-000389,8,9682385290585404627,13,GLMN (11146)
ACH-000389,8,9682385290585404627,14,ADSS2 (159)
ACH-000389,8,9682385290585404627,15,WDR73 (84942)
ACH-000389,8,9682385290585404627,16,H2BC9 (8345)
ACH-000389,8,9682385290585404627,17,SAMD4B (55095)
ACH-000389,8,9682385290585404627,18,SMG7 (9887)
ACH-000389,8,9682385290585404627,19,OTUD5 (55593)
ACH-000389,8,9682385290585404627,20,NDUFAB1 (4706)
ACH-000389,8,9682385290585404627,21,PTMA (5757)
ACH-000389,8,9682385290585404627,22,MTPAP (55149)
ACH-000389,8,9682385290585404627,23,CSNK1A1 (1452)
ACH-000389,8,9682385290585404627,24,PPP2R3C (55012)
ACH-000389,8,9682385290585404627,25,NR2C2AP (126382)
ACH-000389,8,9682385290585404627,26,FDX1 (2230)
ACH-000389,8,9682385290585404627,27,FBXW11 (23291)
ACH-000389,8,9682385290585404627,28,ARMC5 (79798)
ACH-000389,8,9682385290585404627,29,DSCC1 (79075)
ACH-000389,8,9682385290585404627,30,RPL22L1 (200916)
ACH-000389,8,9682385290585404627,31,PDCD7 (10081)
ACH-000389,8,9682385290585404627,32,ASNS (440)
ACH-000389,8,9682385290585404627,33,FECH (2235)
ACH-000389,8,9682385290585404627,34,KIF14 (9928)
ACH-000389,8,9682385290585404627,35,VEZF1 (7716)
ACH-000389,8,9682385290585404627,36,FADD (8772)
ACH-000389,8,9682385290585404627,37,HAPLN2 (60484)
ACH-000389,8,9682385290585404627,38,NMT1 (4836)
ACH-000389,8,9682385290585404627,39,SAMM50 (25813)
ACH-000389,8,9682385290585404627,40,EP300 (2033)
ACH-000389,8,9682385290585404627,41,SSBP3 (23648)
ACH-000389,8,9682385290585404627,42,KIF18B (146909)
ACH-000389,8,9682385290585404627,43,TAF1D (79101)
ACH-000389,8,9682385290585404627,44,AIFM1 (9131)
ACH-000389,8,9682385290585404627,45,CRIPTO (6997)
ACH-000389,8,9682385290585404627,46,TRIM37 (4591)
ACH-000389,8,9682385290585404627,47,ZNF407 (55628)
ACH-000389,8,9682385290585404627,48,ACTR3 (10096)
ACH-000389,8,9682385290585404627,49,PPP1R15B (84919)
ACH-000389,8,9682385290585404627,50,KLF5 (688)
ACH-000389,9,14843247551041133229,1,PARS2 (25973)
ACH-000389,9,14843247551041133229,2,SEPSECS (51091)
ACH-000389,9,14843247551041133229,3,XRN1 (54464)
ACH-000389,9,14843247551041133229,4,WDR73 (84942)
ACH-000389,9,14843247551041133229,5,CCND3 (896)
ACH-000389,9,14843247551041133229,6,TOE1 (114034)
ACH-000389,9,14843247551041133229,7,SOD2 (6648)
ACH-000389,9,14843247551041133229,8,NR2C2AP (126382)
ACH-000389,9,14843247551041133229,9,DYNLL1 (8655)
ACH-000389,9,14843247551041133229,10,KIF18B (146909)
ACH-000389,9,14843247551041133229,11,MRPS11 (64963)
ACH-000389,9,14843247551041133229,12,CIT (11113)
ACH-000389,9,14843247551041133229,13,MTHFD1 (4522)
ACH-000389,9,14843247551041133229,14,ACO2 (50)
ACH-000389,9,14843247551041133229,15,PHF12 (57649)
ACH-000389,9,14843247551041133229,16,WTAP (9589)
ACH-000389,9,14843247551041133229,17,PPP6C (5537)
ACH-000389,9,14843247551041133229,18,NONO (4841)
ACH-000389,9,14843247551041133229,19,IMPDH2 (3615)
ACH-000389,9,14843247551041133229,20,PMM2 (5373)
ACH-000389,9,14843247551041133229,21,MRPL12 (6182)
ACH-000389,9,14843247551041133229,22,SLC25A3 (5250)
ACH-000389,9,14843247551041133229,23,NFE2L2 (4780)
ACH-000389,9,14843247551041133229,24,BRCA1 (672)
ACH-000389,9,14843247551041133229,25,ZNF217 (7764)
ACH-000389,9,14843247551041133229,26,IPPK (64768)
ACH-000389,9,14843247551041133229,27,ARPC4 (10093)
ACH-000389,9,14843247551041133229,28,TRPM7 (54822)
ACH-000389,9,14843247551041133229,29,PAGR1 (79447)
ACH-000389,9,14843247551041133229,30,BRK1 (55845)
ACH-000389,9,14843247551041133229,31,MTX2 (10651)
ACH-000389,9,14843247551041133229,32,OTUD5 (55593)
ACH-000389,9,14843247551041133229,33,STK11 (6794)
ACH-000389,9,14843247551041133229,34,ELP2 (55250)
ACH-000389,9,14843247551041133229,35,EEFSEC (60678)
ACH-000389,9,14843247551041133229,36,ICE2 (79664)
ACH-000389,9,14843247551041133229,37,OPA1 (4976)
ACH-000389,9,14843247551041133229,38,HAPLN2 (60484)
ACH-000389,9,14843247551041133229,39,LIPT1 (51601)
ACH-000389,9,14843247551041133229,40,RARS2 (57038)
ACH-000389,9,14843247551041133229,41,ADRM1 (11047)
ACH-000389,9,14843247551041133229,42,KEAP1 (9817)
ACH-000389,9,14843247551041133229,43,PPM1D (8493)
ACH-000389,9,14843247551041133229,44,UBE2Z (65264)
ACH-000389,9,14843247551041133229,45,GMPS (8833)
ACH-000389,9,14843247551041133229,46,SLC7A1 (6541)
ACH-000389,9,14843247551041133229,47,PPP4R2 (151987)
ACH-000389,9,14843247551041133229,48,RIC1 (57589)
ACH-000389,9,14843247551041133229,49,ENO1 (2023)
ACH-000389,9,14843247551041133229,50,SMARCB1 (6598)
ACH-000389,10,1284793500496250228,1,ZMYND8 (23613)
ACH-000389,10,1284793500496250228,2,MED9 (55090)
ACH-000389,10,1284793500496250228,3,HYCC2 (285172)
ACH-000389,10,1284793500496250228,4,ELP2 (55250)
ACH-000389,10,1284793500496250228,5,VPS4A (27183)
ACH-000389,10,1284793500496250228,6,PAXIP1 (22976)
ACH-000389,10,1284793500496250228,7,FAM210A (125228)
ACH-000389,10,1284793500496250228,8,NDUFA4 (4697)
ACH-000389,10,1284793500496250228,9,FOXA2 (3170)
ACH-000389,10,1284793500496250228,10,ARMC5 (79798)
ACH-000389,10,1284793500496250228,11,PCNX3 (399909)
ACH-000389,10,1284793500496250228,12,MBTPS1 (8720)
ACH-000389,10,1284793500496250228,13,TCF7L2 (6934)
ACH-000389,10,1284793500496250228,14,P2RY6 (5031)
ACH-000389,10,1284793500496250228,15,GABPA (2551)
ACH-000389,10,1284793500496250228,16,FPGS (2356)
ACH-000389,10,1284793500496250228,17,NDUFB6 (4712)
ACH-000389,10,1284793500496250228,18,RPIA (22934)
ACH-000389,10,1284793500496250228,19,MIB1 (57534)
ACH-000389,10,1284793500496250228,20,OPA1 (4976)
ACH-000389,10,1284793500496250228,21,YME1L1 (10730)
ACH-000389,10,1284793500496250228,22,SLC7A1 (6541)
ACH-000389,10,1284793500496250228,23,SLC25A26 (115286)
ACH-000389,10,1284793500496250228,24,SMG7 (9887)
ACH-000389,10,1284793500496250228,25,ACTR3 (10096)
ACH-000389,10,1284793500496250228,26,TRERF1 (55809)
ACH-000389,10,1284793500496250228,27,NDC1 (55706)
ACH-000389,10,1284793500496250228,28,SLC3A2 (6520)
ACH-000389,10,1284793500496250228,29,CRAMP1 (57585)
ACH-000389,10,1284793500496250228,30,PKN2 (5586)
ACH-000389,10,1284793500496250228,31,TIMM17A (10440)
ACH-000389,10,1284793500496250228,32,PGP (283871)
ACH-000389,10,1284793500496250228,33,ZFP36L1 (677)
ACH-000389,10,1284793500496250228,34,STX4 (6810)
ACH-000389,10,1284793500496250228,35,CDK8 (1024)
ACH-000389,10,1284793500496250228,36,CTNNA1 (1495)
ACH-000389,10,1284793500496250228,37,ARID1B (57492)
ACH-000389,10,1284793500496250228,38,TWNK (56652)
ACH-000389,10,1284793500496250228,39,PTP4A1 (7803)
ACH-000389,10,1284793500496250228,40,USP7 (7874)
ACH-000389,10,1284793500496250228,41,MYBBP1A (10514)
ACH-000389,10,1284793500496250228,42,KNTC1 (9735)
ACH-000389,10,1284793500496250228,43,ITGB1 (3688)
ACH-000389,10,1284793500496250228,44,TELO2 (9894)
ACH-000389,10,1284793500496250228,45,EXOSC10 (5394)
ACH-000389,10,1284793500496250228,46,ACSL3 (2181)
ACH-000389,10,1284793500496250228,47,ITGAV (3685)
ACH-000389,10,1284793500496250228,48,PIK3CA (5290)
ACH-000389,10,1284793500496250228,49,GCN1 (10985)
ACH-000389,10,1284793500496250228,50,DNM1L (10059)
ACH-000389,11,4030411009154800394,1,PITRM1 (10531)
ACH-000389,11,4030411009154800394,2,SLC25A26 (115286)
ACH-000389,11,4030411009154800394,3,TAMM41 (132001)
ACH-000389,11,4030411009154800394,4,PTPN11 (5781)
ACH-000389,11,4030411009154800394,5,INTS15 (79034)
ACH-000389,11,4030411009154800394,6,WNK1 (65125)
ACH-000389,11,4030411009154800394,7,SLC25A3 (5250)
ACH-000389,11,4030411009154800394,8,SREBF1 (6720)
ACH-000389,11,4030411009154800394,9,FLII (2314)
ACH-000389,11,4030411009154800394,10,COX10 (1352)
ACH-000389,11,4030411009154800394,11,DNAJC13 (23317)
ACH-000389,11,4030411009154800394,12,COP1 (64326)
ACH-000389,11,4030411009154800394,13,UBR5 (51366)
ACH-000389,11,4030411009154800394,14,MNAT1 (4331)
ACH-000389,11,4030411009154800394,15,METTL1 (4234)
ACH-000389,11,4030411009154800394,16,HNF1A (6927)
ACH-000389,11,4030411009154800394,17,CRIPTO (6997)
ACH-000389,11,4030411009154800394,18,RGP1 (9827)
ACH-000389,11,4030411009154800394,19,NSMCE4A (54780)
ACH-000389,11,4030411009154800394,20,EIF5AL1 (143244)
ACH-000389,11,4030411009154800394,21,APC (324)
ACH-000389,11,4030411009154800394,22,MYBL2 (4605)
ACH-000389,11,4030411009154800394,23,PGP (283871)
ACH-000389,11,4030411009154800394,24,PRPF39 (55015)
ACH-000389,11,4030411009154800394,25,CEP43 (11116)
ACH-000389,11,4030411009154800394,26,PIK3CA (5290)
ACH-000389,11,4030411009154800394,27,BRD2 (6046)
ACH-000389,11,4030411009154800394,28,SLC38A2 (54407)
ACH-000389,11,4030411009154800394,29,IMPDH2 (3615)
ACH-000389,11,4030411009154800394,30,JTB (10899)
ACH-000389,11,4030411009154800394,31,TRIM37 (4591)
ACH-000389,11,4030411009154800394,32,ZNF407 (55628)
ACH-000389,11,4030411009154800394,33,PAICS (10606)
ACH-000389,11,4030411009154800394,34,BRCA1 (672)
ACH-000389,11,4030411009154800394,35,SDHB (6390)
ACH-000389,11,4030411009154800394,36,LSM12 (124801)
ACH-000389,11,4030411009154800394,37,WRN (7486)
ACH-000389,11,4030411009154800394,38,FBXO42 (54455)
ACH-000389,11,4030411009154800394,39,GRB2 (2885)
ACH-000389,11,4030411009154800394,40,HARS2 (23438)
ACH-000389,11,4030411009154800394,41,CHMP5 (51510)
ACH-000389,11,4030411009154800394,42,MYBBP1A (10514)
ACH-000389,11,4030411009154800394,43,FDFT1 (2222)
ACH-000389,11,4030411009154800394,44,FDPS (2224)
ACH-000389,11,4030411009154800394,45,SLC7A1 (6541)
ACH-000389,11,4030411009154800394,46,GMNN (51053)
ACH-000389,11,4030411009154800394,47,TOMM20 (9804)
ACH-000389,11,4030411009154800394,48,CCDC6 (8030)
ACH-000389,11,4030411009154800394,49,KCMF1 (56888)
ACH-000389,11,4030411009154800394,50,USP8 (9101)
ACH-000389,12,7314873192165814770,1,VHL (7428)
ACH-000389,12,7314873192165814770,2,MLST8 (64223)
ACH-000389,12,7314873192165814770,3,ACTB (60)
ACH-000389,12,7314873192165814770,4,PPP6R3 (55291)
ACH-000389,12,7314873192165814770,5,SREBF1 (6720)
ACH-000389,12,7314873192165814770,6,ZEB1 (6935)
ACH-000389,12,7314873192165814770,7,YAP1 (10413)
ACH-000389,12,7314873192165814770,8,MRPL32 (64983)
ACH-000389,12,7314873192165814770,9,MCL1 (4170)
ACH-000389,12,7314873192165814770,10,TIPRL (261726)
ACH-000389,12,7314873192165814770,11,YME1L1 (10730)
ACH-000389,12,7314873192165814770,12,TACC3 (10460)
ACH-000389,12,7314873192165814770,13,PKN2 (5586)
ACH-000389,12,7314873192165814770,14,CSK (1445)
ACH-000389,12,7314873192165814770,15,PDS5A (23244)
ACH-000389,12,7314873192165814770,16,ADSL (158)
ACH-000389,12,7314873192165814770,17,GTF3C3 (9330)
ACH-000389,12,7314873192165814770,18,MRPL38 (64978)
ACH-000389,12,7314873192165814770,19,PAICS (10606)
ACH-000389,12,7314873192165814770,20,MRPL41 (64975)
ACH-000389,12,7314873192165814770,21,PRKAR1A (5573)
ACH-000389,12,7314873192165814770,22,MVD (4597)
ACH-000389,12,7314873192165814770,23,NARS2 (79731)
ACH-000389,12,7314873192165814770,24,PDCD7 (10081)
ACH-000389,12,7314873192165814770,25,XRN1 (54464)
ACH-000389,12,7314873192165814770,26,MRPL28 (10573)
ACH-000389,12,7314873192165814770,27,PMM2 (5373)
ACH-000389,12,7314873192165814770,28,DLST (1743)
ACH-000389,12,7314873192165814770,29,MYBL2 (4605)
ACH-000389,12,7314873192165814770,30,ESCO2 (157570)
ACH-000389,12,7314873192165814770,31,TOMM20 (9804)
ACH-000389,12,7314873192165814770,32,SLC30A9 (10463)
ACH-000389,12,7314873192165814770,33,FDXR (2232)
ACH-000389,12,7314873192165814770,34,ADSS2 (159)
ACH-000389,12,7314873192165814770,35,EEFSEC (60678)
ACH-000389,12,7314873192165814770,36,FDX1 (2230)
ACH-000389,12,7314873192165814770,37,SLC33A1 (9197)
ACH-000389,12,7314873192165814770,38,TSC1 (7248)
ACH-000389,12,7314873192165814770,39,CAD (790)
ACH-000389,12,7314873192165814770,40,PFDN5 (5204)
ACH-000389,12,7314873192165814770,41,RPUSD4 (84881)
ACH-000389,12,7314873192165814770,42,ZFP36L1 (677)
ACH-000389,12,7314873192165814770,43,USP8 (9101)
ACH-000389,12,7314873192165814770,44,DYNLL1 (8655)
ACH-000389,12,7314873192165814770,45,THAP11 (57215)
ACH-000389,12,7314873192165814770,46,MED23 (9439)
ACH-000389,12,7314873192165814770,47,EARS2 (124454)
ACH-000389,12,7314873192165814770,48,FADD (8772)
ACH-000389,12,7314873192165814770,49,RFK (55312)
ACH-000389,12,7314873192165814770,50,SOX9 (6662)
ACH-000389,13,5137600538003510570,1,RAB10 (10890)
ACH-000389,13,5137600538003510570,2,FAM185A (222234)
ACH-000389,13,5137600538003510570,3,PFAS (5198)
ACH-000389,13,5137600538003510570,4,MRPS24 (64951)
ACH-000389,13,5137600538003510570,5,DOCK5 (80005)
ACH-000389,13,5137600538003510570,6,DNM1L (10059)
ACH-000389,13,5137600538003510570,7,GRB2 (2885)
ACH-000389,13,5137600538003510570,8,MRPS7 (51081)
ACH-000389,13,5137600538003510570,9,PPM1D (8493)
ACH-000389,13,5137600538003510570,10,UBE2C (11065)
ACH-000389,13,5137600538003510570,11,INTS6 (26512)
ACH-000389,13,5137600538003510570,12,DDX19A (55308)
ACH-000389,13,5137600538003510570,13,RGP1 (9827)
ACH-000389,13,5137600538003510570,14,CTPS1 (1503)
ACH-000389,13,5137600538003510570,15,IRS2 (8660)
ACH-000389,13,5137600538003510570,16,COA6 (388753)
ACH-000389,13,5137600538003510570,17,SLC25A3 (5250)
ACH-000389,13,5137600538003510570,18,YPEL5 (51646)
ACH-000389,13,5137600538003510570,19,ELP4 (26610)
ACH-000389,13,5137600538003510570,20,HMBS (3145)
ACH-000389,13,5137600538003510570,21,NBAS (51594)
ACH-000389,13,5137600538003510570,22,HARS2 (23438)
ACH-000389,13,5137600538003510570,23,GMNN (51053)
ACH-000389,13,5137600538003510570,24,PITRM1 (10531)
ACH-000389,13,5137600538003510570,25,CIT (11113)
ACH-000389,13,5137600538003510570,26,CCNL1 (57018)
ACH-000389,13,5137600538003510570,27,REXO2 (25996)
ACH-000389,13,5137600538003510570,28,NARS2 (79731)
ACH-000389,13,5137600538003510570,29,HSD17B10 (3028)
ACH-000389,13,5137600538003510570,30,BSG (682)
ACH-000389,13,5137600538003510570,31,NRAS (4893)
ACH-000389,13,5137600538003510570,32,YAP1 (10413)
ACH-000389,13,5137600538003510570,33,WDR48 (57599)
ACH-000389,13,5137600538003510570,34,WWTR1 (25937)
ACH-000389,13,5137600538003510570,35,FARS2 (10667)
ACH-000389,13,5137600538003510570,36,FERMT1 (55612)
ACH-000389,13,5137600538003510570,37,DDX3X (1654)
ACH-000389,13,5137600538003510570,38,CEP43 (11116)
ACH-000389,13,5137600538003510570,39,GOLT1B (51026)
ACH-000389,13,5137600538003510570,40,MTCH2 (23788)
ACH-000389,13,5137600538003510570,41,NSMCE4A (54780)
ACH-000389,13,5137600538003510570,42,COX7C (1350)
ACH-000389,13,5137600538003510570,43,PCYT1A (5130)
ACH-000389,13,5137600538003510570,44,TMED2 (10959)
ACH-000389,13,5137600538003510570,45,ATXN7L3 (56970)
ACH-000389,13,5137600538003510570,46,RPAP2 (79871)
ACH-000389,13,5137600538003510570,47,ANLN (54443)
ACH-000389,13,5137600538003510570,48,FDPS (2224)
ACH-000389,13,5137600538003510570,49,COA7 (65260)
ACH-000389,13,5137600538003510570,50,FDFT1 (2222)
ACH-000389,14,15763141908375906396,1,CARS2 (79587)
ACH-000389,14,15763141908375906396,2,EED (8726)
ACH-000389,14,15763141908375906396,3,MYBL2 (4605)
ACH-000389,14,15763141908375906396,4,GPX4 (2879)
ACH-000389,14,15763141908375906396,5,HSPA8 (3312)
ACH-000389,14,15763141908375906396,6,HNRNPR (10236)
ACH-000389,14,15763141908375906396,7,MRPS24 (64951)
ACH-000389,14,15763141908375906396,8,SRSF10 (10772)
ACH-000389,14,15763141908375906396,9,MRPS16 (51021)
ACH-000389,14,15763141908375906396,10,ACO2 (50)
ACH-000389,14,15763141908375906396,11,MRPL15 (29088)
ACH-000389,14,15763141908375906396,12,ISCA2 (122961)
ACH-000389,14,15763141908375906396,13,PGM3 (5238)
ACH-000389,14,15763141908375906396,14,UBE2Z (65264)
ACH-000389,14,15763141908375906396,15,PARS2 (25973)
ACH-000389,14,15763141908375906396,16,NBAS (51594)
ACH-000389,14,15763141908375906396,17,KLF5 (688)
ACH-000389,14,15763141908375906396,18,PRKAR1A (5573)
ACH-000389,14,15763141908375906396,19,SMARCE1 (6605)
ACH-000389,14,15763141908375906396,20,USP7 (7874)
ACH-000389,14,15763141908375906396,21,TCOF1 (6949)
ACH-000389,14,15763141908375906396,22,COASY (80347)
ACH-000389,14,15763141908375906396,23,BRK1 (55845)
ACH-000389,14,15763141908375906396,24,RPIA (22934)
ACH-000389,14,15763141908375906396,25,MED24 (9862)
ACH-000389,14,15763141908375906396,26,MBTPS2 (51360)
ACH-000389,14,15763141908375906396,27,NSMCE4A (54780)
ACH-000389,14,15763141908375906396,28,RBM18 (92400)
ACH-000389,14,15763141908375906396,29,FDXR (2232)
ACH-000389,14,15763141908375906396,30,MBTPS1 (8720)
ACH-000389,14,15763141908375906396,31,JTB (10899)
ACH-000389,14,15763141908375906396,32,TXNRD1 (7296)
ACH-000389,14,15763141908375906396,33,FARS2 (10667)
ACH-000389,14,15763141908375906396,34,PGP (283871)
ACH-000389,14,15763141908375906396,35,VHL (7428)
ACH-000389,14,15763141908375906396,36,RAB10 (10890)
ACH-000389,14,15763141908375906396,37,MRPL18 (29074)
ACH-000389,14,15763141908375906396,38,KDM2A (22992)
ACH-000389,14,15763141908375906396,39,SMCHD1 (23347)
ACH-000389,14,15763141908375906396,40,CCDC6 (8030)
ACH-000389,14,15763141908375906396,41,TRIP13 (9319)
ACH-000389,14,15763141908375906396,42,MAPK1 (5594)
ACH-000389,14,15763141908375906396,43,SEPHS2 (22928)
ACH-000389,14,15763141908375906396,44,SDHB (6390)
ACH-000389,14,15763141908375906396,45,CYC1 (1537)
ACH-000389,14,15763141908375906396,46,TELO2 (9894)
ACH-000389,14,15763141908375906396,47,YME1L1 (10730)
ACH-000389,14,15763141908375906396,48,DICER1 (23405)
ACH-000389,14,15763141908375906396,49,TMED2 (10959)
ACH-000389,14,15763141908375906396,50,ATF4 (468)
ACH-000389,15,3443431904119269705,1,NUP50 (10762)
ACH-000389,15,3443431904119269705,2,SLC30A9 (10463)
ACH-000389,15,3443431904119269705,3,FZD5 (7855)
ACH-000389,15,3443431904119269705,4,MRPS24 (64951)
ACH-000389,15,3443431904119269705,5,MYB (4602)
ACH-000389,15,3443431904119269705,6,EARS2 (124454)
ACH-000389,15,3443431904119269705,7,BRAF (673)
ACH-000389,15,3443431904119269705,8,RAD1 (5810)
ACH-000389,15,3443431904119269705,9,HNRNPR (10236)
ACH-000389,15,3443431904119269705,10,SNAP23 (8773)
ACH-000389,15,3443431904119269705,11,PAGR1 (79447)
ACH-000389,15,3443431904119269705,12,WDR73 (84942)
ACH-000389,15,3443431904119269705,13,RAD51C (5889)
ACH-000389,15,3443431904119269705,14,KDM2A (22992)
ACH-000389,15,3443431904119269705,15,TRIT1 (54802)
ACH-000389,15,3443431904119269705,16,SUGT1 (10910)
ACH-000389,15,3443431904119269705,17,INTS15 (79034)
ACH-000389,15,3443431904119269705,18,EAPP (55837)
ACH-000389,15,3443431904119269705,19,MRPS14 (63931)
ACH-000389,15,3443431904119269705,20,FGFR1 (2260)
ACH-000389,15,3443431904119269705,21,PGM3 (5238)
ACH-000389,15,3443431904119269705,22,HNRNPA2B1 (3181)
ACH-000389,15,3443431904119269705,23,RAB10 (10890)
ACH-000389,15,3443431904119269705,24,KCMF1 (56888)
ACH-000389,15,3443431904119269705,25,FAM185A (222234)
ACH-000389,15,3443431904119269705,26,SOX9 (6662)
ACH-000389,15,3443431904119269705,27,USP8 (9101)
ACH-000389,15,3443431904119269705,28,FLII (2314)
ACH-000389,15,3443431904119269705,29,LAMTOR2 (28956)
ACH-000389,15,3443431904119269705,30,H2BC5 (3017)
ACH-000389,15,3443431904119269705,31,DDX3X (1654)
ACH-000389,15,3443431904119269705,32,LSM12 (124801)
ACH-000389,15,3443431904119269705,33,UBQLN4 (56893)
ACH-000389,15,3443431904119269705,34,TIGD3 (220359)
ACH-000389,15,3443431904119269705,35,SLC16A1 (6566)
ACH-000389,15,3443431904119269705,36,MVD (4597)
ACH-000389,15,3443431904119269705,37,CTNNB1 (1499)
ACH-000389,15,3443431904119269705,38,NXT1 (29107)
ACH-000389,15,3443431904119269705,39,NAMPT (10135)
ACH-000389,15,3443431904119269705,40,TRIP13 (9319)
ACH-000389,15,3443431904119269705,41,STEEP1 (63932)
ACH-000389,15,3443431904119269705,42,TRIM37 (4591)
ACH-000389,15,3443431904119269705,43,FBXO42 (54455)
ACH-000389,15,3443431904119269705,44,NMNAT1 (64802)
ACH-000389,15,3443431904119269705,45,GLRX5 (51218)
ACH-000389,15,3443431904119269705,46,CCDC51 (79714)
ACH-000389,15,3443431904119269705,47,MRPL39 (54148)
ACH-000389,15,3443431904119269705,48,XYLT2 (64132)
ACH-000389,15,3443431904119269705,49,SMC5 (23137)
ACH-000389,15,3443431904119269705,50,WASHC2C (253725)
ACH-000389,16,9045155146056487835,1,TRIM28 (10155)
ACH-000389,16,9045155146056487835,2,FARS2 (10667)
ACH-000389,16,9045155146056487835,3,FADD (8772)
ACH-000389,16,9045155146056487835,4,NAA20 (51126)
ACH-000389,16,9045155146056487835,5,CYB5B (80777)
ACH-000389,16,9045155146056487835,6,FGFR1 (2260)
ACH-000389,16,9045155146056487835,7,CDH1 (999)
ACH-000389,16,9045155146056487835,8,MEN1 (4221)
ACH-000389,16,9045155146056487835,9,LDLR (3949)
ACH-000389,16,9045155146056487835,10,GRSF1 (2926)
ACH-000389,16,9045155146056487835,11,TXNRD1 (7296)
ACH-000389,16,9045155146056487835,12,GPX4 (2879)
ACH-000389,16,9045155146056487835,13,TRPM7 (54822)
ACH-000389,16,9045155146056487835,14,MRPL38 (64978)
ACH-000389,16,9045155146056487835,15,PPP4R2 (151987)
ACH-000389,16,9045155146056487835,16,MRPS25 (64432)
ACH-000389,16,9045155146056487835,17,CDS2 (8760)
ACH-000389,16,9045155146056487835,18,NHLRC2 (374354)
ACH-000389,16,9045155146056487835,19,NMT1 (4836)
ACH-000389,16,9045155146056487835,20,HAPLN2 (60484)
ACH-000389,16,9045155146056487835,21,ATP5F1D (513)
ACH-000389,16,9045155146056487835,22,CCAR1 (55749)
ACH-000389,16,9045155146056487835,23,MTX2 (10651)
ACH-000389,16,9045155146056487835,24,MDM4 (4194)
ACH-000389,16,9045155146056487835,25,SKA1 (220134)
ACH-000389,16,9045155146056487835,26,SLC25A28 (81894)
ACH-000389,16,9045155146056487835,27,FDPS (2224)
ACH-000389,16,9045155146056487835,28,HARS2 (23438)
ACH-000389,16,9045155146056487835,29,GABPB1 (2553)
ACH-000389,16,9045155146056487835,30,ATP6V1H (51606)
ACH-000389,16,9045155146056487835,31,SUGT1 (10910)
ACH-000389,16,9045155146056487835,32,SLC38A2 (54407)
ACH-000389,16,9045155146056487835,33,STN1 (79991)
ACH-000389,16,9045155146056487835,34,NUP50 (10762)
ACH-000389,16,9045155146056487835,35,UBR5 (51366)
ACH-000389,16,9045155146056487835,36,SLC20A1 (6574)
ACH-000389,16,9045155146056487835,37,ITGB5 (3693)
ACH-000389,16,9045155146056487835,38,DDX39B (7919)
ACH-000389,16,9045155146056487835,39,PCYT1A (5130)
ACH-000389,16,9045155146056487835,40,HSP90B1 (7184)
ACH-000389,16,9045155146056487835,41,PFDN5 (5204)
ACH-000389,16,9045155146056487835,42,PRPF39 (55015)
ACH-000389,16,9045155146056487835,43,FDX1 (2230)
ACH-000389,16,9045155146056487835,44,NXT1 (29107)
ACH-000389,16,9045155146056487835,45,NDUFB6 (4712)
ACH-000389,16,9045155146056487835,46,MED23 (9439)
ACH-000389,16,9045155146056487835,47,SLC25A3 (5250)
ACH-000389,16,9045155146056487835,48,TGIF1 (7050)
ACH-000389,16,9045155146056487835,49,TCF7L2 (6934)
ACH-000389,16,9045155146056487835,50,PPP1CA (5499)
ACH-000389,17,3315017900060731012,1,EFR3A (23167)
ACH-000389,17,3315017900060731012,2,UROD (7389)
ACH-000389,17,3315017900060731012,3,UXS1 (80146)
ACH-000389,17,3315017900060731012,4,ATP5F1D (513)
ACH-000389,17,3315017900060731012,5,THG1L (54974)
ACH-000389,17,3315017900060731012,6,SMCHD1 (23347)
ACH-000389,17,3315017900060731012,7,SYNCRIP (10492)
ACH-000389,17,3315017900060731012,8,RAF1 (5894)
ACH-000389,17,3315017900060731012,9,VPS4A (27183)
ACH-000389,17,3315017900060731012,10,RBM18 (92400)
ACH-000389,17,3315017900060731012,11,COASY (80347)
ACH-000389,17,3315017900060731012,12,DSN1 (79980)
ACH-000389,17,3315017900060731012,13,ATP1B3 (483)
ACH-000389,17,3315017900060731012,14,RPRD1B (58490)
ACH-000389,17,3315017900060731012,15,UBQLN4 (56893)
ACH-000389,17,3315017900060731012,16,CAND1 (55832)
ACH-000389,17,3315017900060731012,17,DDX39B (7919)
ACH-000389,17,3315017900060731012,18,METTL17 (64745)
ACH-000389,17,3315017900060731012,19,FZD5 (7855)
ACH-000389,17,3315017900060731012,20,TSC1 (7248)
ACH-000389,17,3315017900060731012,21,HSP90B1 (7184)
ACH-000389,17,3315017900060731012,22,MAD2L1BP (9587)
ACH-000389,17,3315017900060731012,23,COP1 (64326)
ACH-000389,17,3315017900060731012,24,CCNB1 (891)
ACH-000389,17,3315017900060731012,25,NSMCE4A (54780)
ACH-000389,17,3315017900060731012,26,KCMF1 (56888)
ACH-000389,17,3315017900060731012,27,CRLS1 (54675)
ACH-000389,17,3315017900060731012,28,INTS6 (26512)
ACH-000389,17,3315017900060731012,29,ADAR (103)
ACH-000389,17,3315017900060731012,30,NONO (4841)
ACH-000389,17,3315017900060731012,31,TFRC (7037)
ACH-000389,17,3315017900060731012,32,POLRMT (5442)
ACH-000389,17,3315017900060731012,33,CCNL1 (57018)
ACH-000389,17,3315017900060731012,34,MED24 (9862)
ACH-000389,17,3315017900060731012,35,UBE2S (27338)
ACH-000389,17,3315017900060731012,36,EARS2 (124454)
ACH-000389,17,3315017900060731012,37,ACTB (60)
ACH-000389,17,3315017900060731012,38,NRAS (4893)
ACH-000389,17,3315017900060731012,39,ARPC4 (10093)
ACH-000389,17,3315017900060731012,40,HECTD1 (25831)
ACH-000389,17,3315017900060731012,41,OXSM (54995)
ACH-000389,17,3315017900060731012,42,ESCO2 (157570)
ACH-000389,17,3315017900060731012,43,SNRPB2 (6629)
ACH-000389,17,3315017900060731012,44,ACO2 (50)
ACH-000389,17,3315017900060731012,45,MRPL49 (740)
ACH-000389,17,3315017900060731012,46,MIOS (54468)
ACH-000389,17,3315017900060731012,47,ITGB1 (3688)
ACH-000389,17,3315017900060731012,48,MYBL2 (4605)
ACH-000389,17,3315017900060731012,49,ATP6V0E1 (8992)
ACH-000389,17,3315017900060731012,50,GFM1 (85476)
ACH-000389,18,16081741258106288265,1,RGP1 (9827)
ACH-000389,18,16081741258106288265,2,NARS2 (79731)
ACH-000389,18,16081741258106288265,3,NAMPT (10135)
ACH-000389,18,16081741258106288265,4,MED23 (9439)
ACH-000389,18,16081741258106288265,5,RPUSD4 (84881)
ACH-000389,18,16081741258106288265,6,ELP2 (55250)
ACH-000389,18,16081741258106288265,7,MYH9 (4627)
ACH-000389,18,16081741258106288265,8,FDX1 (2230)
ACH-000389,18,16081741258106288265,9,IRS2 (8660)
ACH-000389,18,16081741258106288265,10,C19orf53 (28974)
ACH-000389,18,16081741258106288265,11,CDAN1 (146059)
ACH-000389,18,16081741258106288265,12,TMED2 (10959)
ACH-000389,18,16081741258106288265,13,C3orf38 (285237)
ACH-000389,18,16081741258106288265,14,PCNX3 (399909)
ACH-000389,18,16081741258106288265,15,NUP50 (10762)
ACH-000389,18,16081741258106288265,16,XRN1 (54464)
ACH-000389,18,16081741258106288265,17,PRRC2A (7916)
ACH-000389,18,16081741258106288265,18,STK11 (6794)
ACH-000389,18,16081741258106288265,19,COA7 (65260)
ACH-000389,18,16081741258106288265,20,DNM1L (10059)
ACH-000389,18,16081741258106288265,21,BPTF (2186)
ACH-000389,18,16081741258106288265,22,TFB2M (64216)
ACH-000389,18,16081741258106288265,23,CRIPTO (6997)
ACH-000389,18,16081741258106288265,24,EAF1 (85403)
ACH-000389,18,16081741258106288265,25,TRIT1 (54802)
ACH-000389,18,16081741258106288265,26,NFRKB (4798)
ACH-000389,18,16081741258106288265,27,SMCHD1 (23347)
ACH-000389,18,16081741258106288265,28,ARF4 (378)
ACH-000389,18,16081741258106288265,29,ASCC3 (10973)
ACH-000389,18,16081741258106288265,30,DAXX (1616)
ACH-000389,18,16081741258106288265,31,CCNL1 (57018)
ACH-000389,18,16081741258106288265,32,GMNN (51053)
ACH-000389,18,16081741258106288265,33,SLC7A1 (6541)
ACH-000389,18,16081741258106288265,34,WTAP (9589)
ACH-000389,18,16081741258106288265,35,MMGT1 (93380)
ACH-000389,18,16081741258106288265,36,DDX5 (1655)
ACH-000389,18,16081741258106288265,37,USP1 (7398)
ACH-000389,18,16081741258106288265,38,DHODH (1723)
ACH-000389,18,16081741258106288265,39,VARS2 (57176)
ACH-000389,18,16081741258106288265,40,ATL2 (64225)
ACH-000389,18,16081741258106288265,41,KEAP1 (9817)
ACH-000389,18,16081741258106288265,42,NAA20 (51126)
ACH-000389,18,16081741258106288265,43,MRPS24 (64951)
ACH-000389,18,16081741258106288265,44,RBM18 (92400)
ACH-000389,18,16081741258106288265,45,EAPP (55837)
ACH-000389,18,16081741258106288265,46,PTPN11 (5781)
ACH-000389,18,16081741258106288265,47,GABPB1 (2553)
ACH-000389,18,16081741258106288265,48,RIC8A (60626)
ACH-000389,18,16081741258106288265,49,STEEP1 (63932)
ACH-000389,18,16081741258106288265,50,GOLGA7 (51125)
ACH-000389,19,10450260367184456553,1,NDC1 (55706)
ACH-000389,19,10450260367184456553,2,RBM18 (92400)
ACH-000389,19,10450260367184456553,3,H2BC9 (8345)
ACH-000389,19,10450260367184456553,4,MYH9 (4627)
ACH-000389,19,10450260367184456553,5,GTF3C3 (9330)
ACH-000389,19,10450260367184456553,6,MRPS34 (65993)
ACH-000389,19,10450260367184456553,7,EAF1 (85403)
ACH-000389,19,10450260367184456553,8,TUBE1 (51175)
ACH-000389,19,10450260367184456553,9,SMARCE1 (6605)
ACH-000389,19,10450260367184456553,10,APC (324)
ACH-000389,19,10450260367184456553,11,TAF1D (79101)
ACH-000389,19,10450260367184456553,12,SHOC2 (8036)
ACH-000389,19,10450260367184456553,13,METTL1 (4234)
ACH-000389,19,10450260367184456553,14,MRPL35 (51318)
ACH-000389,19,10450260367184456553,15,DAXX (1616)
ACH-000389,19,10450260367184456553,16,RAD51C (5889)
ACH-000389,19,10450260367184456553,17,TIMM17A (10440)
ACH-000389,19,10450260367184456553,18,SLC25A28 (81894)
ACH-000389,19,10450260367184456553,19,XRCC3 (7517)
ACH-000389,19,10450260367184456553,20,PPP4R2 (151987)
ACH-000389,19,10450260367184456553,21,GOLT1B (51026)
ACH-000389,19,10450260367184456553,22,NSMCE4A (54780)
ACH-000389,19,10450260367184456553,23,TIPRL (261726)
ACH-000389,19,10450260367184456553,24,SAMD4B (55095)
ACH-000389,19,10450260367184456553,25,UFM1 (51569)
ACH-000389,19,10450260367184456553,26,CCDC6 (8030)
ACH-000389,19,10450260367184456553,27,RPRD1B (58490)
ACH-000389,19,10450260367184456553,28,TOMM20 (9804)
ACH-000389,19,10450260367184456553,29,ATP5F1C (509)
ACH-000389,19,10450260367184456553,30,KLF5 (688)
ACH-000389,19,10450260367184456553,31,CBFB (865)
ACH-000389,19,10450260367184456553,32,H2AX (3014)
ACH-000389,19,10450260367184456553,33,PRRC2A (7916)
ACH-000389,19,10450260367184456553,34,ATP2B1 (490)
ACH-000389,19,10450260367184456553,35,PKN2 (5586)
ACH-000389,19,10450260367184456553,36,SQLE (6713)
ACH-000389,19,10450260367184456553,37,SNRPB2 (6629)
ACH-000389,19,10450260367184456553,38,EXOC1 (55763)
ACH-000389,19,10450260367184456553,39,PNKP (11284)
ACH-000389,19,10450260367184456553,40,CFLAR (8837)
ACH-000389,19,10450260367184456553,41,EFR3A (23167)
ACH-000389,19,10450260367184456553,42,STAMBP (10617)
ACH-000389,19,10450260367184456553,43,TAF5L (27097)
ACH-000389,19,10450260367184456553,44,TRIM37 (4591)
ACH-000389,19,10450260367184456553,45,MRPS14 (63931)
ACH-000389,19,10450260367184456553,46,POLG (5428)
ACH-000389,19,10450260367184456553,47,HMBS (3145)
ACH-000389,19,10450260367184456553,48,H2BC5 (3017)
ACH-000389,19,10450260367184456553,49,REXO2 (25996)
ACH-000389,19,10450260367184456553,50,TMX2 (51075)
ACH-000496,0,6479350574371925838,1,RAB6A (5870)
ACH-000496,0,6479350574371925838,2,BCL9L (283149)
ACH-000496,0,6479350574371925838,3,ZMYND8 (23613)
ACH-000496,0,6479350574371925838,4,WWTR1 (25937)
ACH-000496,0,6479350574371925838,5,PPAT (5471)
ACH-000496,0,6479350574371925838,6,SEPSECS (51091)
ACH-000496,0,6479350574371925838,7,NDUFAB1 (4706)
ACH-000496,0,6479350574371925838,8,P2RY6 (5031)
ACH-000496,0,6479350574371925838,9,SCAP (22937)
ACH-000496,0,6479350574371925838,10,DAP3 (7818)
ACH-000496,0,6479350574371925838,11,TIMM17A (10440)
ACH-000496,0,6479350574371925838,12,ANAPC15 (25906)
ACH-000496,0,6479350574371925838,13,DYNLL1 (8655)
ACH-000496,0,6479350574371925838,14,KEAP1 (9817)
ACH-000496,0,6479350574371925838,15,TIMM22 (29928)
ACH-000496,0,6479350574371925838,16,TRPM7 (54822)
ACH-000496,0,6479350574371925838,17,GFM1 (85476)
ACH-000496,0,6479350574371925838,18,SARNP (84324)
ACH-000496,0,6479350574371925838,19,XRCC3 (7517)
ACH-000496,0,6479350574371925838,20,TRIT1 (54802)
ACH-000496,0,6479350574371925838,21,CRLS1 (54675)
ACH-000496,0,6479350574371925838,22,NAPG (8774)
ACH-000496,0,6479350574371925838,23,USP1 (7398)
ACH-000496,0,6479350574371925838,24,ELP4 (26610)
ACH-000496,0,6479350574371925838,25,RAD51D (5892)
ACH-000496,0,6479350574371925838,26,HAPSTR1 (29035)
ACH-000496,0,6479350574371925838,27,SRSF10 (10772)
ACH-000496,0,6479350574371925838,28,MYB (4602)
ACH-000496,0,6479350574371925838,29,TSC1 (7248)
ACH-000496,0,6479350574371925838,30,CAND1 (55832)
ACH-000496,0,6479350574371925838,31,XRN1 (54464)
ACH-000496,0,6479350574371925838,32,FERMT2 (10979)
ACH-000496,0,6479350574371925838,33,FADD (8772)
ACH-000496,0,6479350574371925838,34,FURIN (5045)
ACH-000496,0,6479350574371925838,35,ZWINT (11130)
ACH-000496,0,6479350574371925838,36,MTCH2 (23788)
ACH-000496,0,6479350574371925838,37,UBAP2L (9898)
ACH-000496,0,6479350574371925838,38,ZNF217 (7764)
ACH-000496,0,6479350574371925838,39,PCYT1A (5130)
ACH-000496,0,6479350574371925838,40,COX10 (1352)
ACH-000496,0,6479350574371925838,41,UBE2S (27338)
ACH-000496,0,6479350574371925838,42,NDUFA4 (4697)
ACH-000496,0,6479350574371925838,43,WDR48 (57599)
ACH-000496,0,6479350574371925838,44,PPA2 (27068)
ACH-000496,0,6479350574371925838,45,TUBE1 (51175)
ACH-000496,0,6479350574371925838,46,CHMP7 (91782)
ACH-000496,0,6479350574371925838,47,NAA20 (51126)
ACH-000496,0,6479350574371925838,48,IER3IP1 (51124)
ACH-000496,0,6479350574371925838,49,MRPL4 (51073)
ACH-000496,0,6479350574371925838,50,DET1 (55070)
ACH-000496,1,13993340864440020692,1,SNAP23 (8773)
ACH-000496,1,13993340864440020692,2,MRPL39 (54148)
ACH-000496,1,13993340864440020692,3,RNF4 (6047)
ACH-000496,1,13993340864440020692,4,MRPL53 (116540)
ACH-000496,1,13993340864440020692,5,NDUFB11 (54539)
ACH-000496,1,13993340864440020692,6,ZNF407 (55628)
ACH-000496,1,13993340864440020692,7,MED19 (219541)
ACH-000496,1,13993340864440020692,8,WWTR1 (25937)
ACH-000496,1,13993340864440020692,9,PFDN5 (5204)
ACH-000496,1,13993340864440020692,10,CTPS1 (1503)
ACH-000496,1,13993340864440020692,11,DDX39B (7919)
ACH-000496,1,13993340864440020692,12,NBAS (51594)
ACH-000496,1,13993340864440020692,13,BAP1 (8314)
ACH-000496,1,13993340864440020692,14,ASNS (440)
ACH-000496,1,13993340864440020692,15,DHODH (1723)
ACH-000496,1,13993340864440020692,16,DAXX (1616)
ACH-000496,1,13993340864440020692,17,PPM1D (8493)
ACH-000496,1,13993340864440020692,18,SCD (6319)
ACH-000496,1,13993340864440020692,19,SOD2 (6648)
ACH-000496,1,13993340864440020692,20,XRCC3 (7517)
ACH-000496,1,13993340864440020692,21,SLC2A1 (6513)
ACH-000496,1,13993340864440020692,22,CYC1 (1537)
ACH-000496,1,13993340864440020692,23,PCYT1A (5130)
ACH-000496,1,13993340864440020692,24,NARS2 (79731)
ACH-000496,1,13993340864440020692,25,TIMM17A (10440)
ACH-000496,1,13993340864440020692,26,RNF168 (165918)
ACH-000496,1,13993340864440020692,27,BRCA1 (672)
ACH-000496,1,13993340864440020692,28,PPP1CB (5500)
ACH-000496,1,13993340864440020692,29,MDM4 (4194)
ACH-000496,1,13993340864440020692,30,STK11 (6794)
ACH-000496,1,13993340864440020692,31,ARF4 (378)
ACH-000496,1,13993340864440020692,32,KIF4A (24137)
ACH-000496,1,13993340864440020692,33,KNTC1 (9735)
ACH-000496,1,13993340864440020692,34,SDHB (6390)
ACH-000496,1,13993340864440020692,35,WTAP (9589)
ACH-000496,1,13993340864440020692,36,RFK (55312)
ACH-000496,1,13993340864440020692,37,TIMM29 (90580)
ACH-000496,1,13993340864440020692,38,C3orf38 (285237)
ACH-000496,1,13993340864440020692,39,PITRM1 (10531)
ACH-000496,1,13993340864440020692,40,GOLT1B (51026)
ACH-000496,1,13993340864440020692,41,SGF29 (112869)
ACH-000496,1,13993340864440020692,42,HECTD1 (25831)
ACH-000496,1,13993340864440020692,43,FOXA2 (3170)
ACH-000496,1,13993340864440020692,44,XYLT2 (64132)
ACH-000496,1,13993340864440020692,45,RARS2 (57038)
ACH-000496,1,13993340864440020692,46,TOMM20 (9804)
ACH-000496,1,13993340864440020692,47,METAP1 (23173)
ACH-000496,1,13993340864440020692,48,MAU2 (23383)
ACH-000496,1,13993340864440020692,49,MYBBP1A (10514)
ACH-000496,1,13993340864440020692,50,RAB10 (10890)
ACH-000496,2,14581022419058531416,1,SLC25A28 (81894)
ACH-000496,2,14581022419058531416,2,TEDC1 (283643)
ACH-000496,2,14581022419058531416,3,EIF5AL1 (143244)
ACH-000496,2,14581022419058531416,4,CYC1 (1537)
ACH-000496,2,14581022419058531416,5,TSC1 (7248)
ACH-000496,2,14581022419058531416,6,TIMM8A (1678)
ACH-000496,2,14581022419058531416,7,ISCA2 (122961)
ACH-000496,2,14581022419058531416,8,MRPL55 (128308)
ACH-000496,2,14581022419058531416,9,PSMG1 (8624)
ACH-000496,2,14581022419058531416,10,CTC1 (80169)
ACH-000496,2,14581022419058531416,11,MICOS10 (440574)
ACH-000496,2,14581022419058531416,12,TRIM37 (4591)
ACH-000496,2,14581022419058531416,13,KEAP1 (9817)
ACH-000496,2,14581022419058531416,14,TFRC (7037)
ACH-000496,2,14581022419058531416,15,NAMPT (10135)
ACH-000496,2,14581022419058531416,16,ACO2 (50)
ACH-000496,2,14581022419058531416,17,TMED10 (10972)
ACH-000496,2,14581022419058531416,18,CDK6 (1021)
ACH-000496,2,14581022419058531416,19,JTB (10899)
ACH-000496,2,14581022419058531416,20,PTPA (5524)
ACH-000496,2,14581022419058531416,21,DNAJC19 (131118)
ACH-000496,2,14581022419058531416,22,MED24 (9862)
ACH-000496,2,14581022419058531416,23,RTTN (25914)
ACH-000496,2,14581022419058531416,24,GLRX5 (51218)
ACH-000496,2,14581022419058531416,25,NDUFA8 (4702)
ACH-000496,2,14581022419058531416,26,MRPL39 (54148)
ACH-000496,2,14581022419058531416,27,PPM1D (8493)
ACH-000496,2,14581022419058531416,28,HNRNPA2B1 (3181)
ACH-000496,2,14581022419058531416,29,MAU2 (23383)
ACH-000496,2,14581022419058531416,30,MTG2 (26164)
ACH-000496,2,14581022419058531416,31,DDX39B (7919)
ACH-000496,2,14581022419058531416,32,UBAP2L (9898)
ACH-000496,2,14581022419058531416,33,CDS2 (8760)
ACH-000496,2,14581022419058531416,34,ARPC4 (10093)
ACH-000496,2,14581022419058531416,35,PTMA (5757)
ACH-000496,2,14581022419058531416,36,NPEPPS (9520)
ACH-000496,2,14581022419058531416,37,FAM185A (222234)
ACH-000496,2,14581022419058531416,38,CCNB1 (891)
ACH-000496,2,14581022419058531416,39,SCD (6319)
ACH-000496,2,14581022419058531416,40,STN1 (79991)
ACH-000496,2,14581022419058531416,41,KIF20A (10112)
ACH-000496,2,14581022419058531416,42,NDUFAB1 (4706)
ACH-000496,2,14581022419058531416,43,VBP1 (7411)
ACH-000496,2,14581022419058531416,44,DHX29 (54505)
ACH-000496,2,14581022419058531416,45,ATL2 (64225)
ACH-000496,2,14581022419058531416,46,SDHB (6390)
ACH-000496,2,14581022419058531416,47,LRPPRC (10128)
ACH-000496,2,14581022419058531416,48,SLC7A5 (8140)
ACH-000496,2,14581022419058531416,49,TTC7A (57217)
ACH-000496,2,14581022419058531416,50,DLST (1743)
ACH-000496,3,14950664915718322853,1,CEP43 (11116)
ACH-000496,3,14950664915718322853,2,USP9X (8239)
ACH-000496,3,14950664915718322853,3,CYB5B (80777)
ACH-000496,3,14950664915718322853,4,MRPS11 (64963)
ACH-000496,3,14950664915718322853,5,YAP1 (10413)
ACH-000496,3,14950664915718322853,6,SGF29 (112869)
ACH-000496,3,14950664915718322853,7,GART (2618)
ACH-000496,3,14950664915718322853,8,ARID2 (196528)
ACH-000496,3,14950664915718322853,9,AIFM1 (9131)
ACH-000496,3,14950664915718322853,10,SLC33A1 (9197)
ACH-000496,3,14950664915718322853,11,MRPL28 (10573)
ACH-000496,3,14950664915718322853,12,MED9 (55090)
ACH-000496,3,14950664915718322853,13,NDUFA4 (4697)
ACH-000496,3,14950664915718322853,14,NDC1 (55706)
ACH-000496,3,14950664915718322853,15,NDUFB10 (4716)
ACH-000496,3,14950664915718322853,16,PARS2 (25973)
ACH-000496,3,14950664915718322853,17,ATP1B3 (483)
ACH-000496,3,14950664915718322853,18,MRPL41 (64975)
ACH-000496,3,14950664915718322853,19,FBXO42 (54455)
ACH-000496,3,14950664915718322853,20,CBLL1 (79872)
ACH-000496,3,14950664915718322853,21,RHEB (6009)
ACH-000496,3,14950664915718322853,22,TRIM28 (10155)
ACH-000496,3,14950664915718322853,23,HAPSTR1 (29035)
ACH-000496,3,14950664915718322853,24,SNAP23 (8773)
ACH-000496,3,14950664915718322853,25,DDX39B (7919)
ACH-000496,3,14950664915718322853,26,PET117 (100303755)
ACH-000496,3,14950664915718322853,27,PIK3CA (5290)
ACH-000496,3,14950664915718322853,28,MICOS10 (440574)
ACH-000496,3,14950664915718322853,29,MRPS25 (64432)
ACH-000496,3,14950664915718322853,30,EARS2 (124454)
ACH-000496,3,14950664915718322853,31,PDCD5 (9141)
ACH-000496,3,14950664915718322853,32,ACTR3 (10096)
ACH-000496,3,14950664915718322853,33,CTDSPL2 (51496)
ACH-000496,3,14950664915718322853,34,MYBL2 (4605)
ACH-000496,3,14950664915718322853,35,POLRMT (5442)
ACH-000496,3,14950664915718322853,36,GOLT1B (51026)
ACH-000496,3,14950664915718322853,37,PKN2 (5586)
ACH-000496,3,14950664915718322853,38,PFDN1 (5201)
ACH-000496,3,14950664915718322853,39,NAMPT (10135)
ACH-000496,3,14950664915718322853,40,WRN (7486)
ACH-000496,3,14950664915718322853,41,ELOF1 (84337)
ACH-000496,3,14950664915718322853,42,CAB39 (51719)
ACH-000496,3,14950664915718322853,43,RIC8A (60626)
ACH-000496,3,14950664915718322853,44,INTS15 (79034)
ACH-000496,3,14950664915718322853,45,NMNAT1 (64802)
ACH-000496,3,14950664915718322853,46,DNAJC19 (131118)
ACH-000496,3,14950664915718322853,47,KIF4A (24137)
ACH-000496,3,14950664915718322853,48,STN1 (79991)
ACH-000496,3,14950664915718322853,49,CCNB1 (891)
ACH-000496,3,14950664915718322853,50,ANKRD49 (54851)
ACH-000496,4,9150737678132595423,1,TOMM70 (9868)
ACH-000496,4,9150737678132595423,2,VPS4B (9525)
ACH-000496,4,9150737678132595423,3,RAD51D (5892)
ACH-000496,4,9150737678132595423,4,IGF1R (3480)
ACH-000496,4,9150737678132595423,5,HNRNPA2B1 (3181)
ACH-000496,4,9150737678132595423,6,PPAT (5471)
ACH-000496,4,9150737678132595423,7,RAF1 (5894)
ACH-000496,4,9150737678132595423,8,WDR73 (84942)
ACH-000496,4,9150737678132595423,9,TMED10 (10972)
ACH-000496,4,9150737678132595423,10,KNTC1 (9735)
ACH-000496,4,9150737678132595423,11,CTPS1 (1503)
ACH-000496,4,9150737678132595423,12,CRLS1 (54675)
ACH-000496,4,9150737678132595423,13,IER3IP1 (51124)
ACH-000496,4,9150737678132595423,14,COA7 (65260)
ACH-000496,4,9150737678132595423,15,NARS2 (79731)
ACH-000496,4,9150737678132595423,16,CCNC (892)
ACH-000496,4,9150737678132595423,17,DICER1 (23405)
ACH-000496,4,9150737678132595423,18,IMPDH2 (3615)
ACH-000496,4,9150737678132595423,19,EXOC1 (55763)
ACH-000496,4,9150737678132595423,20,LSM12 (124801)
ACH-000496,4,9150737678132595423,21,STX4 (6810)
ACH-000496,4,9150737678132595423,22,HEMK2 (29104)
ACH-000496,4,9150737678132595423,23,PCNX3 (399909)
ACH-000496,4,9150737678132595423,24,HAPLN2 (60484)
ACH-000496,4,9150737678132595423,25,MYBBP1A (10514)
ACH-000496,4,9150737678132595423,26,DOLPP1 (57171)
ACH-000496,4,9150737678132595423,27,PNKP (11284)
ACH-000496,4,9150737678132595423,28,HSP90B1 (7184)
ACH-000496,4,9150737678132595423,29,UBE2Z (65264)
ACH-000496,4,9150737678132595423,30,COX15 (1355)
ACH-000496,4,9150737678132595423,31,PPP2R3C (55012)
ACH-000496,4,9150737678132595423,32,USP9X (8239)
ACH-000496,4,9150737678132595423,33,ASCC3 (10973)
ACH-000496,4,9150737678132595423,34,WDR83 (84292)
ACH-000496,4,9150737678132595423,35,TRIM37 (4591)
ACH-000496,4,9150737678132595423,36,TAF5L (27097)
ACH-000496,4,9150737678132595423,37,OXSM (54995)
ACH-000496,4,9150737678132595423,38,RBM18 (92400)
ACH-000496,4,9150737678132595423,39,ARMC5 (79798)
ACH-000496,4,9150737678132595423,40,CFLAR (8837)
ACH-000496,4,9150737678132595423,41,ATP6V1H (51606)
ACH-000496,4,9150737678132595423,42,TIMM8A (1678)
ACH-000496,4,9150737678132595423,43,PTPA (5524)
ACH-000496,4,9150737678132595423,44,ZEB1 (6935)
ACH-000496,4,9150737678132595423,45,TACC3 (10460)
ACH-000496,4,9150737678132595423,46,CDAN1 (146059)
ACH-000496,4,9150737678132595423,47,TADA1 (117143)
ACH-000496,4,9150737678132595423,48,STK11 (6794)
ACH-000496,4,9150737678132595423,49,RNF4 (6047)
ACH-000496,4,9150737678132595423,50,MRPS34 (65993)
ACH-000496,5,15930979014100115821,1,CCND1 (595)
ACH-000496,5,15930979014100115821,2,TRIM37 (4591)
ACH-000496,5,15930979014100115821,3,MTG1 (92170)
ACH-000496,5,15930979014100115821,4,MRPS10 (55173)
ACH-000496,5,15930979014100115821,5,KIF4A (24137)
ACH-000496,5,15930979014100115821,6,FECH (2235)
ACH-000496,5,15930979014100115821,7,HAPSTR1 (29035)
ACH-000496,5,15930979014100115821,8,APC (324)
ACH-000496,5,15930979014100115821,9,STN1 (79991)
ACH-000496,5,15930979014100115821,10,HSD17B10 (3028)
ACH-000496,5,15930979014100115821,11,NDUFC2 (4718)
ACH-000496,5,15930979014100115821,12,NDUFB10 (4716)
ACH-000496,5,15930979014100115821,13,CAB39 (51719)
ACH-000496,5,15930979014100115821,14,SMARCE1 (6605)
ACH-000496,5,15930979014100115821,15,MRPL53 (116540)
ACH-000496,5,15930979014100115821,16,EAF1 (85403)
ACH-000496,5,15930979014100115821,17,MTHFD1 (4522)
ACH-000496,5,15930979014100115821,18,SEC62 (7095)
ACH-000496,5,15930979014100115821,19,BPTF (2186)
ACH-000496,5,15930979014100115821,20,NAA20 (51126)
ACH-000496,5,15930979014100115821,21,MYH9 (4627)
ACH-000496,5,15930979014100115821,22,ARID2 (196528)
ACH-000496,5,15930979014100115821,23,VPS33A (65082)
ACH-000496,5,15930979014100115821,24,PPAT (5471)
ACH-000496,5,15930979014100115821,25,PARS2 (25973)
ACH-000496,5,15930979014100115821,26,MAPK1 (5594)
ACH-000496,5,15930979014100115821,27,KCMF1 (56888)
ACH-000496,5,15930979014100115821,28,MRPL49 (740)
ACH-000496,5,15930979014100115821,29,ADSS2 (159)
ACH-000496,5,15930979014100115821,30,VBP1 (7411)
ACH-000496,5,15930979014100115821,31,SNRPB2 (6629)
ACH-000496,5,15930979014100115821,32,IGF1R (3480)
ACH-000496,5,15930979014100115821,33,YME1L1 (10730)
ACH-000496,5,15930979014100115821,34,NXT1 (29107)
ACH-000496,5,15930979014100115821,35,FXN (2395)
ACH-000496,5,15930979014100115821,36,SDHB (6390)
ACH-000496,5,15930979014100115821,37,MRPL28 (10573)
ACH-000496,5,15930979014100115821,38,TCOF1 (6949)
ACH-000496,5,15930979014100115821,39,LSM12 (124801)
ACH-000496,5,15930979014100115821,40,MAPK14 (1432)
ACH-000496,5,15930979014100115821,41,LDLR (3949)
ACH-000496,5,15930979014100115821,42,COA7 (65260)
ACH-000496,5,15930979014100115821,43,ITGB1 (3688)
ACH-000496,5,15930979014100115821,44,CTNNB1 (1499)
ACH-000496,5,15930979014100115821,45,MRPS7 (51081)
ACH-000496,5,15930979014100115821,46,PPP1R15B (84919)
ACH-000496,5,15930979014100115821,47,KDM2A (22992)
ACH-000496,5,15930979014100115821,48,ATP1B3 (483)
ACH-000496,5,15930979014100115821,49,NMNAT1 (64802)
ACH-000496,5,15930979014100115821,50,COX6A1 (1337)
ACH-000496,6,12379535219340079601,1,PRKRA (8575)
ACH-000496,6,12379535219340079601,2,NDUFA4 (4697)
ACH-000496,6,12379535219340079601,3,HUS1 (3364)
ACH-000496,6,12379535219340079601,4,HAPSTR1 (29035)
ACH-000496,6,12379535219340079601,5,SLC7A1 (6541)
ACH-000496,6,12379535219340079601,6,PTMA (5757)
ACH-000496,6,12379535219340079601,7,PRDX1 (5052)
ACH-000496,6,12379535219340079601,8,DYNLL1 (8655)
ACH-000496,6,12379535219340079601,9,TAFAZZIN (6901)
ACH-000496,6,12379535219340079601,10,SGF29 (112869)
ACH-000496,6,12379535219340079601,11,RARS2 (57038)
ACH-000496,6,12379535219340079601,12,STN1 (79991)
ACH-000496,6,12379535219340079601,13,ACTB (60)
ACH-000496,6,12379535219340079601,14,YME1L1 (10730)
ACH-000496,6,12379535219340079601,15,NDUFB6 (4712)
ACH-000496,6,12379535219340079601,16,SQLE (6713)
ACH-000496,6,12379535219340079601,17,PPP1CA (5499)
ACH-000496,6,12379535219340079601,18,MAU2 (23383)
ACH-000496,6,12379535219340079601,19,HAUS8 (93323)
ACH-000496,6,12379535219340079601,20,PPP6C (5537)
ACH-000496,6,12379535219340079601,21,USP9X (8239)
ACH-000496,6,12379535219340079601,22,HECTD1 (25831)
ACH-000496,6,12379535219340079601,23,CCAR1 (55749)
ACH-000496,6,12379535219340079601,24,YAP1 (10413)
ACH-000496,6,12379535219340079601,25,ANKRD49 (54851)
ACH-000496,6,12379535219340079601,26,ENO1 (2023)
ACH-000496,6,12379535219340079601,27,SEC62 (7095)
ACH-000496,6,12379535219340079601,28,KATNB1 (10300)
ACH-000496,6,12379535219340079601,29,NDUFB3 (4709)
ACH-000496,6,12379535219340079601,30,RPAP2 (79871)
ACH-000496,6,12379535219340079601,31,CTNNA1 (1495)
ACH-000496,6,12379535219340079601,32,KANSL1 (284058)
ACH-000496,6,12379535219340079601,33,DNAJB13 (374407)
ACH-000496,6,12379535219340079601,34,XRCC3 (7517)
ACH-000496,6,12379535219340079601,35,HSP90B1 (7184)
ACH-000496,6,12379535219340079601,36,FERMT1 (55612)
ACH-000496,6,12379535219340079601,37,FDX1 (2230)
ACH-000496,6,12379535219340079601,38,EFR3A (23167)
ACH-000496,6,12379535219340079601,39,MTX2 (10651)
ACH-000496,6,12379535219340079601,40,COA7 (65260)
ACH-000496,6,12379535219340079601,41,TRPM7 (54822)
ACH-000496,6,12379535219340079601,42,TSC1 (7248)
ACH-000496,6,12379535219340079601,43,PTPN11 (5781)
ACH-000496,6,12379535219340079601,44,NDUFC2 (4718)
ACH-000496,6,12379535219340079601,45,FARS2 (10667)
ACH-000496,6,12379535219340079601,46,USP8 (9101)
ACH-000496,6,12379535219340079601,47,CSNK1A1 (1452)
ACH-000496,6,12379535219340079601,48,RBM18 (92400)
ACH-000496,6,12379535219340079601,49,INTS15 (79034)
ACH-000496,6,12379535219340079601,50,PTPA (5524)
ACH-000496,7,996471542459947792,1,ZEB1 (6935)
ACH-000496,7,996471542459947792,2,STN1 (79991)
ACH-000496,7,996471542459947792,3,HAPLN2 (60484)
ACH-000496,7,996471542459947792,4,VRK1 (7443)
ACH-000496,7,996471542459947792,5,FAF2 (23197)
ACH-000496,7,996471542459947792,6,PPP2R2A (5520)
ACH-000496,7,996471542459947792,7,MED23 (9439)
ACH-000496,7,996471542459947792,8,STIL (6491)
ACH-000496,7,996471542459947792,9,FOXO3B (2310)
ACH-000496,7,996471542459947792,10,RAD51D (5892)
ACH-000496,7,996471542459947792,11,ELOF1 (84337)
ACH-000496,7,996471542459947792,12,GOLT1B (51026)
ACH-000496,7,996471542459947792,13,CREBBP (1387)
ACH-000496,7,996471542459947792,14,LDB1 (8861)
ACH-000496,7,996471542459947792,15,CHMP7 (91782)
ACH-000496,7,996471542459947792,16,UFM1 (51569)
ACH-000496,7,996471542459947792,17,MYBL2 (4605)
ACH-000496,7,996471542459947792,18,ISCA2 (122961)
ACH-000496,7,996471542459947792,19,POP7 (10248)
ACH-000496,7,996471542459947792,20,SKA1 (220134)
ACH-000496,7,996471542459947792,21,DDX5 (1655)
ACH-000496,7,996471542459947792,22,COP1 (64326)
ACH-000496,7,996471542459947792,23,EIF2AK4 (440275)
ACH-000496,7,996471542459947792,24,EGLN1 (54583)
ACH-000496,7,996471542459947792,25,MBTPS1 (8720)
ACH-000496,7,996471542459947792,26,PMM2 (5373)
ACH-000496,7,996471542459947792,27,MLST8 (64223)
ACH-000496,7,996471542459947792,28,PAXIP1 (22976)
ACH-000496,7,996471542459947792,29,DHODH (1723)
ACH-000496,7,996471542459947792,30,DSN1 (79980)
ACH-000496,7,996471542459947792,31,UQCRC2 (7385)
ACH-000496,7,996471542459947792,32,BRCA1 (672)
ACH-000496,7,996471542459947792,33,TADA1 (117143)
ACH-000496,7,996471542459947792,34,GEMIN7 (79760)
ACH-000496,7,996471542459947792,35,UBIAD1 (29914)
ACH-000496,7,996471542459947792,36,ANLN (54443)
ACH-000496,7,996471542459947792,37,ELMO2 (63916)
ACH-000496,7,996471542459947792,38,RIC8A (60626)
ACH-000496,7,996471542459947792,39,USP7 (7874)
ACH-000496,7,996471542459947792,40,TRIM28 (10155)
ACH-000496,7,996471542459947792,41,MTG2 (26164)
ACH-000496,7,996471542459947792,42,UBE2H (7328)
ACH-000496,7,996471542459947792,43,RHOA (387)
ACH-000496,7,996471542459947792,44,ADRM1 (11047)
ACH-000496,7,996471542459947792,45,UBE2D3 (7323)
ACH-000496,7,996471542459947792,46,THG1L (54974)
ACH-000496,7,996471542459947792,47,PPAT (5471)
ACH-000496,7,996471542459947792,48,MRPS14 (63931)
ACH-000496,7,996471542459947792,49,RARS2 (57038)
ACH-000496,7,996471542459947792,50,RFK (55312)
ACH-000496,8,11419175853693292289,1,ELP2 (55250)
ACH-000496,8,11419175853693292289,2,VPS4A (27183)
ACH-000496,8,11419175853693292289,3,P2RY6 (5031)
ACH-000496,8,11419175853693292289,4,ITGB5 (3693)
ACH-000496,8,11419175853693292289,5,HAPSTR1 (29035)
ACH-000496,8,11419175853693292289,6,FOXA2 (3170)
ACH-000496,8,11419175853693292289,7,MRPL4 (51073)
ACH-000496,8,11419175853693292289,8,RTTN (25914)
ACH-000496,8,11419175853693292289,9,KIF14 (9928)
ACH-000496,8,11419175853693292289,10,DYNLL1 (8655)
ACH-000496,8,11419175853693292289,11,TFRC (7037)
ACH-000496,8,11419175853693292289,12,UBE2C (11065)
ACH-000496,8,11419175853693292289,13,NIPBL (25836)
ACH-000496,8,11419175853693292289,14,PTPA (5524)
ACH-000496,8,11419175853693292289,15,DARS2 (55157)
ACH-000496,8,11419175853693292289,16,MTCH2 (23788)
ACH-000496,8,11419175853693292289,17,ITGB1 (3688)
ACH-000496,8,11419175853693292289,18,MTHFD1 (4522)
ACH-000496,8,11419175853693292289,19,SCAP (22937)
ACH-000496,8,11419175853693292289,20,KIF4A (24137)
ACH-000496,8,11419175853693292289,21,SCD (6319)
ACH-000496,8,11419175853693292289,22,UBE2H (7328)
ACH-000496,8,11419175853693292289,23,CCND3 (896)
ACH-000496,8,11419175853693292289,24,NDUFB10 (4716)
ACH-000496,8,11419175853693292289,25,CSK (1445)
ACH-000496,8,11419175853693292289,26,MEN1 (4221)
ACH-000496,8,11419175853693292289,27,KANSL1 (284058)
ACH-000496,8,11419175853693292289,28,DNAJC11 (55735)
ACH-000496,8,11419175853693292289,29,ATP5F1B (506)
ACH-000496,8,11419175853693292289,30,NMT1 (4836)
ACH-000496,8,11419175853693292289,31,ACO2 (50)
ACH-000496,8,11419175853693292289,32,CDK6 (1021)
ACH-000496,8,11419175853693292289,33,HNF1A (6927)
ACH-000496,8,11419175853693292289,34,FERMT1 (55612)
ACH-000496,8,11419175853693292289,35,STK11 (6794)
ACH-000496,8,11419175853693292289,36,ILK (3611)
ACH-000496,8,11419175853693292289,37,BSG (682)
ACH-000496,8,11419175853693292289,38,MYH9 (4627)
ACH-000496,8,11419175853693292289,39,ATP6V1H (51606)
ACH-000496,8,11419175853693292289,40,AHCYL1 (10768)
ACH-000496,8,11419175853693292289,41,CTC1 (80169)
ACH-000496,8,11419175853693292289,42,BUD13 (84811)
ACH-000496,8,11419175853693292289,43,TEDC1 (283643)
ACH-000496,8,11419175853693292289,44,DOLPP1 (57171)
ACH-000496,8,11419175853693292289,45,LAMTOR2 (28956)
ACH-000496,8,11419175853693292289,46,EP300 (2033)
ACH-000496,8,11419175853693292289,47,FAF2 (23197)
ACH-000496,8,11419175853693292289,48,EAF1 (85403)
ACH-000496,8,11419175853693292289,49,MED23 (9439)
ACH-000496,8,11419175853693292289,50,STN1 (79991)
ACH-000496,9,17559999895962567095,1,DNAJC13 (23317)
ACH-000496,9,17559999895962567095,2,SDHA (6389)
ACH-000496,9,17559999895962567095,3,MBTPS2 (51360)
ACH-000496,9,17559999895962567095,4,KIF14 (9928)
ACH-000496,9,17559999895962567095,5,TAF5L (27097)
ACH-000496,9,17559999895962567095,6,TEDC1 (283643)
ACH-000496,9,17559999895962567095,7,TEAD1 (7003)
ACH-000496,9,17559999895962567095,8,TELO2 (9894)
ACH-000496,9,17559999895962567095,9,MYH9 (4627)
ACH-000496,9,17559999895962567095,10,PMM2 (5373)
ACH-000496,9,17559999895962567095,11,GCN1 (10985)
ACH-000496,9,17559999895962567095,12,SLC38A2 (54407)
ACH-000496,9,17559999895962567095,13,MIB1 (57534)
ACH-000496,9,17559999895962567095,14,MRPS6 (64968)
ACH-000496,9,17559999895962567095,15,BRAT1 (221927)
ACH-000496,9,17559999895962567095,16,MRPL4 (51073)
ACH-000496,9,17559999895962567095,17,PTPA (5524)
ACH-000496,9,17559999895962567095,18,FOXO3B (2310)
ACH-000496,9,17559999895962567095,19,CFLAR (8837)
ACH-000496,9,17559999895962567095,20,MDM2 (4193)
ACH-000496,9,17559999895962567095,21,VBP1 (7411)
ACH-000496,9,17559999895962567095,22,HAPLN2 (60484)
ACH-000496,9,17559999895962567095,23,PTMA (5757)
ACH-000496,9,17559999895962567095,24,TIMM17A (10440)
ACH-000496,9,17559999895962567095,25,COX5A (9377)
ACH-000496,9,17559999895962567095,26,EEFSEC (60678)
ACH-000496,9,17559999895962567095,27,UAP1 (6675)
ACH-000496,9,17559999895962567095,28,SCAP (22937)
ACH-000496,9,17559999895962567095,29,MTCH2 (23788)
ACH-000496,9,17559999895962567095,30,PFN1 (5216)
ACH-000496,9,17559999895962567095,31,IDH3A (3419)
ACH-000496,9,17559999895962567095,32,ADAR (103)
ACH-000496,9,17559999895962567095,33,NHLRC2 (374354)
ACH-000496,9,17559999895962567095,34,NARS2 (79731)
ACH-000496,9,17559999895962567095,35,TMED2 (10959)
ACH-000496,9,17559999895962567095,36,TOMM20 (9804)
ACH-000496,9,17559999895962567095,37,OTUD5 (55593)
ACH-000496,9,17559999895962567095,38,IPPK (64768)
ACH-000496,9,17559999895962567095,39,WNK1 (65125)
ACH-000496,9,17559999895962567095,40,KIF18B (146909)
ACH-000496,9,17559999895962567095,41,ELP4 (26610)
ACH-000496,9,17559999895962567095,42,METTL17 (64745)
ACH-000496,9,17559999895962567095,43,UBE2Z (65264)
ACH-000496,9,17559999895962567095,44,ATP6V0E1 (8992)
ACH-000496,9,17559999895962567095,45,MCL1 (4170)
ACH-000496,9,17559999895962567095,46,MRPL53 (116540)
ACH-000496,9,17559999895962567095,47,STN1 (79991)
ACH-000496,9,17559999895962567095,48,AMBRA1 (55626)
ACH-000496,9,17559999895962567095,49,ITGB1 (3688)
ACH-000496,9,17559999895962567095,50,GRSF1 (2926)
ACH-000496,10,17281469378546576922,1,COX5A (9377)
ACH-000496,10,17281469378546576922,2,NHLRC2 (374354)
ACH-000496,10,17281469378546576922,3,FDPS (2224)
ACH-000496,10,17281469378546576922,4,USP7 (7874)
ACH-000496,10,17281469378546576922,5,PRKAR1A (5573)
ACH-000496,10,17281469378546576922,6,HMBS (3145)
ACH-000496,10,17281469378546576922,7,ICE2 (79664)
ACH-000496,10,17281469378546576922,8,TOMM20 (9804)
ACH-000496,10,17281469378546576922,9,ARHGEF7 (8874)
ACH-000496,10,17281469378546576922,10,KNTC1 (9735)
ACH-000496,10,17281469378546576922,11,MCL1 (4170)
ACH-000496,10,17281469378546576922,12,CFLAR (8837)
ACH-000496,10,17281469378546576922,13,SHOC2 (8036)
ACH-000496,10,17281469378546576922,14,FDFT1 (2222)
ACH-000496,10,17281469378546576922,15,TTC7A (57217)
ACH-000496,10,17281469378546576922,16,MED19 (219541)
ACH-000496,10,17281469378546576922,17,PPA2 (27068)
ACH-000496,10,17281469378546576922,18,PIK3CA (5290)
ACH-000496,10,17281469378546576922,19,KRTCAP2 (200185)
ACH-000496,10,17281469378546576922,20,GABPA (2551)
ACH-000496,10,17281469378546576922,21,WDR7 (23335)
ACH-000496,10,17281469378546576922,22,MICOS10 (440574)
ACH-000496,10,17281469378546576922,23,PPP1R15B (84919)
ACH-000496,10,17281469378546576922,24,UBE2D3 (7323)
ACH-000496,10,17281469378546576922,25,GOLT1B (51026)
ACH-000496,10,17281469378546576922,26,CCNC (892)
ACH-000496,10,17281469378546576922,27,NFRKB (4798)
ACH-000496,10,17281469378546576922,28,IDH3A (3419)
ACH-000496,10,17281469378546576922,29,GMNN (51053)
ACH-000496,10,17281469378546576922,30,CDH1 (999)
ACH-000496,10,17281469378546576922,31,NUP50 (10762)
ACH-000496,10,17281469378546576922,32,CIT (11113)
ACH-000496,10,17281469378546576922,33,ATP6V1H (51606)
ACH-000496,10,17281469378546576922,34,FOXO3B (2310)
ACH-000496,10,17281469378546576922,35,SQLE (6713)
ACH-000496,10,17281469378546576922,36,TIMM22 (29928)
ACH-000496,10,17281469378546576922,37,SYNCRIP (10492)
ACH-000496,10,17281469378546576922,38,WRN (7486)
ACH-000496,10,17281469378546576922,39,GFM1 (85476)
ACH-000496,10,17281469378546576922,40,MYB (4602)
ACH-000496,10,17281469378546576922,41,SLC7A1 (6541)
ACH-000496,10,17281469378546576922,42,TIMM29 (90580)
ACH-000496,10,17281469378546576922,43,SAMD4B (55095)
ACH-000496,10,17281469378546576922,44,DSN1 (79980)
ACH-000496,10,17281469378546576922,45,MYBL2 (4605)
ACH-000496,10,17281469378546576922,46,AHCYL1 (10768)
ACH-000496,10,17281469378546576922,47,ASNS (440)
ACH-000496,10,17281469378546576922,48,MTG2 (26164)
ACH-000496,10,17281469378546576922,49,IMPDH2 (3615)
ACH-000496,10,17281469378546576922,50,PARS2 (25973)
ACH-000496,11,1523246400279884523,1,ATIC (471)
ACH-000496,11,1523246400279884523,2,HECTD1 (25831)
ACH-000496,11,1523246400279884523,3,KIF20A (10112)
ACH-000496,11,1523246400279884523,4,TIMM17A (10440)
ACH-000496,11,1523246400279884523,5,KIF18B (146909)
ACH-000496,11,1523246400279884523,6,WDR1 (9948)
ACH-000496,11,1523246400279884523,7,NCAPD3 (23310)
ACH-000496,11,1523246400279884523,8,ZNF407 (55628)
ACH-000496,11,1523246400279884523,9,TIMM22 (29928)
ACH-000496,11,1523246400279884523,10,CTNNB1 (1499)
ACH-000496,11,1523246400279884523,11,CRAMP1 (57585)
ACH-000496,11,1523246400279884523,12,RAD1 (5810)
ACH-000496,11,1523246400279884523,13,BIRC6 (57448)
ACH-000496,11,1523246400279884523,14,TFAM (7019)
ACH-000496,11,1523246400279884523,15,ITGB1 (3688)
ACH-000496,11,1523246400279884523,16,CDK4 (1019)
ACH-000496,11,1523246400279884523,17,FZD5 (7855)
ACH-000496,11,1523246400279884523,18,ELOF1 (84337)
ACH-000496,11,1523246400279884523,19,EIF5AL1 (143244)
ACH-000496,11,1523246400279884523,20,AIFM1 (9131)
ACH-000496,11,1523246400279884523,21,SLC7A5 (8140)
ACH-000496,11,1523246400279884523,22,FOSL1 (8061)
ACH-000496,11,1523246400279884523,23,H2BC9 (8345)
ACH-000496,11,1523246400279884523,24,ELMO2 (63916)
ACH-000496,11,1523246400279884523,25,NARS2 (79731)
ACH-000496,11,1523246400279884523,26,ELP2 (55250)
ACH-000496,11,1523246400279884523,27,USE1 (55850)
ACH-000496,11,1523246400279884523,28,TRERF1 (55809)
ACH-000496,11,1523246400279884523,29,SLC25A28 (81894)
ACH-000496,11,1523246400279884523,30,DNAJC13 (23317)
ACH-000496,11,1523246400279884523,31,DDX39B (7919)
ACH-000496,11,1523246400279884523,32,JTB (10899)
ACH-000496,11,1523246400279884523,33,MAD2L1BP (9587)
ACH-000496,11,1523246400279884523,34,RPIA (22934)
ACH-000496,11,1523246400279884523,35,COX18 (285521)
ACH-000496,11,1523246400279884523,36,NDUFA4 (4697)
ACH-000496,11,1523246400279884523,37,MTCH2 (23788)
ACH-000496,11,1523246400279884523,38,CCND3 (896)
ACH-000496,11,1523246400279884523,39,CDIN1 (84529)
ACH-000496,11,1523246400279884523,40,PDS5A (23244)
ACH-000496,11,1523246400279884523,41,TFRC (7037)
ACH-000496,11,1523246400279884523,42,PAXIP1 (22976)
ACH-000496,11,1523246400279884523,43,PFN1 (5216)
ACH-000496,11,1523246400279884523,44,PPP6C (5537)
ACH-000496,11,1523246400279884523,45,VBP1 (7411)
ACH-000496,11,1523246400279884523,46,PRRC2A (7916)
ACH-000496,11,1523246400279884523,47,COX15 (1355)
ACH-000496,11,1523246400279884523,48,SMG7 (9887)
ACH-000496,11,1523246400279884523,49,CREBBP (1387)
ACH-000496,11,1523246400279884523,50,GLMN (11146)
ACH-000496,12,8921321116064952675,1,UFM1 (51569)
ACH-000496,12,8921321116064952675,2,TXNRD1 (7296)
ACH-000496,12,8921321116064952675,3,ELP2 (55250)
ACH-000496,12,8921321116064952675,4,PDCD7 (10081)
ACH-000496,12,8921321116064952675,5,USP7 (7874)
ACH-000496,12,8921321116064952675,6,GABPA (2551)
ACH-000496,12,8921321116064952675,7,SSBP1 (6742)
ACH-000496,12,8921321116064952675,8,SARNP (84324)
ACH-000496,12,8921321116064952675,9,MED12 (9968)
ACH-000496,12,8921321116064952675,10,PCNX3 (399909)
ACH-000496,12,8921321116064952675,11,SYNCRIP (10492)
ACH-000496,12,8921321116064952675,12,PRRC2A (7916)
ACH-000496,12,8921321116064952675,13,CYC1 (1537)
ACH-000496,12,8921321116064952675,14,TOE1 (114034)
ACH-000496,12,8921321116064952675,15,STN1 (79991)
ACH-000496,12,8921321116064952675,16,TOMM70 (9868)
ACH-000496,12,8921321116064952675,17,FGFR1 (2260)
ACH-000496,12,8921321116064952675,18,HECTD1 (25831)
ACH-000496,12,8921321116064952675,19,CIT (11113)
ACH-000496,12,8921321116064952675,20,PPM1D (8493)
ACH-000496,12,8921321116064952675,21,COX10 (1352)
ACH-000496,12,8921321116064952675,22,PPP2R3C (55012)
ACH-000496,12,8921321116064952675,23,KIF18B (146909)
ACH-000496,12,8921321116064952675,24,FAM50A (9130)
ACH-000496,12,8921321116064952675,25,UBE2H (7328)
ACH-000496,12,8921321116064952675,26,MED24 (9862)
ACH-000496,12,8921321116064952675,27,PPP1CA (5499)
ACH-000496,12,8921321116064952675,28,EGLN1 (54583)
ACH-000496,12,8921321116064952675,29,HEMK2 (29104)
ACH-000496,12,8921321116064952675,30,PAXIP1 (22976)
ACH-000496,12,8921321116064952675,31,JTB (10899)
ACH-000496,12,8921321116064952675,32,MTHFD1 (4522)
ACH-000496,12,8921321116064952675,33,ELAVL1 (1994)
ACH-000496,12,8921321116064952675,34,KIF20A (10112)
ACH-000496,12,8921321116064952675,35,NARS2 (79731)
ACH-000496,12,8921321116064952675,36,BUD13 (84811)
ACH-000496,12,8921321116064952675,37,TKT (7086)
ACH-000496,12,8921321116064952675,38,MPPE1 (65258)
ACH-000496,12,8921321116064952675,39,FDX1 (2230)
ACH-000496,12,8921321116064952675,40,BIRC6 (57448)
ACH-000496,12,8921321116064952675,41,WNK1 (65125)
ACH-000496,12,8921321116064952675,42,COQ4 (51117)
ACH-000496,12,8921321116064952675,43,SMG7 (9887)
ACH-000496,12,8921321116064952675,44,C3orf38 (285237)
ACH-000496,12,8921321116064952675,45,DNAJC11 (55735)
ACH-000496,12,8921321116064952675,46,PTPMT1 (114971)
ACH-000496,12,8921321116064952675,47,CCAR1 (55749)
ACH-000496,12,8921321116064952675,48,RNF4 (6047)
ACH-000496,12,8921321116064952675,49,NAA20 (51126)
ACH-000496,12,8921321116064952675,50,COASY (80347)
ACH-000496,13,3693838183811007122,1,NDUFC2 (4718)
ACH-000496,13,3693838183811007122,2,PPP2R2A (5520)
ACH-000496,13,3693838183811007122,3,GABPA (2551)
ACH-000496,13,3693838183811007122,4,KCMF1 (56888)
ACH-000496,13,3693838183811007122,5,RNF4 (6047)
ACH-000496,13,3693838183811007122,6,NDC1 (55706)
ACH-000496,13,3693838183811007122,7,DHODH (1723)
ACH-000496,13,3693838183811007122,8,HNF1B (6928)
ACH-000496,13,3693838183811007122,9,KATNB1 (10300)
ACH-000496,13,3693838183811007122,10,CTNNB1 (1499)
ACH-000496,13,3693838183811007122,11,TOE1 (114034)
ACH-000496,13,3693838183811007122,12,TAMM41 (132001)
ACH-000496,13,3693838183811007122,13,FXN (2395)
ACH-000496,13,3693838183811007122,14,TIMM8A (1678)
ACH-000496,13,3693838183811007122,15,RNF168 (165918)
ACH-000496,13,3693838183811007122,16,FECH (2235)
ACH-000496,13,3693838183811007122,17,ATIC (471)
ACH-000496,13,3693838183811007122,18,SLC30A9 (10463)
ACH-000496,13,3693838183811007122,19,XYLT2 (64132)
ACH-000496,13,3693838183811007122,20,PAGR1 (79447)
ACH-000496,13,3693838183811007122,21,COX18 (285521)
ACH-000496,13,3693838183811007122,22,BIRC6 (57448)
ACH-000496,13,3693838183811007122,23,HEMK2 (29104)
ACH-000496,13,3693838183811007122,24,GEMIN4 (50628)
ACH-000496,13,3693838183811007122,25,PTPA (5524)
ACH-000496,13,3693838183811007122,26,YME1L1 (10730)
ACH-000496,13,3693838183811007122,27,RPIA (22934)
ACH-000496,13,3693838183811007122,28,JTB (10899)
ACH-000496,13,3693838183811007122,29,METTL1 (4234)
ACH-000496,13,3693838183811007122,30,FARS2 (10667)
ACH-000496,13,3693838183811007122,31,PSMG1 (8624)
ACH-000496,13,3693838183811007122,32,VPS37A (137492)
ACH-000496,13,3693838183811007122,33,DYNLL1 (8655)
ACH-000496,13,3693838183811007122,34,MAU2 (23383)
ACH-000496,13,3693838183811007122,35,MYBL2 (4605)
ACH-000496,13,3693838183811007122,36,CCAR1 (55749)
ACH-000496,13,3693838183811007122,37,MRPL28 (10573)
ACH-000496,13,3693838183811007122,38,XRCC2 (7516)
ACH-000496,13,3693838183811007122,39,GMPS (8833)
ACH-000496,13,3693838183811007122,40,PSMG2 (56984)
ACH-000496,13,3693838183811007122,41,DDX5 (1655)
ACH-000496,13,3693838183811007122,42,RAB6A (5870)
ACH-000496,13,3693838183811007122,43,KRTCAP2 (200185)
ACH-000496,13,3693838183811007122,44,CCDC6 (8030)
ACH-000496,13,3693838183811007122,45,ADSL (158)
ACH-000496,13,3693838183811007122,46,OXSM (54995)
ACH-000496,13,3693838183811007122,47,NARS2 (79731)
ACH-000496,13,3693838183811007122,48,SOX10 (6663)
ACH-000496,13,3693838183811007122,49,MRPL32 (64983)
ACH-000496,13,3693838183811007122,50,NRAS (4893)
ACH-000496,14,12122481082133298963,1,CAND1 (55832)
ACH-000496,14,12122481082133298963,2,OPA1 (4976)
ACH-000496,14,12122481082133298963,3,ARPC4 (10093)
ACH-000496,14,12122481082133298963,4,ZWINT (11130)
ACH-000496,14,12122481082133298963,5,HNRNPR (10236)
ACH-000496,14,12122481082133298963,6,RIC8A (60626)
ACH-000496,14,12122481082133298963,7,NXT1 (29107)
ACH-000496,14,12122481082133298963,8,EGLN1 (54583)
ACH-000496,14,12122481082133298963,9,AHCYL1 (10768)
ACH-000496,14,12122481082133298963,10,CCND1 (595)
ACH-000496,14,12122481082133298963,11,MBTPS1 (8720)
ACH-000496,14,12122481082133298963,12,CIT (11113)
ACH-000496,14,12122481082133298963,13,STX4 (6810)
ACH-000496,14,12122481082133298963,14,EXOC1 (55763)
ACH-000496,14,12122481082133298963,15,NELFCD (51497)
ACH-000496,14,12122481082133298963,16,RTTN (25914)
ACH-000496,14,12122481082133298963,17,RNF168 (165918)
ACH-000496,14,12122481082133298963,18,PTK2 (5747)
ACH-000496,14,12122481082133298963,19,PNKP (11284)
ACH-000496,14,12122481082133298963,20,FAM98B (283742)
ACH-000496,14,12122481082133298963,21,DOLPP1 (57171)
ACH-000496,14,12122481082133298963,22,SUGT1 (10910)
ACH-000496,14,12122481082133298963,23,NDUFB11 (54539)
ACH-000496,14,12122481082133298963,24,TRIT1 (54802)
ACH-000496,14,12122481082133298963,25,ISCA2 (122961)
ACH-000496,14,12122481082133298963,26,GMNN (51053)
ACH-000496,14,12122481082133298963,27,IPPK (64768)
ACH-000496,14,12122481082133298963,28,TAF5L (27097)
ACH-000496,14,12122481082133298963,29,NMT1 (4836)
ACH-000496,14,12122481082133298963,30,MTG2 (26164)
ACH-000496,14,12122481082133298963,31,DAP3 (7818)
ACH-000496,14,12122481082133298963,32,UBE2C (11065)
ACH-000496,14,12122481082133298963,33,PSMG1 (8624)
ACH-000496,14,12122481082133298963,34,NRAS (4893)
ACH-000496,14,12122481082133298963,35,TIMM29 (90580)
ACH-000496,14,12122481082133298963,36,MRPS6 (64968)
ACH-000496,14,12122481082133298963,37,TMED10 (10972)
ACH-000496,14,12122481082133298963,38,APC (324)
ACH-000496,14,12122481082133298963,39,NMNAT1 (64802)
ACH-000496,14,12122481082133298963,40,LDB1 (8861)
ACH-000496,14,12122481082133298963,41,IGF1R (3480)
ACH-000496,14,12122481082133298963,42,EP300 (2033)
ACH-000496,14,12122481082133298963,43,WRN (7486)
ACH-000496,14,12122481082133298963,44,HUS1 (3364)
ACH-000496,14,12122481082133298963,45,MLST8 (64223)
ACH-000496,14,12122481082133298963,46,ADAR (103)
ACH-000496,14,12122481082133298963,47,RAB10 (10890)
ACH-000496,14,12122481082133298963,48,WDR48 (57599)
ACH-000496,14,12122481082133298963,49,HAPLN2 (60484)
ACH-000496,14,12122481082133298963,50,XRCC3 (7517)
ACH-000496,15,4012700067275753781,1,HAPSTR1 (29035)
ACH-000496,15,4012700067275753781,2,USP9X (8239)
ACH-000496,15,4012700067275753781,3,POLG (5428)
ACH-000496,15,4012700067275753781,4,SNRPB2 (6629)
ACH-000496,15,4012700067275753781,5,ITGB1 (3688)
ACH-000496,15,4012700067275753781,6,ARPC4 (10093)
ACH-000496,15,4012700067275753781,7,STK11 (6794)
ACH-000496,15,4012700067275753781,8,USE1 (55850)
ACH-000496,15,4012700067275753781,9,MED1 (5469)
ACH-000496,15,4012700067275753781,10,MED23 (9439)
ACH-000496,15,4012700067275753781,11,TAPT1 (202018)
ACH-000496,15,4012700067275753781,12,RELA (5970)
ACH-000496,15,4012700067275753781,13,TXNRD1 (7296)
ACH-000496,15,4012700067275753781,14,MRPL32 (64983)
ACH-000496,15,4012700067275753781,15,HNF1B (6928)
ACH-000496,15,4012700067275753781,16,GOLGA7 (51125)
ACH-000496,15,4012700067275753781,17,XRCC2 (7516)
ACH-000496,15,4012700067275753781,18,TUBB3 (10381)
ACH-000496,15,4012700067275753781,19,FERMT2 (10979)
ACH-000496,15,4012700067275753781,20,ACTB (60)
ACH-000496,15,4012700067275753781,21,NFRKB (4798)
ACH-000496,15,4012700067275753781,22,PPP6R3 (55291)
ACH-000496,15,4012700067275753781,23,XYLT2 (64132)
ACH-000496,15,4012700067275753781,24,NIPBL (25836)
ACH-000496,15,4012700067275753781,25,RBM18 (92400)
ACH-000496,15,4012700067275753781,26,ACLY (47)
ACH-000496,15,4012700067275753781,27,PITRM1 (10531)
ACH-000496,15,4012700067275753781,28,FDFT1 (2222)
ACH-000496,15,4012700067275753781,29,RBBP7 (5931)
ACH-000496,15,4012700067275753781,30,APC (324)
ACH-000496,15,4012700067275753781,31,POLRMT (5442)
ACH-000496,15,4012700067275753781,32,SMCHD1 (23347)
ACH-000496,15,4012700067275753781,33,FOSL1 (8061)
ACH-000496,15,4012700067275753781,34,WDR1 (9948)
ACH-000496,15,4012700067275753781,35,SDHB (6390)
ACH-000496,15,4012700067275753781,36,LIPT1 (51601)
ACH-000496,15,4012700067275753781,37,UFM1 (51569)
ACH-000496,15,4012700067275753781,38,ZFP36L1 (677)
ACH-000496,15,4012700067275753781,39,IRF2BP2 (359948)
ACH-000496,15,4012700067275753781,40,PET117 (100303755)
ACH-000496,15,4012700067275753781,41,RGP1 (9827)
ACH-000496,15,4012700067275753781,42,PCNX3 (399909)
ACH-000496,15,4012700067275753781,43,BCL9L (283149)
ACH-000496,15,4012700067275753781,44,BCL9 (607)
ACH-000496,15,4012700067275753781,45,MRPL41 (64975)
ACH-000496,15,4012700067275753781,46,RPAP2 (79871)
ACH-000496,15,4012700067275753781,47,SHOC2 (8036)
ACH-000496,15,4012700067275753781,48,FECH (2235)
ACH-000496,15,4012700067275753781,49,PHF12 (57649)
ACH-000496,15,4012700067275753781,50,UBA5 (79876)
ACH-000496,16,8969094961175355514,1,PAICS (10606)
ACH-000496,16,8969094961175355514,2,EFR3A (23167)
ACH-000496,16,8969094961175355514,3,MFN2 (9927)
ACH-000496,16,8969094961175355514,4,HUS1 (3364)
ACH-000496,16,8969094961175355514,5,BRAF (673)
ACH-000496,16,8969094961175355514,6,PFN1 (5216)
ACH-000496,16,8969094961175355514,7,ARMC5 (79798)
ACH-000496,16,8969094961175355514,8,KNTC1 (9735)
ACH-000496,16,8969094961175355514,9,SDHA (6389)
ACH-000496,16,8969094961175355514,10,RIC8A (60626)
ACH-000496,16,8969094961175355514,11,PET117 (100303755)
ACH-000496,16,8969094961175355514,12,RFK (55312)
ACH-000496,16,8969094961175355514,13,PNKP (11284)
ACH-000496,16,8969094961175355514,14,GABPB1 (2553)
ACH-000496,16,8969094961175355514,15,HAPLN2 (60484)
ACH-000496,16,8969094961175355514,16,CEP85 (64793)
ACH-000496,16,8969094961175355514,17,TSC2 (7249)
ACH-000496,16,8969094961175355514,18,SMARCE1 (6605)
ACH-000496,16,8969094961175355514,19,TCF7L2 (6934)
ACH-000496,16,8969094961175355514,20,LDLR (3949)
ACH-000496,16,8969094961175355514,21,TEDC1 (283643)
ACH-000496,16,8969094961175355514,22,YME1L1 (10730)
ACH-000496,16,8969094961175355514,23,CFLAR (8837)
ACH-000496,16,8969094961175355514,24,AMBRA1 (55626)
ACH-000496,16,8969094961175355514,25,COP1 (64326)
ACH-000496,16,8969094961175355514,26,CTNNA1 (1495)
ACH-000496,16,8969094961175355514,27,EIF2AK4 (440275)
ACH-000496,16,8969094961175355514,28,ARF4 (378)
ACH-000496,16,8969094961175355514,29,WNK1 (65125)
ACH-000496,16,8969094961175355514,30,TOMM20 (9804)
ACH-000496,16,8969094961175355514,31,KIF20A (10112)
ACH-000496,16,8969094961175355514,32,PRKAR1A (5573)
ACH-000496,16,8969094961175355514,33,MYB (4602)
ACH-000496,16,8969094961175355514,34,PCNX3 (399909)
ACH-000496,16,8969094961175355514,35,METAP1 (23173)
ACH-000496,16,8969094961175355514,36,BRK1 (55845)
ACH-000496,16,8969094961175355514,37,RPP25L (138716)
ACH-000496,16,8969094961175355514,38,FAM50A (9130)
ACH-000496,16,8969094961175355514,39,MCMBP (79892)
ACH-000496,16,8969094961175355514,40,MCL1 (4170)
ACH-000496,16,8969094961175355514,41,GRSF1 (2926)
ACH-000496,16,8969094961175355514,42,SLC2A1 (6513)
ACH-000496,16,8969094961175355514,43,PTPN11 (5781)
ACH-000496,16,8969094961175355514,44,ACSL3 (2181)
ACH-000496,16,8969094961175355514,45,STK11 (6794)
ACH-000496,16,8969094961175355514,46,BSG (682)
ACH-000496,16,8969094961175355514,47,MBTPS2 (51360)
ACH-000496,16,8969094961175355514,48,KIF4A (24137)
ACH-000496,16,8969094961175355514,49,ATP5F1D (513)
ACH-000496,16,8969094961175355514,50,GFM1 (85476)
ACH-000496,17,3882062630103392237,1,CYB5B (80777)
ACH-000496,17,3882062630103392237,2,MAPK1 (5594)
ACH-000496,17,3882062630103392237,3,IDH3A (3419)
ACH-000496,17,3882062630103392237,4,PARS2 (25973)
ACH-000496,17,3882062630103392237,5,HAUS8 (93323)
ACH-000496,17,3882062630103392237,6,P2RY6 (5031)
ACH-000496,17,3882062630103392237,7,MCMBP (79892)
ACH-000496,17,3882062630103392237,8,EP300 (2033)
ACH-000496,17,3882062630103392237,9,VPS37A (137492)
ACH-000496,17,3882062630103392237,10,RGP1 (9827)
ACH-000496,17,3882062630103392237,11,PSMG2 (56984)
ACH-000496,17,3882062630103392237,12,PTPN11 (5781)
ACH-000496,17,3882062630103392237,13,SLC2A1 (6513)
ACH-000496,17,3882062630103392237,14,NDUFA8 (4702)
ACH-000496,17,3882062630103392237,15,FECH (2235)
ACH-000496,17,3882062630103392237,16,COX15 (1355)
ACH-000496,17,3882062630103392237,17,GTF3C3 (9330)
ACH-000496,17,3882062630103392237,18,COASY (80347)
ACH-000496,17,3882062630103392237,19,SLC7A1 (6541)
ACH-000496,17,3882062630103392237,20,ATP6V0E1 (8992)
ACH-000496,17,3882062630103392237,21,ATIC (471)
ACH-000496,17,3882062630103392237,22,PPP2R3C (55012)
ACH-000496,17,3882062630103392237,23,LIPT1 (51601)
ACH-000496,17,3882062630103392237,24,EIF5AL1 (143244)
ACH-000496,17,3882062630103392237,25,FURIN (5045)
ACH-000496,17,3882062630103392237,26,DAXX (1616)
ACH-000496,17,3882062630103392237,27,ICE2 (79664)
ACH-000496,17,3882062630103392237,28,HAPSTR1 (29035)
ACH-000496,17,3882062630103392237,29,INTS6 (26512)
ACH-000496,17,3882062630103392237,30,CIT (11113)
ACH-000496,17,3882062630103392237,31,TSC1 (7248)
ACH-000496,17,3882062630103392237,32,MBTPS1 (8720)
ACH-000496,17,3882062630103392237,33,RRAGC (64121)
ACH-000496,17,3882062630103392237,34,KCTD5 (54442)
ACH-000496,17,3882062630103392237,35,EEFSEC (60678)
ACH-000496,17,3882062630103392237,36,SGF29 (112869)
ACH-000496,17,3882062630103392237,37,UBA5 (79876)
ACH-000496,17,3882062630103392237,38,PIK3CA (5290)
ACH-000496,17,3882062630103392237,39,DYNLL1 (8655)
ACH-000496,17,3882062630103392237,40,PSMG1 (8624)
ACH-000496,17,3882062630103392237,41,MTHFD1 (4522)
ACH-000496,17,3882062630103392237,42,PPIL1 (51645)
ACH-000496,17,3882062630103392237,43,FOXO3B (2310)
ACH-000496,17,3882062630103392237,44,DHODH (1723)
ACH-000496,17,3882062630103392237,45,DNM1L (10059)
ACH-000496,17,3882062630103392237,46,CCND1 (595)
ACH-000496,17,3882062630103392237,47,POLRMT (5442)
ACH-000496,17,3882062630103392237,48,DARS2 (55157)
ACH-000496,17,3882062630103392237,49,SOX10 (6663)
ACH-000496,17,3882062630103392237,50,CCNC (892)
ACH-000496,18,7103994115690343452,1,MPPE1 (65258)
ACH-000496,18,7103994115690343452,2,PPP1CB (5500)
ACH-000496,18,7103994115690343452,3,NMT1 (4836)
ACH-000496,18,7103994115690343452,4,WDR48 (57599)
ACH-000496,18,7103994115690343452,5,DDX39B (7919)
ACH-000496,18,7103994115690343452,6,MRPS14 (63931)
ACH-000496,18,7103994115690343452,7,BRAT1 (221927)
ACH-000496,18,7103994115690343452,8,CUL3 (8452)
ACH-000496,18,7103994115690343452,9,TAMM41 (132001)
ACH-000496,18,7103994115690343452,10,EXOSC10 (5394)
ACH-000496,18,7103994115690343452,11,PRPF39 (55015)
ACH-000496,18,7103994115690343452,12,ENO1 (2023)
ACH-000496,18,7103994115690343452,13,KIF4A (24137)
ACH-000496,18,7103994115690343452,14,PTP4A1 (7803)
ACH-000496,18,7103994115690343452,15,ARPC4 (10093)
ACH-000496,18,7103994115690343452,16,TAF5L (27097)
ACH-000496,18,7103994115690343452,17,RARS2 (57038)
ACH-000496,18,7103994115690343452,18,DNAJC11 (55735)
ACH-000496,18,7103994115690343452,19,HYCC2 (285172)
ACH-000496,18,7103994115690343452,20,TDP2 (51567)
ACH-000496,18,7103994115690343452,21,GMPS (8833)
ACH-000496,18,7103994115690343452,22,TAFAZZIN (6901)
ACH-000496,18,7103994115690343452,23,ATIC (471)
ACH-000496,18,7103994115690343452,24,UBR5 (51366)
ACH-000496,18,7103994115690343452,25,RPIA (22934)
ACH-000496,18,7103994115690343452,26,PPAT (5471)
ACH-000496,18,7103994115690343452,27,DDX19A (55308)
ACH-000496,18,7103994115690343452,28,PET117 (100303755)
ACH-000496,18,7103994115690343452,29,FLII (2314)
ACH-000496,18,7103994115690343452,30,SDHA (6389)
ACH-000496,18,7103994115690343452,31,RNF168 (165918)
ACH-000496,18,7103994115690343452,32,PDS5A (23244)
ACH-000496,18,7103994115690343452,33,MIOS (54468)
ACH-000496,18,7103994115690343452,34,CARS2 (79587)
ACH-000496,18,7103994115690343452,35,VPS33A (65082)
ACH-000496,18,7103994115690343452,36,MRPS24 (64951)
ACH-000496,18,7103994115690343452,37,NONO (4841)
ACH-000496,18,7103994115690343452,38,USP1 (7398)
ACH-000496,18,7103994115690343452,39,FURIN (5045)
ACH-000496,18,7103994115690343452,40,H2AX (3014)
ACH-000496,18,7103994115690343452,41,PPA2 (27068)
ACH-000496,18,7103994115690343452,42,MDM4 (4194)
ACH-000496,18,7103994115690343452,43,GABPA (2551)
ACH-000496,18,7103994115690343452,44,ZNF407 (55628)
ACH-000496,18,7103994115690343452,45,SOX10 (6663)
ACH-000496,18,7103994115690343452,46,H2BC9 (8345)
ACH-000496,18,7103994115690343452,47,EGLN1 (54583)
ACH-000496,18,7103994115690343452,48,ATP6V0E1 (8992)
ACH-000496,18,7103994115690343452,49,STIL (6491)
ACH-000496,18,7103994115690343452,50,COX10 (1352)
ACH-000496,19,714646730513516501,1,ELP4 (26610)
ACH-000496,19,714646730513516501,2,SLC7A1 (6541)
ACH-000496,19,714646730513516501,3,USP7 (7874)
ACH-000496,19,714646730513516501,4,ATIC (471)
ACH-000496,19,714646730513516501,5,CBLL1 (79872)
ACH-000496,19,714646730513516501,6,UBE2C (11065)
ACH-000496,19,714646730513516501,7,ARPC4 (10093)
ACH-000496,19,714646730513516501,8,TEAD1 (7003)
ACH-000496,19,714646730513516501,9,CCNL1 (57018)
ACH-000496,19,714646730513516501,10,TUBE1 (51175)
ACH-000496,19,714646730513516501,11,SARS2 (54938)
ACH-000496,19,714646730513516501,12,XRCC3 (7517)
ACH-000496,19,714646730513516501,13,LMNA (4000)
ACH-000496,19,714646730513516501,14,MDM4 (4194)
ACH-000496,19,714646730513516501,15,MED1 (5469)
ACH-000496,19,714646730513516501,16,HSD17B10 (3028)
ACH-000496,19,714646730513516501,17,STN1 (79991)
ACH-000496,19,714646730513516501,18,DDX5 (1655)
ACH-000496,19,714646730513516501,19,TIMM8A (1678)
ACH-000496,19,714646730513516501,20,KDM2A (22992)
ACH-000496,19,714646730513516501,21,MTHFD1 (4522)
ACH-000496,19,714646730513516501,22,FARS2 (10667)
ACH-000496,19,714646730513516501,23,GFPT1 (2673)
ACH-000496,19,714646730513516501,24,TTC7A (57217)
ACH-000496,19,714646730513516501,25,NSMCE4A (54780)
ACH-000496,19,714646730513516501,26,CUL2 (8453)
ACH-000496,19,714646730513516501,27,RIC1 (57589)
ACH-000496,19,714646730513516501,28,ZNF407 (55628)
ACH-000496,19,714646730513516501,29,GPI (2821)
ACH-000496,19,714646730513516501,30,VPS33A (65082)
ACH-000496,19,714646730513516501,31,DNM1L (10059)
ACH-000496,19,714646730513516501,32,PRRC2A (7916)
ACH-000496,19,714646730513516501,33,COX15 (1355)
ACH-000496,19,714646730513516501,34,KATNB1 (10300)
ACH-000496,19,714646730513516501,35,NUP50 (10762)
ACH-000496,19,714646730513516501,36,VEZF1 (7716)
ACH-000496,19,714646730513516501,37,MRPL55 (128308)
ACH-000496,19,714646730513516501,38,KIF18B (146909)
ACH-000496,19,714646730513516501,39,ZWINT (11130)
ACH-000496,19,714646730513516501,40,MTG1 (92170)
ACH-000496,19,714646730513516501,41,RPL22L1 (200916)
ACH-000496,19,714646730513516501,42,RTTN (25914)
ACH-000496,19,714646730513516501,43,USP9X (8239)
ACH-000496,19,714646730513516501,44,METTL1 (4234)
ACH-000496,19,714646730513516501,45,ISCA2 (122961)
ACH-000496,19,714646730513516501,46,TEN1 (100134934)
ACH-000496,19,714646730513516501,47,BIRC6 (57448)
ACH-000496,19,714646730513516501,48,MRPS12 (6183)
ACH-000496,19,714646730513516501,49,ELOF1 (84337)
ACH-000496,19,714646730513516501,50,HNRNPA2B1 (3181)
ACH-000552,0,3900475317171321596,1,SRSF10 (10772)
ACH-000552,0,3900475317171321596,2,UXS1 (80146)
ACH-000552,0,3900475317171321596,3,PDCD5 (9141)
ACH-000552,0,3900475317171321596,4,COQ4 (51117)
ACH-000552,0,3900475317171321596,5,SHOC2 (8036)
ACH-000552,0,3900475317171321596,6,P2RY6 (5031)
ACH-000552,0,3900475317171321596,7,CRLS1 (54675)
ACH-000552,0,3900475317171321596,8,HARS2 (23438)
ACH-000552,0,3900475317171321596,9,TRERF1 (55809)
ACH-000552,0,3900475317171321596,10,BRCA1 (672)
ACH-000552,0,3900475317171321596,11,ACSL3 (2181)
ACH-000552,0,3900475317171321596,12,C19orf53 (28974)
ACH-000552,0,3900475317171321596,13,RNF4 (6047)
ACH-000552,0,3900475317171321596,14,STN1 (79991)
ACH-000552,0,3900475317171321596,15,THAP11 (57215)
ACH-000552,0,3900475317171321596,16,FAM185A (222234)
ACH-000552,0,3900475317171321596,17,ELMO2 (63916)
ACH-000552,0,3900475317171321596,18,NPEPPS (9520)
ACH-000552,0,3900475317171321596,19,GFPT1 (2673)
ACH-000552,0,3900475317171321596,20,MFN2 (9927)
ACH-000552,0,3900475317171321596,21,VARS2 (57176)
ACH-000552,0,3900475317171321596,22,YPEL5 (51646)
ACH-000552,0,3900475317171321596,23,SEC62 (7095)
ACH-000552,0,3900475317171321596,24,MTX2 (10651)
ACH-000552,0,3900475317171321596,25,PAICS (10606)
ACH-000552,0,3900475317171321596,26,NDUFAB1 (4706)
ACH-000552,0,3900475317171321596,27,IGF1R (3480)
ACH-000552,0,3900475317171321596,28,NAMPT (10135)
ACH-000552,0,3900475317171321596,29,BSG (682)
ACH-000552,0,3900475317171321596,30,TRIM28 (10155)
ACH-000552,0,3900475317171321596,31,PTPMT1 (114971)
ACH-000552,0,3900475317171321596,32,DNAJC19 (131118)
ACH-000552,0,3900475317171321596,33,NHLRC2 (374354)
ACH-000552,0,3900475317171321596,34,MEN1 (4221)
ACH-000552,0,3900475317171321596,35,EIF2AK4 (440275)
ACH-000552,0,3900475317171321596,36,HSPA8 (3312)
ACH-000552,0,3900475317171321596,37,FBXO42 (54455)
ACH-000552,0,3900475317171321596,38,NDUFB3 (4709)
ACH-000552,0,3900475317171321596,39,PDCD7 (10081)
ACH-000552,0,3900475317171321596,40,ELP4 (26610)
ACH-000552,0,3900475317171321596,41,PGM3 (5238)
ACH-000552,0,3900475317171321596,42,SAMM50 (25813)
ACH-000552,0,3900475317171321596,43,TRIT1 (54802)
ACH-000552,0,3900475317171321596,44,NDUFB6 (4712)
ACH-000552,0,3900475317171321596,45,MRPS10 (55173)
ACH-000552,0,3900475317171321596,46,IRF2BP2 (359948)
ACH-000552,0,3900475317171321596,47,USP8 (9101)
ACH-000552,0,3900475317171321596,48,PCYT1A (5130)
ACH-000552,0,3900475317171321596,49,BUD13 (84811)
ACH-000552,0,3900475317171321596,50,SMC5 (23137)
ACH-000552,1,2293555446269609450,1,RELA (5970)
ACH-000552,1,2293555446269609450,2,GLMN (11146)
ACH-000552,1,2293555446269609450,3,ARF4 (378)
ACH-000552,1,2293555446269609450,4,TDP2 (51567)
ACH-000552,1,2293555446269609450,5,MAU2 (23383)
ACH-000552,1,2293555446269609450,6,AHCYL1 (10768)
ACH-000552,1,2293555446269609450,7,DHODH (1723)
ACH-000552,1,2293555446269609450,8,SGF29 (112869)
ACH-000552,1,2293555446269609450,9,MBTPS1 (8720)
ACH-000552,1,2293555446269609450,10,PFDN1 (5201)
ACH-000552,1,2293555446269609450,11,TOMM70 (9868)
ACH-000552,1,2293555446269609450,12,SDHD (6392)
ACH-000552,1,2293555446269609450,13,HAUS8 (93323)
ACH-000552,1,2293555446269609450,14,PPP1R15B (84919)
ACH-000552,1,2293555446269609450,15,XRCC2 (7516)
ACH-000552,1,2293555446269609450,16,FDXR (2232)
ACH-000552,1,2293555446269609450,17,TRIP13 (9319)
ACH-000552,1,2293555446269609450,18,BRAT1 (221927)
ACH-000552,1,2293555446269609450,19,LMNA (4000)
ACH-000552,1,2293555446269609450,20,SLC7A1 (6541)
ACH-000552,1,2293555446269609450,21,BAP1 (8314)
ACH-000552,1,2293555446269609450,22,DSN1 (79980)
ACH-000552,1,2293555446269609450,23,NCKAP1 (10787)
ACH-000552,1,2293555446269609450,24,TRNAU1AP (54952)
ACH-000552,1,2293555446269609450,25,ELOF1 (84337)
ACH-000552,1,2293555446269609450,26,RPRD1B (58490)
ACH-000552,1,2293555446269609450,27,PSMG1 (8624)
ACH-000552,1,2293555446269609450,28,NPEPPS (9520)
ACH-000552,1,2293555446269609450,29,HYCC2 (285172)
ACH-000552,1,2293555446269609450,30,RPAP2 (79871)
ACH-000552,1,2293555446269609450,31,POLG (5428)
ACH-000552,1,2293555446269609450,32,MTG1 (92170)
ACH-000552,1,2293555446269609450,33,PET117 (100303755)
ACH-000552,1,2293555446269609450,34,PDS5A (23244)
ACH-000552,1,2293555446269609450,35,SLC33A1 (9197)
ACH-000552,1,2293555446269609450,36,CCDC51 (79714)
ACH-000552,1,2293555446269609450,37,STAMBP (10617)
ACH-000552,1,2293555446269609450,38,RAB10 (10890)
ACH-000552,1,2293555446269609450,39,INTS6 (26512)
ACH-000552,1,2293555446269609450,40,GEMIN7 (79760)
ACH-000552,1,2293555446269609450,41,ARHGEF7 (8874)
ACH-000552,1,2293555446269609450,42,TIPRL (261726)
ACH-000552,1,2293555446269609450,43,RRAGC (64121)
ACH-000552,1,2293555446269609450,44,FAF2 (23197)
ACH-000552,1,2293555446269609450,45,TWNK (56652)
ACH-000552,1,2293555446269609450,46,ACLY (47)
ACH-000552,1,2293555446269609450,47,CEP43 (11116)
ACH-000552,1,2293555446269609450,48,SCAP (22937)
ACH-000552,1,2293555446269609450,49,KANSL1 (284058)
ACH-000552,1,2293555446269609450,50,KIF4A (24137)
ACH-000552,2,17810180635548438106,1,NDUFAB1 (4706)
ACH-000552,2,17810180635548438106,2,STN1 (79991)
ACH-000552,2,17810180635548438106,3,NBAS (51594)
ACH-000552,2,17810180635548438106,4,YPEL5 (51646)
ACH-000552,2,17810180635548438106,5,ITGB1 (3688)
ACH-000552,2,17810180635548438106,6,PRDX1 (5052)
ACH-000552,2,17810180635548438106,7,BCL9L (283149)
ACH-000552,2,17810180635548438106,8,UROD (7389)
ACH-000552,2,17810180635548438106,9,FDX1 (2230)
ACH-000552,2,17810180635548438106,10,MDM2 (4193)
ACH-000552,2,17810180635548438106,11,TCF7L2 (6934)
ACH-000552,2,17810180635548438106,12,MRPS25 (64432)
ACH-000552,2,17810180635548438106,13,SAMM50 (25813)
ACH-000552,2,17810180635548438106,14,FBXW11 (23291)
ACH-000552,2,17810180635548438106,15,NAA20 (51126)
ACH-000552,2,17810180635548438106,16,TMED2 (10959)
ACH-000552,2,17810180635548438106,17,OPA1 (4976)
ACH-000552,2,17810180635548438106,18,UBR5 (51366)
ACH-000552,2,17810180635548438106,19,GMNN (51053)
ACH-000552,2,17810180635548438106,20,GLMN (11146)
ACH-000552,2,17810180635548438106,21,SMC5 (23137)
ACH-000552,2,17810180635548438106,22,PMM2 (5373)
ACH-000552,2,17810180635548438106,23,KIF4A (24137)
ACH-000552,2,17810180635548438106,24,HNF1B (6928)
ACH-000552,2,17810180635548438106,25,VPS4A (27183)
ACH-000552,2,17810180635548438106,26,TWNK (56652)
ACH-000552,2,17810180635548438106,27,MMGT1 (93380)
ACH-000552,2,17810180635548438106,28,MYBL2 (4605)
ACH-000552,2,17810180635548438106,29,TFRC (7037)
ACH-000552,2,17810180635548438106,30,MYBBP1A (10514)
ACH-000552,2,17810180635548438106,31,ELP2 (55250)
ACH-000552,2,17810180635548438106,32,CTC1 (80169)
ACH-000552,2,17810180635548438106,33,METTL1 (4234)
ACH-000552,2,17810180635548438106,34,RRAGC (64121)
ACH-000552,2,17810180635548438106,35,GABPA (2551)
ACH-000552,2,17810180635548438106,36,CFLAR (8837)
ACH-000552,2,17810180635548438106,37,SMARCB1 (6598)
ACH-000552,2,17810180635548438106,38,EXOSC10 (5394)
ACH-000552,2,17810180635548438106,39,C19orf53 (28974)
ACH-000552,2,17810180635548438106,40,SRSF10 (10772)
ACH-000552,2,17810180635548438106,41,GEMIN4 (50628)
ACH-000552,2,17810180635548438106,42,WDR48 (57599)
ACH-000552,2,17810180635548438106,43,WDR83 (84292)
ACH-000552,2,17810180635548438106,44,ZFP36L1 (677)
ACH-000552,2,17810180635548438106,45,TIGD3 (220359)
ACH-000552,2,17810180635548438106,46,MDM4 (4194)
ACH-000552,2,17810180635548438106,47,MLST8 (64223)
ACH-000552,2,17810180635548438106,48,PTPA (5524)
ACH-000552,2,17810180635548438106,49,RAD51D (5892)
ACH-000552,2,17810180635548438106,50,TRIT1 (54802)
ACH-000552,3,16950077259036956011,1,HAPLN2 (60484)
ACH-000552,3,16950077259036956011,2,KEAP1 (9817)
ACH-000552,3,16950077259036956011,3,TTC7A (57217)
ACH-000552,3,16950077259036956011,4,HSD17B10 (3028)
ACH-000552,3,16950077259036956011,5,VEZF1 (7716)
ACH-000552,3,16950077259036956011,6,PPP1CA (5499)
ACH-000552,3,16950077259036956011,7,COX5A (9377)
ACH-000552,3,16950077259036956011,8,YME1L1 (10730)
ACH-000552,3,16950077259036956011,9,MRPS6 (64968)
ACH-000552,3,16950077259036956011,10,CTPS1 (1503)
ACH-000552,3,16950077259036956011,11,UBE2S (27338)
ACH-000552,3,16950077259036956011,12,METTL1 (4234)
ACH-000552,3,16950077259036956011,13,ADSS2 (159)
ACH-000552,3,16950077259036956011,14,PFDN5 (5204)
ACH-000552,3,16950077259036956011,15,KIF4A (24137)
ACH-000552,3,16950077259036956011,16,TAFAZZIN (6901)
ACH-000552,3,16950077259036956011,17,BAP1 (8314)
ACH-000552,3,16950077259036956011,18,MRPS10 (55173)
ACH-000552,3,16950077259036956011,19,ACO2 (50)
ACH-000552,3,16950077259036956011,20,FAM50A (9130)
ACH-000552,3,16950077259036956011,21,SYNCRIP (10492)
ACH-000552,3,16950077259036956011,22,TRIM28 (10155)
ACH-000552,3,16950077259036956011,23,EAPP (55837)
ACH-000552,3,16950077259036956011,24,ATP5F1B (506)
ACH-000552,3,16950077259036956011,25,SLC20A1 (6574)
ACH-000552,3,16950077259036956011,26,FLII (2314)
ACH-000552,3,16950077259036956011,27,NRAS (4893)
ACH-000552,3,16950077259036956011,28,UBIAD1 (29914)
ACH-000552,3,16950077259036956011,29,TMX2 (51075)
ACH-000552,3,16950077259036956011,30,GABPA (2551)
ACH-000552,3,16950077259036956011,31,NPEPPS (9520)
ACH-000552,3,16950077259036956011,32,MRPL39 (54148)
ACH-000552,3,16950077259036956011,33,ZEB1 (6935)
ACH-000552,3,16950077259036956011,34,PTPN11 (5781)
ACH-000552,3,16950077259036956011,35,XRN1 (54464)
ACH-000552,3,16950077259036956011,36,ATP5F1C (509)
ACH-000552,3,16950077259036956011,37,SOX10 (6663)
ACH-000552,3,16950077259036956011,38,SLC33A1 (9197)
ACH-000552,3,16950077259036956011,39,GCN1 (10985)
ACH-000552,3,16950077259036956011,40,FGFR1 (2260)
ACH-000552,3,16950077259036956011,41,RBBP7 (5931)
ACH-000552,3,16950077259036956011,42,NONO (4841)
ACH-000552,3,16950077259036956011,43,CYB5B (80777)
ACH-000552,3,16950077259036956011,44,NDUFB4 (4710)
ACH-000552,3,16950077259036956011,45,WDR73 (84942)
ACH-000552,3,16950077259036956011,46,FDX1 (2230)
ACH-000552,3,16950077259036956011,47,SAMD4B (55095)
ACH-000552,3,16950077259036956011,48,NFE2L2 (4780)
ACH-000552,3,16950077259036956011,49,BRAT1 (221927)
ACH-000552,3,16950077259036956011,50,ATP5F1D (513)
ACH-000552,4,7882248803291174689,1,CFLAR (8837)
ACH-000552,4,7882248803291174689,2,TKT (7086)
ACH-000552,4,7882248803291174689,3,TTC7A (57217)
ACH-000552,4,7882248803291174689,4,NR2C2AP (126382)
ACH-000552,4,7882248803291174689,5,KEAP1 (9817)
ACH-000552,4,7882248803291174689,6,CRAMP1 (57585)
ACH-000552,4,7882248803291174689,7,NIPBL (25836)
ACH-000552,4,7882248803291174689,8,RNF168 (165918)
ACH-000552,4,7882248803291174689,9,MRPS10 (55173)
ACH-000552,4,7882248803291174689,10,NUP50 (10762)
ACH-000552,4,7882248803291174689,11,CUL2 (8453)
ACH-000552,4,7882248803291174689,12,PRPF39 (55015)
ACH-000552,4,7882248803291174689,13,TIMM29 (90580)
ACH-000552,4,7882248803291174689,14,COX18 (285521)
ACH-000552,4,7882248803291174689,15,RBBP7 (5931)
ACH-000552,4,7882248803291174689,16,ITGAV (3685)
ACH-000552,4,7882248803291174689,17,H2BC5 (3017)
ACH-000552,4,7882248803291174689,18,KIF18B (146909)
ACH-000552,4,7882248803291174689,19,NFRKB (4798)
ACH-000552,4,7882248803291174689,20,DOLPP1 (57171)
ACH-000552,4,7882248803291174689,21,UXS1 (80146)
ACH-000552,4,7882248803291174689,22,EARS2 (124454)
ACH-000552,4,7882248803291174689,23,AHCYL1 (10768)
ACH-000552,4,7882248803291174689,24,DNAJC11 (55735)
ACH-000552,4,7882248803291174689,25,ELMO2 (63916)
ACH-000552,4,7882248803291174689,26,FERMT1 (55612)
ACH-000552,4,7882248803291174689,27,WTAP (9589)
ACH-000552,4,7882248803291174689,28,PDCD7 (10081)
ACH-000552,4,7882248803291174689,29,EXOC1 (55763)
ACH-000552,4,7882248803291174689,30,CCNL1 (57018)
ACH-000552,4,7882248803291174689,31,SCAP (22937)
ACH-000552,4,7882248803291174689,32,GOLGA7 (51125)
ACH-000552,4,7882248803291174689,33,NMT1 (4836)
ACH-000552,4,7882248803291174689,34,FDFT1 (2222)
ACH-000552,4,7882248803291174689,35,FOXA2 (3170)
ACH-000552,4,7882248803291174689,36,BRAT1 (221927)
ACH-000552,4,7882248803291174689,37,ENO1 (2023)
ACH-000552,4,7882248803291174689,38,RBM18 (92400)
ACH-000552,4,7882248803291174689,39,MEN1 (4221)
ACH-000552,4,7882248803291174689,40,KLF5 (688)
ACH-000552,4,7882248803291174689,41,EEFSEC (60678)
ACH-000552,4,7882248803291174689,42,IRF2BP2 (359948)
ACH-000552,4,7882248803291174689,43,SYNCRIP (10492)
ACH-000552,4,7882248803291174689,44,SOCS3 (9021)
ACH-000552,4,7882248803291174689,45,TCOF1 (6949)
ACH-000552,4,7882248803291174689,46,GPX4 (2879)
ACH-000552,4,7882248803291174689,47,GART (2618)
ACH-000552,4,7882248803291174689,48,TAFAZZIN (6901)
ACH-000552,4,7882248803291174689,49,DNAJC19 (131118)
ACH-000552,4,7882248803291174689,50,WNK1 (65125)
ACH-000552,5,14856851221979360531,1,UQCRC2 (7385)
ACH-000552,5,14856851221979360531,2,TFAM (7019)
ACH-000552,5,14856851221979360531,3,PRRC2A (7916)
ACH-000552,5,14856851221979360531,4,GFPT1 (2673)
ACH-000552,5,14856851221979360531,5,WDR73 (84942)
ACH-000552,5,14856851221979360531,6,ITGB5 (3693)
ACH-000552,5,14856851221979360531,7,ARID2 (196528)
ACH-000552,5,14856851221979360531,8,SLC7A1 (6541)
ACH-000552,5,14856851221979360531,9,OPA1 (4976)
ACH-000552,5,14856851221979360531,10,PRKRA (8575)
ACH-000552,5,14856851221979360531,11,FERMT2 (10979)
ACH-000552,5,14856851221979360531,12,MRPS14 (63931)
ACH-000552,5,14856851221979360531,13,TIMM17A (10440)
ACH-000552,5,14856851221979360531,14,ATP6V1H (51606)
ACH-000552,5,14856851221979360531,15,CDK8 (1024)
ACH-000552,5,14856851221979360531,16,MRPL39 (54148)
ACH-000552,5,14856851221979360531,17,ANAPC15 (25906)
ACH-000552,5,14856851221979360531,18,DSN1 (79980)
ACH-000552,5,14856851221979360531,19,RRAGC (64121)
ACH-000552,5,14856851221979360531,20,OXSM (54995)
ACH-000552,5,14856851221979360531,21,MED24 (9862)
ACH-000552,5,14856851221979360531,22,PTPMT1 (114971)
ACH-000552,5,14856851221979360531,23,COP1 (64326)
ACH-000552,5,14856851221979360531,24,WNK1 (65125)
ACH-000552,5,14856851221979360531,25,CUL2 (8453)
ACH-000552,5,14856851221979360531,26,TCF7L2 (6934)
ACH-000552,5,14856851221979360531,27,FLII (2314)
ACH-000552,5,14856851221979360531,28,DLST (1743)
ACH-000552,5,14856851221979360531,29,NDUFA8 (4702)
ACH-000552,5,14856851221979360531,30,SHOC2 (8036)
ACH-000552,5,14856851221979360531,31,PGP (283871)
ACH-000552,5,14856851221979360531,32,KANSL1 (284058)
ACH-000552,5,14856851221979360531,33,RPRD1B (58490)
ACH-000552,5,14856851221979360531,34,VARS2 (57176)
ACH-000552,5,14856851221979360531,35,JUN (3725)
ACH-000552,5,14856851221979360531,36,MRPS7 (51081)
ACH-000552,5,14856851221979360531,37,FAF2 (23197)
ACH-000552,5,14856851221979360531,38,SEPSECS (51091)
ACH-000552,5,14856851221979360531,39,SARS2 (54938)
ACH-000552,5,14856851221979360531,40,MAU2 (23383)
ACH-000552,5,14856851221979360531,41,WRN (7486)
ACH-000552,5,14856851221979360531,42,SLC3A2 (6520)
ACH-000552,5,14856851221979360531,43,SLC2A1 (6513)
ACH-000552,5,14856851221979360531,44,MBTPS2 (51360)
ACH-000552,5,14856851221979360531,45,FXN (2395)
ACH-000552,5,14856851221979360531,46,UBIAD1 (29914)
ACH-000552,5,14856851221979360531,47,USP1 (7398)
ACH-000552,5,14856851221979360531,48,BRAT1 (221927)
ACH-000552,5,14856851221979360531,49,GOLGA7 (51125)
ACH-000552,5,14856851221979360531,50,MRPS16 (51021)
ACH-000552,6,6721414000206963694,1,UBIAD1 (29914)
ACH-000552,6,6721414000206963694,2,NELFCD (51497)
ACH-000552,6,6721414000206963694,3,CDK6 (1021)
ACH-000552,6,6721414000206963694,4,CTC1 (80169)
ACH-000552,6,6721414000206963694,5,MED9 (55090)
ACH-000552,6,6721414000206963694,6,CBLL1 (79872)
ACH-000552,6,6721414000206963694,7,MRPS6 (64968)
ACH-000552,6,6721414000206963694,8,TAPT1 (202018)
ACH-000552,6,6721414000206963694,9,MRPS25 (64432)
ACH-000552,6,6721414000206963694,10,TRERF1 (55809)
ACH-000552,6,6721414000206963694,11,PRDX1 (5052)
ACH-000552,6,6721414000206963694,12,DDX19A (55308)
ACH-000552,6,6721414000206963694,13,WNK1 (65125)
ACH-000552,6,6721414000206963694,14,TIGD3 (220359)
ACH-000552,6,6721414000206963694,15,UBA5 (79876)
ACH-000552,6,6721414000206963694,16,TEN1 (100134934)
ACH-000552,6,6721414000206963694,17,KDM2A (22992)
ACH-000552,6,6721414000206963694,18,H2AX (3014)
ACH-000552,6,6721414000206963694,19,COASY (80347)
ACH-000552,6,6721414000206963694,20,SLC25A3 (5250)
ACH-000552,6,6721414000206963694,21,FAM210A (125228)
ACH-000552,6,6721414000206963694,22,PRKRA (8575)
ACH-000552,6,6721414000206963694,23,WTAP (9589)
ACH-000552,6,6721414000206963694,24,GABPA (2551)
ACH-000552,6,6721414000206963694,25,BRAT1 (221927)
ACH-000552,6,6721414000206963694,26,FGFR1 (2260)
ACH-000552,6,6721414000206963694,27,STK11 (6794)
ACH-000552,6,6721414000206963694,28,DHODH (1723)
ACH-000552,6,6721414000206963694,29,EP300 (2033)
ACH-000552,6,6721414000206963694,30,ATL2 (64225)
ACH-000552,6,6721414000206963694,31,TYMS (7298)
ACH-000552,6,6721414000206963694,32,COQ4 (51117)
ACH-000552,6,6721414000206963694,33,MLST8 (64223)
ACH-000552,6,6721414000206963694,34,ZNF217 (7764)
ACH-000552,6,6721414000206963694,35,MCMBP (79892)
ACH-000552,6,6721414000206963694,36,IDH3A (3419)
ACH-000552,6,6721414000206963694,37,FBXO42 (54455)
ACH-000552,6,6721414000206963694,38,IRS2 (8660)
ACH-000552,6,6721414000206963694,39,CCAR1 (55749)
ACH-000552,6,6721414000206963694,40,PKN2 (5586)
ACH-000552,6,6721414000206963694,41,SLC7A5 (8140)
ACH-000552,6,6721414000206963694,42,MRPL53 (116540)
ACH-000552,6,6721414000206963694,43,ATIC (471)
ACH-000552,6,6721414000206963694,44,NHLRC2 (374354)
ACH-000552,6,6721414000206963694,45,MCL1 (4170)
ACH-000552,6,6721414000206963694,46,ITGAV (3685)
ACH-000552,6,6721414000206963694,47,TKT (7086)
ACH-000552,6,6721414000206963694,48,UBE2S (27338)
ACH-000552,6,6721414000206963694,49,TRPM7 (54822)
ACH-000552,6,6721414000206963694,50,BSG (682)
ACH-000552,7,12346197119657519750,1,ACTB (60)
ACH-000552,7,12346197119657519750,2,RAF1 (5894)
ACH-000552,7,12346197119657519750,3,VPS37A (137492)
ACH-000552,7,12346197119657519750,4,TAPT1 (202018)
ACH-000552,7,12346197119657519750,5,ZFP36L1 (677)
ACH-000552,7,12346197119657519750,6,RRAGC (64121)
ACH-000552,7,12346197119657519750,7,THAP11 (57215)
ACH-000552,7,12346197119657519750,8,MRPS5 (64969)
ACH-000552,7,12346197119657519750,9,COX5A (9377)
ACH-000552,7,12346197119657519750,10,ZMYND8 (23613)
ACH-000552,7,12346197119657519750,11,ISCA2 (122961)
ACH-000552,7,12346197119657519750,12,PRDX1 (5052)
ACH-000552,7,12346197119657519750,13,BIRC6 (57448)
ACH-000552,7,12346197119657519750,14,MRPS25 (64432)
ACH-000552,7,12346197119657519750,15,RBM18 (92400)
ACH-000552,7,12346197119657519750,16,PTDSS1 (9791)
ACH-000552,7,12346197119657519750,17,LAMTOR2 (28956)
ACH-000552,7,12346197119657519750,18,BCL9L (283149)
ACH-000552,7,12346197119657519750,19,OGDH (4967)
ACH-000552,7,12346197119657519750,20,RNF168 (165918)
ACH-000552,7,12346197119657519750,21,MTHFD1 (4522)
ACH-000552,7,12346197119657519750,22,NFE2L2 (4780)
ACH-000552,7,12346197119657519750,23,GABPA (2551)
ACH-000552,7,12346197119657519750,24,TRPM7 (54822)
ACH-000552,7,12346197119657519750,25,AIFM1 (9131)
ACH-000552,7,12346197119657519750,26,ZWINT (11130)
ACH-000552,7,12346197119657519750,27,UBE2C (11065)
ACH-000552,7,12346197119657519750,28,PTPA (5524)
ACH-000552,7,12346197119657519750,29,TRAF7 (84231)
ACH-000552,7,12346197119657519750,30,LDLR (3949)
ACH-000552,7,12346197119657519750,31,PAXIP1 (22976)
ACH-000552,7,12346197119657519750,32,ANLN (54443)
ACH-000552,7,12346197119657519750,33,NCAPD3 (23310)
ACH-000552,7,12346197119657519750,34,ARPC4 (10093)
ACH-000552,7,12346197119657519750,35,OPA1 (4976)
ACH-000552,7,12346197119657519750,36,PFN1 (5216)
ACH-000552,7,12346197119657519750,37,METAP1 (23173)
ACH-000552,7,12346197119657519750,38,TRNAU1AP (54952)
ACH-000552,7,12346197119657519750,39,MED24 (9862)
ACH-000552,7,12346197119657519750,40,AHCYL1 (10768)
ACH-000552,7,12346197119657519750,41,ACO2 (50)
ACH-000552,7,12346197119657519750,42,PDCD5 (9141)
ACH-000552,7,12346197119657519750,43,NMNAT1 (64802)
ACH-000552,7,12346197119657519750,44,TOE1 (114034)
ACH-000552,7,12346197119657519750,45,PAICS (10606)
ACH-000552,7,12346197119657519750,46,ELAVL1 (1994)
ACH-000552,7,12346197119657519750,47,SNAP23 (8773)
ACH-000552,7,12346197119657519750,48,FAM50A (9130)
ACH-000552,7,12346197119657519750,49,MRPL18 (29074)
ACH-000552,7,12346197119657519750,50,WRN (7486)
ACH-000552,8,5844772298896173082,1,NMT1 (4836)
ACH-000552,8,5844772298896173082,2,NAPG (8774)
ACH-000552,8,5844772298896173082,3,ACTR3 (10096)
ACH-000552,8,5844772298896173082,4,EXOC1 (55763)
ACH-000552,8,5844772298896173082,5,MBTPS1 (8720)
ACH-000552,8,5844772298896173082,6,BRK1 (55845)
ACH-000552,8,5844772298896173082,7,CUL3 (8452)
ACH-000552,8,5844772298896173082,8,HNF1B (6928)
ACH-000552,8,5844772298896173082,9,SMC5 (23137)
ACH-000552,8,5844772298896173082,10,PTK2 (5747)
ACH-000552,8,5844772298896173082,11,MRPL35 (51318)
ACH-000552,8,5844772298896173082,12,HAUS8 (93323)
ACH-000552,8,5844772298896173082,13,FDFT1 (2222)
ACH-000552,8,5844772298896173082,14,FAM98B (283742)
ACH-000552,8,5844772298896173082,15,UBR5 (51366)
ACH-000552,8,5844772298896173082,16,FDXR (2232)
ACH-000552,8,5844772298896173082,17,COP1 (64326)
ACH-000552,8,5844772298896173082,18,SMG7 (9887)
ACH-000552,8,5844772298896173082,19,USP8 (9101)
ACH-000552,8,5844772298896173082,20,KIF18B (146909)
ACH-000552,8,5844772298896173082,21,RHEB (6009)
ACH-000552,8,5844772298896173082,22,MTX2 (10651)
ACH-000552,8,5844772298896173082,23,PFDN1 (5201)
ACH-000552,8,5844772298896173082,24,FOSL1 (8061)
ACH-000552,8,5844772298896173082,25,MRPL4 (51073)
ACH-000552,8,5844772298896173082,26,NDUFB6 (4712)
ACH-000552,8,5844772298896173082,27,MRPS16 (51021)
ACH-000552,8,5844772298896173082,28,SSBP3 (23648)
ACH-000552,8,5844772298896173082,29,AP2S1 (1175)
ACH-000552,8,5844772298896173082,30,FARS2 (10667)
ACH-000552,8,5844772298896173082,31,PPAT (5471)
ACH-000552,8,5844772298896173082,32,UBIAD1 (29914)
ACH-000552,8,5844772298896173082,33,DSCC1 (79075)
ACH-000552,8,5844772298896173082,34,MIPEP (4285)
ACH-000552,8,5844772298896173082,35,GOLGA7 (51125)
ACH-000552,8,5844772298896173082,36,PPP1R15B (84919)
ACH-000552,8,5844772298896173082,37,MRPS5 (64969)
ACH-000552,8,5844772298896173082,38,WWTR1 (25937)
ACH-000552,8,5844772298896173082,39,CBLL1 (79872)
ACH-000552,8,5844772298896173082,40,MAPK14 (1432)
ACH-000552,8,5844772298896173082,41,MRPL15 (29088)
ACH-000552,8,5844772298896173082,42,POLRMT (5442)
ACH-000552,8,5844772298896173082,43,CDK8 (1024)
ACH-000552,8,5844772298896173082,44,PTPN11 (5781)
ACH-000552,8,5844772298896173082,45,MTCH2 (23788)
ACH-000552,8,5844772298896173082,46,ITGB1 (3688)
ACH-000552,8,5844772298896173082,47,TRIM28 (10155)
ACH-000552,8,5844772298896173082,48,HAPSTR1 (29035)
ACH-000552,8,5844772298896173082,49,MTG1 (92170)
ACH-000552,8,5844772298896173082,50,VARS2 (57176)
ACH-000552,9,15366545880297595569,1,CDK4 (1019)
ACH-000552,9,15366545880297595569,2,CREBBP (1387)
ACH-000552,9,15366545880297595569,3,STEEP1 (63932)
ACH-000552,9,15366545880297595569,4,CARS2 (79587)
ACH-000552,9,15366545880297595569,5,DHODH (1723)
ACH-000552,9,15366545880297595569,6,TIGD3 (220359)
ACH-000552,9,15366545880297595569,7,PRDX1 (5052)
ACH-000552,9,15366545880297595569,8,KNTC1 (9735)
ACH-000552,9,15366545880297595569,9,GLRX5 (51218)
ACH-000552,9,15366545880297595569,10,AP2M1 (1173)
ACH-000552,9,15366545880297595569,11,NELFCD (51497)
ACH-000552,9,15366545880297595569,12,IGF1R (3480)
ACH-000552,9,15366545880297595569,13,LAMTOR2 (28956)
ACH-000552,9,15366545880297595569,14,SLC25A26 (115286)
ACH-000552,9,15366545880297595569,15,RPAP2 (79871)
ACH-000552,9,15366545880297595569,16,ATIC (471)
ACH-000552,9,15366545880297595569,17,JTB (10899)
ACH-000552,9,15366545880297595569,18,TMED2 (10959)
ACH-000552,9,15366545880297595569,19,FZD5 (7855)
ACH-000552,9,15366545880297595569,20,UFM1 (51569)
ACH-000552,9,15366545880297595569,21,IMPDH2 (3615)
ACH-000552,9,15366545880297595569,22,VEZF1 (7716)
ACH-000552,9,15366545880297595569,23,TRIM28 (10155)
ACH-000552,9,15366545880297595569,24,H2AX (3014)
ACH-000552,9,15366545880297595569,25,TYMS (7298)
ACH-000552,9,15366545880297595569,26,POP7 (10248)
ACH-000552,9,15366545880297595569,27,DDX3X (1654)
ACH-000552,9,15366545880297595569,28,NOA1 (84273)
ACH-000552,9,15366545880297595569,29,FBXW11 (23291)
ACH-000552,9,15366545880297595569,30,NSMCE4A (54780)
ACH-000552,9,15366545880297595569,31,USP1 (7398)
ACH-000552,9,15366545880297595569,32,ZNF407 (55628)
ACH-000552,9,15366545880297595569,33,COX7C (1350)
ACH-000552,9,15366545880297595569,34,CCDC51 (79714)
ACH-000552,9,15366545880297595569,35,OGDH (4967)
ACH-000552,9,15366545880297595569,36,NMT1 (4836)
ACH-000552,9,15366545880297595569,37,KIF18B (146909)
ACH-000552,9,15366545880297595569,38,SAMD4B (55095)
ACH-000552,9,15366545880297595569,39,TRNAU1AP (54952)
ACH-000552,9,15366545880297595569,40,COA6 (388753)
ACH-000552,9,15366545880297595569,41,OPA1 (4976)
ACH-000552,9,15366545880297595569,42,KIF20A (10112)
ACH-000552,9,15366545880297595569,43,ASCC3 (10973)
ACH-000552,9,15366545880297595569,44,FDFT1 (2222)
ACH-000552,9,15366545880297595569,45,TAMM41 (132001)
ACH-000552,9,15366545880297595569,46,PPAT (5471)
ACH-000552,9,15366545880297595569,47,TDP2 (51567)
ACH-000552,9,15366545880297595569,48,USP7 (7874)
ACH-000552,9,15366545880297595569,49,CBLL1 (79872)
ACH-000552,9,15366545880297595569,50,TOE1 (114034)
ACH-000552,10,7334928758265451367,1,METTL17 (64745)
ACH-000552,10,7334928758265451367,2,PPP1CA (5499)
ACH-000552,10,7334928758265451367,3,USP7 (7874)
ACH-000552,10,7334928758265451367,4,DNAJC19 (131118)
ACH-000552,10,7334928758265451367,5,OXSM (54995)
ACH-000552,10,7334928758265451367,6,BIRC6 (57448)
ACH-000552,10,7334928758265451367,7,KIF4A (24137)
ACH-000552,10,7334928758265451367,8,C19orf53 (28974)
ACH-000552,10,7334928758265451367,9,FAF2 (23197)
ACH-000552,10,7334928758265451367,10,MRPL4 (51073)
ACH-000552,10,7334928758265451367,11,RPIA (22934)
ACH-000552,10,7334928758265451367,12,MED9 (55090)
ACH-000552,10,7334928758265451367,13,NFRKB (4798)
ACH-000552,10,7334928758265451367,14,RRAGC (64121)
ACH-000552,10,7334928758265451367,15,COX5A (9377)
ACH-000552,10,7334928758265451367,16,DNAJC13 (23317)
ACH-000552,10,7334928758265451367,17,EIF5AL1 (143244)
ACH-000552,10,7334928758265451367,18,HNRNPA2B1 (3181)
ACH-000552,10,7334928758265451367,19,FAM210A (125228)
ACH-000552,10,7334928758265451367,20,MRPL55 (128308)
ACH-000552,10,7334928758265451367,21,ATP5F1D (513)
ACH-000552,10,7334928758265451367,22,TSC1 (7248)
ACH-000552,10,7334928758265451367,23,SLC25A28 (81894)
ACH-000552,10,7334928758265451367,24,NARS2 (79731)
ACH-000552,10,7334928758265451367,25,VBP1 (7411)
ACH-000552,10,7334928758265451367,26,VARS2 (57176)
ACH-000552,10,7334928758265451367,27,FZD5 (7855)
ACH-000552,10,7334928758265451367,28,PSMG1 (8624)
ACH-000552,10,7334928758265451367,29,PRKRA (8575)
ACH-000552,10,7334928758265451367,30,METTL1 (4234)
ACH-000552,10,7334928758265451367,31,RAF1 (5894)
ACH-000552,10,7334928758265451367,32,IMPDH2 (3615)
ACH-000552,10,7334928758265451367,33,TIGD3 (220359)
ACH-000552,10,7334928758265451367,34,EXOC1 (55763)
ACH-000552,10,7334928758265451367,35,DSCC1 (79075)
ACH-000552,10,7334928758265451367,36,WNK1 (65125)
ACH-000552,10,7334928758265451367,37,ATP6V1H (51606)
ACH-000552,10,7334928758265451367,38,ADAR (103)
ACH-000552,10,7334928758265451367,39,AP2M1 (1173)
ACH-000552,10,7334928758265451367,40,XYLT2 (64132)
ACH-000552,10,7334928758265451367,41,GLMN (11146)
ACH-000552,10,7334928758265451367,42,SYNCRIP (10492)
ACH-000552,10,7334928758265451367,43,DARS2 (55157)
ACH-000552,10,7334928758265451367,44,DLST (1743)
ACH-000552,10,7334928758265451367,45,MDM2 (4193)
ACH-000552,10,7334928758265451367,46,WDR73 (84942)
ACH-000552,10,7334928758265451367,47,EAF1 (85403)
ACH-000552,10,7334928758265451367,48,KNTC1 (9735)
ACH-000552,10,7334928758265451367,49,TXNRD1 (7296)
ACH-000552,10,7334928758265451367,50,BCL9L (283149)
ACH-000552,11,4993531302408838103,1,FAM185A (222234)
ACH-000552,11,4993531302408838103,2,TGIF1 (7050)
ACH-000552,11,4993531302408838103,3,WTAP (9589)
ACH-000552,11,4993531302408838103,4,LAMTOR2 (28956)
ACH-000552,11,4993531302408838103,5,KIF18B (146909)
ACH-000552,11,4993531302408838103,6,PTK2 (5747)
ACH-000552,11,4993531302408838103,7,MYBL2 (4605)
ACH-000552,11,4993531302408838103,8,ADSL (158)
ACH-000552,11,4993531302408838103,9,TADA1 (117143)
ACH-000552,11,4993531302408838103,10,TTC7A (57217)
ACH-000552,11,4993531302408838103,11,MRPL15 (29088)
ACH-000552,11,4993531302408838103,12,TAF5L (27097)
ACH-000552,11,4993531302408838103,13,UBE2Z (65264)
ACH-000552,11,4993531302408838103,14,TEDC1 (283643)
ACH-000552,11,4993531302408838103,15,CSK (1445)
ACH-000552,11,4993531302408838103,16,CRAMP1 (57585)
ACH-000552,11,4993531302408838103,17,RBM18 (92400)
ACH-000552,11,4993531302408838103,18,DNAJC13 (23317)
ACH-000552,11,4993531302408838103,19,YAP1 (10413)
ACH-000552,11,4993531302408838103,20,PPP6R3 (55291)
ACH-000552,11,4993531302408838103,21,NUP50 (10762)
ACH-000552,11,4993531302408838103,22,KLF5 (688)
ACH-000552,11,4993531302408838103,23,FDXR (2232)
ACH-000552,11,4993531302408838103,24,NDUFB11 (54539)
ACH-000552,11,4993531302408838103,25,MRPS25 (64432)
ACH-000552,11,4993531302408838103,26,TIMM8A (1678)
ACH-000552,11,4993531302408838103,27,MED24 (9862)
ACH-000552,11,4993531302408838103,28,ARID1B (57492)
ACH-000552,11,4993531302408838103,29,KRAS (3845)
ACH-000552,11,4993531302408838103,30,ANAPC15 (25906)
ACH-000552,11,4993531302408838103,31,SSBP3 (23648)
ACH-000552,11,4993531302408838103,32,PPP1R15B (84919)
ACH-000552,11,4993531302408838103,33,PPP2R3C (55012)
ACH-000552,11,4993531302408838103,34,H2BC5 (3017)
ACH-000552,11,4993531302408838103,35,IRF2BP2 (359948)
ACH-000552,11,4993531302408838103,36,ELOF1 (84337)
ACH-000552,11,4993531302408838103,37,GTF3C3 (9330)
ACH-000552,11,4993531302408838103,38,RARS2 (57038)
ACH-000552,11,4993531302408838103,39,TACC3 (10460)
ACH-000552,11,4993531302408838103,40,PTPMT1 (114971)
ACH-000552,11,4993531302408838103,41,PAICS (10606)
ACH-000552,11,4993531302408838103,42,MRPL55 (128308)
ACH-000552,11,4993531302408838103,43,USP9X (8239)
ACH-000552,11,4993531302408838103,44,SEPHS2 (22928)
ACH-000552,11,4993531302408838103,45,FPGS (2356)
ACH-000552,11,4993531302408838103,46,MTG1 (92170)
ACH-000552,11,4993531302408838103,47,RPUSD4 (84881)
ACH-000552,11,4993531302408838103,48,GART (2618)
ACH-000552,11,4993531302408838103,49,UMPS (7372)
ACH-000552,11,4993531302408838103,50,HAPSTR1 (29035)
ACH-000552,12,1620495910218195478,1,RAB6A (5870)
ACH-000552,12,1620495910218195478,2,RPL22L1 (200916)
ACH-000552,12,1620495910218195478,3,SOX10 (6663)
ACH-000552,12,1620495910218195478,4,EIF5AL1 (143244)
ACH-000552,12,1620495910218195478,5,UFM1 (51569)
ACH-000552,12,1620495910218195478,6,ICE2 (79664)
ACH-000552,12,1620495910218195478,7,FECH (2235)
ACH-000552,12,1620495910218195478,8,TMED2 (10959)
ACH-000552,12,1620495910218195478,9,CCNC (892)
ACH-000552,12,1620495910218195478,10,EP300 (2033)
ACH-000552,12,1620495910218195478,11,SAMM50 (25813)
ACH-000552,12,1620495910218195478,12,TEN1 (100134934)
ACH-000552,12,1620495910218195478,13,MVD (4597)
ACH-000552,12,1620495910218195478,14,POP7 (10248)
ACH-000552,12,1620495910218195478,15,MED1 (5469)
ACH-000552,12,1620495910218195478,16,POLRMT (5442)
ACH-000552,12,1620495910218195478,17,FDFT1 (2222)
ACH-000552,12,1620495910218195478,18,TFB2M (64216)
ACH-000552,12,1620495910218195478,19,SSBP3 (23648)
ACH-000552,12,1620495910218195478,20,HNRNPA2B1 (3181)
ACH-000552,12,1620495910218195478,21,FXN (2395)
ACH-000552,12,1620495910218195478,22,PCNX3 (399909)
ACH-000552,12,1620495910218195478,23,VHL (7428)
ACH-000552,12,1620495910218195478,24,MRPL41 (64975)
ACH-000552,12,1620495910218195478,25,VPS37A (137492)
ACH-000552,12,1620495910218195478,26,SLC20A1 (6574)
ACH-000552,12,1620495910218195478,27,SERBP1 (26135)
ACH-000552,12,1620495910218195478,28,CEP43 (11116)
ACH-000552,12,1620495910218195478,29,ATP1B3 (483)
ACH-000552,12,1620495910218195478,30,MRPL18 (29074)
ACH-000552,12,1620495910218195478,31,MTHFD1 (4522)
ACH-000552,12,1620495910218195478,32,ELP4 (26610)
ACH-000552,12,1620495910218195478,33,PFDN5 (5204)
ACH-000552,12,1620495910218195478,34,MRPL12 (6182)
ACH-000552,12,1620495910218195478,35,LDB1 (8861)
ACH-000552,12,1620495910218195478,36,SREBF1 (6720)
ACH-000552,12,1620495910218195478,37,PGP (283871)
ACH-000552,12,1620495910218195478,38,ZWINT (11130)
ACH-000552,12,1620495910218195478,39,ZNF217 (7764)
ACH-000552,12,1620495910218195478,40,ATF4 (468)
ACH-000552,12,1620495910218195478,41,GEMIN4 (50628)
ACH-000552,12,1620495910218195478,42,NSMCE4A (54780)
ACH-000552,12,1620495910218195478,43,FDX1 (2230)
ACH-000552,12,1620495910218195478,44,VEZF1 (7716)
ACH-000552,12,1620495910218195478,45,PRKAR1A (5573)
ACH-000552,12,1620495910218195478,46,STK11 (6794)
ACH-000552,12,1620495910218195478,47,PDCD7 (10081)
ACH-000552,12,1620495910218195478,48,IMPDH2 (3615)
ACH-000552,12,1620495910218195478,49,CCAR1 (55749)
ACH-000552,12,1620495910218195478,50,SMCHD1 (23347)
ACH-000552,13,15553094330488887247,1,MRPL39 (54148)
ACH-000552,13,15553094330488887247,2,BUD13 (84811)
ACH-000552,13,15553094330488887247,3,CFLAR (8837)
ACH-000552,13,15553094330488887247,4,PSMG2 (56984)
ACH-000552,13,15553094330488887247,5,CDH1 (999)
ACH-000552,13,15553094330488887247,6,ARMC5 (79798)
ACH-000552,13,15553094330488887247,7,ARHGEF7 (8874)
ACH-000552,13,15553094330488887247,8,ADAR (103)
ACH-000552,13,15553094330488887247,9,CCNL1 (57018)
ACH-000552,13,15553094330488887247,10,GART (2618)
ACH-000552,13,15553094330488887247,11,RAD51D (5892)
ACH-000552,13,15553094330488887247,12,MAPK14 (1432)
ACH-000552,13,15553094330488887247,13,UBAP2L (9898)
ACH-000552,13,15553094330488887247,14,KANSL1 (284058)
ACH-000552,13,15553094330488887247,15,MRPS7 (51081)
ACH-000552,13,15553094330488887247,16,COX6A1 (1337)
ACH-000552,13,15553094330488887247,17,ATP6V0E1 (8992)
ACH-000552,13,15553094330488887247,18,PTPMT1 (114971)
ACH-000552,13,15553094330488887247,19,ZMYND8 (23613)
ACH-000552,13,15553094330488887247,20,COX7C (1350)
ACH-000552,13,15553094330488887247,21,ISCA2 (122961)
ACH-000552,13,15553094330488887247,22,IER3IP1 (51124)
ACH-000552,13,15553094330488887247,23,TXNRD1 (7296)
ACH-000552,13,15553094330488887247,24,PKN2 (5586)
ACH-000552,13,15553094330488887247,25,ILK (3611)
ACH-000552,13,15553094330488887247,26,MAD2L1BP (9587)
ACH-000552,13,15553094330488887247,27,GFM1 (85476)
ACH-000552,13,15553094330488887247,28,CREBBP (1387)
ACH-000552,13,15553094330488887247,29,FERMT2 (10979)
ACH-000552,13,15553094330488887247,30,SCAP (22937)
ACH-000552,13,15553094330488887247,31,FDXR (2232)
ACH-000552,13,15553094330488887247,32,CDIN1 (84529)
ACH-000552,13,15553094330488887247,33,PCYT1A (5130)
ACH-000552,13,15553094330488887247,34,RNF168 (165918)
ACH-000552,13,15553094330488887247,35,RAB10 (10890)
ACH-000552,13,15553094330488887247,36,SEC62 (7095)
ACH-000552,13,15553094330488887247,37,LSM12 (124801)
ACH-000552,13,15553094330488887247,38,MTG1 (92170)
ACH-000552,13,15553094330488887247,39,GPI (2821)
ACH-000552,13,15553094330488887247,40,EARS2 (124454)
ACH-000552,13,15553094330488887247,41,MYBL2 (4605)
ACH-000552,13,15553094330488887247,42,HSPA8 (3312)
ACH-000552,13,15553094330488887247,43,CDAN1 (146059)
ACH-000552,13,15553094330488887247,44,EIF2AK4 (440275)
ACH-000552,13,15553094330488887247,45,ACSL3 (2181)
ACH-000552,13,15553094330488887247,46,ARID2 (196528)
ACH-000552,13,15553094330488887247,47,ZFP36L1 (677)
ACH-000552,13,15553094330488887247,48,FPGS (2356)
ACH-000552,13,15553094330488887247,49,TRIT1 (54802)
ACH-000552,13,15553094330488887247,50,MVD (4597)
ACH-000552,14,18181191632267738142,1,CDS2 (8760)
ACH-000552,14,18181191632267738142,2,COX6A1 (1337)
ACH-000552,14,18181191632267738142,3,PPM1D (8493)
ACH-000552,14,18181191632267738142,4,SMG7 (9887)
ACH-000552,14,18181191632267738142,5,PPIL1 (51645)
ACH-000552,14,18181191632267738142,6,CAD (790)
ACH-000552,14,18181191632267738142,7,AP2S1 (1175)
ACH-000552,14,18181191632267738142,8,ATP1B3 (483)
ACH-000552,14,18181191632267738142,9,TCOF1 (6949)
ACH-000552,14,18181191632267738142,10,CAND1 (55832)
ACH-000552,14,18181191632267738142,11,SQLE (6713)
ACH-000552,14,18181191632267738142,12,TCF7L2 (6934)
ACH-000552,14,18181191632267738142,13,ELOF1 (84337)
ACH-000552,14,18181191632267738142,14,SOX10 (6663)
ACH-000552,14,18181191632267738142,15,DNM1L (10059)
ACH-000552,14,18181191632267738142,16,FDFT1 (2222)
ACH-000552,14,18181191632267738142,17,FDXR (2232)
ACH-000552,14,18181191632267738142,18,FZD5 (7855)
ACH-000552,14,18181191632267738142,19,ARF4 (378)
ACH-000552,14,18181191632267738142,20,GEMIN2 (8487)
ACH-000552,14,18181191632267738142,21,TRIT1 (54802)
ACH-000552,14,18181191632267738142,22,RPL22L1 (200916)
ACH-000552,14,18181191632267738142,23,CFLAR (8837)
ACH-000552,14,18181191632267738142,24,ZFP36L1 (677)
ACH-000552,14,18181191632267738142,25,YAP1 (10413)
ACH-000552,14,18181191632267738142,26,STIL (6491)
ACH-000552,14,18181191632267738142,27,PCNX3 (399909)
ACH-000552,14,18181191632267738142,28,PGM3 (5238)
ACH-000552,14,18181191632267738142,29,CCAR1 (55749)
ACH-000552,14,18181191632267738142,30,DOCK5 (80005)
ACH-000552,14,18181191632267738142,31,TIMM17A (10440)
ACH-000552,14,18181191632267738142,32,MRPL41 (64975)
ACH-000552,14,18181191632267738142,33,TKT (7086)
ACH-000552,14,18181191632267738142,34,RHEB (6009)
ACH-000552,14,18181191632267738142,35,VARS2 (57176)
ACH-000552,14,18181191632267738142,36,WDR48 (57599)
ACH-000552,14,18181191632267738142,37,DDX3X (1654)
ACH-000552,14,18181191632267738142,38,MED23 (9439)
ACH-000552,14,18181191632267738142,39,DNAJB13 (374407)
ACH-000552,14,18181191632267738142,40,LMNA (4000)
ACH-000552,14,18181191632267738142,41,WDR7 (23335)
ACH-000552,14,18181191632267738142,42,XRCC2 (7516)
ACH-000552,14,18181191632267738142,43,UBE2D3 (7323)
ACH-000552,14,18181191632267738142,44,TELO2 (9894)
ACH-000552,14,18181191632267738142,45,SKA1 (220134)
ACH-000552,14,18181191632267738142,46,GOLGA7 (51125)
ACH-000552,14,18181191632267738142,47,PDCD7 (10081)
ACH-000552,14,18181191632267738142,48,PNKP (11284)
ACH-000552,14,18181191632267738142,49,CAB39 (51719)
ACH-000552,14,18181191632267738142,50,COASY (80347)
ACH-000552,15,7497523353888939085,1,ACLY (47)
ACH-000552,15,7497523353888939085,2,SMC5 (23137)
ACH-000552,15,7497523353888939085,3,MBTPS2 (51360)
ACH-000552,15,7497523353888939085,4,KEAP1 (9817)
ACH-000552,15,7497523353888939085,5,PITRM1 (10531)
ACH-000552,15,7497523353888939085,6,SMG7 (9887)
ACH-000552,15,7497523353888939085,7,PSMG1 (8624)
ACH-000552,15,7497523353888939085,8,ITGAV (3685)
ACH-000552,15,7497523353888939085,9,EED (8726)
ACH-000552,15,7497523353888939085,10,TEAD1 (7003)
ACH-000552,15,7497523353888939085,11,INTS6 (26512)
ACH-000552,15,7497523353888939085,12,PTPN11 (5781)
ACH-000552,15,7497523353888939085,13,POP7 (10248)
ACH-000552,15,7497523353888939085,14,MRPL12 (6182)
ACH-000552,15,7497523353888939085,15,DET1 (55070)
ACH-000552,15,7497523353888939085,16,MTCH2 (23788)
ACH-000552,15,7497523353888939085,17,ELOF1 (84337)
ACH-000552,15,7497523353888939085,18,CCNC (892)
ACH-000552,15,7497523353888939085,19,NPEPPS (9520)
ACH-000552,15,7497523353888939085,20,CDS2 (8760)
ACH-000552,15,7497523353888939085,21,FARS2 (10667)
ACH-000552,15,7497523353888939085,22,ARID2 (196528)
ACH-000552,15,7497523353888939085,23,IDH3A (3419)
ACH-000552,15,7497523353888939085,24,BPTF (2186)
ACH-000552,15,7497523353888939085,25,TRIM28 (10155)
ACH-000552,15,7497523353888939085,26,SCD (6319)
ACH-000552,15,7497523353888939085,27,SARS2 (54938)
ACH-000552,15,7497523353888939085,28,GABPB1 (2553)
ACH-000552,15,7497523353888939085,29,FURIN (5045)
ACH-000552,15,7497523353888939085,30,TUBB3 (10381)
ACH-000552,15,7497523353888939085,31,MRPS6 (64968)
ACH-000552,15,7497523353888939085,32,COA6 (388753)
ACH-000552,15,7497523353888939085,33,THAP11 (57215)
ACH-000552,15,7497523353888939085,34,TMED2 (10959)
ACH-000552,15,7497523353888939085,35,FBXO42 (54455)
ACH-000552,15,7497523353888939085,36,TEDC1 (283643)
ACH-000552,15,7497523353888939085,37,GART (2618)
ACH-000552,15,7497523353888939085,38,APC (324)
ACH-000552,15,7497523353888939085,39,ADSS2 (159)
ACH-000552,15,7497523353888939085,40,HUS1 (3364)
ACH-000552,15,7497523353888939085,41,TMX2 (51075)
ACH-000552,15,7497523353888939085,42,POLE3 (54107)
ACH-000552,15,7497523353888939085,43,REXO2 (25996)
ACH-000552,15,7497523353888939085,44,IGF1R (3480)
ACH-000552,15,7497523353888939085,45,PPIL1 (51645)
ACH-000552,15,7497523353888939085,46,CDIN1 (84529)
ACH-000552,15,7497523353888939085,47,FAM210A (125228)
ACH-000552,15,7497523353888939085,48,TELO2 (9894)
ACH-000552,15,7497523353888939085,49,ACSL3 (2181)
ACH-000552,15,7497523353888939085,50,MIPEP (4285)
ACH-000552,16,1031705758035589640,1,ANKRD49 (54851)
ACH-000552,16,1031705758035589640,2,HECTD1 (25831)
ACH-000552,16,1031705758035589640,3,PTK2 (5747)
ACH-000552,16,1031705758035589640,4,CUL3 (8452)
ACH-000552,16,1031705758035589640,5,NDUFC2 (4718)
ACH-000552,16,1031705758035589640,6,RBM18 (92400)
ACH-000552,16,1031705758035589640,7,MDM2 (4193)
ACH-000552,16,1031705758035589640,8,MRPL12 (6182)
ACH-000552,16,1031705758035589640,9,SRSF10 (10772)
ACH-000552,16,1031705758035589640,10,ATP6V0E1 (8992)
ACH-000552,16,1031705758035589640,11,ZEB1 (6935)
ACH-000552,16,1031705758035589640,12,WTAP (9589)
ACH-000552,16,1031705758035589640,13,PFAS (5198)
ACH-000552,16,1031705758035589640,14,BAP1 (8314)
ACH-000552,16,1031705758035589640,15,ATIC (471)
ACH-000552,16,1031705758035589640,16,TWNK (56652)
ACH-000552,16,1031705758035589640,17,NAPG (8774)
ACH-000552,16,1031705758035589640,18,KIF14 (9928)
ACH-000552,16,1031705758035589640,19,ATL2 (64225)
ACH-000552,16,1031705758035589640,20,NUP50 (10762)
ACH-000552,16,1031705758035589640,21,RAD51D (5892)
ACH-000552,16,1031705758035589640,22,NDE1 (54820)
ACH-000552,16,1031705758035589640,23,NAA20 (51126)
ACH-000552,16,1031705758035589640,24,NDUFB3 (4709)
ACH-000552,16,1031705758035589640,25,CRIPTO (6997)
ACH-000552,16,1031705758035589640,26,CEP43 (11116)
ACH-000552,16,1031705758035589640,27,CIT (11113)
ACH-000552,16,1031705758035589640,28,PTDSS1 (9791)
ACH-000552,16,1031705758035589640,29,NFE2L2 (4780)
ACH-000552,16,1031705758035589640,30,MPPE1 (65258)
ACH-000552,16,1031705758035589640,31,MIB1 (57534)
ACH-000552,16,1031705758035589640,32,NELFCD (51497)
ACH-000552,16,1031705758035589640,33,CFLAR (8837)
ACH-000552,16,1031705758035589640,34,MRPL55 (128308)
ACH-000552,16,1031705758035589640,35,GFPT1 (2673)
ACH-000552,16,1031705758035589640,36,MED12 (9968)
ACH-000552,16,1031705758035589640,37,MMGT1 (93380)
ACH-000552,16,1031705758035589640,38,RPAP2 (79871)
ACH-000552,16,1031705758035589640,39,HSPA8 (3312)
ACH-000552,16,1031705758035589640,40,WDR7 (23335)
ACH-000552,16,1031705758035589640,41,PARS2 (25973)
ACH-000552,16,1031705758035589640,42,OGDH (4967)
ACH-000552,16,1031705758035589640,43,SLC25A3 (5250)
ACH-000552,16,1031705758035589640,44,TAPT1 (202018)
ACH-000552,16,1031705758035589640,45,RPP25L (138716)
ACH-000552,16,1031705758035589640,46,TAF5L (27097)
ACH-000552,16,1031705758035589640,47,STX4 (6810)
ACH-000552,16,1031705758035589640,48,DAXX (1616)
ACH-000552,16,1031705758035589640,49,ARID1B (57492)
ACH-000552,16,1031705758035589640,50,PRPF39 (55015)
ACH-000552,17,14190191756937670329,1,NDUFB3 (4709)
ACH-000552,17,14190191756937670329,2,RAD1 (5810)
ACH-000552,17,14190191756937670329,3,PTPMT1 (114971)
ACH-000552,17,14190191756937670329,4,TELO2 (9894)
ACH-000552,17,14190191756937670329,5,GFM1 (85476)
ACH-000552,17,14190191756937670329,6,VRK1 (7443)
ACH-000552,17,14190191756937670329,7,APC (324)
ACH-000552,17,14190191756937670329,8,KCMF1 (56888)
ACH-000552,17,14190191756937670329,9,MRPL53 (116540)
ACH-000552,17,14190191756937670329,10,SLC20A1 (6574)
ACH-000552,17,14190191756937670329,11,MAPK14 (1432)
ACH-000552,17,14190191756937670329,12,METTL1 (4234)
ACH-000552,17,14190191756937670329,13,HSPA8 (3312)
ACH-000552,17,14190191756937670329,14,SMCHD1 (23347)
ACH-000552,17,14190191756937670329,15,COX15 (1355)
ACH-000552,17,14190191756937670329,16,MRPS12 (6183)
ACH-000552,17,14190191756937670329,17,BAP1 (8314)
ACH-000552,17,14190191756937670329,18,NOA1 (84273)
ACH-000552,17,14190191756937670329,19,FZD5 (7855)
ACH-000552,17,14190191756937670329,20,BSG (682)
ACH-000552,17,14190191756937670329,21,VPS33A (65082)
ACH-000552,17,14190191756937670329,22,CCNC (892)
ACH-000552,17,14190191756937670329,23,FAM210A (125228)
ACH-000552,17,14190191756937670329,24,HYCC2 (285172)
ACH-000552,17,14190191756937670329,25,SDHD (6392)
ACH-000552,17,14190191756937670329,26,EARS2 (124454)
ACH-000552,17,14190191756937670329,27,KNTC1 (9735)
ACH-000552,17,14190191756937670329,28,STIL (6491)
ACH-000552,17,14190191756937670329,29,AIFM1 (9131)
ACH-000552,17,14190191756937670329,30,CFL1 (1072)
ACH-000552,17,14190191756937670329,31,STK11 (6794)
ACH-000552,17,14190191756937670329,32,XRCC2 (7516)
ACH-000552,17,14190191756937670329,33,MIOS (54468)
ACH-000552,17,14190191756937670329,34,CHMP7 (91782)
ACH-000552,17,14190191756937670329,35,C3orf38 (285237)
ACH-000552,17,14190191756937670329,36,GABPB1 (2553)
ACH-000552,17,14190191756937670329,37,MRPL12 (6182)
ACH-000552,17,14190191756937670329,38,NDUFC2 (4718)
ACH-000552,17,14190191756937670329,39,CEP85 (64793)
ACH-000552,17,14190191756937670329,40,KCTD5 (54442)
ACH-000552,17,14190191756937670329,41,NCKAP1 (10787)
ACH-000552,17,14190191756937670329,42,CUL3 (8452)
ACH-000552,17,14190191756937670329,43,CCND3 (896)
ACH-000552,17,14190191756937670329,44,TWNK (56652)
ACH-000552,17,14190191756937670329,45,TAFAZZIN (6901)
ACH-000552,17,14190191756937670329,46,RELA (5970)
ACH-000552,17,14190191756937670329,47,PHF12 (57649)
ACH-000552,17,14190191756937670329,48,ATP5F1D (513)
ACH-000552,17,14190191756937670329,49,FECH (2235)
ACH-000552,17,14190191756937670329,50,PCNX3 (399909)
ACH-000552,18,11049366829789298353,1,RNF168 (165918)
ACH-000552,18,11049366829789298353,2,SCD (6319)
ACH-000552,18,11049366829789298353,3,CRLS1 (54675)
ACH-000552,18,11049366829789298353,4,ARMC5 (79798)
ACH-000552,18,11049366829789298353,5,POP7 (10248)
ACH-000552,18,11049366829789298353,6,JUN (3725)
ACH-000552,18,11049366829789298353,7,MVD (4597)
ACH-000552,18,11049366829789298353,8,DNM1L (10059)
ACH-000552,18,11049366829789298353,9,MRPL39 (54148)
ACH-000552,18,11049366829789298353,10,RHOA (387)
ACH-000552,18,11049366829789298353,11,GMPS (8833)
ACH-000552,18,11049366829789298353,12,MTG1 (92170)
ACH-000552,18,11049366829789298353,13,TELO2 (9894)
ACH-000552,18,11049366829789298353,14,TMX2 (51075)
ACH-000552,18,11049366829789298353,15,SLC25A3 (5250)
ACH-000552,18,11049366829789298353,16,OXSM (54995)
ACH-000552,18,11049366829789298353,17,SMARCB1 (6598)
ACH-000552,18,11049366829789298353,18,CCDC51 (79714)
ACH-000552,18,11049366829789298353,19,DNAJC11 (55735)
ACH-000552,18,11049366829789298353,20,TSC1 (7248)
ACH-000552,18,11049366829789298353,21,CTNNA1 (1495)
ACH-000552,18,11049366829789298353,22,NHLRC2 (374354)
ACH-000552,18,11049366829789298353,23,IRS2 (8660)
ACH-000552,18,11049366829789298353,24,EGLN1 (54583)
ACH-000552,18,11049366829789298353,25,BRCA2 (675)
ACH-000552,18,11049366829789298353,26,COP1 (64326)
ACH-000552,18,11049366829789298353,27,PET117 (100303755)
ACH-000552,18,11049366829789298353,28,HEMK2 (29104)
ACH-000552,18,11049366829789298353,29,BPTF (2186)
ACH-000552,18,11049366829789298353,30,HECTD1 (25831)
ACH-000552,18,11049366829789298353,31,EP300 (2033)
ACH-000552,18,11049366829789298353,32,MRPL49 (740)
ACH-000552,18,11049366829789298353,33,CUL3 (8452)
ACH-000552,18,11049366829789298353,34,EXOC1 (55763)
ACH-000552,18,11049366829789298353,35,BRAT1 (221927)
ACH-000552,18,11049366829789298353,36,TMED2 (10959)
ACH-000552,18,11049366829789298353,37,SLC7A5 (8140)
ACH-000552,18,11049366829789298353,38,DLST (1743)
ACH-000552,18,11049366829789298353,39,HSP90B1 (7184)
ACH-000552,18,11049366829789298353,40,UBE2H (7328)
ACH-000552,18,11049366829789298353,41,EAPP (55837)
ACH-000552,18,11049366829789298353,42,STIL (6491)
ACH-000552,18,11049366829789298353,43,SDHA (6389)
ACH-000552,18,11049366829789298353,44,PSMG1 (8624)
ACH-000552,18,11049366829789298353,45,MTPAP (55149)
ACH-000552,18,11049366829789298353,46,CTNNB1 (1499)
ACH-000552,18,11049366829789298353,47,VPS33A (65082)
ACH-000552,18,11049366829789298353,48,DUSP4 (1846)
ACH-000552,18,11049366829789298353,49,EARS2 (124454)
ACH-000552,18,11049366829789298353,50,GEMIN4 (50628)
ACH-000552,19,13431237431254324507,1,FADD (8772)
ACH-000552,19,13431237431254324507,2,TOE1 (114034)
ACH-000552,19,13431237431254324507,3,PARD6B (84612)
ACH-000552,19,13431237431254324507,4,TIMM22 (29928)
ACH-000552,19,13431237431254324507,5,EEFSEC (60678)
ACH-000552,19,13431237431254324507,6,RAB10 (10890)
ACH-000552,19,13431237431254324507,7,CTNNB1 (1499)
ACH-000552,19,13431237431254324507,8,SLC3A2 (6520)
ACH-000552,19,13431237431254324507,9,ITGB1 (3688)
ACH-000552,19,13431237431254324507,10,MRPL12 (6182)
ACH-000552,19,13431237431254324507,11,WRN (7486)
ACH-000552,19,13431237431254324507,12,SLC7A1 (6541)
ACH-000552,19,13431237431254324507,13,MRPS10 (55173)
ACH-000552,19,13431237431254324507,14,SMARCE1 (6605)
ACH-000552,19,13431237431254324507,15,FAM50A (9130)
ACH-000552,19,13431237431254324507,16,PRPF39 (55015)
ACH-000552,19,13431237431254324507,17,PCNX3 (399909)
ACH-000552,19,13431237431254324507,18,USP7 (7874)
ACH-000552,19,13431237431254324507,19,UBQLN4 (56893)
ACH-000552,19,13431237431254324507,20,FOSL1 (8061)
ACH-000552,19,13431237431254324507,21,EAF1 (85403)
ACH-000552,19,13431237431254324507,22,ADSL (158)
ACH-000552,19,13431237431254324507,23,BIRC6 (57448)
ACH-000552,19,13431237431254324507,24,LDLR (3949)
ACH-000552,19,13431237431254324507,25,MRPS34 (65993)
ACH-000552,19,13431237431254324507,26,SQLE (6713)
ACH-000552,19,13431237431254324507,27,THG1L (54974)
ACH-000552,19,13431237431254324507,28,ADRM1 (11047)
ACH-000552,19,13431237431254324507,29,ZWINT (11130)
ACH-000552,19,13431237431254324507,30,ATP2B1 (490)
ACH-000552,19,13431237431254324507,31,CDK8 (1024)
ACH-000552,19,13431237431254324507,32,COX7C (1350)
ACH-000552,19,13431237431254324507,33,HEMK2 (29104)
ACH-000552,19,13431237431254324507,34,ZFP36L1 (677)
ACH-000552,19,13431237431254324507,35,TFRC (7037)
ACH-000552,19,13431237431254324507,36,AP2S1 (1175)
ACH-000552,19,13431237431254324507,37,SCAP (22937)
ACH-000552,19,13431237431254324507,38,KIF18B (146909)
ACH-000552,19,13431237431254324507,39,KATNB1 (10300)
ACH-000552,19,13431237431254324507,40,TWNK (56652)
ACH-000552,19,13431237431254324507,41,RAD51C (5889)
ACH-000552,19,13431237431254324507,42,USP1 (7398)
ACH-000552,19,13431237431254324507,43,HAUS8 (93323)
ACH-000552,19,13431237431254324507,44,OTUD5 (55593)
ACH-000552,19,13431237431254324507,45,PFDN5 (5204)
ACH-000552,19,13431237431254324507,46,CHMP5 (51510)
ACH-000552,19,13431237431254324507,47,ATL2 (64225)
ACH-000552,19,13431237431254324507,48,MRPS5 (64969)
ACH-000552,19,13431237431254324507,49,RRAGC (64121)
ACH-000552,19,13431237431254324507,50,RTTN (25914)
ACH-000790,0,1037348841388770999,1,SLC3A2 (6520)
ACH-000790,0,1037348841388770999,2,EED (8726)
ACH-000790,0,1037348841388770999,3,ACLY (47)
ACH-000790,0,1037348841388770999,4,NDUFA4 (4697)
ACH-000790,0,1037348841388770999,5,IDH3A (3419)
ACH-000790,0,1037348841388770999,6,ENO1 (2023)
ACH-000790,0,1037348841388770999,7,NXT1 (29107)
ACH-000790,0,1037348841388770999,8,TKT (7086)
ACH-000790,0,1037348841388770999,9,LSM12 (124801)
ACH-000790,0,1037348841388770999,10,VRK1 (7443)
ACH-000790,0,1037348841388770999,11,FAF2 (23197)
ACH-000790,0,1037348841388770999,12,CRAMP1 (57585)
ACH-000790,0,1037348841388770999,13,CARS2 (79587)
ACH-000790,0,1037348841388770999,14,BRAF (673)
ACH-000790,0,1037348841388770999,15,EAF1 (85403)
ACH-000790,0,1037348841388770999,16,TACC3 (10460)
ACH-000790,0,1037348841388770999,17,STEEP1 (63932)
ACH-000790,0,1037348841388770999,18,SLC33A1 (9197)
ACH-000790,0,1037348841388770999,19,TEDC1 (283643)
ACH-000790,0,1037348841388770999,20,NDE1 (54820)
ACH-000790,0,1037348841388770999,21,GLRX5 (51218)
ACH-000790,0,1037348841388770999,22,MBTPS1 (8720)
ACH-000790,0,1037348841388770999,23,ZFP36L1 (677)
ACH-000790,0,1037348841388770999,24,RGP1 (9827)
ACH-000790,0,1037348841388770999,25,CCNC (892)
ACH-000790,0,1037348841388770999,26,ACSL3 (2181)
ACH-000790,0,1037348841388770999,27,OTUD5 (55593)
ACH-000790,0,1037348841388770999,28,XRN1 (54464)
ACH-000790,0,1037348841388770999,29,USE1 (55850)
ACH-000790,0,1037348841388770999,30,TSC22D2 (9819)
ACH-000790,0,1037348841388770999,31,DDX3X (1654)
ACH-000790,0,1037348841388770999,32,CCDC51 (79714)
ACH-000790,0,1037348841388770999,33,WTAP (9589)
ACH-000790,0,1037348841388770999,34,VHL (7428)
ACH-000790,0,1037348841388770999,35,SAMD4B (55095)
ACH-000790,0,1037348841388770999,36,AMBRA1 (55626)
ACH-000790,0,1037348841388770999,37,MBTPS2 (51360)
ACH-000790,0,1037348841388770999,38,WWTR1 (25937)
ACH-000790,0,1037348841388770999,39,CCAR1 (55749)
ACH-000790,0,1037348841388770999,40,RIC8A (60626)
ACH-000790,0,1037348841388770999,41,PRRC2A (7916)
ACH-000790,0,1037348841388770999,42,CDIN1 (84529)
ACH-000790,0,1037348841388770999,43,FBXW11 (23291)
ACH-000790,0,1037348841388770999,44,RAD51D (5892)
ACH-000790,0,1037348841388770999,45,MYBBP1A (10514)
ACH-000790,0,1037348841388770999,46,SRSF10 (10772)
ACH-000790,0,1037348841388770999,47,TWNK (56652)
ACH-000790,0,1037348841388770999,48,ICE2 (79664)
ACH-000790,0,1037348841388770999,49,NCAPD3 (23310)
ACH-000790,0,1037348841388770999,50,DET1 (55070)
ACH-000790,1,4719562005569090885,1,HSD17B10 (3028)
ACH-000790,1,4719562005569090885,2,PDS5A (23244)
ACH-000790,1,4719562005569090885,3,FPGS (2356)
ACH-000790,1,4719562005569090885,4,YME1L1 (10730)
ACH-000790,1,4719562005569090885,5,CCDC51 (79714)
ACH-000790,1,4719562005569090885,6,FERMT2 (10979)
ACH-000790,1,4719562005569090885,7,MLST8 (64223)
ACH-000790,1,4719562005569090885,8,PDCD5 (9141)
ACH-000790,1,4719562005569090885,9,NXT1 (29107)
ACH-000790,1,4719562005569090885,10,DAXX (1616)
ACH-000790,1,4719562005569090885,11,CCDC6 (8030)
ACH-000790,1,4719562005569090885,12,MRPS10 (55173)
ACH-000790,1,4719562005569090885,13,PTPMT1 (114971)
ACH-000790,1,4719562005569090885,14,NUP50 (10762)
ACH-000790,1,4719562005569090885,15,PPIL1 (51645)
ACH-000790,1,4719562005569090885,16,BCL9L (283149)
ACH-000790,1,4719562005569090885,17,ACTR3 (10096)
ACH-000790,1,4719562005569090885,18,GMNN (51053)
ACH-000790,1,4719562005569090885,19,SCD (6319)
ACH-000790,1,4719562005569090885,20,MRPL55 (128308)
ACH-000790,1,4719562005569090885,21,ZEB1 (6935)
ACH-000790,1,4719562005569090885,22,PCYT1A (5130)
ACH-000790,1,4719562005569090885,23,HNRNPA2B1 (3181)
ACH-000790,1,4719562005569090885,24,TOMM20 (9804)
ACH-000790,1,4719562005569090885,25,ZNF407 (55628)
ACH-000790,1,4719562005569090885,26,TSC2 (7249)
ACH-000790,1,4719562005569090885,27,AIFM1 (9131)
ACH-000790,1,4719562005569090885,28,BRCA1 (672)
ACH-000790,1,4719562005569090885,29,CDIN1 (84529)
ACH-000790,1,4719562005569090885,30,HUS1 (3364)
ACH-000790,1,4719562005569090885,31,KNTC1 (9735)
ACH-000790,1,4719562005569090885,32,TXNRD1 (7296)
ACH-000790,1,4719562005569090885,33,GFPT1 (2673)
ACH-000790,1,4719562005569090885,34,COA7 (65260)
ACH-000790,1,4719562005569090885,35,MAPK1 (5594)
ACH-000790,1,4719562005569090885,36,PTP4A1 (7803)
ACH-000790,1,4719562005569090885,37,COX7C (1350)
ACH-000790,1,4719562005569090885,38,TFRC (7037)
ACH-000790,1,4719562005569090885,39,MRPS12 (6183)
ACH-000790,1,4719562005569090885,40,TRIM37 (4591)
ACH-000790,1,4719562005569090885,41,LSM12 (124801)
ACH-000790,1,4719562005569090885,42,DARS2 (55157)
ACH-000790,1,4719562005569090885,43,UBQLN4 (56893)
ACH-000790,1,4719562005569090885,44,TMED10 (10972)
ACH-000790,1,4719562005569090885,45,DHODH (1723)
ACH-000790,1,4719562005569090885,46,THAP11 (57215)
ACH-000790,1,4719562005569090885,47,DDX39B (7919)
ACH-000790,1,4719562005569090885,48,UBE2D3 (7323)
ACH-000790,1,4719562005569090885,49,HSPA8 (3312)
ACH-000790,1,4719562005569090885,50,COA6 (388753)
ACH-000790,2,5547799058045282878,1,CHMP5 (51510)
ACH-000790,2,5547799058045282878,2,MRPS16 (51021)
ACH-000790,2,5547799058045282878,3,HNF1A (6927)
ACH-000790,2,5547799058045282878,4,BRAF (673)
ACH-000790,2,5547799058045282878,5,NONO (4841)
ACH-000790,2,5547799058045282878,6,STAG2 (10735)
ACH-000790,2,5547799058045282878,7,MRPS25 (64432)
ACH-000790,2,5547799058045282878,8,MED1 (5469)
ACH-000790,2,5547799058045282878,9,PPP1CA (5499)
ACH-000790,2,5547799058045282878,10,PFN1 (5216)
ACH-000790,2,5547799058045282878,11,FADD (8772)
ACH-000790,2,5547799058045282878,12,DSCC1 (79075)
ACH-000790,2,5547799058045282878,13,MRPS10 (55173)
ACH-000790,2,5547799058045282878,14,IGF1R (3480)
ACH-000790,2,5547799058045282878,15,PKN2 (5586)
ACH-000790,2,5547799058045282878,16,PET117 (100303755)
ACH-000790,2,5547799058045282878,17,LAMTOR2 (28956)
ACH-000790,2,5547799058045282878,18,RPAP2 (79871)
ACH-000790,2,5547799058045282878,19,ARID1B (57492)
ACH-000790,2,5547799058045282878,20,KDM2A (22992)
ACH-000790,2,5547799058045282878,21,COQ4 (51117)
ACH-000790,2,5547799058045282878,22,FGFR1 (2260)
ACH-000790,2,5547799058045282878,23,SDHD (6392)
ACH-000790,2,5547799058045282878,24,MRPS11 (64963)
ACH-000790,2,5547799058045282878,25,PTP4A1 (7803)
ACH-000790,2,5547799058045282878,26,EAPP (55837)
ACH-000790,2,5547799058045282878,27,MRPS24 (64951)
ACH-000790,2,5547799058045282878,28,TRIP13 (9319)
ACH-000790,2,5547799058045282878,29,FAM210A (125228)
ACH-000790,2,5547799058045282878,30,ZNF407 (55628)
ACH-000790,2,5547799058045282878,31,CRIPTO (6997)
ACH-000790,2,5547799058045282878,32,AHCYL1 (10768)
ACH-000790,2,5547799058045282878,33,CBLL1 (79872)
ACH-000790,2,5547799058045282878,34,HAUS8 (93323)
ACH-000790,2,5547799058045282878,35,DSN1 (79980)
ACH-000790,2,5547799058045282878,36,ACTR3 (10096)
ACH-000790,2,5547799058045282878,37,UBE2H (7328)
ACH-000790,2,5547799058045282878,38,CCNL1 (57018)
ACH-000790,2,5547799058045282878,39,NAA20 (51126)
ACH-000790,2,5547799058045282878,40,BRK1 (55845)
ACH-000790,2,5547799058045282878,41,C3orf38 (285237)
ACH-000790,2,5547799058045282878,42,HSPA8 (3312)
ACH-000790,2,5547799058045282878,43,ARPC4 (10093)
ACH-000790,2,5547799058045282878,44,AP2S1 (1175)
ACH-000790,2,5547799058045282878,45,NPEPPS (9520)
ACH-000790,2,5547799058045282878,46,ATP6V1H (51606)
ACH-000790,2,5547799058045282878,47,IRF2BP2 (359948)
ACH-000790,2,5547799058045282878,48,ZEB1 (6935)
ACH-000790,2,5547799058045282878,49,STAMBP (10617)
ACH-000790,2,5547799058045282878,50,ARHGEF7 (8874)
ACH-000790,3,17755728304671531497,1,H2BC9 (8345)
ACH-000790,3,17755728304671531497,2,NDUFA4 (4697)
ACH-000790,3,17755728304671531497,3,MVD (4597)
ACH-000790,3,17755728304671531497,4,ACTB (60)
ACH-000790,3,17755728304671531497,5,STEEP1 (63932)
ACH-000790,3,17755728304671531497,6,SOX9 (6662)
ACH-000790,3,17755728304671531497,7,NDUFB11 (54539)
ACH-000790,3,17755728304671531497,8,PAICS (10606)
ACH-000790,3,17755728304671531497,9,MTHFD1 (4522)
ACH-000790,3,17755728304671531497,10,WTAP (9589)
ACH-000790,3,17755728304671531497,11,NDUFB10 (4716)
ACH-000790,3,17755728304671531497,12,CCAR1 (55749)
ACH-000790,3,17755728304671531497,13,DOLPP1 (57171)
ACH-000790,3,17755728304671531497,14,MAU2 (23383)
ACH-000790,3,17755728304671531497,15,ASCC3 (10973)
ACH-000790,3,17755728304671531497,16,DYNLL1 (8655)
ACH-000790,3,17755728304671531497,17,FLII (2314)
ACH-000790,3,17755728304671531497,18,CUL2 (8453)
ACH-000790,3,17755728304671531497,19,EIF2AK4 (440275)
ACH-000790,3,17755728304671531497,20,FDXR (2232)
ACH-000790,3,17755728304671531497,21,SOD2 (6648)
ACH-000790,3,17755728304671531497,22,UBE2S (27338)
ACH-000790,3,17755728304671531497,23,OGDH (4967)
ACH-000790,3,17755728304671531497,24,ATP1B3 (483)
ACH-000790,3,17755728304671531497,25,STIL (6491)
ACH-000790,3,17755728304671531497,26,PRPF39 (55015)
ACH-000790,3,17755728304671531497,27,VBP1 (7411)
ACH-000790,3,17755728304671531497,28,DNAJC11 (55735)
ACH-000790,3,17755728304671531497,29,UAP1 (6675)
ACH-000790,3,17755728304671531497,30,CTC1 (80169)
ACH-000790,3,17755728304671531497,31,FERMT2 (10979)
ACH-000790,3,17755728304671531497,32,DDX5 (1655)
ACH-000790,3,17755728304671531497,33,FAM185A (222234)
ACH-000790,3,17755728304671531497,34,BRD2 (6046)
ACH-000790,3,17755728304671531497,35,CBFB (865)
ACH-000790,3,17755728304671531497,36,GFPT1 (2673)
ACH-000790,3,17755728304671531497,37,MNAT1 (4331)
ACH-000790,3,17755728304671531497,38,LDB1 (8861)
ACH-000790,3,17755728304671531497,39,TKT (7086)
ACH-000790,3,17755728304671531497,40,SRSF10 (10772)
ACH-000790,3,17755728304671531497,41,CHMP7 (91782)
ACH-000790,3,17755728304671531497,42,HAUS8 (93323)
ACH-000790,3,17755728304671531497,43,NFRKB (4798)
ACH-000790,3,17755728304671531497,44,CCNL1 (57018)
ACH-000790,3,17755728304671531497,45,TACC3 (10460)
ACH-000790,3,17755728304671531497,46,CARS2 (79587)
ACH-000790,3,17755728304671531497,47,USP1 (7398)
ACH-000790,3,17755728304671531497,48,THAP11 (57215)
ACH-000790,3,17755728304671531497,49,VHL (7428)
ACH-000790,3,17755728304671531497,50,RELA (5970)
ACH-000790,4,15380191864030801898,1,MCMBP (79892)
ACH-000790,4,15380191864030801898,2,CIT (11113)
ACH-000790,4,15380191864030801898,3,PFN1 (5216)
ACH-000790,4,15380191864030801898,4,ILK (3611)
ACH-000790,4,15380191864030801898,5,SREBF1 (6720)
ACH-000790,4,15380191864030801898,6,DUSP4 (1846)
ACH-000790,4,15380191864030801898,7,SLC2A1 (6513)
ACH-000790,4,15380191864030801898,8,FZD5 (7855)
ACH-000790,4,15380191864030801898,9,MBTPS2 (51360)
ACH-000790,4,15380191864030801898,10,DSN1 (79980)
ACH-000790,4,15380191864030801898,11,RELA (5970)
ACH-000790,4,15380191864030801898,12,IER3IP1 (51124)
ACH-000790,4,15380191864030801898,13,C3orf38 (285237)
ACH-000790,4,15380191864030801898,14,EIF2AK4 (440275)
ACH-000790,4,15380191864030801898,15,TAFAZZIN (6901)
ACH-000790,4,15380191864030801898,16,UBR5 (51366)
ACH-000790,4,15380191864030801898,17,GMNN (51053)
ACH-000790,4,15380191864030801898,18,PPP2R3C (55012)
ACH-000790,4,15380191864030801898,19,CDH1 (999)
ACH-000790,4,15380191864030801898,20,ELOF1 (84337)
ACH-000790,4,15380191864030801898,21,TFRC (7037)
ACH-000790,4,15380191864030801898,22,JTB (10899)
ACH-000790,4,15380191864030801898,23,NAPG (8774)
ACH-000790,4,15380191864030801898,24,METTL17 (64745)
ACH-000790,4,15380191864030801898,25,CUL2 (8453)
ACH-000790,4,15380191864030801898,26,PGP (283871)
ACH-000790,4,15380191864030801898,27,CRIPTO (6997)
ACH-000790,4,15380191864030801898,28,PFDN5 (5204)
ACH-000790,4,15380191864030801898,29,CTNNB1 (1499)
ACH-000790,4,15380191864030801898,30,RBBP7 (5931)
ACH-000790,4,15380191864030801898,31,TELO2 (9894)
ACH-000790,4,15380191864030801898,32,TIGD3 (220359)
ACH-000790,4,15380191864030801898,33,H2BC5 (3017)
ACH-000790,4,15380191864030801898,34,UBE2H (7328)
ACH-000790,4,15380191864030801898,35,ATP5F1C (509)
ACH-000790,4,15380191864030801898,36,BPTF (2186)
ACH-000790,4,15380191864030801898,37,RIC1 (57589)
ACH-000790,4,15380191864030801898,38,TCOF1 (6949)
ACH-000790,4,15380191864030801898,39,MAPK1 (5594)
ACH-000790,4,15380191864030801898,40,KIF18B (146909)
ACH-000790,4,15380191864030801898,41,INTS6 (26512)
ACH-000790,4,15380191864030801898,42,DNAJC19 (131118)
ACH-000790,4,15380191864030801898,43,RPL22L1 (200916)
ACH-000790,4,15380191864030801898,44,PCNX3 (399909)
ACH-000790,4,15380191864030801898,45,PGM3 (5238)
ACH-000790,4,15380191864030801898,46,ESCO2 (157570)
ACH-000790,4,15380191864030801898,47,GTF3C3 (9330)
ACH-000790,4,15380191864030801898,48,TRIT1 (54802)
ACH-000790,4,15380191864030801898,49,SUGT1 (10910)
ACH-000790,4,15380191864030801898,50,FXN (2395)
ACH-000790,5,2111085632945149706,1,ATIC (471)
ACH-000790,5,2111085632945149706,2,ARID2 (196528)
ACH-000790,5,2111085632945149706,3,ELP4 (26610)
ACH-000790,5,2111085632945149706,4,GRSF1 (2926)
ACH-000790,5,2111085632945149706,5,SMC5 (23137)
ACH-000790,5,2111085632945149706,6,PPP6C (5537)
ACH-000790,5,2111085632945149706,7,UAP1 (6675)
ACH-000790,5,2111085632945149706,8,MAPK14 (1432)
ACH-000790,5,2111085632945149706,9,PHF12 (57649)
ACH-000790,5,2111085632945149706,10,UBA5 (79876)
ACH-000790,5,2111085632945149706,11,HAPSTR1 (29035)
ACH-000790,5,2111085632945149706,12,APC (324)
ACH-000790,5,2111085632945149706,13,NPEPPS (9520)
ACH-000790,5,2111085632945149706,14,OPA1 (4976)
ACH-000790,5,2111085632945149706,15,PMM2 (5373)
ACH-000790,5,2111085632945149706,16,METTL1 (4234)
ACH-000790,5,2111085632945149706,17,PFN1 (5216)
ACH-000790,5,2111085632945149706,18,RELA (5970)
ACH-000790,5,2111085632945149706,19,DDX3X (1654)
ACH-000790,5,2111085632945149706,20,NUP50 (10762)
ACH-000790,5,2111085632945149706,21,EED (8726)
ACH-000790,5,2111085632945149706,22,MTG2 (26164)
ACH-000790,5,2111085632945149706,23,NMNAT1 (64802)
ACH-000790,5,2111085632945149706,24,CSNK1A1 (1452)
ACH-000790,5,2111085632945149706,25,PTP4A1 (7803)
ACH-000790,5,2111085632945149706,26,HSD17B10 (3028)
ACH-000790,5,2111085632945149706,27,GMPS (8833)
ACH-000790,5,2111085632945149706,28,AMBRA1 (55626)
ACH-000790,5,2111085632945149706,29,C19orf53 (28974)
ACH-000790,5,2111085632945149706,30,SMG7 (9887)
ACH-000790,5,2111085632945149706,31,ATP2B1 (490)
ACH-000790,5,2111085632945149706,32,NAPG (8774)
ACH-000790,5,2111085632945149706,33,FDPS (2224)
ACH-000790,5,2111085632945149706,34,NDUFAB1 (4706)
ACH-000790,5,2111085632945149706,35,SLC20A1 (6574)
ACH-000790,5,2111085632945149706,36,COX15 (1355)
ACH-000790,5,2111085632945149706,37,ANAPC15 (25906)
ACH-000790,5,2111085632945149706,38,DSCC1 (79075)
ACH-000790,5,2111085632945149706,39,C3orf38 (285237)
ACH-000790,5,2111085632945149706,40,TMED2 (10959)
ACH-000790,5,2111085632945149706,41,COP1 (64326)
ACH-000790,5,2111085632945149706,42,DICER1 (23405)
ACH-000790,5,2111085632945149706,43,MIOS (54468)
ACH-000790,5,2111085632945149706,44,COQ4 (51117)
ACH-000790,5,2111085632945149706,45,CYB5B (80777)
ACH-000790,5,2111085632945149706,46,PPP2R3C (55012)
ACH-000790,5,2111085632945149706,47,COX10 (1352)
ACH-000790,5,2111085632945149706,48,UMPS (7372)
ACH-000790,5,2111085632945149706,49,NDUFA4 (4697)
ACH-000790,5,2111085632945149706,50,UBIAD1 (29914)
ACH-000790,6,1664373235048876782,1,NARS2 (79731)
ACH-000790,6,1664373235048876782,2,CDK6 (1021)
ACH-000790,6,1664373235048876782,3,COX18 (285521)
ACH-000790,6,1664373235048876782,4,WDR7 (23335)
ACH-000790,6,1664373235048876782,5,KCTD5 (54442)
ACH-000790,6,1664373235048876782,6,FLII (2314)
ACH-000790,6,1664373235048876782,7,SEPSECS (51091)
ACH-000790,6,1664373235048876782,8,TEDC1 (283643)
ACH-000790,6,1664373235048876782,9,TMED2 (10959)
ACH-000790,6,1664373235048876782,10,GCN1 (10985)
ACH-000790,6,1664373235048876782,11,PRKAR1A (5573)
ACH-000790,6,1664373235048876782,12,AIFM1 (9131)
ACH-000790,6,1664373235048876782,13,PARD6B (84612)
ACH-000790,6,1664373235048876782,14,HSPA8 (3312)
ACH-000790,6,1664373235048876782,15,SRSF10 (10772)
ACH-000790,6,1664373235048876782,16,CCDC51 (79714)
ACH-000790,6,1664373235048876782,17,SLC33A1 (9197)
ACH-000790,6,1664373235048876782,18,TKT (7086)
ACH-000790,6,1664373235048876782,19,MRPL4 (51073)
ACH-000790,6,1664373235048876782,20,PAXIP1 (22976)
ACH-000790,6,1664373235048876782,21,CEP43 (11116)
ACH-000790,6,1664373235048876782,22,HARS2 (23438)
ACH-000790,6,1664373235048876782,23,RHOA (387)
ACH-000790,6,1664373235048876782,24,USP8 (9101)
ACH-000790,6,1664373235048876782,25,CDAN1 (146059)
ACH-000790,6,1664373235048876782,26,CHMP5 (51510)
ACH-000790,6,1664373235048876782,27,PPP1CB (5500)
ACH-000790,6,1664373235048876782,28,EXOC1 (55763)
ACH-000790,6,1664373235048876782,29,MIB1 (57534)
ACH-000790,6,1664373235048876782,30,IRF2BP2 (359948)
ACH-000790,6,1664373235048876782,31,ITGB5 (3693)
ACH-000790,6,1664373235048876782,32,TFB2M (64216)
ACH-000790,6,1664373235048876782,33,CCNB1 (891)
ACH-000790,6,1664373235048876782,34,TIMM8A (1678)
ACH-000790,6,1664373235048876782,35,ANKRD49 (54851)
ACH-000790,6,1664373235048876782,36,SLC16A1 (6566)
ACH-000790,6,1664373235048876782,37,MDM2 (4193)
ACH-000790,6,1664373235048876782,38,TDP2 (51567)
ACH-000790,6,1664373235048876782,39,LMNA (4000)
ACH-000790,6,1664373235048876782,40,GLMN (11146)
ACH-000790,6,1664373235048876782,41,WASHC2C (253725)
ACH-000790,6,1664373235048876782,42,ATP6V0E1 (8992)
ACH-000790,6,1664373235048876782,43,PPAT (5471)
ACH-000790,6,1664373235048876782,44,SLC38A2 (54407)
ACH-000790,6,1664373235048876782,45,SARS2 (54938)
ACH-000790,6,1664373235048876782,46,HEMK2 (29104)
ACH-000790,6,1664373235048876782,47,SEPHS2 (22928)
ACH-000790,6,1664373235048876782,48,GFM1 (85476)
ACH-000790,6,1664373235048876782,49,FECH (2235)
ACH-000790,6,1664373235048876782,50,USE1 (55850)
ACH-000790,7,18303520820399594701,1,WWTR1 (25937)
ACH-000790,7,18303520820399594701,2,MCL1 (4170)
ACH-000790,7,18303520820399594701,3,MRPL35 (51318)
ACH-000790,7,18303520820399594701,4,FDPS (2224)
ACH-000790,7,18303520820399594701,5,TIMM22 (29928)
ACH-000790,7,18303520820399594701,6,HAPSTR1 (29035)
ACH-000790,7,18303520820399594701,7,EP300 (2033)
ACH-000790,7,18303520820399594701,8,SHOC2 (8036)
ACH-000790,7,18303520820399594701,9,ZWINT (11130)
ACH-000790,7,18303520820399594701,10,OPA1 (4976)
ACH-000790,7,18303520820399594701,11,MCMBP (79892)
ACH-000790,7,18303520820399594701,12,PTK2 (5747)
ACH-000790,7,18303520820399594701,13,MED24 (9862)
ACH-000790,7,18303520820399594701,14,H2AX (3014)
ACH-000790,7,18303520820399594701,15,PFDN1 (5201)
ACH-000790,7,18303520820399594701,16,SLC38A2 (54407)
ACH-000790,7,18303520820399594701,17,WDR73 (84942)
ACH-000790,7,18303520820399594701,18,MIPEP (4285)
ACH-000790,7,18303520820399594701,19,DICER1 (23405)
ACH-000790,7,18303520820399594701,20,MDM4 (4194)
ACH-000790,7,18303520820399594701,21,MICOS10 (440574)
ACH-000790,7,18303520820399594701,22,PRRC2A (7916)
ACH-000790,7,18303520820399594701,23,NCKAP1 (10787)
ACH-000790,7,18303520820399594701,24,ISCA2 (122961)
ACH-000790,7,18303520820399594701,25,RAB6A (5870)
ACH-000790,7,18303520820399594701,26,COX5A (9377)
ACH-000790,7,18303520820399594701,27,FERMT1 (55612)
ACH-000790,7,18303520820399594701,28,PITRM1 (10531)
ACH-000790,7,18303520820399594701,29,EEFSEC (60678)
ACH-000790,7,18303520820399594701,30,TSC22D2 (9819)
ACH-000790,7,18303520820399594701,31,PTPN11 (5781)
ACH-000790,7,18303520820399594701,32,DSN1 (79980)
ACH-000790,7,18303520820399594701,33,FOSL1 (8061)
ACH-000790,7,18303520820399594701,34,CCDC6 (8030)
ACH-000790,7,18303520820399594701,35,NARS2 (79731)
ACH-000790,7,18303520820399594701,36,VPS4A (27183)
ACH-000790,7,18303520820399594701,37,STAG2 (10735)
ACH-000790,7,18303520820399594701,38,NONO (4841)
ACH-000790,7,18303520820399594701,39,YME1L1 (10730)
ACH-000790,7,18303520820399594701,40,AMBRA1 (55626)
ACH-000790,7,18303520820399594701,41,ATXN7L3 (56970)
ACH-000790,7,18303520820399594701,42,EAPP (55837)
ACH-000790,7,18303520820399594701,43,ESCO2 (157570)
ACH-000790,7,18303520820399594701,44,TIMM8A (1678)
ACH-000790,7,18303520820399594701,45,TEN1 (100134934)
ACH-000790,7,18303520820399594701,46,CAB39 (51719)
ACH-000790,7,18303520820399594701,47,ASCC3 (10973)
ACH-000790,7,18303520820399594701,48,IDH3A (3419)
ACH-000790,7,18303520820399594701,49,PCNX3 (399909)
ACH-000790,7,18303520820399594701,50,NMT1 (4836)
ACH-000790,8,11937871349454196276,1,TAMM41 (132001)
ACH-000790,8,11937871349454196276,2,WNK1 (65125)
ACH-000790,8,11937871349454196276,3,TXNRD1 (7296)
ACH-000790,8,11937871349454196276,4,MRPL53 (116540)
ACH-000790,8,11937871349454196276,5,GABPB1 (2553)
ACH-000790,8,11937871349454196276,6,GLRX5 (51218)
ACH-000790,8,11937871349454196276,7,TRNAU1AP (54952)
ACH-000790,8,11937871349454196276,8,VBP1 (7411)
ACH-000790,8,11937871349454196276,9,MFN2 (9927)
ACH-000790,8,11937871349454196276,10,KIF18B (146909)
ACH-000790,8,11937871349454196276,11,AP2S1 (1175)
ACH-000790,8,11937871349454196276,12,SAMD4B (55095)
ACH-000790,8,11937871349454196276,13,TOE1 (114034)
ACH-000790,8,11937871349454196276,14,ATF4 (468)
ACH-000790,8,11937871349454196276,15,CRAMP1 (57585)
ACH-000790,8,11937871349454196276,16,ATXN7L3 (56970)
ACH-000790,8,11937871349454196276,17,PPM1D (8493)
ACH-000790,8,11937871349454196276,18,RAB10 (10890)
ACH-000790,8,11937871349454196276,19,TELO2 (9894)
ACH-000790,8,11937871349454196276,20,MCL1 (4170)
ACH-000790,8,11937871349454196276,21,LMNA (4000)
ACH-000790,8,11937871349454196276,22,CDH1 (999)
ACH-000790,8,11937871349454196276,23,ENO1 (2023)
ACH-000790,8,11937871349454196276,24,ATP2B1 (490)
ACH-000790,8,11937871349454196276,25,P2RY6 (5031)
ACH-000790,8,11937871349454196276,26,TRIP13 (9319)
ACH-000790,8,11937871349454196276,27,MRPL35 (51318)
ACH-000790,8,11937871349454196276,28,PIK3CA (5290)
ACH-000790,8,11937871349454196276,29,RIC1 (57589)
ACH-000790,8,11937871349454196276,30,WDR7 (23335)
ACH-000790,8,11937871349454196276,31,ITGAV (3685)
ACH-000790,8,11937871349454196276,32,MIPEP (4285)
ACH-000790,8,11937871349454196276,33,PRRC2A (7916)
ACH-000790,8,11937871349454196276,34,NDUFAB1 (4706)
ACH-000790,8,11937871349454196276,35,NDUFB6 (4712)
ACH-000790,8,11937871349454196276,36,OGDH (4967)
ACH-000790,8,11937871349454196276,37,NOA1 (84273)
ACH-000790,8,11937871349454196276,38,IGF1R (3480)
ACH-000790,8,11937871349454196276,39,CUL2 (8453)
ACH-000790,8,11937871349454196276,40,OXSM (54995)
ACH-000790,8,11937871349454196276,41,PPP2R3C (55012)
ACH-000790,8,11937871349454196276,42,KATNB1 (10300)
ACH-000790,8,11937871349454196276,43,NIPBL (25836)
ACH-000790,8,11937871349454196276,44,PCYT1A (5130)
ACH-000790,8,11937871349454196276,45,HUS1 (3364)
ACH-000790,8,11937871349454196276,46,MRPS10 (55173)
ACH-000790,8,11937871349454196276,47,SOX9 (6662)
ACH-000790,8,11937871349454196276,48,MED9 (55090)
ACH-000790,8,11937871349454196276,49,STEEP1 (63932)
ACH-000790,8,11937871349454196276,50,ELOF1 (84337)
ACH-000790,9,4011009416391369213,1,MRPL41 (64975)
ACH-000790,9,4011009416391369213,2,UBE2S (27338)
ACH-000790,9,4011009416391369213,3,MBTPS1 (8720)
ACH-000790,9,4011009416391369213,4,BUD13 (84811)
ACH-000790,9,4011009416391369213,5,UBA5 (79876)
ACH-000790,9,4011009416391369213,6,COX10 (1352)
ACH-000790,9,4011009416391369213,7,METAP1 (23173)
ACH-000790,9,4011009416391369213,8,MRPS10 (55173)
ACH-000790,9,4011009416391369213,9,NAA20 (51126)
ACH-000790,9,4011009416391369213,10,PAICS (10606)
ACH-000790,9,4011009416391369213,11,MRPL49 (740)
ACH-000790,9,4011009416391369213,12,COX5A (9377)
ACH-000790,9,4011009416391369213,13,RNF168 (165918)
ACH-000790,9,4011009416391369213,14,PPP2R3C (55012)
ACH-000790,9,4011009416391369213,15,MED19 (219541)
ACH-000790,9,4011009416391369213,16,AP2S1 (1175)
ACH-000790,9,4011009416391369213,17,SKA1 (220134)
ACH-000790,9,4011009416391369213,18,METTL1 (4234)
ACH-000790,9,4011009416391369213,19,TEAD1 (7003)
ACH-000790,9,4011009416391369213,20,YAP1 (10413)
ACH-000790,9,4011009416391369213,21,RTTN (25914)
ACH-000790,9,4011009416391369213,22,GMNN (51053)
ACH-000790,9,4011009416391369213,23,ATP1B3 (483)
ACH-000790,9,4011009416391369213,24,ARMC5 (79798)
ACH-000790,9,4011009416391369213,25,SLC3A2 (6520)
ACH-000790,9,4011009416391369213,26,DSN1 (79980)
ACH-000790,9,4011009416391369213,27,SGF29 (112869)
ACH-000790,9,4011009416391369213,28,PITRM1 (10531)
ACH-000790,9,4011009416391369213,29,GCN1 (10985)
ACH-000790,9,4011009416391369213,30,MNAT1 (4331)
ACH-000790,9,4011009416391369213,31,USP9X (8239)
ACH-000790,9,4011009416391369213,32,NDUFA4 (4697)
ACH-000790,9,4011009416391369213,33,PTMA (5757)
ACH-000790,9,4011009416391369213,34,KIF18B (146909)
ACH-000790,9,4011009416391369213,35,CDK8 (1024)
ACH-000790,9,4011009416391369213,36,ANKRD49 (54851)
ACH-000790,9,4011009416391369213,37,DDX19A (55308)
ACH-000790,9,4011009416391369213,38,RBBP7 (5931)
ACH-000790,9,4011009416391369213,39,TYMS (7298)
ACH-000790,9,4011009416391369213,40,LRPPRC (10128)
ACH-000790,9,4011009416391369213,41,SLC16A1 (6566)
ACH-000790,9,4011009416391369213,42,PSMG2 (56984)
ACH-000790,9,4011009416391369213,43,CUL2 (8453)
ACH-000790,9,4011009416391369213,44,LDLR (3949)
ACH-000790,9,4011009416391369213,45,STX4 (6810)
ACH-000790,9,4011009416391369213,46,ACLY (47)
ACH-000790,9,4011009416391369213,47,FURIN (5045)
ACH-000790,9,4011009416391369213,48,PCYT1A (5130)
ACH-000790,9,4011009416391369213,49,PAGR1 (79447)
ACH-000790,9,4011009416391369213,50,SMARCB1 (6598)
ACH-000790,10,11813089380837372156,1,NRAS (4893)
ACH-000790,10,11813089380837372156,2,TFRC (7037)
ACH-000790,10,11813089380837372156,3,UBE2D3 (7323)
ACH-000790,10,11813089380837372156,4,PFDN5 (5204)
ACH-000790,10,11813089380837372156,5,TOMM20 (9804)
ACH-000790,10,11813089380837372156,6,STAMBP (10617)
ACH-000790,10,11813089380837372156,7,ATXN7L3 (56970)
ACH-000790,10,11813089380837372156,8,PPP1CA (5499)
ACH-000790,10,11813089380837372156,9,SLC30A9 (10463)
ACH-000790,10,11813089380837372156,10,HUS1 (3364)
ACH-000790,10,11813089380837372156,11,NELFCD (51497)
ACH-000790,10,11813089380837372156,12,POLG (5428)
ACH-000790,10,11813089380837372156,13,RTTN (25914)
ACH-000790,10,11813089380837372156,14,DDX3X (1654)
ACH-000790,10,11813089380837372156,15,RAB6A (5870)
ACH-000790,10,11813089380837372156,16,RPAP2 (79871)
ACH-000790,10,11813089380837372156,17,COA7 (65260)
ACH-000790,10,11813089380837372156,18,PRRC2A (7916)
ACH-000790,10,11813089380837372156,19,MRPS7 (51081)
ACH-000790,10,11813089380837372156,20,DSCC1 (79075)
ACH-000790,10,11813089380837372156,21,FOXO3B (2310)
ACH-000790,10,11813089380837372156,22,TIMM22 (29928)
ACH-000790,10,11813089380837372156,23,COX15 (1355)
ACH-000790,10,11813089380837372156,24,DNAJB13 (374407)
ACH-000790,10,11813089380837372156,25,BRCA1 (672)
ACH-000790,10,11813089380837372156,26,HAPLN2 (60484)
ACH-000790,10,11813089380837372156,27,CUL2 (8453)
ACH-000790,10,11813089380837372156,28,SDHB (6390)
ACH-000790,10,11813089380837372156,29,ATP5F1D (513)
ACH-000790,10,11813089380837372156,30,PTPA (5524)
ACH-000790,10,11813089380837372156,31,MAU2 (23383)
ACH-000790,10,11813089380837372156,32,LDLR (3949)
ACH-000790,10,11813089380837372156,33,STAG2 (10735)
ACH-000790,10,11813089380837372156,34,MRPS16 (51021)
ACH-000790,10,11813089380837372156,35,KIF18B (146909)
ACH-000790,10,11813089380837372156,36,IGF1R (3480)
ACH-000790,10,11813089380837372156,37,FOSL1 (8061)
ACH-000790,10,11813089380837372156,38,BIRC6 (57448)
ACH-000790,10,11813089380837372156,39,NONO (4841)
ACH-000790,10,11813089380837372156,40,IDH3A (3419)
ACH-000790,10,11813089380837372156,41,THAP11 (57215)
ACH-000790,10,11813089380837372156,42,HYCC2 (285172)
ACH-000790,10,11813089380837372156,43,FECH (2235)
ACH-000790,10,11813089380837372156,44,UBR5 (51366)
ACH-000790,10,11813089380837372156,45,SLC25A3 (5250)
ACH-000790,10,11813089380837372156,46,CHMP5 (51510)
ACH-000790,10,11813089380837372156,47,RPIA (22934)
ACH-000790,10,11813089380837372156,48,EEFSEC (60678)
ACH-000790,10,11813089380837372156,49,CCAR1 (55749)
ACH-000790,10,11813089380837372156,50,SLC33A1 (9197)
ACH-000790,11,6982258510067422328,1,MAPK1 (5594)
ACH-000790,11,6982258510067422328,2,NAMPT (10135)
ACH-000790,11,6982258510067422328,3,ATP5F1C (509)
ACH-000790,11,6982258510067422328,4,PCNX3 (399909)
ACH-000790,11,6982258510067422328,5,COASY (80347)
ACH-000790,11,6982258510067422328,6,SQLE (6713)
ACH-000790,11,6982258510067422328,7,IRS2 (8660)
ACH-000790,11,6982258510067422328,8,CAD (790)
ACH-000790,11,6982258510067422328,9,UBA5 (79876)
ACH-000790,11,6982258510067422328,10,CTDSPL2 (51496)
ACH-000790,11,6982258510067422328,11,EAPP (55837)
ACH-000790,11,6982258510067422328,12,WASHC2C (253725)
ACH-000790,11,6982258510067422328,13,AHCYL1 (10768)
ACH-000790,11,6982258510067422328,14,TADA1 (117143)
ACH-000790,11,6982258510067422328,15,NDE1 (54820)
ACH-000790,11,6982258510067422328,16,REXO2 (25996)
ACH-000790,11,6982258510067422328,17,TOE1 (114034)
ACH-000790,11,6982258510067422328,18,GPI (2821)
ACH-000790,11,6982258510067422328,19,PPP2R2A (5520)
ACH-000790,11,6982258510067422328,20,NDC1 (55706)
ACH-000790,11,6982258510067422328,21,NDUFB6 (4712)
ACH-000790,11,6982258510067422328,22,ATXN7L3 (56970)
ACH-000790,11,6982258510067422328,23,COX18 (285521)
ACH-000790,11,6982258510067422328,24,LDLR (3949)
ACH-000790,11,6982258510067422328,25,TRERF1 (55809)
ACH-000790,11,6982258510067422328,26,ATP6V0E1 (8992)
ACH-000790,11,6982258510067422328,27,PTPN11 (5781)
ACH-000790,11,6982258510067422328,28,CCND1 (595)
ACH-000790,11,6982258510067422328,29,COX5A (9377)
ACH-000790,11,6982258510067422328,30,TIMM22 (29928)
ACH-000790,11,6982258510067422328,31,UAP1 (6675)
ACH-000790,11,6982258510067422328,32,SLC33A1 (9197)
ACH-000790,11,6982258510067422328,33,PCYT1A (5130)
ACH-000790,11,6982258510067422328,34,MRPS25 (64432)
ACH-000790,11,6982258510067422328,35,TWNK (56652)
ACH-000790,11,6982258510067422328,36,PFDN1 (5201)
ACH-000790,11,6982258510067422328,37,SSBP3 (23648)
ACH-000790,11,6982258510067422328,38,TCOF1 (6949)
ACH-000790,11,6982258510067422328,39,HECTD1 (25831)
ACH-000790,11,6982258510067422328,40,RRAGC (64121)
ACH-000790,11,6982258510067422328,41,STEEP1 (63932)
ACH-000790,11,6982258510067422328,42,VARS2 (57176)
ACH-000790,11,6982258510067422328,43,PPM1D (8493)
ACH-000790,11,6982258510067422328,44,BRCA1 (672)
ACH-000790,11,6982258510067422328,45,ENO1 (2023)
ACH-000790,11,6982258510067422328,46,DNAJC19 (131118)
ACH-000790,11,6982258510067422328,47,CCNL1 (57018)
ACH-000790,11,6982258510067422328,48,SCD (6319)
ACH-000790,11,6982258510067422328,49,BRD2 (6046)
ACH-000790,11,6982258510067422328,50,GFPT1 (2673)
ACH-000790,12,14911313025752307704,1,PTPA (5524)
ACH-000790,12,14911313025752307704,2,RHEB (6009)
ACH-000790,12,14911313025752307704,3,CBLL1 (79872)
ACH-000790,12,14911313025752307704,4,DNAJC11 (55735)
ACH-000790,12,14911313025752307704,5,EARS2 (124454)
ACH-000790,12,14911313025752307704,6,CCND3 (896)
ACH-000790,12,14911313025752307704,7,PTPN11 (5781)
ACH-000790,12,14911313025752307704,8,MMGT1 (93380)
ACH-000790,12,14911313025752307704,9,TFRC (7037)
ACH-000790,12,14911313025752307704,10,MAD2L1BP (9587)
ACH-000790,12,14911313025752307704,11,WDR73 (84942)
ACH-000790,12,14911313025752307704,12,SHOC2 (8036)
ACH-000790,12,14911313025752307704,13,CDS2 (8760)
ACH-000790,12,14911313025752307704,14,ASCC3 (10973)
ACH-000790,12,14911313025752307704,15,FERMT2 (10979)
ACH-000790,12,14911313025752307704,16,STAG2 (10735)
ACH-000790,12,14911313025752307704,17,USP7 (7874)
ACH-000790,12,14911313025752307704,18,SLC30A9 (10463)
ACH-000790,12,14911313025752307704,19,MDM2 (4193)
ACH-000790,12,14911313025752307704,20,ADSL (158)
ACH-000790,12,14911313025752307704,21,BRAF (673)
ACH-000790,12,14911313025752307704,22,TRIM28 (10155)
ACH-000790,12,14911313025752307704,23,OPA1 (4976)
ACH-000790,12,14911313025752307704,24,SCD (6319)
ACH-000790,12,14911313025752307704,25,COX18 (285521)
ACH-000790,12,14911313025752307704,26,MYBBP1A (10514)
ACH-000790,12,14911313025752307704,27,IRS2 (8660)
ACH-000790,12,14911313025752307704,28,PFAS (5198)
ACH-000790,12,14911313025752307704,29,MRPS11 (64963)
ACH-000790,12,14911313025752307704,30,UBIAD1 (29914)
ACH-000790,12,14911313025752307704,31,H2BC5 (3017)
ACH-000790,12,14911313025752307704,32,GCN1 (10985)
ACH-000790,12,14911313025752307704,33,RTTN (25914)
ACH-000790,12,14911313025752307704,34,TMED10 (10972)
ACH-000790,12,14911313025752307704,35,MDM4 (4194)
ACH-000790,12,14911313025752307704,36,CYC1 (1537)
ACH-000790,12,14911313025752307704,37,MRPL18 (29074)
ACH-000790,12,14911313025752307704,38,NDUFB3 (4709)
ACH-000790,12,14911313025752307704,39,CRIPTO (6997)
ACH-000790,12,14911313025752307704,40,GFM1 (85476)
ACH-000790,12,14911313025752307704,41,NDUFAB1 (4706)
ACH-000790,12,14911313025752307704,42,BCL9L (283149)
ACH-000790,12,14911313025752307704,43,STK11 (6794)
ACH-000790,12,14911313025752307704,44,LDLR (3949)
ACH-000790,12,14911313025752307704,45,IER3IP1 (51124)
ACH-000790,12,14911313025752307704,46,NDUFB6 (4712)
ACH-000790,12,14911313025752307704,47,PHF12 (57649)
ACH-000790,12,14911313025752307704,48,TAF1D (79101)
ACH-000790,12,14911313025752307704,49,H2AX (3014)
ACH-000790,12,14911313025752307704,50,NAPG (8774)
ACH-000790,13,9401166681464533926,1,DARS2 (55157)
ACH-000790,13,9401166681464533926,2,IMPDH2 (3615)
ACH-000790,13,9401166681464533926,3,COQ4 (51117)
ACH-000790,13,9401166681464533926,4,HUS1 (3364)
ACH-000790,13,9401166681464533926,5,RAB6A (5870)
ACH-000790,13,9401166681464533926,6,MTPAP (55149)
ACH-000790,13,9401166681464533926,7,SAMD4B (55095)
ACH-000790,13,9401166681464533926,8,PPP6C (5537)
ACH-000790,13,9401166681464533926,9,LIPT1 (51601)
ACH-000790,13,9401166681464533926,10,FPGS (2356)
ACH-000790,13,9401166681464533926,11,METTL17 (64745)
ACH-000790,13,9401166681464533926,12,FDPS (2224)
ACH-000790,13,9401166681464533926,13,RHOA (387)
ACH-000790,13,9401166681464533926,14,COX5A (9377)
ACH-000790,13,9401166681464533926,15,TIMM8A (1678)
ACH-000790,13,9401166681464533926,16,IRS2 (8660)
ACH-000790,13,9401166681464533926,17,ZWINT (11130)
ACH-000790,13,9401166681464533926,18,VARS2 (57176)
ACH-000790,13,9401166681464533926,19,TAFAZZIN (6901)
ACH-000790,13,9401166681464533926,20,ITGB1 (3688)
ACH-000790,13,9401166681464533926,21,MRPL12 (6182)
ACH-000790,13,9401166681464533926,22,TAMM41 (132001)
ACH-000790,13,9401166681464533926,23,COX10 (1352)
ACH-000790,13,9401166681464533926,24,UBAP2L (9898)
ACH-000790,13,9401166681464533926,25,GCN1 (10985)
ACH-000790,13,9401166681464533926,26,ZNF217 (7764)
ACH-000790,13,9401166681464533926,27,MED12 (9968)
ACH-000790,13,9401166681464533926,28,TXNRD1 (7296)
ACH-000790,13,9401166681464533926,29,DDX5 (1655)
ACH-000790,13,9401166681464533926,30,NMT1 (4836)
ACH-000790,13,9401166681464533926,31,ATP5F1C (509)
ACH-000790,13,9401166681464533926,32,SLC33A1 (9197)
ACH-000790,13,9401166681464533926,33,ARHGEF7 (8874)
ACH-000790,13,9401166681464533926,34,PFDN5 (5204)
ACH-000790,13,9401166681464533926,35,PRDX1 (5052)
ACH-000790,13,9401166681464533926,36,DNAJC13 (23317)
ACH-000790,13,9401166681464533926,37,ZMYND8 (23613)
ACH-000790,13,9401166681464533926,38,COX7C (1350)
ACH-000790,13,9401166681464533926,39,CHMP7 (91782)
ACH-000790,13,9401166681464533926,40,FARS2 (10667)
ACH-000790,13,9401166681464533926,41,ATP5F1D (513)
ACH-000790,13,9401166681464533926,42,PAXIP1 (22976)
ACH-000790,13,9401166681464533926,43,AP2M1 (1173)
ACH-000790,13,9401166681464533926,44,FECH (2235)
ACH-000790,13,9401166681464533926,45,ARID1B (57492)
ACH-000790,13,9401166681464533926,46,PPP4R2 (151987)
ACH-000790,13,9401166681464533926,47,UBA5 (79876)
ACH-000790,13,9401166681464533926,48,NELFCD (51497)
ACH-000790,13,9401166681464533926,49,CEP43 (11116)
ACH-000790,13,9401166681464533926,50,ADSS2 (159)
ACH-000790,14,9259544191549608160,1,GEMIN4 (50628)
ACH-000790,14,9259544191549608160,2,MEN1 (4221)
ACH-000790,14,9259544191549608160,3,AIFM1 (9131)
ACH-000790,14,9259544191549608160,4,PRKRA (8575)
ACH-000790,14,9259544191549608160,5,TMX2 (51075)
ACH-000790,14,9259544191549608160,6,SDHD (6392)
ACH-000790,14,9259544191549608160,7,SLC7A1 (6541)
ACH-000790,14,9259544191549608160,8,SSBP3 (23648)
ACH-000790,14,9259544191549608160,9,CCND3 (896)
ACH-000790,14,9259544191549608160,10,RPP25L (138716)
ACH-000790,14,9259544191549608160,11,CIT (11113)
ACH-000790,14,9259544191549608160,12,KCMF1 (56888)
ACH-000790,14,9259544191549608160,13,TOMM20 (9804)
ACH-000790,14,9259544191549608160,14,HUS1 (3364)
ACH-000790,14,9259544191549608160,15,SMCHD1 (23347)
ACH-000790,14,9259544191549608160,16,MYBL2 (4605)
ACH-000790,14,9259544191549608160,17,KIF20A (10112)
ACH-000790,14,9259544191549608160,18,PPP1CB (5500)
ACH-000790,14,9259544191549608160,19,RHOA (387)
ACH-000790,14,9259544191549608160,20,MRPL4 (51073)
ACH-000790,14,9259544191549608160,21,FOXO3B (2310)
ACH-000790,14,9259544191549608160,22,ACTR3 (10096)
ACH-000790,14,9259544191549608160,23,COP1 (64326)
ACH-000790,14,9259544191549608160,24,RTTN (25914)
ACH-000790,14,9259544191549608160,25,CDS2 (8760)
ACH-000790,14,9259544191549608160,26,ADSS2 (159)
ACH-000790,14,9259544191549608160,27,PPP1CA (5499)
ACH-000790,14,9259544191549608160,28,CDIN1 (84529)
ACH-000790,14,9259544191549608160,29,GOLGA7 (51125)
ACH-000790,14,9259544191549608160,30,ATP6V1H (51606)
ACH-000790,14,9259544191549608160,31,NSMCE4A (54780)
ACH-000790,14,9259544191549608160,32,DNAJC13 (23317)
ACH-000790,14,9259544191549608160,33,PPP2R2A (5520)
ACH-000790,14,9259544191549608160,34,DSCC1 (79075)
ACH-000790,14,9259544191549608160,35,TIMM8A (1678)
ACH-000790,14,9259544191549608160,36,ISCA2 (122961)
ACH-000790,14,9259544191549608160,37,RARS2 (57038)
ACH-000790,14,9259544191549608160,38,ZNF407 (55628)
ACH-000790,14,9259544191549608160,39,PIK3CA (5290)
ACH-000790,14,9259544191549608160,40,BRK1 (55845)
ACH-000790,14,9259544191549608160,41,RIC1 (57589)
ACH-000790,14,9259544191549608160,42,VBP1 (7411)
ACH-000790,14,9259544191549608160,43,NFE2L2 (4780)
ACH-000790,14,9259544191549608160,44,GMNN (51053)
ACH-000790,14,9259544191549608160,45,CCDC51 (79714)
ACH-000790,14,9259544191549608160,46,PSMG1 (8624)
ACH-000790,14,9259544191549608160,47,DYNLL1 (8655)
ACH-000790,14,9259544191549608160,48,NMT1 (4836)
ACH-000790,14,9259544191549608160,49,H2BC5 (3017)
ACH-000790,14,9259544191549608160,50,ZFX (7543)
ACH-000790,15,11372170953730780570,1,PCNX3 (399909)
ACH-000790,15,11372170953730780570,2,MED24 (9862)
ACH-000790,15,11372170953730780570,3,KDM2A (22992)
ACH-000790,15,11372170953730780570,4,WDR83 (84292)
ACH-000790,15,11372170953730780570,5,GRSF1 (2926)
ACH-000790,15,11372170953730780570,6,NRAS (4893)
ACH-000790,15,11372170953730780570,7,ADSS2 (159)
ACH-000790,15,11372170953730780570,8,POLG (5428)
ACH-000790,15,11372170953730780570,9,VBP1 (7411)
ACH-000790,15,11372170953730780570,10,USP9X (8239)
ACH-000790,15,11372170953730780570,11,MYBL2 (4605)
ACH-000790,15,11372170953730780570,12,ANKRD49 (54851)
ACH-000790,15,11372170953730780570,13,FAM98B (283742)
ACH-000790,15,11372170953730780570,14,CCND3 (896)
ACH-000790,15,11372170953730780570,15,SCAP (22937)
ACH-000790,15,11372170953730780570,16,ZNF407 (55628)
ACH-000790,15,11372170953730780570,17,SLC25A26 (115286)
ACH-000790,15,11372170953730780570,18,RNF4 (6047)
ACH-000790,15,11372170953730780570,19,MRPL53 (116540)
ACH-000790,15,11372170953730780570,20,COX10 (1352)
ACH-000790,15,11372170953730780570,21,MCMBP (79892)
ACH-000790,15,11372170953730780570,22,PPAT (5471)
ACH-000790,15,11372170953730780570,23,COQ4 (51117)
ACH-000790,15,11372170953730780570,24,NCAPD3 (23310)
ACH-000790,15,11372170953730780570,25,DYNLL1 (8655)
ACH-000790,15,11372170953730780570,26,UBIAD1 (29914)
ACH-000790,15,11372170953730780570,27,KEAP1 (9817)
ACH-000790,15,11372170953730780570,28,DNAJC19 (131118)
ACH-000790,15,11372170953730780570,29,ZFX (7543)
ACH-000790,15,11372170953730780570,30,KNTC1 (9735)
ACH-000790,15,11372170953730780570,31,BRAF (673)
ACH-000790,15,11372170953730780570,32,NSMCE4A (54780)
ACH-000790,15,11372170953730780570,33,BRCA2 (675)
ACH-000790,15,11372170953730780570,34,PCYT1A (5130)
ACH-000790,15,11372170953730780570,35,HECTD1 (25831)
ACH-000790,15,11372170953730780570,36,FURIN (5045)
ACH-000790,15,11372170953730780570,37,GLRX5 (51218)
ACH-000790,15,11372170953730780570,38,MRPL35 (51318)
ACH-000790,15,11372170953730780570,39,CUL3 (8452)
ACH-000790,15,11372170953730780570,40,MRPL32 (64983)
ACH-000790,15,11372170953730780570,41,NPEPPS (9520)
ACH-000790,15,11372170953730780570,42,IRF2BP2 (359948)
ACH-000790,15,11372170953730780570,43,COP1 (64326)
ACH-000790,15,11372170953730780570,44,MIB1 (57534)
ACH-000790,15,11372170953730780570,45,RARS2 (57038)
ACH-000790,15,11372170953730780570,46,SERBP1 (26135)
ACH-000790,15,11372170953730780570,47,UBE2D3 (7323)
ACH-000790,15,11372170953730780570,48,H2AX (3014)
ACH-000790,15,11372170953730780570,49,BCL9 (607)
ACH-000790,15,11372170953730780570,50,HAPLN2 (60484)
ACH-000790,16,17737819293165473490,1,IMPDH2 (3615)
ACH-000790,16,17737819293165473490,2,MTX2 (10651)
ACH-000790,16,17737819293165473490,3,MLST8 (64223)
ACH-000790,16,17737819293165473490,4,HNF1A (6927)
ACH-000790,16,17737819293165473490,5,TADA1 (117143)
ACH-000790,16,17737819293165473490,6,RELA (5970)
ACH-000790,16,17737819293165473490,7,TMX2 (51075)
ACH-000790,16,17737819293165473490,8,PPA2 (27068)
ACH-000790,16,17737819293165473490,9,ELMO2 (63916)
ACH-000790,16,17737819293165473490,10,PSMG1 (8624)
ACH-000790,16,17737819293165473490,11,PAXIP1 (22976)
ACH-000790,16,17737819293165473490,12,FOXA2 (3170)
ACH-000790,16,17737819293165473490,13,ATP1B3 (483)
ACH-000790,16,17737819293165473490,14,HAPLN2 (60484)
ACH-000790,16,17737819293165473490,15,UROD (7389)
ACH-000790,16,17737819293165473490,16,SEC62 (7095)
ACH-000790,16,17737819293165473490,17,NDUFB3 (4709)
ACH-000790,16,17737819293165473490,18,ATP5F1B (506)
ACH-000790,16,17737819293165473490,19,CFLAR (8837)
ACH-000790,16,17737819293165473490,20,LSM12 (124801)
ACH-000790,16,17737819293165473490,21,COP1 (64326)
ACH-000790,16,17737819293165473490,22,SRSF10 (10772)
ACH-000790,16,17737819293165473490,23,VHL (7428)
ACH-000790,16,17737819293165473490,24,NDUFB10 (4716)
ACH-000790,16,17737819293165473490,25,RPL22L1 (200916)
ACH-000790,16,17737819293165473490,26,COA7 (65260)
ACH-000790,16,17737819293165473490,27,TWNK (56652)
ACH-000790,16,17737819293165473490,28,TYMS (7298)
ACH-000790,16,17737819293165473490,29,GRB2 (2885)
ACH-000790,16,17737819293165473490,30,PTP4A1 (7803)
ACH-000790,16,17737819293165473490,31,RAD51C (5889)
ACH-000790,16,17737819293165473490,32,PFDN5 (5204)
ACH-000790,16,17737819293165473490,33,RAD1 (5810)
ACH-000790,16,17737819293165473490,34,VPS37A (137492)
ACH-000790,16,17737819293165473490,35,NIPBL (25836)
ACH-000790,16,17737819293165473490,36,NELFCD (51497)
ACH-000790,16,17737819293165473490,37,KANSL1 (284058)
ACH-000790,16,17737819293165473490,38,PTK2 (5747)
ACH-000790,16,17737819293165473490,39,NHLRC2 (374354)
ACH-000790,16,17737819293165473490,40,FZD5 (7855)
ACH-000790,16,17737819293165473490,41,PPP1R15B (84919)
ACH-000790,16,17737819293165473490,42,TFRC (7037)
ACH-000790,16,17737819293165473490,43,YAP1 (10413)
ACH-000790,16,17737819293165473490,44,TXNRD1 (7296)
ACH-000790,16,17737819293165473490,45,CCDC6 (8030)
ACH-000790,16,17737819293165473490,46,TUBE1 (51175)
ACH-000790,16,17737819293165473490,47,SLC7A5 (8140)
ACH-000790,16,17737819293165473490,48,MYH9 (4627)
ACH-000790,16,17737819293165473490,49,ISCA2 (122961)
ACH-000790,16,17737819293165473490,50,FAM210A (125228)
ACH-000790,17,13122984364935143079,1,PSMG1 (8624)
ACH-000790,17,13122984364935143079,2,RRAGC (64121)
ACH-000790,17,13122984364935143079,3,PPIL1 (51645)
ACH-000790,17,13122984364935143079,4,SNRPB2 (6629)
ACH-000790,17,13122984364935143079,5,ICE2 (79664)
ACH-000790,17,13122984364935143079,6,GOLT1B (51026)
ACH-000790,17,13122984364935143079,7,ATP2B1 (490)
ACH-000790,17,13122984364935143079,8,OXSM (54995)
ACH-000790,17,13122984364935143079,9,PPAT (5471)
ACH-000790,17,13122984364935143079,10,EAPP (55837)
ACH-000790,17,13122984364935143079,11,MTPAP (55149)
ACH-000790,17,13122984364935143079,12,LSM12 (124801)
ACH-000790,17,13122984364935143079,13,TIMM8A (1678)
ACH-000790,17,13122984364935143079,14,SOX10 (6663)
ACH-000790,17,13122984364935143079,15,SARNP (84324)
ACH-000790,17,13122984364935143079,16,KEAP1 (9817)
ACH-000790,17,13122984364935143079,17,ATP5F1B (506)
ACH-000790,17,13122984364935143079,18,MTX2 (10651)
ACH-000790,17,13122984364935143079,19,ARMC5 (79798)
ACH-000790,17,13122984364935143079,20,SGF29 (112869)
ACH-000790,17,13122984364935143079,21,OTUD5 (55593)
ACH-000790,17,13122984364935143079,22,CAB39 (51719)
ACH-000790,17,13122984364935143079,23,CCNL1 (57018)
ACH-000790,17,13122984364935143079,24,UMPS (7372)
ACH-000790,17,13122984364935143079,25,ZFX (7543)
ACH-000790,17,13122984364935143079,26,RFK (55312)
ACH-000790,17,13122984364935143079,27,XRN1 (54464)
ACH-000790,17,13122984364935143079,28,POLG (5428)
ACH-000790,17,13122984364935143079,29,TAF5L (27097)
ACH-000790,17,13122984364935143079,30,DDX5 (1655)
ACH-000790,17,13122984364935143079,31,GEMIN2 (8487)
ACH-000790,17,13122984364935143079,32,PARD6B (84612)
ACH-000790,17,13122984364935143079,33,STN1 (79991)
ACH-000790,17,13122984364935143079,34,DLST (1743)
ACH-000790,17,13122984364935143079,35,CDIN1 (84529)
ACH-000790,17,13122984364935143079,36,LMNA (4000)
ACH-000790,17,13122984364935143079,37,ACLY (47)
ACH-000790,17,13122984364935143079,38,CRLS1 (54675)
ACH-000790,17,13122984364935143079,39,EGLN1 (54583)
ACH-000790,17,13122984364935143079,40,SLC25A26 (115286)
ACH-000790,17,13122984364935143079,41,SDHD (6392)
ACH-000790,17,13122984364935143079,42,BCL9 (607)
ACH-000790,17,13122984364935143079,43,SREBF1 (6720)
ACH-000790,17,13122984364935143079,44,ATP1B3 (483)
ACH-000790,17,13122984364935143079,45,GCN1 (10985)
ACH-000790,17,13122984364935143079,46,MDM4 (4194)
ACH-000790,17,13122984364935143079,47,TRIM37 (4591)
ACH-000790,17,13122984364935143079,48,SERBP1 (26135)
ACH-000790,17,13122984364935143079,49,MRPS16 (51021)
ACH-000790,17,13122984364935143079,50,SMCHD1 (23347)
ACH-000790,18,2478913340847409521,1,CFL1 (1072)
ACH-000790,18,2478913340847409521,2,MRPS11 (64963)
ACH-000790,18,2478913340847409521,3,USP1 (7398)
ACH-000790,18,2478913340847409521,4,ITGAV (3685)
ACH-000790,18,2478913340847409521,5,GPX4 (2879)
ACH-000790,18,2478913340847409521,6,CSK (1445)
ACH-000790,18,2478913340847409521,7,PARS2 (25973)
ACH-000790,18,2478913340847409521,8,INTS6 (26512)
ACH-000790,18,2478913340847409521,9,KNTC1 (9735)
ACH-000790,18,2478913340847409521,10,SHOC2 (8036)
ACH-000790,18,2478913340847409521,11,NCAPD3 (23310)
ACH-000790,18,2478913340847409521,12,RNF4 (6047)
ACH-000790,18,2478913340847409521,13,IPPK (64768)
ACH-000790,18,2478913340847409521,14,NDUFA4 (4697)
ACH-000790,18,2478913340847409521,15,UQCRC2 (7385)
ACH-000790,18,2478913340847409521,16,SKA1 (220134)
ACH-000790,18,2478913340847409521,17,COX10 (1352)
ACH-000790,18,2478913340847409521,18,GEMIN7 (79760)
ACH-000790,18,2478913340847409521,19,NCKAP1 (10787)
ACH-000790,18,2478913340847409521,20,HAUS8 (93323)
ACH-000790,18,2478913340847409521,21,NDUFB10 (4716)
ACH-000790,18,2478913340847409521,22,ELMO2 (63916)
ACH-000790,18,2478913340847409521,23,TAF5L (27097)
ACH-000790,18,2478913340847409521,24,ICE2 (79664)
ACH-000790,18,2478913340847409521,25,ELOF1 (84337)
ACH-000790,18,2478913340847409521,26,MFN2 (9927)
ACH-000790,18,2478913340847409521,27,JUN (3725)
ACH-000790,18,2478913340847409521,28,NSMCE4A (54780)
ACH-000790,18,2478913340847409521,29,MYH9 (4627)
ACH-000790,18,2478913340847409521,30,AIFM1 (9131)
ACH-000790,18,2478913340847409521,31,KATNB1 (10300)
ACH-000790,18,2478913340847409521,32,PDCD7 (10081)
ACH-000790,18,2478913340847409521,33,TACC3 (10460)
ACH-000790,18,2478913340847409521,34,APC (324)
ACH-000790,18,2478913340847409521,35,GFPT1 (2673)
ACH-000790,18,2478913340847409521,36,MRPL35 (51318)
ACH-000790,18,2478913340847409521,37,LDLR (3949)
ACH-000790,18,2478913340847409521,38,ATP5F1B (506)
ACH-000790,18,2478913340847409521,39,DET1 (55070)
ACH-000790,18,2478913340847409521,40,PNKP (11284)
ACH-000790,18,2478913340847409521,41,FGFR1 (2260)
ACH-000790,18,2478913340847409521,42,MYBBP1A (10514)
ACH-000790,18,2478913340847409521,43,MED23 (9439)
ACH-000790,18,2478913340847409521,44,CCNB1 (891)
ACH-000790,18,2478913340847409521,45,LAMTOR2 (28956)
ACH-000790,18,2478913340847409521,46,CRAMP1 (57585)
ACH-000790,18,2478913340847409521,47,HNRNPA2B1 (3181)
ACH-000790,18,2478913340847409521,48,CTDSPL2 (51496)
ACH-000790,18,2478913340847409521,49,VEZF1 (7716)
ACH-000790,18,2478913340847409521,50,HNF1B (6928)
ACH-000790,19,1564221733003869093,1,DNAJC13 (23317)
ACH-000790,19,1564221733003869093,2,ARPC4 (10093)
ACH-000790,19,1564221733003869093,3,FADD (8772)
ACH-000790,19,1564221733003869093,4,MNAT1 (4331)
ACH-000790,19,1564221733003869093,5,SMARCE1 (6605)
ACH-000790,19,1564221733003869093,6,OTUD5 (55593)
ACH-000790,19,1564221733003869093,7,RAB6A (5870)
ACH-000790,19,1564221733003869093,8,MRPL53 (116540)
ACH-000790,19,1564221733003869093,9,C19orf53 (28974)
ACH-000790,19,1564221733003869093,10,FARS2 (10667)
ACH-000790,19,1564221733003869093,11,TRNAU1AP (54952)
ACH-000790,19,1564221733003869093,12,PPP2R3C (55012)
ACH-000790,19,1564221733003869093,13,MRPS25 (64432)
ACH-000790,19,1564221733003869093,14,TEDC1 (283643)
ACH-000790,19,1564221733003869093,15,EXOSC10 (5394)
ACH-000790,19,1564221733003869093,16,CCNB1 (891)
ACH-000790,19,1564221733003869093,17,PRKRA (8575)
ACH-000790,19,1564221733003869093,18,NDUFB6 (4712)
ACH-000790,19,1564221733003869093,19,TFAM (7019)
ACH-000790,19,1564221733003869093,20,SAMD4B (55095)
ACH-000790,19,1564221733003869093,21,CRAMP1 (57585)
ACH-000790,19,1564221733003869093,22,ELOF1 (84337)
ACH-000790,19,1564221733003869093,23,MRPS10 (55173)
ACH-000790,19,1564221733003869093,24,EGLN1 (54583)
ACH-000790,19,1564221733003869093,25,H2BC5 (3017)
ACH-000790,19,1564221733003869093,26,C3orf38 (285237)
ACH-000790,19,1564221733003869093,27,METTL1 (4234)
ACH-000790,19,1564221733003869093,28,DDX5 (1655)
ACH-000790,19,1564221733003869093,29,MYBL2 (4605)
ACH-000790,19,1564221733003869093,30,TKT (7086)
ACH-000790,19,1564221733003869093,31,CTPS1 (1503)
ACH-000790,19,1564221733003869093,32,SLC2A1 (6513)
ACH-000790,19,1564221733003869093,33,ZFP36L1 (677)
ACH-000790,19,1564221733003869093,34,CUL3 (8452)
ACH-000790,19,1564221733003869093,35,TSC2 (7249)
ACH-000790,19,1564221733003869093,36,HECTD1 (25831)
ACH-000790,19,1564221733003869093,37,GEMIN7 (79760)
ACH-000790,19,1564221733003869093,38,TUBB3 (10381)
ACH-000790,19,1564221733003869093,39,P2RY6 (5031)
ACH-000790,19,1564221733003869093,40,CAB39 (51719)
ACH-000790,19,1564221733003869093,41,RPUSD4 (84881)
ACH-000790,19,1564221733003869093,42,CEP43 (11116)
ACH-000790,19,1564221733003869093,43,PRPF39 (55015)
ACH-000790,19,1564221733003869093,44,FPGS (2356)
ACH-000790,19,1564221733003869093,45,HMBS (3145)
ACH-000790,19,1564221733003869093,46,SEC62 (7095)
ACH-000790,19,1564221733003869093,47,POLE3 (54107)
ACH-000790,19,1564221733003869093,48,ATIC (471)
ACH-000790,19,1564221733003869093,49,STK11 (6794)
ACH-000790,19,1564221733003869093,50,CAND1 (55832)
ACH-000793,0,1734206344820085531,1,RELA (5970)
ACH-000793,0,1734206344820085531,2,RRAGC (64121)
ACH-000793,0,1734206344820085531,3,ADAR (103)
ACH-000793,0,1734206344820085531,4,EEFSEC (60678)
ACH-000793,0,1734206344820085531,5,MTHFD1 (4522)
ACH-000793,0,1734206344820085531,6,DNAJC19 (131118)
ACH-000793,0,1734206344820085531,7,ELMO2 (63916)
ACH-000793,0,1734206344820085531,8,ZEB1 (6935)
ACH-000793,0,1734206344820085531,9,LSM12 (124801)
ACH-000793,0,1734206344820085531,10,NAMPT (10135)
ACH-000793,0,1734206344820085531,11,HARS2 (23438)
ACH-000793,0,1734206344820085531,12,ARID1B (57492)
ACH-000793,0,1734206344820085531,13,CSK (1445)
ACH-000793,0,1734206344820085531,14,PNKP (11284)
ACH-000793,0,1734206344820085531,15,THG1L (54974)
ACH-000793,0,1734206344820085531,16,USP7 (7874)
ACH-000793,0,1734206344820085531,17,DOCK5 (80005)
ACH-000793,0,1734206344820085531,18,EARS2 (124454)
ACH-000793,0,1734206344820085531,19,GRSF1 (2926)
ACH-000793,0,1734206344820085531,20,ILK (3611)
ACH-000793,0,1734206344820085531,21,ZFX (7543)
ACH-000793,0,1734206344820085531,22,UXS1 (80146)
ACH-000793,0,1734206344820085531,23,FDFT1 (2222)
ACH-000793,0,1734206344820085531,24,NUP50 (10762)
ACH-000793,0,1734206344820085531,25,CTNNA1 (1495)
ACH-000793,0,1734206344820085531,26,ATP5F1C (509)
ACH-000793,0,1734206344820085531,27,STAG2 (10735)
ACH-000793,0,1734206344820085531,28,TAMM41 (132001)
ACH-000793,0,1734206344820085531,29,MRPS10 (55173)
ACH-000793,0,1734206344820085531,30,EAF1 (85403)
ACH-000793,0,1734206344820085531,31,FBXO42 (54455)
ACH-000793,0,1734206344820085531,32,CREBBP (1387)
ACH-000793,0,1734206344820085531,33,DDX39B (7919)
ACH-000793,0,1734206344820085531,34,MICOS10 (440574)
ACH-000793,0,1734206344820085531,35,VPS37A (137492)
ACH-000793,0,1734206344820085531,36,HMBS (3145)
ACH-000793,0,1734206344820085531,37,MAD2L1BP (9587)
ACH-000793,0,1734206344820085531,38,SLC7A1 (6541)
ACH-000793,0,1734206344820085531,39,TDP2 (51567)
ACH-000793,0,1734206344820085531,40,WDR73 (84942)
ACH-000793,0,1734206344820085531,41,CBLL1 (79872)
ACH-000793,0,1734206344820085531,42,FERMT1 (55612)
ACH-000793,0,1734206344820085531,43,HECTD1 (25831)
ACH-000793,0,1734206344820085531,44,PGP (283871)
ACH-000793,0,1734206344820085531,45,MRPL55 (128308)
ACH-000793,0,1734206344820085531,46,KNTC1 (9735)
ACH-000793,0,1734206344820085531,47,FAF2 (23197)
ACH-000793,0,1734206344820085531,48,DICER1 (23405)
ACH-000793,0,1734206344820085531,49,OXSM (54995)
ACH-000793,0,1734206344820085531,50,PFDN5 (5204)
ACH-000793,1,9263196446418785549,1,FOXO3B (2310)
ACH-000793,1,9263196446418785549,2,SOX10 (6663)
ACH-000793,1,9263196446418785549,3,DYNLL1 (8655)
ACH-000793,1,9263196446418785549,4,ATIC (471)
ACH-000793,1,9263196446418785549,5,ESCO2 (157570)
ACH-000793,1,9263196446418785549,6,VHL (7428)
ACH-000793,1,9263196446418785549,7,AP2S1 (1175)
ACH-000793,1,9263196446418785549,8,NELFCD (51497)
ACH-000793,1,9263196446418785549,9,FAM50A (9130)
ACH-000793,1,9263196446418785549,10,HUS1 (3364)
ACH-000793,1,9263196446418785549,11,NBAS (51594)
ACH-000793,1,9263196446418785549,12,ATL2 (64225)
ACH-000793,1,9263196446418785549,13,BCL9 (607)
ACH-000793,1,9263196446418785549,14,TAFAZZIN (6901)
ACH-000793,1,9263196446418785549,15,DICER1 (23405)
ACH-000793,1,9263196446418785549,16,SMARCE1 (6605)
ACH-000793,1,9263196446418785549,17,TOMM20 (9804)
ACH-000793,1,9263196446418785549,18,HSP90B1 (7184)
ACH-000793,1,9263196446418785549,19,DLST (1743)
ACH-000793,1,9263196446418785549,20,NDUFAB1 (4706)
ACH-000793,1,9263196446418785549,21,FADD (8772)
ACH-000793,1,9263196446418785549,22,CTPS1 (1503)
ACH-000793,1,9263196446418785549,23,LIPT1 (51601)
ACH-000793,1,9263196446418785549,24,PFAS (5198)
ACH-000793,1,9263196446418785549,25,KIF20A (10112)
ACH-000793,1,9263196446418785549,26,TSC1 (7248)
ACH-000793,1,9263196446418785549,27,CRIPTO (6997)
ACH-000793,1,9263196446418785549,28,PDCD7 (10081)
ACH-000793,1,9263196446418785549,29,GCN1 (10985)
ACH-000793,1,9263196446418785549,30,ANKRD49 (54851)
ACH-000793,1,9263196446418785549,31,MRPS24 (64951)
ACH-000793,1,9263196446418785549,32,ICE2 (79664)
ACH-000793,1,9263196446418785549,33,PET117 (100303755)
ACH-000793,1,9263196446418785549,34,PHF12 (57649)
ACH-000793,1,9263196446418785549,35,SLC2A1 (6513)
ACH-000793,1,9263196446418785549,36,KIF14 (9928)
ACH-000793,1,9263196446418785549,37,ARHGEF7 (8874)
ACH-000793,1,9263196446418785549,38,PRRC2A (7916)
ACH-000793,1,9263196446418785549,39,RHOA (387)
ACH-000793,1,9263196446418785549,40,PPIL1 (51645)
ACH-000793,1,9263196446418785549,41,TFB2M (64216)
ACH-000793,1,9263196446418785549,42,DHX29 (54505)
ACH-000793,1,9263196446418785549,43,TRPM7 (54822)
ACH-000793,1,9263196446418785549,44,BRK1 (55845)
ACH-000793,1,9263196446418785549,45,PTMA (5757)
ACH-000793,1,9263196446418785549,46,DET1 (55070)
ACH-000793,1,9263196446418785549,47,ITGB1 (3688)
ACH-000793,1,9263196446418785549,48,TYMS (7298)
ACH-000793,1,9263196446418785549,49,BIRC6 (57448)
ACH-000793,1,9263196446418785549,50,UBE2C (11065)
ACH-000793,2,1301551219987470094,1,ACSL3 (2181)
ACH-000793,2,1301551219987470094,2,PPP1CA (5499)
ACH-000793,2,1301551219987470094,3,PAXIP1 (22976)
ACH-000793,2,1301551219987470094,4,EARS2 (124454)
ACH-000793,2,1301551219987470094,5,ATIC (471)
ACH-000793,2,1301551219987470094,6,NHLRC2 (374354)
ACH-000793,2,1301551219987470094,7,SNAP23 (8773)
ACH-000793,2,1301551219987470094,8,FLII (2314)
ACH-000793,2,1301551219987470094,9,CHMP7 (91782)
ACH-000793,2,1301551219987470094,10,MRPL38 (64978)
ACH-000793,2,1301551219987470094,11,GRSF1 (2926)
ACH-000793,2,1301551219987470094,12,WRN (7486)
ACH-000793,2,1301551219987470094,13,TAMM41 (132001)
ACH-000793,2,1301551219987470094,14,FDX1 (2230)
ACH-000793,2,1301551219987470094,15,JUN (3725)
ACH-000793,2,1301551219987470094,16,STN1 (79991)
ACH-000793,2,1301551219987470094,17,RBM18 (92400)
ACH-000793,2,1301551219987470094,18,FADD (8772)
ACH-000793,2,1301551219987470094,19,ADSS2 (159)
ACH-000793,2,1301551219987470094,20,TKT (7086)
ACH-000793,2,1301551219987470094,21,TMX2 (51075)
ACH-000793,2,1301551219987470094,22,PTDSS1 (9791)
ACH-000793,2,1301551219987470094,23,RRAGC (64121)
ACH-000793,2,1301551219987470094,24,CRLS1 (54675)
ACH-000793,2,1301551219987470094,25,FAM185A (222234)
ACH-000793,2,1301551219987470094,26,AP2S1 (1175)
ACH-000793,2,1301551219987470094,27,TGIF1 (7050)
ACH-000793,2,1301551219987470094,28,IDH3A (3419)
ACH-000793,2,1301551219987470094,29,NIPBL (25836)
ACH-000793,2,1301551219987470094,30,FOXA2 (3170)
ACH-000793,2,1301551219987470094,31,ATP2B1 (490)
ACH-000793,2,1301551219987470094,32,RIC1 (57589)
ACH-000793,2,1301551219987470094,33,UBE2C (11065)
ACH-000793,2,1301551219987470094,34,FZD5 (7855)
ACH-000793,2,1301551219987470094,35,PPP2R3C (55012)
ACH-000793,2,1301551219987470094,36,CEP43 (11116)
ACH-000793,2,1301551219987470094,37,CDK6 (1021)
ACH-000793,2,1301551219987470094,38,HAUS8 (93323)
ACH-000793,2,1301551219987470094,39,HMBS (3145)
ACH-000793,2,1301551219987470094,40,PTPMT1 (114971)
ACH-000793,2,1301551219987470094,41,INTS6 (26512)
ACH-000793,2,1301551219987470094,42,ARHGEF7 (8874)
ACH-000793,2,1301551219987470094,43,SERBP1 (26135)
ACH-000793,2,1301551219987470094,44,DUSP4 (1846)
ACH-000793,2,1301551219987470094,45,MAU2 (23383)
ACH-000793,2,1301551219987470094,46,HEMK2 (29104)
ACH-000793,2,1301551219987470094,47,ARPC4 (10093)
ACH-000793,2,1301551219987470094,48,MTX2 (10651)
ACH-000793,2,1301551219987470094,49,ACTR3 (10096)
ACH-000793,2,1301551219987470094,50,MRPL28 (10573)
ACH-000793,3,1543283358831786175,1,DSN1 (79980)
ACH-000793,3,1543283358831786175,2,SQLE (6713)
ACH-000793,3,1543283358831786175,3,IER3IP1 (51124)
ACH-000793,3,1543283358831786175,4,PCYT1A (5130)
ACH-000793,3,1543283358831786175,5,MAPK1 (5594)
ACH-000793,3,1543283358831786175,6,WDR73 (84942)
ACH-000793,3,1543283358831786175,7,TTC7A (57217)
ACH-000793,3,1543283358831786175,8,OTUD5 (55593)
ACH-000793,3,1543283358831786175,9,GPI (2821)
ACH-000793,3,1543283358831786175,10,MBTPS2 (51360)
ACH-000793,3,1543283358831786175,11,KIF18B (146909)
ACH-000793,3,1543283358831786175,12,SHOC2 (8036)
ACH-000793,3,1543283358831786175,13,GMNN (51053)
ACH-000793,3,1543283358831786175,14,ZNF407 (55628)
ACH-000793,3,1543283358831786175,15,XYLT2 (64132)
ACH-000793,3,1543283358831786175,16,SEPSECS (51091)
ACH-000793,3,1543283358831786175,17,NDUFB10 (4716)
ACH-000793,3,1543283358831786175,18,NHLRC2 (374354)
ACH-000793,3,1543283358831786175,19,POP7 (10248)
ACH-000793,3,1543283358831786175,20,FOXO3B (2310)
ACH-000793,3,1543283358831786175,21,DAP3 (7818)
ACH-000793,3,1543283358831786175,22,STAMBP (10617)
ACH-000793,3,1543283358831786175,23,FADD (8772)
ACH-000793,3,1543283358831786175,24,DNAJC19 (131118)
ACH-000793,3,1543283358831786175,25,MRPS6 (64968)
ACH-000793,3,1543283358831786175,26,PFDN1 (5201)
ACH-000793,3,1543283358831786175,27,MRPS10 (55173)
ACH-000793,3,1543283358831786175,28,TIMM17A (10440)
ACH-000793,3,1543283358831786175,29,RHOA (387)
ACH-000793,3,1543283358831786175,30,CIT (11113)
ACH-000793,3,1543283358831786175,31,PNKP (11284)
ACH-000793,3,1543283358831786175,32,DDX19A (55308)
ACH-000793,3,1543283358831786175,33,GABPA (2551)
ACH-000793,3,1543283358831786175,34,PIK3CA (5290)
ACH-000793,3,1543283358831786175,35,MIB1 (57534)
ACH-000793,3,1543283358831786175,36,PTMA (5757)
ACH-000793,3,1543283358831786175,37,TAMM41 (132001)
ACH-000793,3,1543283358831786175,38,RBM18 (92400)
ACH-000793,3,1543283358831786175,39,TCOF1 (6949)
ACH-000793,3,1543283358831786175,40,CEP85 (64793)
ACH-000793,3,1543283358831786175,41,TXNRD1 (7296)
ACH-000793,3,1543283358831786175,42,CUL3 (8452)
ACH-000793,3,1543283358831786175,43,INTS6 (26512)
ACH-000793,3,1543283358831786175,44,UBR5 (51366)
ACH-000793,3,1543283358831786175,45,NDUFB4 (4710)
ACH-000793,3,1543283358831786175,46,MRPS7 (51081)
ACH-000793,3,1543283358831786175,47,MRPL38 (64978)
ACH-000793,3,1543283358831786175,48,TRIM28 (10155)
ACH-000793,3,1543283358831786175,49,C3orf38 (285237)
ACH-000793,3,1543283358831786175,50,RIC1 (57589)
ACH-000793,4,5895005931430131741,1,WDR7 (23335)
ACH-000793,4,5895005931430131741,2,CSK (1445)
ACH-000793,4,5895005931430131741,3,RAD51D (5892)
ACH-000793,4,5895005931430131741,4,MVD (4597)
ACH-000793,4,5895005931430131741,5,MAPK1 (5594)
ACH-000793,4,5895005931430131741,6,MED23 (9439)
ACH-000793,4,5895005931430131741,7,PCNX3 (399909)
ACH-000793,4,5895005931430131741,8,ILK (3611)
ACH-000793,4,5895005931430131741,9,CDIN1 (84529)
ACH-000793,4,5895005931430131741,10,GABPB1 (2553)
ACH-000793,4,5895005931430131741,11,THG1L (54974)
ACH-000793,4,5895005931430131741,12,CEP85 (64793)
ACH-000793,4,5895005931430131741,13,HAPLN2 (60484)
ACH-000793,4,5895005931430131741,14,ACTR3 (10096)
ACH-000793,4,5895005931430131741,15,STAMBP (10617)
ACH-000793,4,5895005931430131741,16,H2BC5 (3017)
ACH-000793,4,5895005931430131741,17,CCND1 (595)
ACH-000793,4,5895005931430131741,18,PPP1R15B (84919)
ACH-000793,4,5895005931430131741,19,HARS2 (23438)
ACH-000793,4,5895005931430131741,20,PFAS (5198)
ACH-000793,4,5895005931430131741,21,RAB10 (10890)
ACH-000793,4,5895005931430131741,22,APC (324)
ACH-000793,4,5895005931430131741,23,BRD2 (6046)
ACH-000793,4,5895005931430131741,24,CCNL1 (57018)
ACH-000793,4,5895005931430131741,25,GPI (2821)
ACH-000793,4,5895005931430131741,26,FDFT1 (2222)
ACH-000793,4,5895005931430131741,27,FPGS (2356)
ACH-000793,4,5895005931430131741,28,ARID1B (57492)
ACH-000793,4,5895005931430131741,29,BAP1 (8314)
ACH-000793,4,5895005931430131741,30,MIOS (54468)
ACH-000793,4,5895005931430131741,31,SSBP3 (23648)
ACH-000793,4,5895005931430131741,32,MRPS14 (63931)
ACH-000793,4,5895005931430131741,33,SERBP1 (26135)
ACH-000793,4,5895005931430131741,34,NHLRC2 (374354)
ACH-000793,4,5895005931430131741,35,CAD (790)
ACH-000793,4,5895005931430131741,36,STX4 (6810)
ACH-000793,4,5895005931430131741,37,SOCS3 (9021)
ACH-000793,4,5895005931430131741,38,WDR73 (84942)
ACH-000793,4,5895005931430131741,39,AP2M1 (1173)
ACH-000793,4,5895005931430131741,40,WDR83 (84292)
ACH-000793,4,5895005931430131741,41,NDUFC2 (4718)
ACH-000793,4,5895005931430131741,42,PSMG1 (8624)
ACH-000793,4,5895005931430131741,43,ACSL3 (2181)
ACH-000793,4,5895005931430131741,44,NCAPD3 (23310)
ACH-000793,4,5895005931430131741,45,MRPS24 (64951)
ACH-000793,4,5895005931430131741,46,ATIC (471)
ACH-000793,4,5895005931430131741,47,DNAJC19 (131118)
ACH-000793,4,5895005931430131741,48,ATP5F1D (513)
ACH-000793,4,5895005931430131741,49,ELP2 (55250)
ACH-000793,4,5895005931430131741,50,BRCA1 (672)
ACH-000793,5,6495787985386919728,1,SCAP (22937)
ACH-000793,5,6495787985386919728,2,MRPS14 (63931)
ACH-000793,5,6495787985386919728,3,DOCK5 (80005)
ACH-000793,5,6495787985386919728,4,FAM210A (125228)
ACH-000793,5,6495787985386919728,5,DSCC1 (79075)
ACH-000793,5,6495787985386919728,6,MIOS (54468)
ACH-000793,5,6495787985386919728,7,ZFP36L1 (677)
ACH-000793,5,6495787985386919728,8,SLC7A1 (6541)
ACH-000793,5,6495787985386919728,9,GPI (2821)
ACH-000793,5,6495787985386919728,10,KANSL1 (284058)
ACH-000793,5,6495787985386919728,11,MDM2 (4193)
ACH-000793,5,6495787985386919728,12,INTS15 (79034)
ACH-000793,5,6495787985386919728,13,GCN1 (10985)
ACH-000793,5,6495787985386919728,14,WRN (7486)
ACH-000793,5,6495787985386919728,15,KLF5 (688)
ACH-000793,5,6495787985386919728,16,SMCHD1 (23347)
ACH-000793,5,6495787985386919728,17,CDK4 (1019)
ACH-000793,5,6495787985386919728,18,ELP4 (26610)
ACH-000793,5,6495787985386919728,19,MYBBP1A (10514)
ACH-000793,5,6495787985386919728,20,STAMBP (10617)
ACH-000793,5,6495787985386919728,21,ILK (3611)
ACH-000793,5,6495787985386919728,22,TFB2M (64216)
ACH-000793,5,6495787985386919728,23,PRPF39 (55015)
ACH-000793,5,6495787985386919728,24,PPAT (5471)
ACH-000793,5,6495787985386919728,25,CCND3 (896)
ACH-000793,5,6495787985386919728,26,TIPRL (261726)
ACH-000793,5,6495787985386919728,27,MNAT1 (4331)
ACH-000793,5,6495787985386919728,28,UFM1 (51569)
ACH-000793,5,6495787985386919728,29,COX6A1 (1337)
ACH-000793,5,6495787985386919728,30,CTC1 (80169)
ACH-000793,5,6495787985386919728,31,KATNB1 (10300)
ACH-000793,5,6495787985386919728,32,MEN1 (4221)
ACH-000793,5,6495787985386919728,33,FERMT2 (10979)
ACH-000793,5,6495787985386919728,34,ATP2B1 (490)
ACH-000793,5,6495787985386919728,35,XRCC3 (7517)
ACH-000793,5,6495787985386919728,36,TYMS (7298)
ACH-000793,5,6495787985386919728,37,WASHC2C (253725)
ACH-000793,5,6495787985386919728,38,UROD (7389)
ACH-000793,5,6495787985386919728,39,KDM2A (22992)
ACH-000793,5,6495787985386919728,40,WDR1 (9948)
ACH-000793,5,6495787985386919728,41,RAB10 (10890)
ACH-000793,5,6495787985386919728,42,ATP6V0E1 (8992)
ACH-000793,5,6495787985386919728,43,CCAR1 (55749)
ACH-000793,5,6495787985386919728,44,UBAP2L (9898)
ACH-000793,5,6495787985386919728,45,CUL3 (8452)
ACH-000793,5,6495787985386919728,46,ENO1 (2023)
ACH-000793,5,6495787985386919728,47,RAD1 (5810)
ACH-000793,5,6495787985386919728,48,UBE2D3 (7323)
ACH-000793,5,6495787985386919728,49,HSP90B1 (7184)
ACH-000793,5,6495787985386919728,50,DNAJB13 (374407)
ACH-000793,6,2352287985254908094,1,ADRM1 (11047)
ACH-000793,6,2352287985254908094,2,ITGB5 (3693)
ACH-000793,6,2352287985254908094,3,AP2M1 (1173)
ACH-000793,6,2352287985254908094,4,RAD1 (5810)
ACH-000793,6,2352287985254908094,5,WRN (7486)
ACH-000793,6,2352287985254908094,6,FADD (8772)
ACH-000793,6,2352287985254908094,7,DOCK5 (80005)
ACH-000793,6,2352287985254908094,8,MRPS11 (64963)
ACH-000793,6,2352287985254908094,9,PET117 (100303755)
ACH-000793,6,2352287985254908094,10,NARS2 (79731)
ACH-000793,6,2352287985254908094,11,CYB5B (80777)
ACH-000793,6,2352287985254908094,12,MAPK1 (5594)
ACH-000793,6,2352287985254908094,13,TCF7L2 (6934)
ACH-000793,6,2352287985254908094,14,TMED10 (10972)
ACH-000793,6,2352287985254908094,15,SDHB (6390)
ACH-000793,6,2352287985254908094,16,COA7 (65260)
ACH-000793,6,2352287985254908094,17,MTHFD1 (4522)
ACH-000793,6,2352287985254908094,18,TRNAU1AP (54952)
ACH-000793,6,2352287985254908094,19,CDAN1 (146059)
ACH-000793,6,2352287985254908094,20,UQCRC2 (7385)
ACH-000793,6,2352287985254908094,21,MRPL53 (116540)
ACH-000793,6,2352287985254908094,22,PTPA (5524)
ACH-000793,6,2352287985254908094,23,TAFAZZIN (6901)
ACH-000793,6,2352287985254908094,24,RBBP7 (5931)
ACH-000793,6,2352287985254908094,25,COX6A1 (1337)
ACH-000793,6,2352287985254908094,26,UBIAD1 (29914)
ACH-000793,6,2352287985254908094,27,HEMK2 (29104)
ACH-000793,6,2352287985254908094,28,BRD2 (6046)
ACH-000793,6,2352287985254908094,29,TTC7A (57217)
ACH-000793,6,2352287985254908094,30,ATP5F1D (513)
ACH-000793,6,2352287985254908094,31,GPX4 (2879)
ACH-000793,6,2352287985254908094,32,GART (2618)
ACH-000793,6,2352287985254908094,33,SGF29 (112869)
ACH-000793,6,2352287985254908094,34,RAD51C (5889)
ACH-000793,6,2352287985254908094,35,NR2C2AP (126382)
ACH-000793,6,2352287985254908094,36,CDH1 (999)
ACH-000793,6,2352287985254908094,37,NAPG (8774)
ACH-000793,6,2352287985254908094,38,ATXN7L3 (56970)
ACH-000793,6,2352287985254908094,39,MRPL39 (54148)
ACH-000793,6,2352287985254908094,40,SOCS3 (9021)
ACH-000793,6,2352287985254908094,41,REXO2 (25996)
ACH-000793,6,2352287985254908094,42,INTS6 (26512)
ACH-000793,6,2352287985254908094,43,GEMIN7 (79760)
ACH-000793,6,2352287985254908094,44,ARPC4 (10093)
ACH-000793,6,2352287985254908094,45,ATP6V0E1 (8992)
ACH-000793,6,2352287985254908094,46,BAP1 (8314)
ACH-000793,6,2352287985254908094,47,GLRX5 (51218)
ACH-000793,6,2352287985254908094,48,PSMG2 (56984)
ACH-000793,6,2352287985254908094,49,ANAPC15 (25906)
ACH-000793,6,2352287985254908094,50,JTB (10899)
ACH-000793,7,9037895801329243638,1,WDR48 (57599)
ACH-000793,7,9037895801329243638,2,NSMCE4A (54780)
ACH-000793,7,9037895801329243638,3,GPX4 (2879)
ACH-000793,7,9037895801329243638,4,TRIT1 (54802)
ACH-000793,7,9037895801329243638,5,MTHFD1 (4522)
ACH-000793,7,9037895801329243638,6,NFE2L2 (4780)
ACH-000793,7,9037895801329243638,7,FDFT1 (2222)
ACH-000793,7,9037895801329243638,8,MRPS25 (64432)
ACH-000793,7,9037895801329243638,9,CDK4 (1019)
ACH-000793,7,9037895801329243638,10,EXOC1 (55763)
ACH-000793,7,9037895801329243638,11,MRPS11 (64963)
ACH-000793,7,9037895801329243638,12,NAPG (8774)
ACH-000793,7,9037895801329243638,13,ISCA2 (122961)
ACH-000793,7,9037895801329243638,14,SEC62 (7095)
ACH-000793,7,9037895801329243638,15,MRPS34 (65993)
ACH-000793,7,9037895801329243638,16,TSC1 (7248)
ACH-000793,7,9037895801329243638,17,TEAD1 (7003)
ACH-000793,7,9037895801329243638,18,TELO2 (9894)
ACH-000793,7,9037895801329243638,19,CEP43 (11116)
ACH-000793,7,9037895801329243638,20,TOMM20 (9804)
ACH-000793,7,9037895801329243638,21,TDP2 (51567)
ACH-000793,7,9037895801329243638,22,VEZF1 (7716)
ACH-000793,7,9037895801329243638,23,ACLY (47)
ACH-000793,7,9037895801329243638,24,MCMBP (79892)
ACH-000793,7,9037895801329243638,25,SEPSECS (51091)
ACH-000793,7,9037895801329243638,26,WDR1 (9948)
ACH-000793,7,9037895801329243638,27,RIC1 (57589)
ACH-000793,7,9037895801329243638,28,TMX2 (51075)
ACH-000793,7,9037895801329243638,29,ATP5F1D (513)
ACH-000793,7,9037895801329243638,30,COA6 (388753)
ACH-000793,7,9037895801329243638,31,SOX9 (6662)
ACH-000793,7,9037895801329243638,32,FZD5 (7855)
ACH-000793,7,9037895801329243638,33,ITGB5 (3693)
ACH-000793,7,9037895801329243638,34,THG1L (54974)
ACH-000793,7,9037895801329243638,35,MRPS5 (64969)
ACH-000793,7,9037895801329243638,36,SLC3A2 (6520)
ACH-000793,7,9037895801329243638,37,IER3IP1 (51124)
ACH-000793,7,9037895801329243638,38,PTK2 (5747)
ACH-000793,7,9037895801329243638,39,LIPT1 (51601)
ACH-000793,7,9037895801329243638,40,HAPLN2 (60484)
ACH-000793,7,9037895801329243638,41,NDUFB4 (4710)
ACH-000793,7,9037895801329243638,42,ARF4 (378)
ACH-000793,7,9037895801329243638,43,STK11 (6794)
ACH-000793,7,9037895801329243638,44,GRB2 (2885)
ACH-000793,7,9037895801329243638,45,DDX5 (1655)
ACH-000793,7,9037895801329243638,46,KATNB1 (10300)
ACH-000793,7,9037895801329243638,47,MBTPS2 (51360)
ACH-000793,7,9037895801329243638,48,EXOSC10 (5394)
ACH-000793,7,9037895801329243638,49,FDXR (2232)
ACH-000793,7,9037895801329243638,50,EAF1 (85403)
ACH-000793,8,8962545095765643003,1,ACTB (60)
ACH-000793,8,8962545095765643003,2,SOX9 (6662)
ACH-000793,8,8962545095765643003,3,DLST (1743)
ACH-000793,8,8962545095765643003,4,MTCH2 (23788)
ACH-000793,8,8962545095765643003,5,MRPS16 (51021)
ACH-000793,8,8962545095765643003,6,PCNX3 (399909)
ACH-000793,8,8962545095765643003,7,ANKRD49 (54851)
ACH-000793,8,8962545095765643003,8,CAND1 (55832)
ACH-000793,8,8962545095765643003,9,ATIC (471)
ACH-000793,8,8962545095765643003,10,WASHC2C (253725)
ACH-000793,8,8962545095765643003,11,PTPA (5524)
ACH-000793,8,8962545095765643003,12,WTAP (9589)
ACH-000793,8,8962545095765643003,13,TAFAZZIN (6901)
ACH-000793,8,8962545095765643003,14,CIT (11113)
ACH-000793,8,8962545095765643003,15,ADSL (158)
ACH-000793,8,8962545095765643003,16,MRPL41 (64975)
ACH-000793,8,8962545095765643003,17,UBIAD1 (29914)
ACH-000793,8,8962545095765643003,18,USP1 (7398)
ACH-000793,8,8962545095765643003,19,HEMK2 (29104)
ACH-000793,8,8962545095765643003,20,CDH1 (999)
ACH-000793,8,8962545095765643003,21,CAD (790)
ACH-000793,8,8962545095765643003,22,VPS37A (137492)
ACH-000793,8,8962545095765643003,23,IER3IP1 (51124)
ACH-000793,8,8962545095765643003,24,WDR7 (23335)
ACH-000793,8,8962545095765643003,25,PAXIP1 (22976)
ACH-000793,8,8962545095765643003,26,AHCYL1 (10768)
ACH-000793,8,8962545095765643003,27,MED23 (9439)
ACH-000793,8,8962545095765643003,28,OTUD5 (55593)
ACH-000793,8,8962545095765643003,29,RPRD1B (58490)
ACH-000793,8,8962545095765643003,30,VPS4A (27183)
ACH-000793,8,8962545095765643003,31,WDR73 (84942)
ACH-000793,8,8962545095765643003,32,PRRC2A (7916)
ACH-000793,8,8962545095765643003,33,RAB6A (5870)
ACH-000793,8,8962545095765643003,34,NDUFB4 (4710)
ACH-000793,8,8962545095765643003,35,H2BC5 (3017)
ACH-000793,8,8962545095765643003,36,XRCC2 (7516)
ACH-000793,8,8962545095765643003,37,ATP6V0E1 (8992)
ACH-000793,8,8962545095765643003,38,MFN2 (9927)
ACH-000793,8,8962545095765643003,39,UBE2C (11065)
ACH-000793,8,8962545095765643003,40,MRPS34 (65993)
ACH-000793,8,8962545095765643003,41,MRPL53 (116540)
ACH-000793,8,8962545095765643003,42,GOLGA7 (51125)
ACH-000793,8,8962545095765643003,43,TUBB3 (10381)
ACH-000793,8,8962545095765643003,44,RAF1 (5894)
ACH-000793,8,8962545095765643003,45,FECH (2235)
ACH-000793,8,8962545095765643003,46,EARS2 (124454)
ACH-000793,8,8962545095765643003,47,TELO2 (9894)
ACH-000793,8,8962545095765643003,48,LRPPRC (10128)
ACH-000793,8,8962545095765643003,49,MRPS5 (64969)
ACH-000793,8,8962545095765643003,50,GMNN (51053)
ACH-000793,9,8423382134366887034,1,SMCHD1 (23347)
ACH-000793,9,8423382134366887034,2,KRAS (3845)
ACH-000793,9,8423382134366887034,3,NDUFA4 (4697)
ACH-000793,9,8423382134366887034,4,RPL22L1 (200916)
ACH-000793,9,8423382134366887034,5,PPP1R15B (84919)
ACH-000793,9,8423382134366887034,6,TCOF1 (6949)
ACH-000793,9,8423382134366887034,7,XYLT2 (64132)
ACH-000793,9,8423382134366887034,8,CRLS1 (54675)
ACH-000793,9,8423382134366887034,9,EGLN1 (54583)
ACH-000793,9,8423382134366887034,10,PTMA (5757)
ACH-000793,9,8423382134366887034,11,H2AX (3014)
ACH-000793,9,8423382134366887034,12,ATP5F1B (506)
ACH-000793,9,8423382134366887034,13,ATP5F1D (513)
ACH-000793,9,8423382134366887034,14,BIRC6 (57448)
ACH-000793,9,8423382134366887034,15,UROD (7389)
ACH-000793,9,8423382134366887034,16,MRPL53 (116540)
ACH-000793,9,8423382134366887034,17,IER3IP1 (51124)
ACH-000793,9,8423382134366887034,18,DUSP4 (1846)
ACH-000793,9,8423382134366887034,19,SMARCE1 (6605)
ACH-000793,9,8423382134366887034,20,MYBL2 (4605)
ACH-000793,9,8423382134366887034,21,VARS2 (57176)
ACH-000793,9,8423382134366887034,22,EP300 (2033)
ACH-000793,9,8423382134366887034,23,LAMTOR2 (28956)
ACH-000793,9,8423382134366887034,24,PRKAR1A (5573)
ACH-000793,9,8423382134366887034,25,SLC33A1 (9197)
ACH-000793,9,8423382134366887034,26,HAPSTR1 (29035)
ACH-000793,9,8423382134366887034,27,TELO2 (9894)
ACH-000793,9,8423382134366887034,28,MYBBP1A (10514)
ACH-000793,9,8423382134366887034,29,ANKRD49 (54851)
ACH-000793,9,8423382134366887034,30,DOLPP1 (57171)
ACH-000793,9,8423382134366887034,31,PFDN1 (5201)
ACH-000793,9,8423382134366887034,32,TSC22D2 (9819)
ACH-000793,9,8423382134366887034,33,RPAP2 (79871)
ACH-000793,9,8423382134366887034,34,RTTN (25914)
ACH-000793,9,8423382134366887034,35,SLC2A1 (6513)
ACH-000793,9,8423382134366887034,36,PSMG2 (56984)
ACH-000793,9,8423382134366887034,37,UAP1 (6675)
ACH-000793,9,8423382134366887034,38,BRAF (673)
ACH-000793,9,8423382134366887034,39,GFPT1 (2673)
ACH-000793,9,8423382134366887034,40,TRPM7 (54822)
ACH-000793,9,8423382134366887034,41,HAPLN2 (60484)
ACH-000793,9,8423382134366887034,42,MVD (4597)
ACH-000793,9,8423382134366887034,43,WDR83 (84292)
ACH-000793,9,8423382134366887034,44,RIC8A (60626)
ACH-000793,9,8423382134366887034,45,SAMM50 (25813)
ACH-000793,9,8423382134366887034,46,ISCA2 (122961)
ACH-000793,9,8423382134366887034,47,EXOSC10 (5394)
ACH-000793,9,8423382134366887034,48,MRPS14 (63931)
ACH-000793,9,8423382134366887034,49,ARPC4 (10093)
ACH-000793,9,8423382134366887034,50,CREBBP (1387)
ACH-000793,10,6930982750489120379,1,PGP (283871)
ACH-000793,10,6930982750489120379,2,NUP50 (10762)
ACH-000793,10,6930982750489120379,3,FOXO3B (2310)
ACH-000793,10,6930982750489120379,4,NDUFC2 (4718)
ACH-000793,10,6930982750489120379,5,MYH9 (4627)
ACH-000793,10,6930982750489120379,6,CTNNB1 (1499)
ACH-000793,10,6930982750489120379,7,FAM185A (222234)
ACH-000793,10,6930982750489120379,8,IER3IP1 (51124)
ACH-000793,10,6930982750489120379,9,MRPS34 (65993)
ACH-000793,10,6930982750489120379,10,NCAPD3 (23310)
ACH-000793,10,6930982750489120379,11,KEAP1 (9817)
ACH-000793,10,6930982750489120379,12,ZNF407 (55628)
ACH-000793,10,6930982750489120379,13,RRAGC (64121)
ACH-000793,10,6930982750489120379,14,MRPL15 (29088)
ACH-000793,10,6930982750489120379,15,TAMM41 (132001)
ACH-000793,10,6930982750489120379,16,COX6A1 (1337)
ACH-000793,10,6930982750489120379,17,PDS5A (23244)
ACH-000793,10,6930982750489120379,18,GEMIN4 (50628)
ACH-000793,10,6930982750489120379,19,HNF1B (6928)
ACH-000793,10,6930982750489120379,20,CARS2 (79587)
ACH-000793,10,6930982750489120379,21,AP2M1 (1173)
ACH-000793,10,6930982750489120379,22,MRPS10 (55173)
ACH-000793,10,6930982750489120379,23,ASCC3 (10973)
ACH-000793,10,6930982750489120379,24,PARD6B (84612)
ACH-000793,10,6930982750489120379,25,BCL9 (607)
ACH-000793,10,6930982750489120379,26,MIB1 (57534)
ACH-000793,10,6930982750489120379,27,MTCH2 (23788)
ACH-000793,10,6930982750489120379,28,KIF20A (10112)
ACH-000793,10,6930982750489120379,29,JUN (3725)
ACH-000793,10,6930982750489120379,30,DNAJC11 (55735)
ACH-000793,10,6930982750489120379,31,DICER1 (23405)
ACH-000793,10,6930982750489120379,32,GOLT1B (51026)
ACH-000793,10,6930982750489120379,33,GPI (2821)
ACH-000793,10,6930982750489120379,34,JTB (10899)
ACH-000793,10,6930982750489120379,35,EFR3A (23167)
ACH-000793,10,6930982750489120379,36,CCNB1 (891)
ACH-000793,10,6930982750489120379,37,MED19 (219541)
ACH-000793,10,6930982750489120379,38,MRPS11 (64963)
ACH-000793,10,6930982750489120379,39,DSCC1 (79075)
ACH-000793,10,6930982750489120379,40,BCL9L (283149)
ACH-000793,10,6930982750489120379,41,RAF1 (5894)
ACH-000793,10,6930982750489120379,42,UBAP2L (9898)
ACH-000793,10,6930982750489120379,43,FDXR (2232)
ACH-000793,10,6930982750489120379,44,GLRX5 (51218)
ACH-000793,10,6930982750489120379,45,SGF29 (112869)
ACH-000793,10,6930982750489120379,46,SDHD (6392)
ACH-000793,10,6930982750489120379,47,METAP1 (23173)
ACH-000793,10,6930982750489120379,48,KNTC1 (9735)
ACH-000793,10,6930982750489120379,49,STX4 (6810)
ACH-000793,10,6930982750489120379,50,GABPB1 (2553)
ACH-000793,11,14830789708739029104,1,FOSL1 (8061)
ACH-000793,11,14830789708739029104,2,FURIN (5045)
ACH-000793,11,14830789708739029104,3,RHOA (387)
ACH-000793,11,14830789708739029104,4,HNF1B (6928)
ACH-000793,11,14830789708739029104,5,NDC1 (55706)
ACH-000793,11,14830789708739029104,6,FAM210A (125228)
ACH-000793,11,14830789708739029104,7,UBE2S (27338)
ACH-000793,11,14830789708739029104,8,FLII (2314)
ACH-000793,11,14830789708739029104,9,MDM2 (4193)
ACH-000793,11,14830789708739029104,10,MRPL32 (64983)
ACH-000793,11,14830789708739029104,11,CEP43 (11116)
ACH-000793,11,14830789708739029104,12,FERMT2 (10979)
ACH-000793,11,14830789708739029104,13,PPP6R3 (55291)
ACH-000793,11,14830789708739029104,14,RHEB (6009)
ACH-000793,11,14830789708739029104,15,PPP1CA (5499)
ACH-000793,11,14830789708739029104,16,MED23 (9439)
ACH-000793,11,14830789708739029104,17,CREBBP (1387)
ACH-000793,11,14830789708739029104,18,TFB2M (64216)
ACH-000793,11,14830789708739029104,19,ELP4 (26610)
ACH-000793,11,14830789708739029104,20,POP7 (10248)
ACH-000793,11,14830789708739029104,21,MRPL35 (51318)
ACH-000793,11,14830789708739029104,22,PGM3 (5238)
ACH-000793,11,14830789708739029104,23,GMPS (8833)
ACH-000793,11,14830789708739029104,24,TYMS (7298)
ACH-000793,11,14830789708739029104,25,PGP (283871)
ACH-000793,11,14830789708739029104,26,RNF4 (6047)
ACH-000793,11,14830789708739029104,27,POLRMT (5442)
ACH-000793,11,14830789708739029104,28,TXNRD1 (7296)
ACH-000793,11,14830789708739029104,29,SAMD4B (55095)
ACH-000793,11,14830789708739029104,30,WDR7 (23335)
ACH-000793,11,14830789708739029104,31,MRPS12 (6183)
ACH-000793,11,14830789708739029104,32,DET1 (55070)
ACH-000793,11,14830789708739029104,33,RAB6A (5870)
ACH-000793,11,14830789708739029104,34,ADSS2 (159)
ACH-000793,11,14830789708739029104,35,UFM1 (51569)
ACH-000793,11,14830789708739029104,36,WWTR1 (25937)
ACH-000793,11,14830789708739029104,37,SAMM50 (25813)
ACH-000793,11,14830789708739029104,38,ATP2B1 (490)
ACH-000793,11,14830789708739029104,39,TRPM7 (54822)
ACH-000793,11,14830789708739029104,40,RIC1 (57589)
ACH-000793,11,14830789708739029104,41,METTL17 (64745)
ACH-000793,11,14830789708739029104,42,RAF1 (5894)
ACH-000793,11,14830789708739029104,43,LAMTOR2 (28956)
ACH-000793,11,14830789708739029104,44,ZFX (7543)
ACH-000793,11,14830789708739029104,45,MRPS10 (55173)
ACH-000793,11,14830789708739029104,46,ATP6V0E1 (8992)
ACH-000793,11,14830789708739029104,47,RBBP7 (5931)
ACH-000793,11,14830789708739029104,48,TTC7A (57217)
ACH-000793,11,14830789708739029104,49,BRCA1 (672)
ACH-000793,11,14830789708739029104,50,PTDSS1 (9791)
ACH-000793,12,3544458219278823118,1,EAPP (55837)
ACH-000793,12,3544458219278823118,2,ESCO2 (157570)
ACH-000793,12,3544458219278823118,3,MYH9 (4627)
ACH-000793,12,3544458219278823118,4,SLC38A2 (54407)
ACH-000793,12,3544458219278823118,5,SOCS3 (9021)
ACH-000793,12,3544458219278823118,6,GABPB1 (2553)
ACH-000793,12,3544458219278823118,7,HNRNPR (10236)
ACH-000793,12,3544458219278823118,8,RAD51C (5889)
ACH-000793,12,3544458219278823118,9,EARS2 (124454)
ACH-000793,12,3544458219278823118,10,NDUFB6 (4712)
ACH-000793,12,3544458219278823118,11,CUL2 (8453)
ACH-000793,12,3544458219278823118,12,MRPL39 (54148)
ACH-000793,12,3544458219278823118,13,NAA20 (51126)
ACH-000793,12,3544458219278823118,14,POLE3 (54107)
ACH-000793,12,3544458219278823118,15,NFE2L2 (4780)
ACH-000793,12,3544458219278823118,16,EIF2AK4 (440275)
ACH-000793,12,3544458219278823118,17,ARID1B (57492)
ACH-000793,12,3544458219278823118,18,ARID2 (196528)
ACH-000793,12,3544458219278823118,19,HSP90B1 (7184)
ACH-000793,12,3544458219278823118,20,KNTC1 (9735)
ACH-000793,12,3544458219278823118,21,PRKRA (8575)
ACH-000793,12,3544458219278823118,22,FGFR1 (2260)
ACH-000793,12,3544458219278823118,23,NHLRC2 (374354)
ACH-000793,12,3544458219278823118,24,TRIP13 (9319)
ACH-000793,12,3544458219278823118,25,NBAS (51594)
ACH-000793,12,3544458219278823118,26,COQ4 (51117)
ACH-000793,12,3544458219278823118,27,ARF4 (378)
ACH-000793,12,3544458219278823118,28,JTB (10899)
ACH-000793,12,3544458219278823118,29,STK11 (6794)
ACH-000793,12,3544458219278823118,30,FAM50A (9130)
ACH-000793,12,3544458219278823118,31,VPS37A (137492)
ACH-000793,12,3544458219278823118,32,MRPS24 (64951)
ACH-000793,12,3544458219278823118,33,USP8 (9101)
ACH-000793,12,3544458219278823118,34,GEMIN2 (8487)
ACH-000793,12,3544458219278823118,35,DNAJC11 (55735)
ACH-000793,12,3544458219278823118,36,WDR48 (57599)
ACH-000793,12,3544458219278823118,37,HMBS (3145)
ACH-000793,12,3544458219278823118,38,CTDSPL2 (51496)
ACH-000793,12,3544458219278823118,39,SLC16A1 (6566)
ACH-000793,12,3544458219278823118,40,ZMYND8 (23613)
ACH-000793,12,3544458219278823118,41,PTPMT1 (114971)
ACH-000793,12,3544458219278823118,42,HAPSTR1 (29035)
ACH-000793,12,3544458219278823118,43,PTK2 (5747)
ACH-000793,12,3544458219278823118,44,TEAD1 (7003)
ACH-000793,12,3544458219278823118,45,PSMG1 (8624)
ACH-000793,12,3544458219278823118,46,KDM2A (22992)
ACH-000793,12,3544458219278823118,47,TEN1 (100134934)
ACH-000793,12,3544458219278823118,48,NELFCD (51497)
ACH-000793,12,3544458219278823118,49,MED9 (55090)
ACH-000793,12,3544458219278823118,50,RRAGC (64121)
ACH-000793,13,13752992324372191815,1,FAM98B (283742)
ACH-000793,13,13752992324372191815,2,DOLPP1 (57171)
ACH-000793,13,13752992324372191815,3,CIT (11113)
ACH-000793,13,13752992324372191815,4,KATNB1 (10300)
ACH-000793,13,13752992324372191815,5,SMARCB1 (6598)
ACH-000793,13,13752992324372191815,6,PPAT (5471)
ACH-000793,13,13752992324372191815,7,PGP (283871)
ACH-000793,13,13752992324372191815,8,CUL3 (8452)
ACH-000793,13,13752992324372191815,9,BRCA2 (675)
ACH-000793,13,13752992324372191815,10,DNAJC19 (131118)
ACH-000793,13,13752992324372191815,11,ADAR (103)
ACH-000793,13,13752992324372191815,12,DLST (1743)
ACH-000793,13,13752992324372191815,13,SHOC2 (8036)
ACH-000793,13,13752992324372191815,14,CDS2 (8760)
ACH-000793,13,13752992324372191815,15,COA6 (388753)
ACH-000793,13,13752992324372191815,16,IRF2BP2 (359948)
ACH-000793,13,13752992324372191815,17,GOLGA7 (51125)
ACH-000793,13,13752992324372191815,18,SLC3A2 (6520)
ACH-000793,13,13752992324372191815,19,SARS2 (54938)
ACH-000793,13,13752992324372191815,20,TEAD1 (7003)
ACH-000793,13,13752992324372191815,21,UFM1 (51569)
ACH-000793,13,13752992324372191815,22,EGLN1 (54583)
ACH-000793,13,13752992324372191815,23,UBE2C (11065)
ACH-000793,13,13752992324372191815,24,PTMA (5757)
ACH-000793,13,13752992324372191815,25,RPL22L1 (200916)
ACH-000793,13,13752992324372191815,26,XRN1 (54464)
ACH-000793,13,13752992324372191815,27,EXOC1 (55763)
ACH-000793,13,13752992324372191815,28,COASY (80347)
ACH-000793,13,13752992324372191815,29,ZWINT (11130)
ACH-000793,13,13752992324372191815,30,VHL (7428)
ACH-000793,13,13752992324372191815,31,VPS37A (137492)
ACH-000793,13,13752992324372191815,32,VEZF1 (7716)
ACH-000793,13,13752992324372191815,33,BPTF (2186)
ACH-000793,13,13752992324372191815,34,PAXIP1 (22976)
ACH-000793,13,13752992324372191815,35,USP7 (7874)
ACH-000793,13,13752992324372191815,36,RNF4 (6047)
ACH-000793,13,13752992324372191815,37,RAB6A (5870)
ACH-000793,13,13752992324372191815,38,TAFAZZIN (6901)
ACH-000793,13,13752992324372191815,39,TUBE1 (51175)
ACH-000793,13,13752992324372191815,40,MCMBP (79892)
ACH-000793,13,13752992324372191815,41,CCAR1 (55749)
ACH-000793,13,13752992324372191815,42,PPP1CB (5500)
ACH-000793,13,13752992324372191815,43,ARPC4 (10093)
ACH-000793,13,13752992324372191815,44,CCDC51 (79714)
ACH-000793,13,13752992324372191815,45,SLC25A3 (5250)
ACH-000793,13,13752992324372191815,46,LRPPRC (10128)
ACH-000793,13,13752992324372191815,47,ARID1B (57492)
ACH-000793,13,13752992324372191815,48,PMM2 (5373)
ACH-000793,13,13752992324372191815,49,H2BC9 (8345)
ACH-000793,13,13752992324372191815,50,FBXO42 (54455)
ACH-000793,14,17659879776187362488,1,RAF1 (5894)
ACH-000793,14,17659879776187362488,2,BUD13 (84811)
ACH-000793,14,17659879776187362488,3,XRCC2 (7516)
ACH-000793,14,17659879776187362488,4,IRF2BP2 (359948)
ACH-000793,14,17659879776187362488,5,NXT1 (29107)
ACH-000793,14,17659879776187362488,6,GLRX5 (51218)
ACH-000793,14,17659879776187362488,7,SREBF1 (6720)
ACH-000793,14,17659879776187362488,8,XRCC3 (7517)
ACH-000793,14,17659879776187362488,9,FAM185A (222234)
ACH-000793,14,17659879776187362488,10,ADAR (103)
ACH-000793,14,17659879776187362488,11,C3orf38 (285237)
ACH-000793,14,17659879776187362488,12,CRAMP1 (57585)
ACH-000793,14,17659879776187362488,13,PTMA (5757)
ACH-000793,14,17659879776187362488,14,DARS2 (55157)
ACH-000793,14,17659879776187362488,15,PPA2 (27068)
ACH-000793,14,17659879776187362488,16,PPIL1 (51645)
ACH-000793,14,17659879776187362488,17,RBM18 (92400)
ACH-000793,14,17659879776187362488,18,HSP90B1 (7184)
ACH-000793,14,17659879776187362488,19,MRPL41 (64975)
ACH-000793,14,17659879776187362488,20,NFE2L2 (4780)
ACH-000793,14,17659879776187362488,21,PARD6B (84612)
ACH-000793,14,17659879776187362488,22,FBXO42 (54455)
ACH-000793,14,17659879776187362488,23,CTDSPL2 (51496)
ACH-000793,14,17659879776187362488,24,NARS2 (79731)
ACH-000793,14,17659879776187362488,25,ILK (3611)
ACH-000793,14,17659879776187362488,26,PCNX3 (399909)
ACH-000793,14,17659879776187362488,27,ZMYND8 (23613)
ACH-000793,14,17659879776187362488,28,RIC1 (57589)
ACH-000793,14,17659879776187362488,29,ATL2 (64225)
ACH-000793,14,17659879776187362488,30,KIF18B (146909)
ACH-000793,14,17659879776187362488,31,DHX29 (54505)
ACH-000793,14,17659879776187362488,32,TAPT1 (202018)
ACH-000793,14,17659879776187362488,33,PPP4R2 (151987)
ACH-000793,14,17659879776187362488,34,GART (2618)
ACH-000793,14,17659879776187362488,35,DSCC1 (79075)
ACH-000793,14,17659879776187362488,36,CRLS1 (54675)
ACH-000793,14,17659879776187362488,37,SCD (6319)
ACH-000793,14,17659879776187362488,38,SAMM50 (25813)
ACH-000793,14,17659879776187362488,39,BRD2 (6046)
ACH-000793,14,17659879776187362488,40,CDIN1 (84529)
ACH-000793,14,17659879776187362488,41,STX4 (6810)
ACH-000793,14,17659879776187362488,42,MRPL28 (10573)
ACH-000793,14,17659879776187362488,43,AP2M1 (1173)
ACH-000793,14,17659879776187362488,44,PTP4A1 (7803)
ACH-000793,14,17659879776187362488,45,ACLY (47)
ACH-000793,14,17659879776187362488,46,EP300 (2033)
ACH-000793,14,17659879776187362488,47,DET1 (55070)
ACH-000793,14,17659879776187362488,48,MMGT1 (93380)
ACH-000793,14,17659879776187362488,49,MRPL18 (29074)
ACH-000793,14,17659879776187362488,50,MRPS10 (55173)
ACH-000793,15,13887779616318986526,1,SLC30A9 (10463)
ACH-000793,15,13887779616318986526,2,PHF12 (57649)
ACH-000793,15,13887779616318986526,3,PTPN11 (5781)
ACH-000793,15,13887779616318986526,4,TOE1 (114034)
ACH-000793,15,13887779616318986526,5,SLC38A2 (54407)
ACH-000793,15,13887779616318986526,6,NDUFB3 (4709)
ACH-000793,15,13887779616318986526,7,OGDH (4967)
ACH-000793,15,13887779616318986526,8,MNAT1 (4331)
ACH-000793,15,13887779616318986526,9,FBXW11 (23291)
ACH-000793,15,13887779616318986526,10,TIMM8A (1678)
ACH-000793,15,13887779616318986526,11,UXS1 (80146)
ACH-000793,15,13887779616318986526,12,OTUD5 (55593)
ACH-000793,15,13887779616318986526,13,GEMIN2 (8487)
ACH-000793,15,13887779616318986526,14,CAD (790)
ACH-000793,15,13887779616318986526,15,VRK1 (7443)
ACH-000793,15,13887779616318986526,16,DAXX (1616)
ACH-000793,15,13887779616318986526,17,COX10 (1352)
ACH-000793,15,13887779616318986526,18,NDC1 (55706)
ACH-000793,15,13887779616318986526,19,MED1 (5469)
ACH-000793,15,13887779616318986526,20,YAP1 (10413)
ACH-000793,15,13887779616318986526,21,GFPT1 (2673)
ACH-000793,15,13887779616318986526,22,STX4 (6810)
ACH-000793,15,13887779616318986526,23,MBTPS2 (51360)
ACH-000793,15,13887779616318986526,24,CTNNB1 (1499)
ACH-000793,15,13887779616318986526,25,MRPS5 (64969)
ACH-000793,15,13887779616318986526,26,SEPSECS (51091)
ACH-000793,15,13887779616318986526,27,PDCD5 (9141)
ACH-000793,15,13887779616318986526,28,ATF4 (468)
ACH-000793,15,13887779616318986526,29,GOLGA7 (51125)
ACH-000793,15,13887779616318986526,30,FPGS (2356)
ACH-000793,15,13887779616318986526,31,DDX39B (7919)
ACH-000793,15,13887779616318986526,32,MYBBP1A (10514)
ACH-000793,15,13887779616318986526,33,DDX5 (1655)
ACH-000793,15,13887779616318986526,34,HSP90B1 (7184)
ACH-000793,15,13887779616318986526,35,TTC7A (57217)
ACH-000793,15,13887779616318986526,36,YME1L1 (10730)
ACH-000793,15,13887779616318986526,37,SLC25A3 (5250)
ACH-000793,15,13887779616318986526,38,NMT1 (4836)
ACH-000793,15,13887779616318986526,39,TGIF1 (7050)
ACH-000793,15,13887779616318986526,40,EAPP (55837)
ACH-000793,15,13887779616318986526,41,PPA2 (27068)
ACH-000793,15,13887779616318986526,42,EXOSC10 (5394)
ACH-000793,15,13887779616318986526,43,THAP11 (57215)
ACH-000793,15,13887779616318986526,44,ILK (3611)
ACH-000793,15,13887779616318986526,45,AMBRA1 (55626)
ACH-000793,15,13887779616318986526,46,SLC3A2 (6520)
ACH-000793,15,13887779616318986526,47,COASY (80347)
ACH-000793,15,13887779616318986526,48,TAF5L (27097)
ACH-000793,15,13887779616318986526,49,PPP1CB (5500)
ACH-000793,15,13887779616318986526,50,EEFSEC (60678)
ACH-000793,16,1799298873500121812,1,RHOA (387)
ACH-000793,16,1799298873500121812,2,CRLS1 (54675)
ACH-000793,16,1799298873500121812,3,CDK6 (1021)
ACH-000793,16,1799298873500121812,4,TFAM (7019)
ACH-000793,16,1799298873500121812,5,EAPP (55837)
ACH-000793,16,1799298873500121812,6,TUBB3 (10381)
ACH-000793,16,1799298873500121812,7,MICOS10 (440574)
ACH-000793,16,1799298873500121812,8,FARS2 (10667)
ACH-000793,16,1799298873500121812,9,ACTB (60)
ACH-000793,16,1799298873500121812,10,XYLT2 (64132)
ACH-000793,16,1799298873500121812,11,CFL1 (1072)
ACH-000793,16,1799298873500121812,12,GOLT1B (51026)
ACH-000793,16,1799298873500121812,13,ELP4 (26610)
ACH-000793,16,1799298873500121812,14,SEPSECS (51091)
ACH-000793,16,1799298873500121812,15,STEEP1 (63932)
ACH-000793,16,1799298873500121812,16,BRAF (673)
ACH-000793,16,1799298873500121812,17,BUD13 (84811)
ACH-000793,16,1799298873500121812,18,NPEPPS (9520)
ACH-000793,16,1799298873500121812,19,BCL9L (283149)
ACH-000793,16,1799298873500121812,20,GCN1 (10985)
ACH-000793,16,1799298873500121812,21,SAMD4B (55095)
ACH-000793,16,1799298873500121812,22,NDUFAB1 (4706)
ACH-000793,16,1799298873500121812,23,SKA1 (220134)
ACH-000793,16,1799298873500121812,24,EXOC1 (55763)
ACH-000793,16,1799298873500121812,25,BPTF (2186)
ACH-000793,16,1799298873500121812,26,CCNL1 (57018)
ACH-000793,16,1799298873500121812,27,TKT (7086)
ACH-000793,16,1799298873500121812,28,NDUFA4 (4697)
ACH-000793,16,1799298873500121812,29,ITGAV (3685)
ACH-000793,16,1799298873500121812,30,YPEL5 (51646)
ACH-000793,16,1799298873500121812,31,CTC1 (80169)
ACH-000793,16,1799298873500121812,32,TEAD1 (7003)
ACH-000793,16,1799298873500121812,33,DET1 (55070)
ACH-000793,16,1799298873500121812,34,STX4 (6810)
ACH-000793,16,1799298873500121812,35,CCNB1 (891)
ACH-000793,16,1799298873500121812,36,SMC5 (23137)
ACH-000793,16,1799298873500121812,37,SLC16A1 (6566)
ACH-000793,16,1799298873500121812,38,HMBS (3145)
ACH-000793,16,1799298873500121812,39,SLC25A28 (81894)
ACH-000793,16,1799298873500121812,40,MED12 (9968)
ACH-000793,16,1799298873500121812,41,ADAR (103)
ACH-000793,16,1799298873500121812,42,CUL2 (8453)
ACH-000793,16,1799298873500121812,43,WASHC2C (253725)
ACH-000793,16,1799298873500121812,44,FERMT2 (10979)
ACH-000793,16,1799298873500121812,45,NCKAP1 (10787)
ACH-000793,16,1799298873500121812,46,HAPLN2 (60484)
ACH-000793,16,1799298873500121812,47,PPP6C (5537)
ACH-000793,16,1799298873500121812,48,FADD (8772)
ACH-000793,16,1799298873500121812,49,MRPL15 (29088)
ACH-000793,16,1799298873500121812,50,NCAPD3 (23310)
ACH-000793,17,14963009727448891924,1,GPI (2821)
ACH-000793,17,14963009727448891924,2,PIK3CA (5290)
ACH-000793,17,14963009727448891924,3,ACLY (47)
ACH-000793,17,14963009727448891924,4,MRPL35 (51318)
ACH-000793,17,14963009727448891924,5,POLE3 (54107)
ACH-000793,17,14963009727448891924,6,KEAP1 (9817)
ACH-000793,17,14963009727448891924,7,CDS2 (8760)
ACH-000793,17,14963009727448891924,8,EARS2 (124454)
ACH-000793,17,14963009727448891924,9,DHX29 (54505)
ACH-000793,17,14963009727448891924,10,SKA1 (220134)
ACH-000793,17,14963009727448891924,11,RPUSD4 (84881)
ACH-000793,17,14963009727448891924,12,MIOS (54468)
ACH-000793,17,14963009727448891924,13,RPAP2 (79871)
ACH-000793,17,14963009727448891924,14,RAB6A (5870)
ACH-000793,17,14963009727448891924,15,DSCC1 (79075)
ACH-000793,17,14963009727448891924,16,TRAF7 (84231)
ACH-000793,17,14963009727448891924,17,CYC1 (1537)
ACH-000793,17,14963009727448891924,18,GOLGA7 (51125)
ACH-000793,17,14963009727448891924,19,MRPS16 (51021)
ACH-000793,17,14963009727448891924,20,HECTD1 (25831)
ACH-000793,17,14963009727448891924,21,TAF5L (27097)
ACH-000793,17,14963009727448891924,22,FERMT1 (55612)
ACH-000793,17,14963009727448891924,23,KCTD5 (54442)
ACH-000793,17,14963009727448891924,24,EIF5AL1 (143244)
ACH-000793,17,14963009727448891924,25,RBM18 (92400)
ACH-000793,17,14963009727448891924,26,MMGT1 (93380)
ACH-000793,17,14963009727448891924,27,FOXO3B (2310)
ACH-000793,17,14963009727448891924,28,MED9 (55090)
ACH-000793,17,14963009727448891924,29,SLC16A1 (6566)
ACH-000793,17,14963009727448891924,30,RBBP7 (5931)
ACH-000793,17,14963009727448891924,31,FECH (2235)
ACH-000793,17,14963009727448891924,32,ADAR (103)
ACH-000793,17,14963009727448891924,33,GABPB1 (2553)
ACH-000793,17,14963009727448891924,34,CRIPTO (6997)
ACH-000793,17,14963009727448891924,35,MNAT1 (4331)
ACH-000793,17,14963009727448891924,36,PFDN5 (5204)
ACH-000793,17,14963009727448891924,37,TCF7L2 (6934)
ACH-000793,17,14963009727448891924,38,HSPA8 (3312)
ACH-000793,17,14963009727448891924,39,SLC2A1 (6513)
ACH-000793,17,14963009727448891924,40,MYBBP1A (10514)
ACH-000793,17,14963009727448891924,41,MED12 (9968)
ACH-000793,17,14963009727448891924,42,NARS2 (79731)
ACH-000793,17,14963009727448891924,43,REXO2 (25996)
ACH-000793,17,14963009727448891924,44,ATIC (471)
ACH-000793,17,14963009727448891924,45,AP2M1 (1173)
ACH-000793,17,14963009727448891924,46,NDC1 (55706)
ACH-000793,17,14963009727448891924,47,MAPK1 (5594)
ACH-000793,17,14963009727448891924,48,CRAMP1 (57585)
ACH-000793,17,14963009727448891924,49,CTC1 (80169)
ACH-000793,17,14963009727448891924,50,RHOA (387)
ACH-000793,18,6569254213107072848,1,HARS2 (23438)
ACH-000793,18,6569254213107072848,2,ELOF1 (84337)
ACH-000793,18,6569254213107072848,3,PSMG2 (56984)
ACH-000793,18,6569254213107072848,4,SUGT1 (10910)
ACH-000793,18,6569254213107072848,5,STK11 (6794)
ACH-000793,18,6569254213107072848,6,XRCC2 (7516)
ACH-000793,18,6569254213107072848,7,KLF5 (688)
ACH-000793,18,6569254213107072848,8,SCAP (22937)
ACH-000793,18,6569254213107072848,9,AP2M1 (1173)
ACH-000793,18,6569254213107072848,10,EIF2AK4 (440275)
ACH-000793,18,6569254213107072848,11,RAF1 (5894)
ACH-000793,18,6569254213107072848,12,CAND1 (55832)
ACH-000793,18,6569254213107072848,13,EGLN1 (54583)
ACH-000793,18,6569254213107072848,14,CDH1 (999)
ACH-000793,18,6569254213107072848,15,ARF4 (378)
ACH-000793,18,6569254213107072848,16,SLC16A1 (6566)
ACH-000793,18,6569254213107072848,17,PET117 (100303755)
ACH-000793,18,6569254213107072848,18,MRPL39 (54148)
ACH-000793,18,6569254213107072848,19,CFLAR (8837)
ACH-000793,18,6569254213107072848,20,ILK (3611)
ACH-000793,18,6569254213107072848,21,VPS33A (65082)
ACH-000793,18,6569254213107072848,22,ATL2 (64225)
ACH-000793,18,6569254213107072848,23,XRN1 (54464)
ACH-000793,18,6569254213107072848,24,DHODH (1723)
ACH-000793,18,6569254213107072848,25,MRPL38 (64978)
ACH-000793,18,6569254213107072848,26,TOE1 (114034)
ACH-000793,18,6569254213107072848,27,MBTPS1 (8720)
ACH-000793,18,6569254213107072848,28,CRAMP1 (57585)
ACH-000793,18,6569254213107072848,29,TFRC (7037)
ACH-000793,18,6569254213107072848,30,FAM50A (9130)
ACH-000793,18,6569254213107072848,31,SDHD (6392)
ACH-000793,18,6569254213107072848,32,TEAD1 (7003)
ACH-000793,18,6569254213107072848,33,MDM4 (4194)
ACH-000793,18,6569254213107072848,34,SLC25A28 (81894)
ACH-000793,18,6569254213107072848,35,RPL22L1 (200916)
ACH-000793,18,6569254213107072848,36,ITGB5 (3693)
ACH-000793,18,6569254213107072848,37,PPIL1 (51645)
ACH-000793,18,6569254213107072848,38,CREBBP (1387)
ACH-000793,18,6569254213107072848,39,HAUS8 (93323)
ACH-000793,18,6569254213107072848,40,DAP3 (7818)
ACH-000793,18,6569254213107072848,41,PFN1 (5216)
ACH-000793,18,6569254213107072848,42,HAPSTR1 (29035)
ACH-000793,18,6569254213107072848,43,RPAP2 (79871)
ACH-000793,18,6569254213107072848,44,GLRX5 (51218)
ACH-000793,18,6569254213107072848,45,TSC2 (7249)
ACH-000793,18,6569254213107072848,46,KRTCAP2 (200185)
ACH-000793,18,6569254213107072848,47,MRPS6 (64968)
ACH-000793,18,6569254213107072848,48,BRAT1 (221927)
ACH-000793,18,6569254213107072848,49,TOMM70 (9868)
ACH-000793,18,6569254213107072848,50,BIRC6 (57448)
ACH-000793,19,18093215105519123026,1,PDS5A (23244)
ACH-000793,19,18093215105519123026,2,TEN1 (100134934)
ACH-000793,19,18093215105519123026,3,KLF5 (688)
ACH-000793,19,18093215105519123026,4,SHOC2 (8036)
ACH-000793,19,18093215105519123026,5,GABPB1 (2553)
ACH-000793,19,18093215105519123026,6,MTCH2 (23788)
ACH-000793,19,18093215105519123026,7,CCNL1 (57018)
ACH-000793,19,18093215105519123026,8,XRN1 (54464)
ACH-000793,19,18093215105519123026,9,DDX3X (1654)
ACH-000793,19,18093215105519123026,10,HNRNPA2B1 (3181)
ACH-000793,19,18093215105519123026,11,KCMF1 (56888)
ACH-000793,19,18093215105519123026,12,PET117 (100303755)
ACH-000793,19,18093215105519123026,13,CTC1 (80169)
ACH-000793,19,18093215105519123026,14,ARID2 (196528)
ACH-000793,19,18093215105519123026,15,TUBE1 (51175)
ACH-000793,19,18093215105519123026,16,ZMYND8 (23613)
ACH-000793,19,18093215105519123026,17,PPIL1 (51645)
ACH-000793,19,18093215105519123026,18,FOXO3B (2310)
ACH-000793,19,18093215105519123026,19,SMC5 (23137)
ACH-000793,19,18093215105519123026,20,NDUFB10 (4716)
ACH-000793,19,18093215105519123026,21,SDHA (6389)
ACH-000793,19,18093215105519123026,22,TWNK (56652)
ACH-000793,19,18093215105519123026,23,BRCA1 (672)
ACH-000793,19,18093215105519123026,24,MYH9 (4627)
ACH-000793,19,18093215105519123026,25,STAMBP (10617)
ACH-000793,19,18093215105519123026,26,TAFAZZIN (6901)
ACH-000793,19,18093215105519123026,27,WDR73 (84942)
ACH-000793,19,18093215105519123026,28,PKN2 (5586)
ACH-000793,19,18093215105519123026,29,PARD6B (84612)
ACH-000793,19,18093215105519123026,30,MRPS16 (51021)
ACH-000793,19,18093215105519123026,31,PPP1CA (5499)
ACH-000793,19,18093215105519123026,32,RFK (55312)
ACH-000793,19,18093215105519123026,33,DAP3 (7818)
ACH-000793,19,18093215105519123026,34,RPRD1B (58490)
ACH-000793,19,18093215105519123026,35,MRPL41 (64975)
ACH-000793,19,18093215105519123026,36,TYMS (7298)
ACH-000793,19,18093215105519123026,37,TRIT1 (54802)
ACH-000793,19,18093215105519123026,38,SAMM50 (25813)
ACH-000793,19,18093215105519123026,39,DHX29 (54505)
ACH-000793,19,18093215105519123026,40,MFN2 (9927)
ACH-000793,19,18093215105519123026,41,USP8 (9101)
ACH-000793,19,18093215105519123026,42,ADAR (103)
ACH-000793,19,18093215105519123026,43,MTG1 (92170)
ACH-000793,19,18093215105519123026,44,CYB5B (80777)
ACH-000793,19,18093215105519123026,45,PTPMT1 (114971)
ACH-000793,19,18093215105519123026,46,MRPL18 (29074)
ACH-000793,19,18093215105519123026,47,NXT1 (29107)
ACH-000793,19,18093215105519123026,48,CCNC (892)
ACH-000793,19,18093215105519123026,49,PTK2 (5747)
ACH-000793,19,18093215105519123026,50,KDM2A (22992)
ACH-000890,0,11576709349001734154,1,PKN2 (5586)
ACH-000890,0,11576709349001734154,2,TEAD1 (7003)
ACH-000890,0,11576709349001734154,3,SEPSECS (51091)
ACH-000890,0,11576709349001734154,4,VRK1 (7443)
ACH-000890,0,11576709349001734154,5,CBLL1 (79872)
ACH-000890,0,11576709349001734154,6,USP1 (7398)
ACH-000890,0,11576709349001734154,7,GEMIN4 (50628)
ACH-000890,0,11576709349001734154,8,SLC25A26 (115286)
ACH-000890,0,11576709349001734154,9,RIC8A (60626)
ACH-000890,0,11576709349001734154,10,BCL9L (283149)
ACH-000890,0,11576709349001734154,11,PPIL1 (51645)
ACH-000890,0,11576709349001734154,12,CREBBP (1387)
ACH-000890,0,11576709349001734154,13,MRPL49 (740)
ACH-000890,0,11576709349001734154,14,MRPL15 (29088)
ACH-000890,0,11576709349001734154,15,MED19 (219541)
ACH-000890,0,11576709349001734154,16,CBFB (865)
ACH-000890,0,11576709349001734154,17,RPUSD4 (84881)
ACH-000890,0,11576709349001734154,18,CFLAR (8837)
ACH-000890,0,11576709349001734154,19,HAPLN2 (60484)
ACH-000890,0,11576709349001734154,20,GPI (2821)
ACH-000890,0,11576709349001734154,21,NDUFA4 (4697)
ACH-000890,0,11576709349001734154,22,PPAT (5471)
ACH-000890,0,11576709349001734154,23,PFDN1 (5201)
ACH-000890,0,11576709349001734154,24,RHEB (6009)
ACH-000890,0,11576709349001734154,25,NIPBL (25836)
ACH-000890,0,11576709349001734154,26,MRPL4 (51073)
ACH-000890,0,11576709349001734154,27,ASCC3 (10973)
ACH-000890,0,11576709349001734154,28,EAF1 (85403)
ACH-000890,0,11576709349001734154,29,NSMCE4A (54780)
ACH-000890,0,11576709349001734154,30,HSD17B10 (3028)
ACH-000890,0,11576709349001734154,31,ARHGEF7 (8874)
ACH-000890,0,11576709349001734154,32,TIMM17A (10440)
ACH-000890,0,11576709349001734154,33,PCNX3 (399909)
ACH-000890,0,11576709349001734154,34,SRSF10 (10772)
ACH-000890,0,11576709349001734154,35,HEMK2 (29104)
ACH-000890,0,11576709349001734154,36,GCN1 (10985)
ACH-000890,0,11576709349001734154,37,MYBL2 (4605)
ACH-000890,0,11576709349001734154,38,RRAGC (64121)
ACH-000890,0,11576709349001734154,39,REXO2 (25996)
ACH-000890,0,11576709349001734154,40,NDUFB3 (4709)
ACH-000890,0,11576709349001734154,41,BRK1 (55845)
ACH-000890,0,11576709349001734154,42,ARMC5 (79798)
ACH-000890,0,11576709349001734154,43,RPL22L1 (200916)
ACH-000890,0,11576709349001734154,44,MRPL38 (64978)
ACH-000890,0,11576709349001734154,45,ACLY (47)
ACH-000890,0,11576709349001734154,46,UBE2H (7328)
ACH-000890,0,11576709349001734154,47,TOMM70 (9868)
ACH-000890,0,11576709349001734154,48,GMNN (51053)
ACH-000890,0,11576709349001734154,49,TIGD3 (220359)
ACH-000890,0,11576709349001734154,50,ATIC (471)
ACH-000890,1,10656818611668867582,1,LIPT1 (51601)
ACH-000890,1,10656818611668867582,2,LDB1 (8861)
ACH-000890,1,10656818611668867582,3,SEC62 (7095)
ACH-000890,1,10656818611668867582,4,BCL9 (607)
ACH-000890,1,10656818611668867582,5,HSPA8 (3312)
ACH-000890,1,10656818611668867582,6,CCNL1 (57018)
ACH-000890,1,10656818611668867582,7,TDP2 (51567)
ACH-000890,1,10656818611668867582,8,ANKRD49 (54851)
ACH-000890,1,10656818611668867582,9,CDS2 (8760)
ACH-000890,1,10656818611668867582,10,POLG (5428)
ACH-000890,1,10656818611668867582,11,CBFB (865)
ACH-000890,1,10656818611668867582,12,DYNLL1 (8655)
ACH-000890,1,10656818611668867582,13,BRCA1 (672)
ACH-000890,1,10656818611668867582,14,SLC25A28 (81894)
ACH-000890,1,10656818611668867582,15,EXOSC10 (5394)
ACH-000890,1,10656818611668867582,16,RHOA (387)
ACH-000890,1,10656818611668867582,17,PPP1CA (5499)
ACH-000890,1,10656818611668867582,18,GMPS (8833)
ACH-000890,1,10656818611668867582,19,EAF1 (85403)
ACH-000890,1,10656818611668867582,20,NDUFB11 (54539)
ACH-000890,1,10656818611668867582,21,CAND1 (55832)
ACH-000890,1,10656818611668867582,22,ATL2 (64225)
ACH-000890,1,10656818611668867582,23,PFDN1 (5201)
ACH-000890,1,10656818611668867582,24,NDUFAB1 (4706)
ACH-000890,1,10656818611668867582,25,ELOF1 (84337)
ACH-000890,1,10656818611668867582,26,DET1 (55070)
ACH-000890,1,10656818611668867582,27,MIB1 (57534)
ACH-000890,1,10656818611668867582,28,RAD1 (5810)
ACH-000890,1,10656818611668867582,29,MLST8 (64223)
ACH-000890,1,10656818611668867582,30,ATP6V0E1 (8992)
ACH-000890,1,10656818611668867582,31,KEAP1 (9817)
ACH-000890,1,10656818611668867582,32,HEMK2 (29104)
ACH-000890,1,10656818611668867582,33,TIMM8A (1678)
ACH-000890,1,10656818611668867582,34,TIMM22 (29928)
ACH-000890,1,10656818611668867582,35,UROD (7389)
ACH-000890,1,10656818611668867582,36,TOE1 (114034)
ACH-000890,1,10656818611668867582,37,ARID2 (196528)
ACH-000890,1,10656818611668867582,38,UXS1 (80146)
ACH-000890,1,10656818611668867582,39,SLC30A9 (10463)
ACH-000890,1,10656818611668867582,40,TYMS (7298)
ACH-000890,1,10656818611668867582,41,IPPK (64768)
ACH-000890,1,10656818611668867582,42,THAP11 (57215)
ACH-000890,1,10656818611668867582,43,TRIM28 (10155)
ACH-000890,1,10656818611668867582,44,PPA2 (27068)
ACH-000890,1,10656818611668867582,45,SUGT1 (10910)
ACH-000890,1,10656818611668867582,46,TADA1 (117143)
ACH-000890,1,10656818611668867582,47,WDR73 (84942)
ACH-000890,1,10656818611668867582,48,MRPL28 (10573)
ACH-000890,1,10656818611668867582,49,CSNK1A1 (1452)
ACH-000890,1,10656818611668867582,50,PRKAR1A (5573)
ACH-000890,2,8185107329771721202,1,PKN2 (5586)
ACH-000890,2,8185107329771721202,2,TKT (7086)
ACH-000890,2,8185107329771721202,3,DDX5 (1655)
ACH-000890,2,8185107329771721202,4,FAM210A (125228)
ACH-000890,2,8185107329771721202,5,EAF1 (85403)
ACH-000890,2,8185107329771721202,6,SOD2 (6648)
ACH-000890,2,8185107329771721202,7,USP7 (7874)
ACH-000890,2,8185107329771721202,8,NDUFA8 (4702)
ACH-000890,2,8185107329771721202,9,MRPL39 (54148)
ACH-000890,2,8185107329771721202,10,PET117 (100303755)
ACH-000890,2,8185107329771721202,11,RPL22L1 (200916)
ACH-000890,2,8185107329771721202,12,MRPL12 (6182)
ACH-000890,2,8185107329771721202,13,TSC1 (7248)
ACH-000890,2,8185107329771721202,14,AIFM1 (9131)
ACH-000890,2,8185107329771721202,15,EEFSEC (60678)
ACH-000890,2,8185107329771721202,16,FAM185A (222234)
ACH-000890,2,8185107329771721202,17,TRIM28 (10155)
ACH-000890,2,8185107329771721202,18,NELFCD (51497)
ACH-000890,2,8185107329771721202,19,PITRM1 (10531)
ACH-000890,2,8185107329771721202,20,TOE1 (114034)
ACH-000890,2,8185107329771721202,21,PARD6B (84612)
ACH-000890,2,8185107329771721202,22,ATP5F1B (506)
ACH-000890,2,8185107329771721202,23,FXN (2395)
ACH-000890,2,8185107329771721202,24,NMT1 (4836)
ACH-000890,2,8185107329771721202,25,PPIL1 (51645)
ACH-000890,2,8185107329771721202,26,ATP5F1D (513)
ACH-000890,2,8185107329771721202,27,XRCC2 (7516)
ACH-000890,2,8185107329771721202,28,ASCC3 (10973)
ACH-000890,2,8185107329771721202,29,CAD (790)
ACH-000890,2,8185107329771721202,30,ATL2 (64225)
ACH-000890,2,8185107329771721202,31,H2BC9 (8345)
ACH-000890,2,8185107329771721202,32,STX4 (6810)
ACH-000890,2,8185107329771721202,33,JTB (10899)
ACH-000890,2,8185107329771721202,34,MAD2L1BP (9587)
ACH-000890,2,8185107329771721202,35,ADSS2 (159)
ACH-000890,2,8185107329771721202,36,HNF1B (6928)
ACH-000890,2,8185107329771721202,37,SRSF10 (10772)
ACH-000890,2,8185107329771721202,38,MBTPS1 (8720)
ACH-000890,2,8185107329771721202,39,PCYT1A (5130)
ACH-000890,2,8185107329771721202,40,MDM2 (4193)
ACH-000890,2,8185107329771721202,41,METAP1 (23173)
ACH-000890,2,8185107329771721202,42,GCN1 (10985)
ACH-000890,2,8185107329771721202,43,AHCYL1 (10768)
ACH-000890,2,8185107329771721202,44,THG1L (54974)
ACH-000890,2,8185107329771721202,45,PMM2 (5373)
ACH-000890,2,8185107329771721202,46,WRN (7486)
ACH-000890,2,8185107329771721202,47,MYBL2 (4605)
ACH-000890,2,8185107329771721202,48,ARF4 (378)
ACH-000890,2,8185107329771721202,49,KCMF1 (56888)
ACH-000890,2,8185107329771721202,50,TMED10 (10972)
ACH-000890,3,15236174550567917661,1,ADRM1 (11047)
ACH-000890,3,15236174550567917661,2,PKN2 (5586)
ACH-000890,3,15236174550567917661,3,MYH9 (4627)
ACH-000890,3,15236174550567917661,4,MCMBP (79892)
ACH-000890,3,15236174550567917661,5,SREBF1 (6720)
ACH-000890,3,15236174550567917661,6,MRPS34 (65993)
ACH-000890,3,15236174550567917661,7,CTNNA1 (1495)
ACH-000890,3,15236174550567917661,8,COX15 (1355)
ACH-000890,3,15236174550567917661,9,JTB (10899)
ACH-000890,3,15236174550567917661,10,CCND3 (896)
ACH-000890,3,15236174550567917661,11,GRSF1 (2926)
ACH-000890,3,15236174550567917661,12,YPEL5 (51646)
ACH-000890,3,15236174550567917661,13,TTC7A (57217)
ACH-000890,3,15236174550567917661,14,KATNB1 (10300)
ACH-000890,3,15236174550567917661,15,CRLS1 (54675)
ACH-000890,3,15236174550567917661,16,DHODH (1723)
ACH-000890,3,15236174550567917661,17,ESCO2 (157570)
ACH-000890,3,15236174550567917661,18,METAP1 (23173)
ACH-000890,3,15236174550567917661,19,UROD (7389)
ACH-000890,3,15236174550567917661,20,MDM2 (4193)
ACH-000890,3,15236174550567917661,21,MIOS (54468)
ACH-000890,3,15236174550567917661,22,MRPS11 (64963)
ACH-000890,3,15236174550567917661,23,XRCC2 (7516)
ACH-000890,3,15236174550567917661,24,P2RY6 (5031)
ACH-000890,3,15236174550567917661,25,MBTPS1 (8720)
ACH-000890,3,15236174550567917661,26,ELOF1 (84337)
ACH-000890,3,15236174550567917661,27,PCNX3 (399909)
ACH-000890,3,15236174550567917661,28,STN1 (79991)
ACH-000890,3,15236174550567917661,29,SAMM50 (25813)
ACH-000890,3,15236174550567917661,30,PTP4A1 (7803)
ACH-000890,3,15236174550567917661,31,CEP85 (64793)
ACH-000890,3,15236174550567917661,32,CYB5B (80777)
ACH-000890,3,15236174550567917661,33,MAPK14 (1432)
ACH-000890,3,15236174550567917661,34,MRPL35 (51318)
ACH-000890,3,15236174550567917661,35,SMARCE1 (6605)
ACH-000890,3,15236174550567917661,36,SLC25A3 (5250)
ACH-000890,3,15236174550567917661,37,NDUFAB1 (4706)
ACH-000890,3,15236174550567917661,38,ZFX (7543)
ACH-000890,3,15236174550567917661,39,SLC16A1 (6566)
ACH-000890,3,15236174550567917661,40,CARS2 (79587)
ACH-000890,3,15236174550567917661,41,STEEP1 (63932)
ACH-000890,3,15236174550567917661,42,HSD17B10 (3028)
ACH-000890,3,15236174550567917661,43,DNM1L (10059)
ACH-000890,3,15236174550567917661,44,ADAR (103)
ACH-000890,3,15236174550567917661,45,HAUS8 (93323)
ACH-000890,3,15236174550567917661,46,SQLE (6713)
ACH-000890,3,15236174550567917661,47,VPS37A (137492)
ACH-000890,3,15236174550567917661,48,RPUSD4 (84881)
ACH-000890,3,15236174550567917661,49,FURIN (5045)
ACH-000890,3,15236174550567917661,50,GOLGA7 (51125)
ACH-000890,4,2711937573195041872,1,EAF1 (85403)
ACH-000890,4,2711937573195041872,2,COASY (80347)
ACH-000890,4,2711937573195041872,3,PPA2 (27068)
ACH-000890,4,2711937573195041872,4,MDM4 (4194)
ACH-000890,4,2711937573195041872,5,UBR5 (51366)
ACH-000890,4,2711937573195041872,6,FARS2 (10667)
ACH-000890,4,2711937573195041872,7,MYH9 (4627)
ACH-000890,4,2711937573195041872,8,GABPA (2551)
ACH-000890,4,2711937573195041872,9,CRLS1 (54675)
ACH-000890,4,2711937573195041872,10,USP8 (9101)
ACH-000890,4,2711937573195041872,11,UAP1 (6675)
ACH-000890,4,2711937573195041872,12,MAU2 (23383)
ACH-000890,4,2711937573195041872,13,SDHD (6392)
ACH-000890,4,2711937573195041872,14,CTC1 (80169)
ACH-000890,4,2711937573195041872,15,TAFAZZIN (6901)
ACH-000890,4,2711937573195041872,16,CCND3 (896)
ACH-000890,4,2711937573195041872,17,MRPL55 (128308)
ACH-000890,4,2711937573195041872,18,SLC30A9 (10463)
ACH-000890,4,2711937573195041872,19,TRIP13 (9319)
ACH-000890,4,2711937573195041872,20,KLF5 (688)
ACH-000890,4,2711937573195041872,21,MTPAP (55149)
ACH-000890,4,2711937573195041872,22,FOXA2 (3170)
ACH-000890,4,2711937573195041872,23,PTP4A1 (7803)
ACH-000890,4,2711937573195041872,24,RPAP2 (79871)
ACH-000890,4,2711937573195041872,25,VPS33A (65082)
ACH-000890,4,2711937573195041872,26,COA6 (388753)
ACH-000890,4,2711937573195041872,27,TRIM28 (10155)
ACH-000890,4,2711937573195041872,28,PDCD5 (9141)
ACH-000890,4,2711937573195041872,29,TOE1 (114034)
ACH-000890,4,2711937573195041872,30,DDX19A (55308)
ACH-000890,4,2711937573195041872,31,TAPT1 (202018)
ACH-000890,4,2711937573195041872,32,DUSP4 (1846)
ACH-000890,4,2711937573195041872,33,PSMG2 (56984)
ACH-000890,4,2711937573195041872,34,NDUFB6 (4712)
ACH-000890,4,2711937573195041872,35,PPP1CA (5499)
ACH-000890,4,2711937573195041872,36,MFN2 (9927)
ACH-000890,4,2711937573195041872,37,WDR7 (23335)
ACH-000890,4,2711937573195041872,38,ITGB1 (3688)
ACH-000890,4,2711937573195041872,39,HNF1A (6927)
ACH-000890,4,2711937573195041872,40,PPP1R15B (84919)
ACH-000890,4,2711937573195041872,41,MRPS25 (64432)
ACH-000890,4,2711937573195041872,42,CDIN1 (84529)
ACH-000890,4,2711937573195041872,43,SGF29 (112869)
ACH-000890,4,2711937573195041872,44,P2RY6 (5031)
ACH-000890,4,2711937573195041872,45,STN1 (79991)
ACH-000890,4,2711937573195041872,46,DOLPP1 (57171)
ACH-000890,4,2711937573195041872,47,OXSM (54995)
ACH-000890,4,2711937573195041872,48,ENO1 (2023)
ACH-000890,4,2711937573195041872,49,ITGAV (3685)
ACH-000890,4,2711937573195041872,50,YAP1 (10413)
ACH-000890,5,15295850152403328869,1,TRNAU1AP (54952)
ACH-000890,5,15295850152403328869,2,SLC33A1 (9197)
ACH-000890,5,15295850152403328869,3,SMCHD1 (23347)
ACH-000890,5,15295850152403328869,4,FURIN (5045)
ACH-000890,5,15295850152403328869,5,PARD6B (84612)
ACH-000890,5,15295850152403328869,6,THG1L (54974)
ACH-000890,5,15295850152403328869,7,GMPS (8833)
ACH-000890,5,15295850152403328869,8,MYBBP1A (10514)
ACH-000890,5,15295850152403328869,9,XRCC2 (7516)
ACH-000890,5,15295850152403328869,10,RIC8A (60626)
ACH-000890,5,15295850152403328869,11,BCL9L (283149)
ACH-000890,5,15295850152403328869,12,USE1 (55850)
ACH-000890,5,15295850152403328869,13,CDS2 (8760)
ACH-000890,5,15295850152403328869,14,AMBRA1 (55626)
ACH-000890,5,15295850152403328869,15,NDUFA8 (4702)
ACH-000890,5,15295850152403328869,16,FXN (2395)
ACH-000890,5,15295850152403328869,17,LDB1 (8861)
ACH-000890,5,15295850152403328869,18,KRAS (3845)
ACH-000890,5,15295850152403328869,19,INTS15 (79034)
ACH-000890,5,15295850152403328869,20,WASHC2C (253725)
ACH-000890,5,15295850152403328869,21,LRPPRC (10128)
ACH-000890,5,15295850152403328869,22,SMARCB1 (6598)
ACH-000890,5,15295850152403328869,23,TFB2M (64216)
ACH-000890,5,15295850152403328869,24,EGLN1 (54583)
ACH-000890,5,15295850152403328869,25,NAMPT (10135)
ACH-000890,5,15295850152403328869,26,PHF12 (57649)
ACH-000890,5,15295850152403328869,27,ITGB5 (3693)
ACH-000890,5,15295850152403328869,28,HAPSTR1 (29035)
ACH-000890,5,15295850152403328869,29,GABPA (2551)
ACH-000890,5,15295850152403328869,30,ITGAV (3685)
ACH-000890,5,15295850152403328869,31,TIMM17A (10440)
ACH-000890,5,15295850152403328869,32,MRPL32 (64983)
ACH-000890,5,15295850152403328869,33,SOX10 (6663)
ACH-000890,5,15295850152403328869,34,NDUFC2 (4718)
ACH-000890,5,15295850152403328869,35,XRN1 (54464)
ACH-000890,5,15295850152403328869,36,EAF1 (85403)
ACH-000890,5,15295850152403328869,37,ELOF1 (84337)
ACH-000890,5,15295850152403328869,38,PFAS (5198)
ACH-000890,5,15295850152403328869,39,TRAF7 (84231)
ACH-000890,5,15295850152403328869,40,USP9X (8239)
ACH-000890,5,15295850152403328869,41,RPIA (22934)
ACH-000890,5,15295850152403328869,42,NAA20 (51126)
ACH-000890,5,15295850152403328869,43,MVD (4597)
ACH-000890,5,15295850152403328869,44,ATP1B3 (483)
ACH-000890,5,15295850152403328869,45,DAP3 (7818)
ACH-000890,5,15295850152403328869,46,MED24 (9862)
ACH-000890,5,15295850152403328869,47,RHEB (6009)
ACH-000890,5,15295850152403328869,48,MTX2 (10651)
ACH-000890,5,15295850152403328869,49,THAP11 (57215)
ACH-000890,5,15295850152403328869,50,MRPL53 (116540)
ACH-000890,6,7246801323686665283,1,PRDX1 (5052)
ACH-000890,6,7246801323686665283,2,EARS2 (124454)
ACH-000890,6,7246801323686665283,3,KCTD5 (54442)
ACH-000890,6,7246801323686665283,4,ATP2B1 (490)
ACH-000890,6,7246801323686665283,5,ITGB5 (3693)
ACH-000890,6,7246801323686665283,6,TACC3 (10460)
ACH-000890,6,7246801323686665283,7,PTK2 (5747)
ACH-000890,6,7246801323686665283,8,TMED10 (10972)
ACH-000890,6,7246801323686665283,9,PPAT (5471)
ACH-000890,6,7246801323686665283,10,IMPDH2 (3615)
ACH-000890,6,7246801323686665283,11,EEFSEC (60678)
ACH-000890,6,7246801323686665283,12,WDR7 (23335)
ACH-000890,6,7246801323686665283,13,TAF1D (79101)
ACH-000890,6,7246801323686665283,14,NRAS (4893)
ACH-000890,6,7246801323686665283,15,POLE3 (54107)
ACH-000890,6,7246801323686665283,16,UBIAD1 (29914)
ACH-000890,6,7246801323686665283,17,SOD2 (6648)
ACH-000890,6,7246801323686665283,18,REXO2 (25996)
ACH-000890,6,7246801323686665283,19,PAXIP1 (22976)
ACH-000890,6,7246801323686665283,20,SLC33A1 (9197)
ACH-000890,6,7246801323686665283,21,KEAP1 (9817)
ACH-000890,6,7246801323686665283,22,FZD5 (7855)
ACH-000890,6,7246801323686665283,23,MCL1 (4170)
ACH-000890,6,7246801323686665283,24,GRB2 (2885)
ACH-000890,6,7246801323686665283,25,MDM2 (4193)
ACH-000890,6,7246801323686665283,26,ICE2 (79664)
ACH-000890,6,7246801323686665283,27,ATP6V0E1 (8992)
ACH-000890,6,7246801323686665283,28,CRLS1 (54675)
ACH-000890,6,7246801323686665283,29,ADAR (103)
ACH-000890,6,7246801323686665283,30,FAM98B (283742)
ACH-000890,6,7246801323686665283,31,HUS1 (3364)
ACH-000890,6,7246801323686665283,32,TAFAZZIN (6901)
ACH-000890,6,7246801323686665283,33,STEEP1 (63932)
ACH-000890,6,7246801323686665283,34,MED19 (219541)
ACH-000890,6,7246801323686665283,35,MRPL35 (51318)
ACH-000890,6,7246801323686665283,36,ILK (3611)
ACH-000890,6,7246801323686665283,37,SEC62 (7095)
ACH-000890,6,7246801323686665283,38,VBP1 (7411)
ACH-000890,6,7246801323686665283,39,TIMM22 (29928)
ACH-000890,6,7246801323686665283,40,VPS4A (27183)
ACH-000890,6,7246801323686665283,41,TOMM70 (9868)
ACH-000890,6,7246801323686665283,42,VEZF1 (7716)
ACH-000890,6,7246801323686665283,43,MYBL2 (4605)
ACH-000890,6,7246801323686665283,44,USP9X (8239)
ACH-000890,6,7246801323686665283,45,YME1L1 (10730)
ACH-000890,6,7246801323686665283,46,TELO2 (9894)
ACH-000890,6,7246801323686665283,47,UQCRC2 (7385)
ACH-000890,6,7246801323686665283,48,ACSL3 (2181)
ACH-000890,6,7246801323686665283,49,DDX3X (1654)
ACH-000890,6,7246801323686665283,50,ARID2 (196528)
ACH-000890,7,13348541222986182177,1,RAF1 (5894)
ACH-000890,7,13348541222986182177,2,GFPT1 (2673)
ACH-000890,7,13348541222986182177,3,NDUFB4 (4710)
ACH-000890,7,13348541222986182177,4,TRAF7 (84231)
ACH-000890,7,13348541222986182177,5,TAF5L (27097)
ACH-000890,7,13348541222986182177,6,PAICS (10606)
ACH-000890,7,13348541222986182177,7,DDX5 (1655)
ACH-000890,7,13348541222986182177,8,NDUFAB1 (4706)
ACH-000890,7,13348541222986182177,9,APC (324)
ACH-000890,7,13348541222986182177,10,STEEP1 (63932)
ACH-000890,7,13348541222986182177,11,WDR83 (84292)
ACH-000890,7,13348541222986182177,12,CCDC51 (79714)
ACH-000890,7,13348541222986182177,13,MIOS (54468)
ACH-000890,7,13348541222986182177,14,JUN (3725)
ACH-000890,7,13348541222986182177,15,ANKRD49 (54851)
ACH-000890,7,13348541222986182177,16,MIB1 (57534)
ACH-000890,7,13348541222986182177,17,FAM50A (9130)
ACH-000890,7,13348541222986182177,18,ARID1B (57492)
ACH-000890,7,13348541222986182177,19,MRPS34 (65993)
ACH-000890,7,13348541222986182177,20,SOD2 (6648)
ACH-000890,7,13348541222986182177,21,SLC16A1 (6566)
ACH-000890,7,13348541222986182177,22,RAD1 (5810)
ACH-000890,7,13348541222986182177,23,COX10 (1352)
ACH-000890,7,13348541222986182177,24,MRPL35 (51318)
ACH-000890,7,13348541222986182177,25,NDUFA8 (4702)
ACH-000890,7,13348541222986182177,26,ITGB1 (3688)
ACH-000890,7,13348541222986182177,27,HARS2 (23438)
ACH-000890,7,13348541222986182177,28,STAMBP (10617)
ACH-000890,7,13348541222986182177,29,ZFX (7543)
ACH-000890,7,13348541222986182177,30,PAXIP1 (22976)
ACH-000890,7,13348541222986182177,31,ZFP36L1 (677)
ACH-000890,7,13348541222986182177,32,CEP85 (64793)
ACH-000890,7,13348541222986182177,33,FBXW11 (23291)
ACH-000890,7,13348541222986182177,34,BPTF (2186)
ACH-000890,7,13348541222986182177,35,TFRC (7037)
ACH-000890,7,13348541222986182177,36,RPIA (22934)
ACH-000890,7,13348541222986182177,37,VEZF1 (7716)
ACH-000890,7,13348541222986182177,38,INTS6 (26512)
ACH-000890,7,13348541222986182177,39,PTPA (5524)
ACH-000890,7,13348541222986182177,40,MRPL41 (64975)
ACH-000890,7,13348541222986182177,41,KEAP1 (9817)
ACH-000890,7,13348541222986182177,42,AMBRA1 (55626)
ACH-000890,7,13348541222986182177,43,BRAF (673)
ACH-000890,7,13348541222986182177,44,SMARCB1 (6598)
ACH-000890,7,13348541222986182177,45,TOE1 (114034)
ACH-000890,7,13348541222986182177,46,PTPN11 (5781)
ACH-000890,7,13348541222986182177,47,ATP5F1B (506)
ACH-000890,7,13348541222986182177,48,ARF4 (378)
ACH-000890,7,13348541222986182177,49,TIPRL (261726)
ACH-000890,7,13348541222986182177,50,LRPPRC (10128)
ACH-000890,8,10574379113961593499,1,COX18 (285521)
ACH-000890,8,10574379113961593499,2,TWNK (56652)
ACH-000890,8,10574379113961593499,3,EGLN1 (54583)
ACH-000890,8,10574379113961593499,4,TFB2M (64216)
ACH-000890,8,10574379113961593499,5,TRNAU1AP (54952)
ACH-000890,8,10574379113961593499,6,TCF7L2 (6934)
ACH-000890,8,10574379113961593499,7,UQCRC2 (7385)
ACH-000890,8,10574379113961593499,8,METTL17 (64745)
ACH-000890,8,10574379113961593499,9,TRERF1 (55809)
ACH-000890,8,10574379113961593499,10,TSC1 (7248)
ACH-000890,8,10574379113961593499,11,GOLT1B (51026)
ACH-000890,8,10574379113961593499,12,PTDSS1 (9791)
ACH-000890,8,10574379113961593499,13,HSPA8 (3312)
ACH-000890,8,10574379113961593499,14,PTPA (5524)
ACH-000890,8,10574379113961593499,15,DDX3X (1654)
ACH-000890,8,10574379113961593499,16,TUBE1 (51175)
ACH-000890,8,10574379113961593499,17,EAF1 (85403)
ACH-000890,8,10574379113961593499,18,ZMYND8 (23613)
ACH-000890,8,10574379113961593499,19,ILK (3611)
ACH-000890,8,10574379113961593499,20,HYCC2 (285172)
ACH-000890,8,10574379113961593499,21,NDUFA8 (4702)
ACH-000890,8,10574379113961593499,22,TACC3 (10460)
ACH-000890,8,10574379113961593499,23,RPIA (22934)
ACH-000890,8,10574379113961593499,24,MIB1 (57534)
ACH-000890,8,10574379113961593499,25,DAP3 (7818)
ACH-000890,8,10574379113961593499,26,XRCC2 (7516)
ACH-000890,8,10574379113961593499,27,SOD2 (6648)
ACH-000890,8,10574379113961593499,28,MEN1 (4221)
ACH-000890,8,10574379113961593499,29,KRAS (3845)
ACH-000890,8,10574379113961593499,30,MYB (4602)
ACH-000890,8,10574379113961593499,31,ZNF407 (55628)
ACH-000890,8,10574379113961593499,32,MAPK1 (5594)
ACH-000890,8,10574379113961593499,33,HSD17B10 (3028)
ACH-000890,8,10574379113961593499,34,ZFX (7543)
ACH-000890,8,10574379113961593499,35,ITGB1 (3688)
ACH-000890,8,10574379113961593499,36,CCNC (892)
ACH-000890,8,10574379113961593499,37,FAM98B (283742)
ACH-000890,8,10574379113961593499,38,DHX29 (54505)
ACH-000890,8,10574379113961593499,39,GPI (2821)
ACH-000890,8,10574379113961593499,40,ITGAV (3685)
ACH-000890,8,10574379113961593499,41,MYBBP1A (10514)
ACH-000890,8,10574379113961593499,42,CTC1 (80169)
ACH-000890,8,10574379113961593499,43,SCAP (22937)
ACH-000890,8,10574379113961593499,44,GRB2 (2885)
ACH-000890,8,10574379113961593499,45,SLC2A1 (6513)
ACH-000890,8,10574379113961593499,46,HAPLN2 (60484)
ACH-000890,8,10574379113961593499,47,UBA5 (79876)
ACH-000890,8,10574379113961593499,48,CFLAR (8837)
ACH-000890,8,10574379113961593499,49,NDUFB6 (4712)
ACH-000890,8,10574379113961593499,50,DNAJC19 (131118)
ACH-000890,9,1095815097698870778,1,GPX4 (2879)
ACH-000890,9,1095815097698870778,2,PRKRA (8575)
ACH-000890,9,1095815097698870778,3,UMPS (7372)
ACH-000890,9,1095815097698870778,4,INTS15 (79034)
ACH-000890,9,1095815097698870778,5,SLC20A1 (6574)
ACH-000890,9,1095815097698870778,6,NPEPPS (9520)
ACH-000890,9,1095815097698870778,7,DYNLL1 (8655)
ACH-000890,9,1095815097698870778,8,SEPSECS (51091)
ACH-000890,9,1095815097698870778,9,AMBRA1 (55626)
ACH-000890,9,1095815097698870778,10,VARS2 (57176)
ACH-000890,9,1095815097698870778,11,TOE1 (114034)
ACH-000890,9,1095815097698870778,12,MRPL32 (64983)
ACH-000890,9,1095815097698870778,13,COASY (80347)
ACH-000890,9,1095815097698870778,14,MIOS (54468)
ACH-000890,9,1095815097698870778,15,MRPS24 (64951)
ACH-000890,9,1095815097698870778,16,UBE2D3 (7323)
ACH-000890,9,1095815097698870778,17,NDUFB11 (54539)
ACH-000890,9,1095815097698870778,18,CDH1 (999)
ACH-000890,9,1095815097698870778,19,P2RY6 (5031)
ACH-000890,9,1095815097698870778,20,PDCD7 (10081)
ACH-000890,9,1095815097698870778,21,RFK (55312)
ACH-000890,9,1095815097698870778,22,ZNF217 (7764)
ACH-000890,9,1095815097698870778,23,ZEB1 (6935)
ACH-000890,9,1095815097698870778,24,CSNK1A1 (1452)
ACH-000890,9,1095815097698870778,25,TAFAZZIN (6901)
ACH-000890,9,1095815097698870778,26,MDM2 (4193)
ACH-000890,9,1095815097698870778,27,USE1 (55850)
ACH-000890,9,1095815097698870778,28,TAMM41 (132001)
ACH-000890,9,1095815097698870778,29,MPPE1 (65258)
ACH-000890,9,1095815097698870778,30,USP7 (7874)
ACH-000890,9,1095815097698870778,31,METTL17 (64745)
ACH-000890,9,1095815097698870778,32,SARNP (84324)
ACH-000890,9,1095815097698870778,33,TADA1 (117143)
ACH-000890,9,1095815097698870778,34,MCMBP (79892)
ACH-000890,9,1095815097698870778,35,ELMO2 (63916)
ACH-000890,9,1095815097698870778,36,KIF20A (10112)
ACH-000890,9,1095815097698870778,37,SMG7 (9887)
ACH-000890,9,1095815097698870778,38,CRLS1 (54675)
ACH-000890,9,1095815097698870778,39,ARID2 (196528)
ACH-000890,9,1095815097698870778,40,CTNNB1 (1499)
ACH-000890,9,1095815097698870778,41,ATP5F1D (513)
ACH-000890,9,1095815097698870778,42,WTAP (9589)
ACH-000890,9,1095815097698870778,43,PARS2 (25973)
ACH-000890,9,1095815097698870778,44,FDXR (2232)
ACH-000890,9,1095815097698870778,45,IDH3A (3419)
ACH-000890,9,1095815097698870778,46,PPP1CB (5500)
ACH-000890,9,1095815097698870778,47,COX10 (1352)
ACH-000890,9,1095815097698870778,48,SLC38A2 (54407)
ACH-000890,9,1095815097698870778,49,EXOC1 (55763)
ACH-000890,9,1095815097698870778,50,SDHB (6390)
ACH-000890,10,17092929146608246100,1,ELAVL1 (1994)
ACH-000890,10,17092929146608246100,2,INTS6 (26512)
ACH-000890,10,17092929146608246100,3,ELP2 (55250)
ACH-000890,10,17092929146608246100,4,WTAP (9589)
ACH-000890,10,17092929146608246100,5,MVD (4597)
ACH-000890,10,17092929146608246100,6,FDPS (2224)
ACH-000890,10,17092929146608246100,7,BRCA1 (672)
ACH-000890,10,17092929146608246100,8,ATL2 (64225)
ACH-000890,10,17092929146608246100,9,MED19 (219541)
ACH-000890,10,17092929146608246100,10,KIF14 (9928)
ACH-000890,10,17092929146608246100,11,GEMIN2 (8487)
ACH-000890,10,17092929146608246100,12,NIPBL (25836)
ACH-000890,10,17092929146608246100,13,CHMP5 (51510)
ACH-000890,10,17092929146608246100,14,WASHC2C (253725)
ACH-000890,10,17092929146608246100,15,PSMG2 (56984)
ACH-000890,10,17092929146608246100,16,TIMM8A (1678)
ACH-000890,10,17092929146608246100,17,NCAPD3 (23310)
ACH-000890,10,17092929146608246100,18,FAF2 (23197)
ACH-000890,10,17092929146608246100,19,WWTR1 (25937)
ACH-000890,10,17092929146608246100,20,MEN1 (4221)
ACH-000890,10,17092929146608246100,21,SMARCE1 (6605)
ACH-000890,10,17092929146608246100,22,TRPM7 (54822)
ACH-000890,10,17092929146608246100,23,TIMM17A (10440)
ACH-000890,10,17092929146608246100,24,MRPL35 (51318)
ACH-000890,10,17092929146608246100,25,ACLY (47)
ACH-000890,10,17092929146608246100,26,SERBP1 (26135)
ACH-000890,10,17092929146608246100,27,METTL17 (64745)
ACH-000890,10,17092929146608246100,28,RAB10 (10890)
ACH-000890,10,17092929146608246100,29,EIF2AK4 (440275)
ACH-000890,10,17092929146608246100,30,NDUFB10 (4716)
ACH-000890,10,17092929146608246100,31,PAGR1 (79447)
ACH-000890,10,17092929146608246100,32,JUN (3725)
ACH-000890,10,17092929146608246100,33,VHL (7428)
ACH-000890,10,17092929146608246100,34,TACC3 (10460)
ACH-000890,10,17092929146608246100,35,MTHFD1 (4522)
ACH-000890,10,17092929146608246100,36,EAPP (55837)
ACH-000890,10,17092929146608246100,37,LIPT1 (51601)
ACH-000890,10,17092929146608246100,38,TRERF1 (55809)
ACH-000890,10,17092929146608246100,39,PPM1D (8493)
ACH-000890,10,17092929146608246100,40,KNTC1 (9735)
ACH-000890,10,17092929146608246100,41,DSCC1 (79075)
ACH-000890,10,17092929146608246100,42,TRIP13 (9319)
ACH-000890,10,17092929146608246100,43,UBQLN4 (56893)
ACH-000890,10,17092929146608246100,44,IRS2 (8660)
ACH-000890,10,17092929146608246100,45,COA7 (65260)
ACH-000890,10,17092929146608246100,46,NR2C2AP (126382)
ACH-000890,10,17092929146608246100,47,TIPRL (261726)
ACH-000890,10,17092929146608246100,48,TUBB3 (10381)
ACH-000890,10,17092929146608246100,49,PARD6B (84612)
ACH-000890,10,17092929146608246100,50,MIOS (54468)
ACH-000890,11,10124183500316998696,1,PRPF39 (55015)
ACH-000890,11,10124183500316998696,2,NMNAT1 (64802)
ACH-000890,11,10124183500316998696,3,SMARCB1 (6598)
ACH-000890,11,10124183500316998696,4,FAM98B (283742)
ACH-000890,11,10124183500316998696,5,MRPL53 (116540)
ACH-000890,11,10124183500316998696,6,SMC5 (23137)
ACH-000890,11,10124183500316998696,7,MRPS24 (64951)
ACH-000890,11,10124183500316998696,8,ITGB1 (3688)
ACH-000890,11,10124183500316998696,9,MCL1 (4170)
ACH-000890,11,10124183500316998696,10,TIMM8A (1678)
ACH-000890,11,10124183500316998696,11,CDK4 (1019)
ACH-000890,11,10124183500316998696,12,TFAM (7019)
ACH-000890,11,10124183500316998696,13,AP2M1 (1173)
ACH-000890,11,10124183500316998696,14,PET117 (100303755)
ACH-000890,11,10124183500316998696,15,YPEL5 (51646)
ACH-000890,11,10124183500316998696,16,ACSL3 (2181)
ACH-000890,11,10124183500316998696,17,GABPA (2551)
ACH-000890,11,10124183500316998696,18,PDCD5 (9141)
ACH-000890,11,10124183500316998696,19,SLC30A9 (10463)
ACH-000890,11,10124183500316998696,20,RPIA (22934)
ACH-000890,11,10124183500316998696,21,VARS2 (57176)
ACH-000890,11,10124183500316998696,22,MTPAP (55149)
ACH-000890,11,10124183500316998696,23,APC (324)
ACH-000890,11,10124183500316998696,24,BRCA1 (672)
ACH-000890,11,10124183500316998696,25,MAU2 (23383)
ACH-000890,11,10124183500316998696,26,EFR3A (23167)
ACH-000890,11,10124183500316998696,27,SYNCRIP (10492)
ACH-000890,11,10124183500316998696,28,MTCH2 (23788)
ACH-000890,11,10124183500316998696,29,LSM12 (124801)
ACH-000890,11,10124183500316998696,30,MED1 (5469)
ACH-000890,11,10124183500316998696,31,CREBBP (1387)
ACH-000890,11,10124183500316998696,32,VPS4B (9525)
ACH-000890,11,10124183500316998696,33,INTS6 (26512)
ACH-000890,11,10124183500316998696,34,USP1 (7398)
ACH-000890,11,10124183500316998696,35,MRPS5 (64969)
ACH-000890,11,10124183500316998696,36,FBXW11 (23291)
ACH-000890,11,10124183500316998696,37,TTC7A (57217)
ACH-000890,11,10124183500316998696,38,SHOC2 (8036)
ACH-000890,11,10124183500316998696,39,CBFB (865)
ACH-000890,11,10124183500316998696,40,SMARCE1 (6605)
ACH-000890,11,10124183500316998696,41,MDM4 (4194)
ACH-000890,11,10124183500316998696,42,H2AX (3014)
ACH-000890,11,10124183500316998696,43,FOSL1 (8061)
ACH-000890,11,10124183500316998696,44,EIF2AK4 (440275)
ACH-000890,11,10124183500316998696,45,CYC1 (1537)
ACH-000890,11,10124183500316998696,46,POLRMT (5442)
ACH-000890,11,10124183500316998696,47,GRSF1 (2926)
ACH-000890,11,10124183500316998696,48,TACC3 (10460)
ACH-000890,11,10124183500316998696,49,RTTN (25914)
ACH-000890,11,10124183500316998696,50,ATIC (471)
ACH-000890,12,16244527578398422857,1,VARS2 (57176)
ACH-000890,12,16244527578398422857,2,CEP43 (11116)
ACH-000890,12,16244527578398422857,3,FPGS (2356)
ACH-000890,12,16244527578398422857,4,PARS2 (25973)
ACH-000890,12,16244527578398422857,5,RTTN (25914)
ACH-000890,12,16244527578398422857,6,MRPS7 (51081)
ACH-000890,12,16244527578398422857,7,ELP2 (55250)
ACH-000890,12,16244527578398422857,8,FARS2 (10667)
ACH-000890,12,16244527578398422857,9,TOMM20 (9804)
ACH-000890,12,16244527578398422857,10,TAF1D (79101)
ACH-000890,12,16244527578398422857,11,AHCYL1 (10768)
ACH-000890,12,16244527578398422857,12,MIOS (54468)
ACH-000890,12,16244527578398422857,13,TIGD3 (220359)
ACH-000890,12,16244527578398422857,14,ILK (3611)
ACH-000890,12,16244527578398422857,15,UBE2C (11065)
ACH-000890,12,16244527578398422857,16,BCL9L (283149)
ACH-000890,12,16244527578398422857,17,FLII (2314)
ACH-000890,12,16244527578398422857,18,FDPS (2224)
ACH-000890,12,16244527578398422857,19,SLC3A2 (6520)
ACH-000890,12,16244527578398422857,20,HNF1A (6927)
ACH-000890,12,16244527578398422857,21,FOXA2 (3170)
ACH-000890,12,16244527578398422857,22,ACTR3 (10096)
ACH-000890,12,16244527578398422857,23,HAUS8 (93323)
ACH-000890,12,16244527578398422857,24,STK11 (6794)
ACH-000890,12,16244527578398422857,25,PRKAR1A (5573)
ACH-000890,12,16244527578398422857,26,VPS33A (65082)
ACH-000890,12,16244527578398422857,27,TUBB3 (10381)
ACH-000890,12,16244527578398422857,28,MEN1 (4221)
ACH-000890,12,16244527578398422857,29,AP2M1 (1173)
ACH-000890,12,16244527578398422857,30,UQCRC2 (7385)
ACH-000890,12,16244527578398422857,31,GART (2618)
ACH-000890,12,16244527578398422857,32,ITGB5 (3693)
ACH-000890,12,16244527578398422857,33,MRPS10 (55173)
ACH-000890,12,16244527578398422857,34,SLC38A2 (54407)
ACH-000890,12,16244527578398422857,35,UMPS (7372)
ACH-000890,12,16244527578398422857,36,WNK1 (65125)
ACH-000890,12,16244527578398422857,37,UBE2S (27338)
ACH-000890,12,16244527578398422857,38,SARS2 (54938)
ACH-000890,12,16244527578398422857,39,P2RY6 (5031)
ACH-000890,12,16244527578398422857,40,WDR73 (84942)
ACH-000890,12,16244527578398422857,41,TFB2M (64216)
ACH-000890,12,16244527578398422857,42,FGFR1 (2260)
ACH-000890,12,16244527578398422857,43,TADA1 (117143)
ACH-000890,12,16244527578398422857,44,NDUFA8 (4702)
ACH-000890,12,16244527578398422857,45,NFE2L2 (4780)
ACH-000890,12,16244527578398422857,46,SLC20A1 (6574)
ACH-000890,12,16244527578398422857,47,PPP2R2A (5520)
ACH-000890,12,16244527578398422857,48,CDAN1 (146059)
ACH-000890,12,16244527578398422857,49,ASNS (440)
ACH-000890,12,16244527578398422857,50,MICOS10 (440574)
ACH-000890,13,3952216034815043636,1,EARS2 (124454)
ACH-000890,13,3952216034815043636,2,HAPSTR1 (29035)
ACH-000890,13,3952216034815043636,3,RPL22L1 (200916)
ACH-000890,13,3952216034815043636,4,PAXIP1 (22976)
ACH-000890,13,3952216034815043636,5,GEMIN7 (79760)
ACH-000890,13,3952216034815043636,6,SLC25A26 (115286)
ACH-000890,13,3952216034815043636,7,TOMM70 (9868)
ACH-000890,13,3952216034815043636,8,SOX9 (6662)
ACH-000890,13,3952216034815043636,9,SERBP1 (26135)
ACH-000890,13,3952216034815043636,10,ADSS2 (159)
ACH-000890,13,3952216034815043636,11,PFN1 (5216)
ACH-000890,13,3952216034815043636,12,CSNK1A1 (1452)
ACH-000890,13,3952216034815043636,13,VPS4A (27183)
ACH-000890,13,3952216034815043636,14,ATP1B3 (483)
ACH-000890,13,3952216034815043636,15,VPS37A (137492)
ACH-000890,13,3952216034815043636,16,SRSF10 (10772)
ACH-000890,13,3952216034815043636,17,MAU2 (23383)
ACH-000890,13,3952216034815043636,18,THG1L (54974)
ACH-000890,13,3952216034815043636,19,VEZF1 (7716)
ACH-000890,13,3952216034815043636,20,FERMT2 (10979)
ACH-000890,13,3952216034815043636,21,MLST8 (64223)
ACH-000890,13,3952216034815043636,22,CCNB1 (891)
ACH-000890,13,3952216034815043636,23,CCAR1 (55749)
ACH-000890,13,3952216034815043636,24,COP1 (64326)
ACH-000890,13,3952216034815043636,25,POLG (5428)
ACH-000890,13,3952216034815043636,26,FPGS (2356)
ACH-000890,13,3952216034815043636,27,ZNF407 (55628)
ACH-000890,13,3952216034815043636,28,EGLN1 (54583)
ACH-000890,13,3952216034815043636,29,MRPS34 (65993)
ACH-000890,13,3952216034815043636,30,STEEP1 (63932)
ACH-000890,13,3952216034815043636,31,USP8 (9101)
ACH-000890,13,3952216034815043636,32,KIF4A (24137)
ACH-000890,13,3952216034815043636,33,CRIPTO (6997)
ACH-000890,13,3952216034815043636,34,RPUSD4 (84881)
ACH-000890,13,3952216034815043636,35,SOX10 (6663)
ACH-000890,13,3952216034815043636,36,FOXO3B (2310)
ACH-000890,13,3952216034815043636,37,ACLY (47)
ACH-000890,13,3952216034815043636,38,MTG2 (26164)
ACH-000890,13,3952216034815043636,39,HNF1B (6928)
ACH-000890,13,3952216034815043636,40,ILK (3611)
ACH-000890,13,3952216034815043636,41,TCF7L2 (6934)
ACH-000890,13,3952216034815043636,42,PTK2 (5747)
ACH-000890,13,3952216034815043636,43,RPAP2 (79871)
ACH-000890,13,3952216034815043636,44,ANLN (54443)
ACH-000890,13,3952216034815043636,45,ENO1 (2023)
ACH-000890,13,3952216034815043636,46,KCTD5 (54442)
ACH-000890,13,3952216034815043636,47,ATP6V1H (51606)
ACH-000890,13,3952216034815043636,48,NDC1 (55706)
ACH-000890,13,3952216034815043636,49,ACSL3 (2181)
ACH-000890,13,3952216034815043636,50,SMARCE1 (6605)
ACH-000890,14,8449230259969691209,1,MRPS34 (65993)
ACH-000890,14,8449230259969691209,2,ZWINT (11130)
ACH-000890,14,8449230259969691209,3,TAF1D (79101)
ACH-000890,14,8449230259969691209,4,MTG2 (26164)
ACH-000890,14,8449230259969691209,5,ARMC5 (79798)
ACH-000890,14,8449230259969691209,6,GLMN (11146)
ACH-000890,14,8449230259969691209,7,ENO1 (2023)
ACH-000890,14,8449230259969691209,8,CCDC51 (79714)
ACH-000890,14,8449230259969691209,9,SHOC2 (8036)
ACH-000890,14,8449230259969691209,10,ARPC4 (10093)
ACH-000890,14,8449230259969691209,11,PRKRA (8575)
ACH-000890,14,8449230259969691209,12,UBA5 (79876)
ACH-000890,14,8449230259969691209,13,SRSF10 (10772)
ACH-000890,14,8449230259969691209,14,DSN1 (79980)
ACH-000890,14,8449230259969691209,15,IDH3A (3419)
ACH-000890,14,8449230259969691209,16,CFL1 (1072)
ACH-000890,14,8449230259969691209,17,TRPM7 (54822)
ACH-000890,14,8449230259969691209,18,MRPL55 (128308)
ACH-000890,14,8449230259969691209,19,MTPAP (55149)
ACH-000890,14,8449230259969691209,20,MRPS24 (64951)
ACH-000890,14,8449230259969691209,21,ZMYND8 (23613)
ACH-000890,14,8449230259969691209,22,RAB10 (10890)
ACH-000890,14,8449230259969691209,23,COX7C (1350)
ACH-000890,14,8449230259969691209,24,CCNB1 (891)
ACH-000890,14,8449230259969691209,25,PCNX3 (399909)
ACH-000890,14,8449230259969691209,26,FZD5 (7855)
ACH-000890,14,8449230259969691209,27,IRS2 (8660)
ACH-000890,14,8449230259969691209,28,SEC62 (7095)
ACH-000890,14,8449230259969691209,29,RPUSD4 (84881)
ACH-000890,14,8449230259969691209,30,ATIC (471)
ACH-000890,14,8449230259969691209,31,MIB1 (57534)
ACH-000890,14,8449230259969691209,32,SQLE (6713)
ACH-000890,14,8449230259969691209,33,CSNK1A1 (1452)
ACH-000890,14,8449230259969691209,34,PPP6C (5537)
ACH-000890,14,8449230259969691209,35,RIC1 (57589)
ACH-000890,14,8449230259969691209,36,SAMD4B (55095)
ACH-000890,14,8449230259969691209,37,AIFM1 (9131)
ACH-000890,14,8449230259969691209,38,MRPL49 (740)
ACH-000890,14,8449230259969691209,39,ARF4 (378)
ACH-000890,14,8449230259969691209,40,MVD (4597)
ACH-000890,14,8449230259969691209,41,DYNLL1 (8655)
ACH-000890,14,8449230259969691209,42,NDUFB11 (54539)
ACH-000890,14,8449230259969691209,43,SARS2 (54938)
ACH-000890,14,8449230259969691209,44,PTMA (5757)
ACH-000890,14,8449230259969691209,45,ITGB1 (3688)
ACH-000890,14,8449230259969691209,46,SCAP (22937)
ACH-000890,14,8449230259969691209,47,CCDC6 (8030)
ACH-000890,14,8449230259969691209,48,LAMTOR2 (28956)
ACH-000890,14,8449230259969691209,49,NMT1 (4836)
ACH-000890,14,8449230259969691209,50,SCD (6319)
ACH-000890,15,10916694406488491774,1,STAG2 (10735)
ACH-000890,15,10916694406488491774,2,RELA (5970)
ACH-000890,15,10916694406488491774,3,SLC3A2 (6520)
ACH-000890,15,10916694406488491774,4,HUS1 (3364)
ACH-000890,15,10916694406488491774,5,MED12 (9968)
ACH-000890,15,10916694406488491774,6,NUP50 (10762)
ACH-000890,15,10916694406488491774,7,SKA1 (220134)
ACH-000890,15,10916694406488491774,8,RAD51C (5889)
ACH-000890,15,10916694406488491774,9,STN1 (79991)
ACH-000890,15,10916694406488491774,10,MYBL2 (4605)
ACH-000890,15,10916694406488491774,11,ANAPC15 (25906)
ACH-000890,15,10916694406488491774,12,NXT1 (29107)
ACH-000890,15,10916694406488491774,13,NDUFB4 (4710)
ACH-000890,15,10916694406488491774,14,SEPHS2 (22928)
ACH-000890,15,10916694406488491774,15,LIPT1 (51601)
ACH-000890,15,10916694406488491774,16,SNRPB2 (6629)
ACH-000890,15,10916694406488491774,17,TOMM20 (9804)
ACH-000890,15,10916694406488491774,18,PCYT1A (5130)
ACH-000890,15,10916694406488491774,19,MRPL32 (64983)
ACH-000890,15,10916694406488491774,20,RRAGC (64121)
ACH-000890,15,10916694406488491774,21,MYB (4602)
ACH-000890,15,10916694406488491774,22,AMBRA1 (55626)
ACH-000890,15,10916694406488491774,23,VARS2 (57176)
ACH-000890,15,10916694406488491774,24,EIF5AL1 (143244)
ACH-000890,15,10916694406488491774,25,DAP3 (7818)
ACH-000890,15,10916694406488491774,26,USP1 (7398)
ACH-000890,15,10916694406488491774,27,USP7 (7874)
ACH-000890,15,10916694406488491774,28,MRPS12 (6183)
ACH-000890,15,10916694406488491774,29,ACLY (47)
ACH-000890,15,10916694406488491774,30,FBXO42 (54455)
ACH-000890,15,10916694406488491774,31,DNAJB13 (374407)
ACH-000890,15,10916694406488491774,32,THAP11 (57215)
ACH-000890,15,10916694406488491774,33,BIRC6 (57448)
ACH-000890,15,10916694406488491774,34,PAGR1 (79447)
ACH-000890,15,10916694406488491774,35,MRPS16 (51021)
ACH-000890,15,10916694406488491774,36,TIMM29 (90580)
ACH-000890,15,10916694406488491774,37,CTNNB1 (1499)
ACH-000890,15,10916694406488491774,38,TIMM17A (10440)
ACH-000890,15,10916694406488491774,39,CCAR1 (55749)
ACH-000890,15,10916694406488491774,40,UFM1 (51569)
ACH-000890,15,10916694406488491774,41,SERBP1 (26135)
ACH-000890,15,10916694406488491774,42,UBE2S (27338)
ACH-000890,15,10916694406488491774,43,SRSF10 (10772)
ACH-000890,15,10916694406488491774,44,LRPPRC (10128)
ACH-000890,15,10916694406488491774,45,AHCYL1 (10768)
ACH-000890,15,10916694406488491774,46,UXS1 (80146)
ACH-000890,15,10916694406488491774,47,RTTN (25914)
ACH-000890,15,10916694406488491774,48,MPPE1 (65258)
ACH-000890,15,10916694406488491774,49,RNF4 (6047)
ACH-000890,15,10916694406488491774,50,EP300 (2033)
ACH-000890,16,10126603977838823977,1,ADRM1 (11047)
ACH-000890,16,10126603977838823977,2,METTL1 (4234)
ACH-000890,16,10126603977838823977,3,VPS4A (27183)
ACH-000890,16,10126603977838823977,4,TMX2 (51075)
ACH-000890,16,10126603977838823977,5,SEPSECS (51091)
ACH-000890,16,10126603977838823977,6,RAB6A (5870)
ACH-000890,16,10126603977838823977,7,RAD51D (5892)
ACH-000890,16,10126603977838823977,8,PPP2R3C (55012)
ACH-000890,16,10126603977838823977,9,STAG2 (10735)
ACH-000890,16,10126603977838823977,10,BIRC6 (57448)
ACH-000890,16,10126603977838823977,11,MRPS6 (64968)
ACH-000890,16,10126603977838823977,12,FERMT1 (55612)
ACH-000890,16,10126603977838823977,13,PPIL1 (51645)
ACH-000890,16,10126603977838823977,14,DNAJC11 (55735)
ACH-000890,16,10126603977838823977,15,MRPL38 (64978)
ACH-000890,16,10126603977838823977,16,SNAP23 (8773)
ACH-000890,16,10126603977838823977,17,CCNC (892)
ACH-000890,16,10126603977838823977,18,MRPL32 (64983)
ACH-000890,16,10126603977838823977,19,YPEL5 (51646)
ACH-000890,16,10126603977838823977,20,BPTF (2186)
ACH-000890,16,10126603977838823977,21,SLC25A3 (5250)
ACH-000890,16,10126603977838823977,22,RPRD1B (58490)
ACH-000890,16,10126603977838823977,23,NELFCD (51497)
ACH-000890,16,10126603977838823977,24,FAM98B (283742)
ACH-000890,16,10126603977838823977,25,STEEP1 (63932)
ACH-000890,16,10126603977838823977,26,PRPF39 (55015)
ACH-000890,16,10126603977838823977,27,TAF5L (27097)
ACH-000890,16,10126603977838823977,28,THG1L (54974)
ACH-000890,16,10126603977838823977,29,RAB10 (10890)
ACH-000890,16,10126603977838823977,30,PPA2 (27068)
ACH-000890,16,10126603977838823977,31,MRPL12 (6182)
ACH-000890,16,10126603977838823977,32,FBXW11 (23291)
ACH-000890,16,10126603977838823977,33,BUD13 (84811)
ACH-000890,16,10126603977838823977,34,CAND1 (55832)
ACH-000890,16,10126603977838823977,35,ZWINT (11130)
ACH-000890,16,10126603977838823977,36,CBFB (865)
ACH-000890,16,10126603977838823977,37,BAP1 (8314)
ACH-000890,16,10126603977838823977,38,RIC8A (60626)
ACH-000890,16,10126603977838823977,39,HAUS8 (93323)
ACH-000890,16,10126603977838823977,40,ARMC5 (79798)
ACH-000890,16,10126603977838823977,41,SAMD4B (55095)
ACH-000890,16,10126603977838823977,42,COX6A1 (1337)
ACH-000890,16,10126603977838823977,43,COX18 (285521)
ACH-000890,16,10126603977838823977,44,FERMT2 (10979)
ACH-000890,16,10126603977838823977,45,NCKAP1 (10787)
ACH-000890,16,10126603977838823977,46,SSBP3 (23648)
ACH-000890,16,10126603977838823977,47,OTUD5 (55593)
ACH-000890,16,10126603977838823977,48,EARS2 (124454)
ACH-000890,16,10126603977838823977,49,CYB5B (80777)
ACH-000890,16,10126603977838823977,50,ZEB1 (6935)
ACH-000890,17,17685881656471995596,1,MRPL4 (51073)
ACH-000890,17,17685881656471995596,2,BIRC6 (57448)
ACH-000890,17,17685881656471995596,3,EFR3A (23167)
ACH-000890,17,17685881656471995596,4,ADSS2 (159)
ACH-000890,17,17685881656471995596,5,MRPL39 (54148)
ACH-000890,17,17685881656471995596,6,UMPS (7372)
ACH-000890,17,17685881656471995596,7,CDIN1 (84529)
ACH-000890,17,17685881656471995596,8,YME1L1 (10730)
ACH-000890,17,17685881656471995596,9,DOLPP1 (57171)
ACH-000890,17,17685881656471995596,10,PSMG2 (56984)
ACH-000890,17,17685881656471995596,11,ACO2 (50)
ACH-000890,17,17685881656471995596,12,IMPDH2 (3615)
ACH-000890,17,17685881656471995596,13,NAA20 (51126)
ACH-000890,17,17685881656471995596,14,ATP5F1D (513)
ACH-000890,17,17685881656471995596,15,NAPG (8774)
ACH-000890,17,17685881656471995596,16,CFLAR (8837)
ACH-000890,17,17685881656471995596,17,MRPS7 (51081)
ACH-000890,17,17685881656471995596,18,FZD5 (7855)
ACH-000890,17,17685881656471995596,19,TAFAZZIN (6901)
ACH-000890,17,17685881656471995596,20,ELOF1 (84337)
ACH-000890,17,17685881656471995596,21,PARS2 (25973)
ACH-000890,17,17685881656471995596,22,DNAJC19 (131118)
ACH-000890,17,17685881656471995596,23,FPGS (2356)
ACH-000890,17,17685881656471995596,24,UBE2H (7328)
ACH-000890,17,17685881656471995596,25,JTB (10899)
ACH-000890,17,17685881656471995596,26,PPP4R2 (151987)
ACH-000890,17,17685881656471995596,27,SMG7 (9887)
ACH-000890,17,17685881656471995596,28,PPP1CA (5499)
ACH-000890,17,17685881656471995596,29,PTPN11 (5781)
ACH-000890,17,17685881656471995596,30,BRCA2 (675)
ACH-000890,17,17685881656471995596,31,GABPA (2551)
ACH-000890,17,17685881656471995596,32,DDX19A (55308)
ACH-000890,17,17685881656471995596,33,SUGT1 (10910)
ACH-000890,17,17685881656471995596,34,TELO2 (9894)
ACH-000890,17,17685881656471995596,35,BRD2 (6046)
ACH-000890,17,17685881656471995596,36,HNRNPA2B1 (3181)
ACH-000890,17,17685881656471995596,37,PSMG1 (8624)
ACH-000890,17,17685881656471995596,38,ZFX (7543)
ACH-000890,17,17685881656471995596,39,RNF4 (6047)
ACH-000890,17,17685881656471995596,40,NSMCE4A (54780)
ACH-000890,17,17685881656471995596,41,FAF2 (23197)
ACH-000890,17,17685881656471995596,42,MRPS12 (6183)
ACH-000890,17,17685881656471995596,43,GRSF1 (2926)
ACH-000890,17,17685881656471995596,44,EGLN1 (54583)
ACH-000890,17,17685881656471995596,45,MYBBP1A (10514)
ACH-000890,17,17685881656471995596,46,ISCA2 (122961)
ACH-000890,17,17685881656471995596,47,KCTD5 (54442)
ACH-000890,17,17685881656471995596,48,CTPS1 (1503)
ACH-000890,17,17685881656471995596,49,MRPS14 (63931)
ACH-000890,17,17685881656471995596,50,ANKRD49 (54851)
ACH-000890,18,2779322444313284042,1,MIB1 (57534)
ACH-000890,18,2779322444313284042,2,DET1 (55070)
ACH-000890,18,2779322444313284042,3,ARPC4 (10093)
ACH-000890,18,2779322444313284042,4,HSP90B1 (7184)
ACH-000890,18,2779322444313284042,5,ARID2 (196528)
ACH-000890,18,2779322444313284042,6,PAXIP1 (22976)
ACH-000890,18,2779322444313284042,7,NCAPD3 (23310)
ACH-000890,18,2779322444313284042,8,OXSM (54995)
ACH-000890,18,2779322444313284042,9,HMBS (3145)
ACH-000890,18,2779322444313284042,10,WWTR1 (25937)
ACH-000890,18,2779322444313284042,11,PTP4A1 (7803)
ACH-000890,18,2779322444313284042,12,PAICS (10606)
ACH-000890,18,2779322444313284042,13,ITGB5 (3693)
ACH-000890,18,2779322444313284042,14,MED23 (9439)
ACH-000890,18,2779322444313284042,15,DAXX (1616)
ACH-000890,18,2779322444313284042,16,SDHA (6389)
ACH-000890,18,2779322444313284042,17,BRCA1 (672)
ACH-000890,18,2779322444313284042,18,CCNB1 (891)
ACH-000890,18,2779322444313284042,19,POLG (5428)
ACH-000890,18,2779322444313284042,20,CDK8 (1024)
ACH-000890,18,2779322444313284042,21,NDUFB11 (54539)
ACH-000890,18,2779322444313284042,22,GEMIN7 (79760)
ACH-000890,18,2779322444313284042,23,MRPS16 (51021)
ACH-000890,18,2779322444313284042,24,DNAJC19 (131118)
ACH-000890,18,2779322444313284042,25,DDX19A (55308)
ACH-000890,18,2779322444313284042,26,KANSL1 (284058)
ACH-000890,18,2779322444313284042,27,UBQLN4 (56893)
ACH-000890,18,2779322444313284042,28,VPS4A (27183)
ACH-000890,18,2779322444313284042,29,AP2S1 (1175)
ACH-000890,18,2779322444313284042,30,USP1 (7398)
ACH-000890,18,2779322444313284042,31,DOLPP1 (57171)
ACH-000890,18,2779322444313284042,32,RAD51C (5889)
ACH-000890,18,2779322444313284042,33,CRLS1 (54675)
ACH-000890,18,2779322444313284042,34,SARNP (84324)
ACH-000890,18,2779322444313284042,35,RPRD1B (58490)
ACH-000890,18,2779322444313284042,36,RPUSD4 (84881)
ACH-000890,18,2779322444313284042,37,UBIAD1 (29914)
ACH-000890,18,2779322444313284042,38,SEPHS2 (22928)
ACH-000890,18,2779322444313284042,39,CCAR1 (55749)
ACH-000890,18,2779322444313284042,40,COA6 (388753)
ACH-000890,18,2779322444313284042,41,SLC20A1 (6574)
ACH-000890,18,2779322444313284042,42,DNAJB13 (374407)
ACH-000890,18,2779322444313284042,43,STIL (6491)
ACH-000890,18,2779322444313284042,44,COP1 (64326)
ACH-000890,18,2779322444313284042,45,NDUFAB1 (4706)
ACH-000890,18,2779322444313284042,46,MAPK1 (5594)
ACH-000890,18,2779322444313284042,47,CTC1 (80169)
ACH-000890,18,2779322444313284042,48,SNRPB2 (6629)
ACH-000890,18,2779322444313284042,49,RPIA (22934)
ACH-000890,18,2779322444313284042,50,NHLRC2 (374354)
ACH-000890,19,6399922056385917495,1,HNRNPR (10236)
ACH-000890,19,6399922056385917495,2,STX4 (6810)
ACH-000890,19,6399922056385917495,3,ZMYND8 (23613)
ACH-000890,19,6399922056385917495,4,FDPS (2224)
ACH-000890,19,6399922056385917495,5,MTG2 (26164)
ACH-000890,19,6399922056385917495,6,PTMA (5757)
ACH-000890,19,6399922056385917495,7,ACLY (47)
ACH-000890,19,6399922056385917495,8,CTNNA1 (1495)
ACH-000890,19,6399922056385917495,9,FAM210A (125228)
ACH-000890,19,6399922056385917495,10,MAPK1 (5594)
ACH-000890,19,6399922056385917495,11,TIGD3 (220359)
ACH-000890,19,6399922056385917495,12,TYMS (7298)
ACH-000890,19,6399922056385917495,13,MRPS7 (51081)
ACH-000890,19,6399922056385917495,14,ZNF217 (7764)
ACH-000890,19,6399922056385917495,15,DUSP4 (1846)
ACH-000890,19,6399922056385917495,16,IMPDH2 (3615)
ACH-000890,19,6399922056385917495,17,SDHB (6390)
ACH-000890,19,6399922056385917495,18,TSC1 (7248)
ACH-000890,19,6399922056385917495,19,NCKAP1 (10787)
ACH-000890,19,6399922056385917495,20,HMBS (3145)
ACH-000890,19,6399922056385917495,21,GLRX5 (51218)
ACH-000890,19,6399922056385917495,22,NDUFB3 (4709)
ACH-000890,19,6399922056385917495,23,BAP1 (8314)
ACH-000890,19,6399922056385917495,24,ELP4 (26610)
ACH-000890,19,6399922056385917495,25,DHODH (1723)
ACH-000890,19,6399922056385917495,26,SMARCE1 (6605)
ACH-000890,19,6399922056385917495,27,VRK1 (7443)
ACH-000890,19,6399922056385917495,28,PGP (283871)
ACH-000890,19,6399922056385917495,29,MRPL18 (29074)
ACH-000890,19,6399922056385917495,30,SLC2A1 (6513)
ACH-000890,19,6399922056385917495,31,HNRNPA2B1 (3181)
ACH-000890,19,6399922056385917495,32,NDUFAB1 (4706)
ACH-000890,19,6399922056385917495,33,PIK3CA (5290)
ACH-000890,19,6399922056385917495,34,MTHFD1 (4522)
ACH-000890,19,6399922056385917495,35,MCMBP (79892)
ACH-000890,19,6399922056385917495,36,UBE2H (7328)
ACH-000890,19,6399922056385917495,37,SLC25A28 (81894)
ACH-000890,19,6399922056385917495,38,TRIM37 (4591)
ACH-000890,19,6399922056385917495,39,MYBBP1A (10514)
ACH-000890,19,6399922056385917495,40,UMPS (7372)
ACH-000890,19,6399922056385917495,41,CDS2 (8760)
ACH-000890,19,6399922056385917495,42,BIRC6 (57448)
ACH-000890,19,6399922056385917495,43,DOCK5 (80005)
ACH-000890,19,6399922056385917495,44,TOMM20 (9804)
ACH-000890,19,6399922056385917495,45,ELMO2 (63916)
ACH-000890,19,6399922056385917495,46,BRCA1 (672)
ACH-000890,19,6399922056385917495,47,MRPS6 (64968)
ACH-000890,19,6399922056385917495,48,ZFX (7543)
ACH-000890,19,6399922056385917495,49,TKT (7086)
ACH-000890,19,6399922056385917495,50,ELP2 (55250)
ACH-000950,0,13861693480088666264,1,KRTCAP2 (200185)
ACH-000950,0,13861693480088666264,2,SEPSECS (51091)
ACH-000950,0,13861693480088666264,3,TACC3 (10460)
ACH-000950,0,13861693480088666264,4,WWTR1 (25937)
ACH-000950,0,13861693480088666264,5,INTS15 (79034)
ACH-000950,0,13861693480088666264,6,TMED2 (10959)
ACH-000950,0,13861693480088666264,7,TCF7L2 (6934)
ACH-000950,0,13861693480088666264,8,PTPN11 (5781)
ACH-000950,0,13861693480088666264,9,GFM1 (85476)
ACH-000950,0,13861693480088666264,10,SNAP23 (8773)
ACH-000950,0,13861693480088666264,11,CBFB (865)
ACH-000950,0,13861693480088666264,12,ADRM1 (11047)
ACH-000950,0,13861693480088666264,13,KNTC1 (9735)
ACH-000950,0,13861693480088666264,14,EXOC1 (55763)
ACH-000950,0,13861693480088666264,15,BRAT1 (221927)
ACH-000950,0,13861693480088666264,16,RELA (5970)
ACH-000950,0,13861693480088666264,17,ATIC (471)
ACH-000950,0,13861693480088666264,18,ARID2 (196528)
ACH-000950,0,13861693480088666264,19,FAF2 (23197)
ACH-000950,0,13861693480088666264,20,BPTF (2186)
ACH-000950,0,13861693480088666264,21,IRS2 (8660)
ACH-000950,0,13861693480088666264,22,FAM50A (9130)
ACH-000950,0,13861693480088666264,23,PFDN1 (5201)
ACH-000950,0,13861693480088666264,24,YME1L1 (10730)
ACH-000950,0,13861693480088666264,25,MEN1 (4221)
ACH-000950,0,13861693480088666264,26,ADSS2 (159)
ACH-000950,0,13861693480088666264,27,TOE1 (114034)
ACH-000950,0,13861693480088666264,28,ICE2 (79664)
ACH-000950,0,13861693480088666264,29,WTAP (9589)
ACH-000950,0,13861693480088666264,30,ELOF1 (84337)
ACH-000950,0,13861693480088666264,31,PAXIP1 (22976)
ACH-000950,0,13861693480088666264,32,NXT1 (29107)
ACH-000950,0,13861693480088666264,33,STEEP1 (63932)
ACH-000950,0,13861693480088666264,34,CYB5B (80777)
ACH-000950,0,13861693480088666264,35,AIFM1 (9131)
ACH-000950,0,13861693480088666264,36,XRN1 (54464)
ACH-000950,0,13861693480088666264,37,FECH (2235)
ACH-000950,0,13861693480088666264,38,RNF168 (165918)
ACH-000950,0,13861693480088666264,39,H2BC9 (8345)
ACH-000950,0,13861693480088666264,40,IGF1R (3480)
ACH-000950,0,13861693480088666264,41,TYMS (7298)
ACH-000950,0,13861693480088666264,42,POP7 (10248)
ACH-000950,0,13861693480088666264,43,WASHC2C (253725)
ACH-000950,0,13861693480088666264,44,KANSL1 (284058)
ACH-000950,0,13861693480088666264,45,HNRNPR (10236)
ACH-000950,0,13861693480088666264,46,KDM2A (22992)
ACH-000950,0,13861693480088666264,47,IER3IP1 (51124)
ACH-000950,0,13861693480088666264,48,MBTPS2 (51360)
ACH-000950,0,13861693480088666264,49,TAF5L (27097)
ACH-000950,0,13861693480088666264,50,SHOC2 (8036)
ACH-000950,1,866007149367915491,1,YME1L1 (10730)
ACH-000950,1,866007149367915491,2,LSM12 (124801)
ACH-000950,1,866007149367915491,3,PPP2R2A (5520)
ACH-000950,1,866007149367915491,4,POLG (5428)
ACH-000950,1,866007149367915491,5,TDP2 (51567)
ACH-000950,1,866007149367915491,6,ARHGEF7 (8874)
ACH-000950,1,866007149367915491,7,COX7C (1350)
ACH-000950,1,866007149367915491,8,MAPK14 (1432)
ACH-000950,1,866007149367915491,9,UBE2S (27338)
ACH-000950,1,866007149367915491,10,PTK2 (5747)
ACH-000950,1,866007149367915491,11,PRKRA (8575)
ACH-000950,1,866007149367915491,12,TFRC (7037)
ACH-000950,1,866007149367915491,13,DHODH (1723)
ACH-000950,1,866007149367915491,14,RPL22L1 (200916)
ACH-000950,1,866007149367915491,15,MTPAP (55149)
ACH-000950,1,866007149367915491,16,SLC25A26 (115286)
ACH-000950,1,866007149367915491,17,PTPN11 (5781)
ACH-000950,1,866007149367915491,18,SLC16A1 (6566)
ACH-000950,1,866007149367915491,19,UBE2D3 (7323)
ACH-000950,1,866007149367915491,20,MRPL35 (51318)
ACH-000950,1,866007149367915491,21,ANAPC15 (25906)
ACH-000950,1,866007149367915491,22,TOMM20 (9804)
ACH-000950,1,866007149367915491,23,MYH9 (4627)
ACH-000950,1,866007149367915491,24,HMBS (3145)
ACH-000950,1,866007149367915491,25,SOCS3 (9021)
ACH-000950,1,866007149367915491,26,KNTC1 (9735)
ACH-000950,1,866007149367915491,27,PSMG1 (8624)
ACH-000950,1,866007149367915491,28,CYC1 (1537)
ACH-000950,1,866007149367915491,29,CDK4 (1019)
ACH-000950,1,866007149367915491,30,FERMT1 (55612)
ACH-000950,1,866007149367915491,31,FDFT1 (2222)
ACH-000950,1,866007149367915491,32,MTHFD1 (4522)
ACH-000950,1,866007149367915491,33,CTDSPL2 (51496)
ACH-000950,1,866007149367915491,34,METAP1 (23173)
ACH-000950,1,866007149367915491,35,ZWINT (11130)
ACH-000950,1,866007149367915491,36,TIMM17A (10440)
ACH-000950,1,866007149367915491,37,FAM210A (125228)
ACH-000950,1,866007149367915491,38,ATP5F1B (506)
ACH-000950,1,866007149367915491,39,NRAS (4893)
ACH-000950,1,866007149367915491,40,SLC7A5 (8140)
ACH-000950,1,866007149367915491,41,SLC38A2 (54407)
ACH-000950,1,866007149367915491,42,SAMD4B (55095)
ACH-000950,1,866007149367915491,43,PDCD5 (9141)
ACH-000950,1,866007149367915491,44,UBE2C (11065)
ACH-000950,1,866007149367915491,45,GFM1 (85476)
ACH-000950,1,866007149367915491,46,RAD51D (5892)
ACH-000950,1,866007149367915491,47,NMNAT1 (64802)
ACH-000950,1,866007149367915491,48,NDUFA4 (4697)
ACH-000950,1,866007149367915491,49,FGFR1 (2260)
ACH-000950,1,866007149367915491,50,BPTF (2186)
ACH-000950,2,7273370081856702138,1,MRPL38 (64978)
ACH-000950,2,7273370081856702138,2,FERMT2 (10979)
ACH-000950,2,7273370081856702138,3,CAB39 (51719)
ACH-000950,2,7273370081856702138,4,SEC62 (7095)
ACH-000950,2,7273370081856702138,5,UQCRC2 (7385)
ACH-000950,2,7273370081856702138,6,FAF2 (23197)
ACH-000950,2,7273370081856702138,7,FGFR1 (2260)
ACH-000950,2,7273370081856702138,8,CRIPTO (6997)
ACH-000950,2,7273370081856702138,9,NHLRC2 (374354)
ACH-000950,2,7273370081856702138,10,MCL1 (4170)
ACH-000950,2,7273370081856702138,11,ATP2B1 (490)
ACH-000950,2,7273370081856702138,12,TRIM28 (10155)
ACH-000950,2,7273370081856702138,13,PITRM1 (10531)
ACH-000950,2,7273370081856702138,14,CRAMP1 (57585)
ACH-000950,2,7273370081856702138,15,POLE3 (54107)
ACH-000950,2,7273370081856702138,16,FPGS (2356)
ACH-000950,2,7273370081856702138,17,USE1 (55850)
ACH-000950,2,7273370081856702138,18,MAPK1 (5594)
ACH-000950,2,7273370081856702138,19,CAND1 (55832)
ACH-000950,2,7273370081856702138,20,PRDX1 (5052)
ACH-000950,2,7273370081856702138,21,TAFAZZIN (6901)
ACH-000950,2,7273370081856702138,22,TMX2 (51075)
ACH-000950,2,7273370081856702138,23,TADA1 (117143)
ACH-000950,2,7273370081856702138,24,THAP11 (57215)
ACH-000950,2,7273370081856702138,25,EEFSEC (60678)
ACH-000950,2,7273370081856702138,26,JTB (10899)
ACH-000950,2,7273370081856702138,27,UBIAD1 (29914)
ACH-000950,2,7273370081856702138,28,PTMA (5757)
ACH-000950,2,7273370081856702138,29,BRAT1 (221927)
ACH-000950,2,7273370081856702138,30,PPP1R15B (84919)
ACH-000950,2,7273370081856702138,31,MIPEP (4285)
ACH-000950,2,7273370081856702138,32,WDR48 (57599)
ACH-000950,2,7273370081856702138,33,ICE2 (79664)
ACH-000950,2,7273370081856702138,34,CTC1 (80169)
ACH-000950,2,7273370081856702138,35,HEMK2 (29104)
ACH-000950,2,7273370081856702138,36,SREBF1 (6720)
ACH-000950,2,7273370081856702138,37,CCND3 (896)
ACH-000950,2,7273370081856702138,38,PPP6C (5537)
ACH-000950,2,7273370081856702138,39,PAXIP1 (22976)
ACH-000950,2,7273370081856702138,40,DET1 (55070)
ACH-000950,2,7273370081856702138,41,MLST8 (64223)
ACH-000950,2,7273370081856702138,42,ATP5F1D (513)
ACH-000950,2,7273370081856702138,43,RGP1 (9827)
ACH-000950,2,7273370081856702138,44,BRAF (673)
ACH-000950,2,7273370081856702138,45,DNAJC13 (23317)
ACH-000950,2,7273370081856702138,46,NPEPPS (9520)
ACH-000950,2,7273370081856702138,47,C19orf53 (28974)
ACH-000950,2,7273370081856702138,48,DNAJC11 (55735)
ACH-000950,2,7273370081856702138,49,AHCYL1 (10768)
ACH-000950,2,7273370081856702138,50,PPP2R2A (5520)
ACH-000950,3,1279104023130020601,1,DET1 (55070)
ACH-000950,3,1279104023130020601,2,PAGR1 (79447)
ACH-000950,3,1279104023130020601,3,MLST8 (64223)
ACH-000950,3,1279104023130020601,4,TCF7L2 (6934)
ACH-000950,3,1279104023130020601,5,GEMIN7 (79760)
ACH-000950,3,1279104023130020601,6,STEEP1 (63932)
ACH-000950,3,1279104023130020601,7,SLC2A1 (6513)
ACH-000950,3,1279104023130020601,8,PPP6R3 (55291)
ACH-000950,3,1279104023130020601,9,EAPP (55837)
ACH-000950,3,1279104023130020601,10,SLC7A5 (8140)
ACH-000950,3,1279104023130020601,11,LRPPRC (10128)
ACH-000950,3,1279104023130020601,12,IPPK (64768)
ACH-000950,3,1279104023130020601,13,PITRM1 (10531)
ACH-000950,3,1279104023130020601,14,DDX3X (1654)
ACH-000950,3,1279104023130020601,15,SMCHD1 (23347)
ACH-000950,3,1279104023130020601,16,MRPL55 (128308)
ACH-000950,3,1279104023130020601,17,SLC38A2 (54407)
ACH-000950,3,1279104023130020601,18,CCNL1 (57018)
ACH-000950,3,1279104023130020601,19,MRPL49 (740)
ACH-000950,3,1279104023130020601,20,CDS2 (8760)
ACH-000950,3,1279104023130020601,21,SQLE (6713)
ACH-000950,3,1279104023130020601,22,PRKRA (8575)
ACH-000950,3,1279104023130020601,23,FAF2 (23197)
ACH-000950,3,1279104023130020601,24,UXS1 (80146)
ACH-000950,3,1279104023130020601,25,TIMM29 (90580)
ACH-000950,3,1279104023130020601,26,PHF12 (57649)
ACH-000950,3,1279104023130020601,27,MTPAP (55149)
ACH-000950,3,1279104023130020601,28,SOCS3 (9021)
ACH-000950,3,1279104023130020601,29,PKN2 (5586)
ACH-000950,3,1279104023130020601,30,CSNK1A1 (1452)
ACH-000950,3,1279104023130020601,31,NELFCD (51497)
ACH-000950,3,1279104023130020601,32,PET117 (100303755)
ACH-000950,3,1279104023130020601,33,ZNF407 (55628)
ACH-000950,3,1279104023130020601,34,THG1L (54974)
ACH-000950,3,1279104023130020601,35,MTG1 (92170)
ACH-000950,3,1279104023130020601,36,SDHA (6389)
ACH-000950,3,1279104023130020601,37,CDAN1 (146059)
ACH-000950,3,1279104023130020601,38,EED (8726)
ACH-000950,3,1279104023130020601,39,DUSP4 (1846)
ACH-000950,3,1279104023130020601,40,PMM2 (5373)
ACH-000950,3,1279104023130020601,41,VHL (7428)
ACH-000950,3,1279104023130020601,42,NDC1 (55706)
ACH-000950,3,1279104023130020601,43,ATP6V1H (51606)
ACH-000950,3,1279104023130020601,44,YPEL5 (51646)
ACH-000950,3,1279104023130020601,45,MRPL32 (64983)
ACH-000950,3,1279104023130020601,46,TRNAU1AP (54952)
ACH-000950,3,1279104023130020601,47,RAB10 (10890)
ACH-000950,3,1279104023130020601,48,PGM3 (5238)
ACH-000950,3,1279104023130020601,49,ELP2 (55250)
ACH-000950,3,1279104023130020601,50,SARNP (84324)
ACH-000950,4,5059465936601629598,1,USP7 (7874)
ACH-000950,4,5059465936601629598,2,MRPL39 (54148)
ACH-000950,4,5059465936601629598,3,ISCA2 (122961)
ACH-000950,4,5059465936601629598,4,PDCD5 (9141)
ACH-000950,4,5059465936601629598,5,FAM210A (125228)
ACH-000950,4,5059465936601629598,6,HNF1A (6927)
ACH-000950,4,5059465936601629598,7,GLMN (11146)
ACH-000950,4,5059465936601629598,8,KNTC1 (9735)
ACH-000950,4,5059465936601629598,9,GMPS (8833)
ACH-000950,4,5059465936601629598,10,XRCC2 (7516)
ACH-000950,4,5059465936601629598,11,SGF29 (112869)
ACH-000950,4,5059465936601629598,12,ARHGEF7 (8874)
ACH-000950,4,5059465936601629598,13,OTUD5 (55593)
ACH-000950,4,5059465936601629598,14,COASY (80347)
ACH-000950,4,5059465936601629598,15,ACLY (47)
ACH-000950,4,5059465936601629598,16,MRPS12 (6183)
ACH-000950,4,5059465936601629598,17,MRPL41 (64975)
ACH-000950,4,5059465936601629598,18,LDB1 (8861)
ACH-000950,4,5059465936601629598,19,TXNRD1 (7296)
ACH-000950,4,5059465936601629598,20,MRPS25 (64432)
ACH-000950,4,5059465936601629598,21,METTL17 (64745)
ACH-000950,4,5059465936601629598,22,PIK3CA (5290)
ACH-000950,4,5059465936601629598,23,UBE2H (7328)
ACH-000950,4,5059465936601629598,24,SMG7 (9887)
ACH-000950,4,5059465936601629598,25,PPP1R15B (84919)
ACH-000950,4,5059465936601629598,26,CDK8 (1024)
ACH-000950,4,5059465936601629598,27,DNAJC19 (131118)
ACH-000950,4,5059465936601629598,28,COX7C (1350)
ACH-000950,4,5059465936601629598,29,NHLRC2 (374354)
ACH-000950,4,5059465936601629598,30,COX15 (1355)
ACH-000950,4,5059465936601629598,31,WDR48 (57599)
ACH-000950,4,5059465936601629598,32,FDX1 (2230)
ACH-000950,4,5059465936601629598,33,PPP2R3C (55012)
ACH-000950,4,5059465936601629598,34,TIMM22 (29928)
ACH-000950,4,5059465936601629598,35,BRK1 (55845)
ACH-000950,4,5059465936601629598,36,SCAP (22937)
ACH-000950,4,5059465936601629598,37,MRPL32 (64983)
ACH-000950,4,5059465936601629598,38,NCKAP1 (10787)
ACH-000950,4,5059465936601629598,39,NDE1 (54820)
ACH-000950,4,5059465936601629598,40,MED23 (9439)
ACH-000950,4,5059465936601629598,41,NMT1 (4836)
ACH-000950,4,5059465936601629598,42,MDM4 (4194)
ACH-000950,4,5059465936601629598,43,IRF2BP2 (359948)
ACH-000950,4,5059465936601629598,44,IRS2 (8660)
ACH-000950,4,5059465936601629598,45,TAFAZZIN (6901)
ACH-000950,4,5059465936601629598,46,AP2M1 (1173)
ACH-000950,4,5059465936601629598,47,CUL2 (8453)
ACH-000950,4,5059465936601629598,48,MED19 (219541)
ACH-000950,4,5059465936601629598,49,CFLAR (8837)
ACH-000950,4,5059465936601629598,50,NR2C2AP (126382)
ACH-000950,5,16138959873290618,1,PRRC2A (7916)
ACH-000950,5,16138959873290618,2,ELMO2 (63916)
ACH-000950,5,16138959873290618,3,IRF2BP2 (359948)
ACH-000950,5,16138959873290618,4,SLC16A1 (6566)
ACH-000950,5,16138959873290618,5,PTMA (5757)
ACH-000950,5,16138959873290618,6,ITGAV (3685)
ACH-000950,5,16138959873290618,7,NMT1 (4836)
ACH-000950,5,16138959873290618,8,MRPL15 (29088)
ACH-000950,5,16138959873290618,9,LAMTOR2 (28956)
ACH-000950,5,16138959873290618,10,SEPSECS (51091)
ACH-000950,5,16138959873290618,11,RTTN (25914)
ACH-000950,5,16138959873290618,12,PFDN1 (5201)
ACH-000950,5,16138959873290618,13,TCF7L2 (6934)
ACH-000950,5,16138959873290618,14,PFN1 (5216)
ACH-000950,5,16138959873290618,15,IPPK (64768)
ACH-000950,5,16138959873290618,16,CDS2 (8760)
ACH-000950,5,16138959873290618,17,USP1 (7398)
ACH-000950,5,16138959873290618,18,STAG2 (10735)
ACH-000950,5,16138959873290618,19,TSC1 (7248)
ACH-000950,5,16138959873290618,20,UBQLN4 (56893)
ACH-000950,5,16138959873290618,21,PPP1CA (5499)
ACH-000950,5,16138959873290618,22,CEP43 (11116)
ACH-000950,5,16138959873290618,23,YPEL5 (51646)
ACH-000950,5,16138959873290618,24,NIPBL (25836)
ACH-000950,5,16138959873290618,25,SDHA (6389)
ACH-000950,5,16138959873290618,26,DNAJC19 (131118)
ACH-000950,5,16138959873290618,27,NDC1 (55706)
ACH-000950,5,16138959873290618,28,KRTCAP2 (200185)
ACH-000950,5,16138959873290618,29,CREBBP (1387)
ACH-000950,5,16138959873290618,30,HSP90B1 (7184)
ACH-000950,5,16138959873290618,31,PPP2R3C (55012)
ACH-000950,5,16138959873290618,32,SMG7 (9887)
ACH-000950,5,16138959873290618,33,MFN2 (9927)
ACH-000950,5,16138959873290618,34,KIF14 (9928)
ACH-000950,5,16138959873290618,35,SLC20A1 (6574)
ACH-000950,5,16138959873290618,36,THG1L (54974)
ACH-000950,5,16138959873290618,37,CHMP7 (91782)
ACH-000950,5,16138959873290618,38,COA6 (388753)
ACH-000950,5,16138959873290618,39,ATIC (471)
ACH-000950,5,16138959873290618,40,DHODH (1723)
ACH-000950,5,16138959873290618,41,TMED2 (10959)
ACH-000950,5,16138959873290618,42,MAU2 (23383)
ACH-000950,5,16138959873290618,43,MMGT1 (93380)
ACH-000950,5,16138959873290618,44,PFDN5 (5204)
ACH-000950,5,16138959873290618,45,USE1 (55850)
ACH-000950,5,16138959873290618,46,EXOSC10 (5394)
ACH-000950,5,16138959873290618,47,YAP1 (10413)
ACH-000950,5,16138959873290618,48,PMM2 (5373)
ACH-000950,5,16138959873290618,49,DARS2 (55157)
ACH-000950,5,16138959873290618,50,RPRD1B (58490)
ACH-000950,6,11876264970319597754,1,ACSL3 (2181)
ACH-000950,6,11876264970319597754,2,CIT (11113)
ACH-000950,6,11876264970319597754,3,VPS33A (65082)
ACH-000950,6,11876264970319597754,4,HSD17B10 (3028)
ACH-000950,6,11876264970319597754,5,ZFP36L1 (677)
ACH-000950,6,11876264970319597754,6,NFRKB (4798)
ACH-000950,6,11876264970319597754,7,MMGT1 (93380)
ACH-000950,6,11876264970319597754,8,NUP50 (10762)
ACH-000950,6,11876264970319597754,9,UBE2S (27338)
ACH-000950,6,11876264970319597754,10,WWTR1 (25937)
ACH-000950,6,11876264970319597754,11,MED23 (9439)
ACH-000950,6,11876264970319597754,12,RPAP2 (79871)
ACH-000950,6,11876264970319597754,13,PRPF39 (55015)
ACH-000950,6,11876264970319597754,14,NDC1 (55706)
ACH-000950,6,11876264970319597754,15,NAPG (8774)
ACH-000950,6,11876264970319597754,16,MRPL38 (64978)
ACH-000950,6,11876264970319597754,17,SLC30A9 (10463)
ACH-000950,6,11876264970319597754,18,ESCO2 (157570)
ACH-000950,6,11876264970319597754,19,CDIN1 (84529)
ACH-000950,6,11876264970319597754,20,MRPL15 (29088)
ACH-000950,6,11876264970319597754,21,ZNF217 (7764)
ACH-000950,6,11876264970319597754,22,TFRC (7037)
ACH-000950,6,11876264970319597754,23,GEMIN7 (79760)
ACH-000950,6,11876264970319597754,24,SCD (6319)
ACH-000950,6,11876264970319597754,25,GART (2618)
ACH-000950,6,11876264970319597754,26,CCND3 (896)
ACH-000950,6,11876264970319597754,27,HYCC2 (285172)
ACH-000950,6,11876264970319597754,28,ADSS2 (159)
ACH-000950,6,11876264970319597754,29,CUL2 (8453)
ACH-000950,6,11876264970319597754,30,CFLAR (8837)
ACH-000950,6,11876264970319597754,31,TIMM29 (90580)
ACH-000950,6,11876264970319597754,32,PCYT1A (5130)
ACH-000950,6,11876264970319597754,33,RAB10 (10890)
ACH-000950,6,11876264970319597754,34,NCKAP1 (10787)
ACH-000950,6,11876264970319597754,35,BRCA2 (675)
ACH-000950,6,11876264970319597754,36,TSC2 (7249)
ACH-000950,6,11876264970319597754,37,SAMM50 (25813)
ACH-000950,6,11876264970319597754,38,PSMG1 (8624)
ACH-000950,6,11876264970319597754,39,DDX39B (7919)
ACH-000950,6,11876264970319597754,40,OTUD5 (55593)
ACH-000950,6,11876264970319597754,41,IER3IP1 (51124)
ACH-000950,6,11876264970319597754,42,DNM1L (10059)
ACH-000950,6,11876264970319597754,43,SLC25A28 (81894)
ACH-000950,6,11876264970319597754,44,HAUS8 (93323)
ACH-000950,6,11876264970319597754,45,PPP2R3C (55012)
ACH-000950,6,11876264970319597754,46,DSN1 (79980)
ACH-000950,6,11876264970319597754,47,MRPS16 (51021)
ACH-000950,6,11876264970319597754,48,MTG1 (92170)
ACH-000950,6,11876264970319597754,49,VBP1 (7411)
ACH-000950,6,11876264970319597754,50,RHEB (6009)
ACH-000950,7,8027983621537207392,1,PFN1 (5216)
ACH-000950,7,8027983621537207392,2,MVD (4597)
ACH-000950,7,8027983621537207392,3,ATP5F1C (509)
ACH-000950,7,8027983621537207392,4,NDC1 (55706)
ACH-000950,7,8027983621537207392,5,STIL (6491)
ACH-000950,7,8027983621537207392,6,GABPB1 (2553)
ACH-000950,7,8027983621537207392,7,TUBB3 (10381)
ACH-000950,7,8027983621537207392,8,SYNCRIP (10492)
ACH-000950,7,8027983621537207392,9,RGP1 (9827)
ACH-000950,7,8027983621537207392,10,CDIN1 (84529)
ACH-000950,7,8027983621537207392,11,TFAM (7019)
ACH-000950,7,8027983621537207392,12,MED23 (9439)
ACH-000950,7,8027983621537207392,13,ANKRD49 (54851)
ACH-000950,7,8027983621537207392,14,VHL (7428)
ACH-000950,7,8027983621537207392,15,SLC25A26 (115286)
ACH-000950,7,8027983621537207392,16,FDPS (2224)
ACH-000950,7,8027983621537207392,17,PTK2 (5747)
ACH-000950,7,8027983621537207392,18,ADRM1 (11047)
ACH-000950,7,8027983621537207392,19,LDB1 (8861)
ACH-000950,7,8027983621537207392,20,HSD17B10 (3028)
ACH-000950,7,8027983621537207392,21,TRIM37 (4591)
ACH-000950,7,8027983621537207392,22,PPP1CA (5499)
ACH-000950,7,8027983621537207392,23,SLC20A1 (6574)
ACH-000950,7,8027983621537207392,24,FDFT1 (2222)
ACH-000950,7,8027983621537207392,25,GCN1 (10985)
ACH-000950,7,8027983621537207392,26,MRPL12 (6182)
ACH-000950,7,8027983621537207392,27,SMCHD1 (23347)
ACH-000950,7,8027983621537207392,28,TAMM41 (132001)
ACH-000950,7,8027983621537207392,29,SCD (6319)
ACH-000950,7,8027983621537207392,30,COX10 (1352)
ACH-000950,7,8027983621537207392,31,MTPAP (55149)
ACH-000950,7,8027983621537207392,32,TOMM20 (9804)
ACH-000950,7,8027983621537207392,33,RNF4 (6047)
ACH-000950,7,8027983621537207392,34,UBA5 (79876)
ACH-000950,7,8027983621537207392,35,HNF1A (6927)
ACH-000950,7,8027983621537207392,36,NAMPT (10135)
ACH-000950,7,8027983621537207392,37,TAPT1 (202018)
ACH-000950,7,8027983621537207392,38,DARS2 (55157)
ACH-000950,7,8027983621537207392,39,SAMM50 (25813)
ACH-000950,7,8027983621537207392,40,SLC38A2 (54407)
ACH-000950,7,8027983621537207392,41,FURIN (5045)
ACH-000950,7,8027983621537207392,42,TGIF1 (7050)
ACH-000950,7,8027983621537207392,43,NELFCD (51497)
ACH-000950,7,8027983621537207392,44,FDX1 (2230)
ACH-000950,7,8027983621537207392,45,DNAJC19 (131118)
ACH-000950,7,8027983621537207392,46,FOXO3B (2310)
ACH-000950,7,8027983621537207392,47,RIC8A (60626)
ACH-000950,7,8027983621537207392,48,SLC7A1 (6541)
ACH-000950,7,8027983621537207392,49,CYB5B (80777)
ACH-000950,7,8027983621537207392,50,TMED10 (10972)
ACH-000950,8,5522734212633129030,1,SOX10 (6663)
ACH-000950,8,5522734212633129030,2,IRS2 (8660)
ACH-000950,8,5522734212633129030,3,MRPL39 (54148)
ACH-000950,8,5522734212633129030,4,RPL22L1 (200916)
ACH-000950,8,5522734212633129030,5,FGFR1 (2260)
ACH-000950,8,5522734212633129030,6,TOMM70 (9868)
ACH-000950,8,5522734212633129030,7,TCOF1 (6949)
ACH-000950,8,5522734212633129030,8,MRPL28 (10573)
ACH-000950,8,5522734212633129030,9,XYLT2 (64132)
ACH-000950,8,5522734212633129030,10,XRN1 (54464)
ACH-000950,8,5522734212633129030,11,ADSS2 (159)
ACH-000950,8,5522734212633129030,12,GEMIN7 (79760)
ACH-000950,8,5522734212633129030,13,PDCD7 (10081)
ACH-000950,8,5522734212633129030,14,TEN1 (100134934)
ACH-000950,8,5522734212633129030,15,ELAVL1 (1994)
ACH-000950,8,5522734212633129030,16,LSM12 (124801)
ACH-000950,8,5522734212633129030,17,GOLT1B (51026)
ACH-000950,8,5522734212633129030,18,H2BC5 (3017)
ACH-000950,8,5522734212633129030,19,BRK1 (55845)
ACH-000950,8,5522734212633129030,20,FURIN (5045)
ACH-000950,8,5522734212633129030,21,DHX29 (54505)
ACH-000950,8,5522734212633129030,22,STK11 (6794)
ACH-000950,8,5522734212633129030,23,TIMM17A (10440)
ACH-000950,8,5522734212633129030,24,TACC3 (10460)
ACH-000950,8,5522734212633129030,25,SLC20A1 (6574)
ACH-000950,8,5522734212633129030,26,UBA5 (79876)
ACH-000950,8,5522734212633129030,27,CCND3 (896)
ACH-000950,8,5522734212633129030,28,EARS2 (124454)
ACH-000950,8,5522734212633129030,29,PDS5A (23244)
ACH-000950,8,5522734212633129030,30,MCMBP (79892)
ACH-000950,8,5522734212633129030,31,PPIL1 (51645)
ACH-000950,8,5522734212633129030,32,UBQLN4 (56893)
ACH-000950,8,5522734212633129030,33,DDX3X (1654)
ACH-000950,8,5522734212633129030,34,PPP2R2A (5520)
ACH-000950,8,5522734212633129030,35,VPS37A (137492)
ACH-000950,8,5522734212633129030,36,HECTD1 (25831)
ACH-000950,8,5522734212633129030,37,SSBP3 (23648)
ACH-000950,8,5522734212633129030,38,CFLAR (8837)
ACH-000950,8,5522734212633129030,39,ATP6V1H (51606)
ACH-000950,8,5522734212633129030,40,METAP1 (23173)
ACH-000950,8,5522734212633129030,41,PCNX3 (399909)
ACH-000950,8,5522734212633129030,42,NR2C2AP (126382)
ACH-000950,8,5522734212633129030,43,BRD2 (6046)
ACH-000950,8,5522734212633129030,44,DSCC1 (79075)
ACH-000950,8,5522734212633129030,45,TTC7A (57217)
ACH-000950,8,5522734212633129030,46,NXT1 (29107)
ACH-000950,8,5522734212633129030,47,MRPL18 (29074)
ACH-000950,8,5522734212633129030,48,TRIT1 (54802)
ACH-000950,8,5522734212633129030,49,MED1 (5469)
ACH-000950,8,5522734212633129030,50,NCKAP1 (10787)
ACH-000950,9,1957193800493174693,1,TAPT1 (202018)
ACH-000950,9,1957193800493174693,2,VEZF1 (7716)
ACH-000950,9,1957193800493174693,3,KRAS (3845)
ACH-000950,9,1957193800493174693,4,SEPHS2 (22928)
ACH-000950,9,1957193800493174693,5,PRRC2A (7916)
ACH-000950,9,1957193800493174693,6,MED1 (5469)
ACH-000950,9,1957193800493174693,7,YME1L1 (10730)
ACH-000950,9,1957193800493174693,8,MLST8 (64223)
ACH-000950,9,1957193800493174693,9,SMARCE1 (6605)
ACH-000950,9,1957193800493174693,10,DICER1 (23405)
ACH-000950,9,1957193800493174693,11,TACC3 (10460)
ACH-000950,9,1957193800493174693,12,FOXO3B (2310)
ACH-000950,9,1957193800493174693,13,CDK6 (1021)
ACH-000950,9,1957193800493174693,14,CCDC6 (8030)
ACH-000950,9,1957193800493174693,15,TRAF7 (84231)
ACH-000950,9,1957193800493174693,16,RIC8A (60626)
ACH-000950,9,1957193800493174693,17,BRCA1 (672)
ACH-000950,9,1957193800493174693,18,ADSL (158)
ACH-000950,9,1957193800493174693,19,EP300 (2033)
ACH-000950,9,1957193800493174693,20,ATP5F1D (513)
ACH-000950,9,1957193800493174693,21,HNRNPA2B1 (3181)
ACH-000950,9,1957193800493174693,22,GABPA (2551)
ACH-000950,9,1957193800493174693,23,MRPS6 (64968)
ACH-000950,9,1957193800493174693,24,TFRC (7037)
ACH-000950,9,1957193800493174693,25,SREBF1 (6720)
ACH-000950,9,1957193800493174693,26,MRPS10 (55173)
ACH-000950,9,1957193800493174693,27,CDAN1 (146059)
ACH-000950,9,1957193800493174693,28,ENO1 (2023)
ACH-000950,9,1957193800493174693,29,HARS2 (23438)
ACH-000950,9,1957193800493174693,30,KRTCAP2 (200185)
ACH-000950,9,1957193800493174693,31,SARNP (84324)
ACH-000950,9,1957193800493174693,32,TGIF1 (7050)
ACH-000950,9,1957193800493174693,33,ACLY (47)
ACH-000950,9,1957193800493174693,34,ATXN7L3 (56970)
ACH-000950,9,1957193800493174693,35,TRIM37 (4591)
ACH-000950,9,1957193800493174693,36,MAU2 (23383)
ACH-000950,9,1957193800493174693,37,BRAT1 (221927)
ACH-000950,9,1957193800493174693,38,THAP11 (57215)
ACH-000950,9,1957193800493174693,39,CDK8 (1024)
ACH-000950,9,1957193800493174693,40,SLC33A1 (9197)
ACH-000950,9,1957193800493174693,41,MRPS7 (51081)
ACH-000950,9,1957193800493174693,42,BRCA2 (675)
ACH-000950,9,1957193800493174693,43,GTF3C3 (9330)
ACH-000950,9,1957193800493174693,44,FLII (2314)
ACH-000950,9,1957193800493174693,45,UAP1 (6675)
ACH-000950,9,1957193800493174693,46,NUP50 (10762)
ACH-000950,9,1957193800493174693,47,ACO2 (50)
ACH-000950,9,1957193800493174693,48,MTCH2 (23788)
ACH-000950,9,1957193800493174693,49,SLC25A26 (115286)
ACH-000950,9,1957193800493174693,50,CIT (11113)
ACH-000950,10,2347934378675009871,1,MRPS25 (64432)
ACH-000950,10,2347934378675009871,2,ZWINT (11130)
ACH-000950,10,2347934378675009871,3,METTL17 (64745)
ACH-000950,10,2347934378675009871,4,MAPK1 (5594)
ACH-000950,10,2347934378675009871,5,NHLRC2 (374354)
ACH-000950,10,2347934378675009871,6,PTP4A1 (7803)
ACH-000950,10,2347934378675009871,7,UBR5 (51366)
ACH-000950,10,2347934378675009871,8,BRK1 (55845)
ACH-000950,10,2347934378675009871,9,COP1 (64326)
ACH-000950,10,2347934378675009871,10,SHOC2 (8036)
ACH-000950,10,2347934378675009871,11,LAMTOR2 (28956)
ACH-000950,10,2347934378675009871,12,WTAP (9589)
ACH-000950,10,2347934378675009871,13,NONO (4841)
ACH-000950,10,2347934378675009871,14,KLF5 (688)
ACH-000950,10,2347934378675009871,15,EAPP (55837)
ACH-000950,10,2347934378675009871,16,FLII (2314)
ACH-000950,10,2347934378675009871,17,COQ4 (51117)
ACH-000950,10,2347934378675009871,18,MFN2 (9927)
ACH-000950,10,2347934378675009871,19,CSNK1A1 (1452)
ACH-000950,10,2347934378675009871,20,TAF1D (79101)
ACH-000950,10,2347934378675009871,21,CFL1 (1072)
ACH-000950,10,2347934378675009871,22,CCND1 (595)
ACH-000950,10,2347934378675009871,23,YAP1 (10413)
ACH-000950,10,2347934378675009871,24,KATNB1 (10300)
ACH-000950,10,2347934378675009871,25,TMX2 (51075)
ACH-000950,10,2347934378675009871,26,NDC1 (55706)
ACH-000950,10,2347934378675009871,27,PPM1D (8493)
ACH-000950,10,2347934378675009871,28,RNF168 (165918)
ACH-000950,10,2347934378675009871,29,WNK1 (65125)
ACH-000950,10,2347934378675009871,30,TCF7L2 (6934)
ACH-000950,10,2347934378675009871,31,PGP (283871)
ACH-000950,10,2347934378675009871,32,PARD6B (84612)
ACH-000950,10,2347934378675009871,33,LSM12 (124801)
ACH-000950,10,2347934378675009871,34,MRPL35 (51318)
ACH-000950,10,2347934378675009871,35,FXN (2395)
ACH-000950,10,2347934378675009871,36,NCKAP1 (10787)
ACH-000950,10,2347934378675009871,37,VHL (7428)
ACH-000950,10,2347934378675009871,38,RPRD1B (58490)
ACH-000950,10,2347934378675009871,39,RAD51C (5889)
ACH-000950,10,2347934378675009871,40,DDX39B (7919)
ACH-000950,10,2347934378675009871,41,FAM98B (283742)
ACH-000950,10,2347934378675009871,42,CTNNB1 (1499)
ACH-000950,10,2347934378675009871,43,TEDC1 (283643)
ACH-000950,10,2347934378675009871,44,DARS2 (55157)
ACH-000950,10,2347934378675009871,45,SNRPB2 (6629)
ACH-000950,10,2347934378675009871,46,H2AX (3014)
ACH-000950,10,2347934378675009871,47,ASNS (440)
ACH-000950,10,2347934378675009871,48,REXO2 (25996)
ACH-000950,10,2347934378675009871,49,THG1L (54974)
ACH-000950,10,2347934378675009871,50,DUSP4 (1846)
ACH-000950,11,5775109955528219724,1,PGM3 (5238)
ACH-000950,11,5775109955528219724,2,MRPL12 (6182)
ACH-000950,11,5775109955528219724,3,SLC25A3 (5250)
ACH-000950,11,5775109955528219724,4,MRPS24 (64951)
ACH-000950,11,5775109955528219724,5,NCKAP1 (10787)
ACH-000950,11,5775109955528219724,6,NDE1 (54820)
ACH-000950,11,5775109955528219724,7,HMBS (3145)
ACH-000950,11,5775109955528219724,8,XRN1 (54464)
ACH-000950,11,5775109955528219724,9,ATXN7L3 (56970)
ACH-000950,11,5775109955528219724,10,CDK6 (1021)
ACH-000950,11,5775109955528219724,11,TIMM29 (90580)
ACH-000950,11,5775109955528219724,12,SRSF10 (10772)
ACH-000950,11,5775109955528219724,13,PFAS (5198)
ACH-000950,11,5775109955528219724,14,CEP43 (11116)
ACH-000950,11,5775109955528219724,15,PKN2 (5586)
ACH-000950,11,5775109955528219724,16,FBXW11 (23291)
ACH-000950,11,5775109955528219724,17,ATL2 (64225)
ACH-000950,11,5775109955528219724,18,FOXO3B (2310)
ACH-000950,11,5775109955528219724,19,MYBBP1A (10514)
ACH-000950,11,5775109955528219724,20,UROD (7389)
ACH-000950,11,5775109955528219724,21,NDUFB3 (4709)
ACH-000950,11,5775109955528219724,22,MPPE1 (65258)
ACH-000950,11,5775109955528219724,23,EP300 (2033)
ACH-000950,11,5775109955528219724,24,NDUFA4 (4697)
ACH-000950,11,5775109955528219724,25,BSG (682)
ACH-000950,11,5775109955528219724,26,KCMF1 (56888)
ACH-000950,11,5775109955528219724,27,ENO1 (2023)
ACH-000950,11,5775109955528219724,28,USP7 (7874)
ACH-000950,11,5775109955528219724,29,PNKP (11284)
ACH-000950,11,5775109955528219724,30,COASY (80347)
ACH-000950,11,5775109955528219724,31,DHODH (1723)
ACH-000950,11,5775109955528219724,32,CCAR1 (55749)
ACH-000950,11,5775109955528219724,33,PDS5A (23244)
ACH-000950,11,5775109955528219724,34,SOX9 (6662)
ACH-000950,11,5775109955528219724,35,PPIL1 (51645)
ACH-000950,11,5775109955528219724,36,ITGB5 (3693)
ACH-000950,11,5775109955528219724,37,BRAT1 (221927)
ACH-000950,11,5775109955528219724,38,IDH3A (3419)
ACH-000950,11,5775109955528219724,39,RNF4 (6047)
ACH-000950,11,5775109955528219724,40,YME1L1 (10730)
ACH-000950,11,5775109955528219724,41,GPI (2821)
ACH-000950,11,5775109955528219724,42,PPP1CA (5499)
ACH-000950,11,5775109955528219724,43,PDCD7 (10081)
ACH-000950,11,5775109955528219724,44,GEMIN4 (50628)
ACH-000950,11,5775109955528219724,45,MRPS5 (64969)
ACH-000950,11,5775109955528219724,46,FERMT2 (10979)
ACH-000950,11,5775109955528219724,47,PET117 (100303755)
ACH-000950,11,5775109955528219724,48,NHLRC2 (374354)
ACH-000950,11,5775109955528219724,49,ZFP36L1 (677)
ACH-000950,11,5775109955528219724,50,CSNK1A1 (1452)
ACH-000950,12,2882374797926559539,1,MEN1 (4221)
ACH-000950,12,2882374797926559539,2,SLC16A1 (6566)
ACH-000950,12,2882374797926559539,3,STAMBP (10617)
ACH-000950,12,2882374797926559539,4,GPI (2821)
ACH-000950,12,2882374797926559539,5,APC (324)
ACH-000950,12,2882374797926559539,6,FAM98B (283742)
ACH-000950,12,2882374797926559539,7,GFM1 (85476)
ACH-000950,12,2882374797926559539,8,INTS15 (79034)
ACH-000950,12,2882374797926559539,9,PTDSS1 (9791)
ACH-000950,12,2882374797926559539,10,ATIC (471)
ACH-000950,12,2882374797926559539,11,BCL9 (607)
ACH-000950,12,2882374797926559539,12,C19orf53 (28974)
ACH-000950,12,2882374797926559539,13,CSK (1445)
ACH-000950,12,2882374797926559539,14,CARS2 (79587)
ACH-000950,12,2882374797926559539,15,EXOC1 (55763)
ACH-000950,12,2882374797926559539,16,PHF12 (57649)
ACH-000950,12,2882374797926559539,17,FERMT1 (55612)
ACH-000950,12,2882374797926559539,18,PPP6C (5537)
ACH-000950,12,2882374797926559539,19,ZFX (7543)
ACH-000950,12,2882374797926559539,20,ACO2 (50)
ACH-000950,12,2882374797926559539,21,MPPE1 (65258)
ACH-000950,12,2882374797926559539,22,PIK3CA (5290)
ACH-000950,12,2882374797926559539,23,FXN (2395)
ACH-000950,12,2882374797926559539,24,USE1 (55850)
ACH-000950,12,2882374797926559539,25,VBP1 (7411)
ACH-000950,12,2882374797926559539,26,BCL9L (283149)
ACH-000950,12,2882374797926559539,27,MED23 (9439)
ACH-000950,12,2882374797926559539,28,COX6A1 (1337)
ACH-000950,12,2882374797926559539,29,ATP5F1B (506)
ACH-000950,12,2882374797926559539,30,METTL17 (64745)
ACH-000950,12,2882374797926559539,31,CTDSPL2 (51496)
ACH-000950,12,2882374797926559539,32,UFM1 (51569)
ACH-000950,12,2882374797926559539,33,RAD1 (5810)
ACH-000950,12,2882374797926559539,34,PITRM1 (10531)
ACH-000950,12,2882374797926559539,35,RAD51C (5889)
ACH-000950,12,2882374797926559539,36,SLC25A26 (115286)
ACH-000950,12,2882374797926559539,37,NCAPD3 (23310)
ACH-000950,12,2882374797926559539,38,NDUFB3 (4709)
ACH-000950,12,2882374797926559539,39,PTP4A1 (7803)
ACH-000950,12,2882374797926559539,40,NDUFA4 (4697)
ACH-000950,12,2882374797926559539,41,VARS2 (57176)
ACH-000950,12,2882374797926559539,42,GFPT1 (2673)
ACH-000950,12,2882374797926559539,43,LIPT1 (51601)
ACH-000950,12,2882374797926559539,44,CDIN1 (84529)
ACH-000950,12,2882374797926559539,45,RPAP2 (79871)
ACH-000950,12,2882374797926559539,46,GEMIN7 (79760)
ACH-000950,12,2882374797926559539,47,METAP1 (23173)
ACH-000950,12,2882374797926559539,48,MED24 (9862)
ACH-000950,12,2882374797926559539,49,HEMK2 (29104)
ACH-000950,12,2882374797926559539,50,CIT (11113)
ACH-000950,13,17954915566405253467,1,PPP1CA (5499)
ACH-000950,13,17954915566405253467,2,GABPA (2551)
ACH-000950,13,17954915566405253467,3,RAD51D (5892)
ACH-000950,13,17954915566405253467,4,OTUD5 (55593)
ACH-000950,13,17954915566405253467,5,RHOA (387)
ACH-000950,13,17954915566405253467,6,MED12 (9968)
ACH-000950,13,17954915566405253467,7,MCL1 (4170)
ACH-000950,13,17954915566405253467,8,CYC1 (1537)
ACH-000950,13,17954915566405253467,9,UBQLN4 (56893)
ACH-000950,13,17954915566405253467,10,PTK2 (5747)
ACH-000950,13,17954915566405253467,11,ADAR (103)
ACH-000950,13,17954915566405253467,12,EAPP (55837)
ACH-000950,13,17954915566405253467,13,RELA (5970)
ACH-000950,13,17954915566405253467,14,KATNB1 (10300)
ACH-000950,13,17954915566405253467,15,MRPL49 (740)
ACH-000950,13,17954915566405253467,16,SEPHS2 (22928)
ACH-000950,13,17954915566405253467,17,UBIAD1 (29914)
ACH-000950,13,17954915566405253467,18,USP8 (9101)
ACH-000950,13,17954915566405253467,19,TAMM41 (132001)
ACH-000950,13,17954915566405253467,20,EAF1 (85403)
ACH-000950,13,17954915566405253467,21,RPUSD4 (84881)
ACH-000950,13,17954915566405253467,22,SQLE (6713)
ACH-000950,13,17954915566405253467,23,ATXN7L3 (56970)
ACH-000950,13,17954915566405253467,24,NHLRC2 (374354)
ACH-000950,13,17954915566405253467,25,MAPK14 (1432)
ACH-000950,13,17954915566405253467,26,UQCRC2 (7385)
ACH-000950,13,17954915566405253467,27,GMNN (51053)
ACH-000950,13,17954915566405253467,28,CBLL1 (79872)
ACH-000950,13,17954915566405253467,29,FAF2 (23197)
ACH-000950,13,17954915566405253467,30,COA7 (65260)
ACH-000950,13,17954915566405253467,31,DNAJC19 (131118)
ACH-000950,13,17954915566405253467,32,NDUFB10 (4716)
ACH-000950,13,17954915566405253467,33,TIMM29 (90580)
ACH-000950,13,17954915566405253467,34,C19orf53 (28974)
ACH-000950,13,17954915566405253467,35,EP300 (2033)
ACH-000950,13,17954915566405253467,36,MRPL15 (29088)
ACH-000950,13,17954915566405253467,37,MRPS24 (64951)
ACH-000950,13,17954915566405253467,38,IER3IP1 (51124)
ACH-000950,13,17954915566405253467,39,STAMBP (10617)
ACH-000950,13,17954915566405253467,40,GRSF1 (2926)
ACH-000950,13,17954915566405253467,41,ACO2 (50)
ACH-000950,13,17954915566405253467,42,TRPM7 (54822)
ACH-000950,13,17954915566405253467,43,PMM2 (5373)
ACH-000950,13,17954915566405253467,44,OGDH (4967)
ACH-000950,13,17954915566405253467,45,FDFT1 (2222)
ACH-000950,13,17954915566405253467,46,DHX29 (54505)
ACH-000950,13,17954915566405253467,47,MBTPS2 (51360)
ACH-000950,13,17954915566405253467,48,GLRX5 (51218)
ACH-000950,13,17954915566405253467,49,FAM98B (283742)
ACH-000950,13,17954915566405253467,50,UBR5 (51366)
ACH-000950,14,17533867186686917151,1,SDHB (6390)
ACH-000950,14,17533867186686917151,2,UXS1 (80146)
ACH-000950,14,17533867186686917151,3,ANLN (54443)
ACH-000950,14,17533867186686917151,4,MRPL12 (6182)
ACH-000950,14,17533867186686917151,5,HECTD1 (25831)
ACH-000950,14,17533867186686917151,6,WWTR1 (25937)
ACH-000950,14,17533867186686917151,7,USP1 (7398)
ACH-000950,14,17533867186686917151,8,RAD1 (5810)
ACH-000950,14,17533867186686917151,9,ZMYND8 (23613)
ACH-000950,14,17533867186686917151,10,MRPL28 (10573)
ACH-000950,14,17533867186686917151,11,KDM2A (22992)
ACH-000950,14,17533867186686917151,12,STAG2 (10735)
ACH-000950,14,17533867186686917151,13,ARID2 (196528)
ACH-000950,14,17533867186686917151,14,UBE2H (7328)
ACH-000950,14,17533867186686917151,15,DYNLL1 (8655)
ACH-000950,14,17533867186686917151,16,WTAP (9589)
ACH-000950,14,17533867186686917151,17,UROD (7389)
ACH-000950,14,17533867186686917151,18,RAB6A (5870)
ACH-000950,14,17533867186686917151,19,MTCH2 (23788)
ACH-000950,14,17533867186686917151,20,CCAR1 (55749)
ACH-000950,14,17533867186686917151,21,TSC22D2 (9819)
ACH-000950,14,17533867186686917151,22,DOLPP1 (57171)
ACH-000950,14,17533867186686917151,23,GEMIN7 (79760)
ACH-000950,14,17533867186686917151,24,YME1L1 (10730)
ACH-000950,14,17533867186686917151,25,TRPM7 (54822)
ACH-000950,14,17533867186686917151,26,CREBBP (1387)
ACH-000950,14,17533867186686917151,27,SLC25A28 (81894)
ACH-000950,14,17533867186686917151,28,FERMT2 (10979)
ACH-000950,14,17533867186686917151,29,TWNK (56652)
ACH-000950,14,17533867186686917151,30,PSMG2 (56984)
ACH-000950,14,17533867186686917151,31,CAND1 (55832)
ACH-000950,14,17533867186686917151,32,TUBB3 (10381)
ACH-000950,14,17533867186686917151,33,LSM12 (124801)
ACH-000950,14,17533867186686917151,34,DARS2 (55157)
ACH-000950,14,17533867186686917151,35,EXOSC10 (5394)
ACH-000950,14,17533867186686917151,36,PAXIP1 (22976)
ACH-000950,14,17533867186686917151,37,DET1 (55070)
ACH-000950,14,17533867186686917151,38,NARS2 (79731)
ACH-000950,14,17533867186686917151,39,MRPL55 (128308)
ACH-000950,14,17533867186686917151,40,SLC7A5 (8140)
ACH-000950,14,17533867186686917151,41,RPL22L1 (200916)
ACH-000950,14,17533867186686917151,42,TAFAZZIN (6901)
ACH-000950,14,17533867186686917151,43,CDIN1 (84529)
ACH-000950,14,17533867186686917151,44,SEPHS2 (22928)
ACH-000950,14,17533867186686917151,45,VPS33A (65082)
ACH-000950,14,17533867186686917151,46,RBM18 (92400)
ACH-000950,14,17533867186686917151,47,FAM185A (222234)
ACH-000950,14,17533867186686917151,48,ARID1B (57492)
ACH-000950,14,17533867186686917151,49,MAD2L1BP (9587)
ACH-000950,14,17533867186686917151,50,SEPSECS (51091)
ACH-000950,15,3219793662850391083,1,LIPT1 (51601)
ACH-000950,15,3219793662850391083,2,ADSS2 (159)
ACH-000950,15,3219793662850391083,3,FLII (2314)
ACH-000950,15,3219793662850391083,4,TMED10 (10972)
ACH-000950,15,3219793662850391083,5,GEMIN7 (79760)
ACH-000950,15,3219793662850391083,6,FDXR (2232)
ACH-000950,15,3219793662850391083,7,KANSL1 (284058)
ACH-000950,15,3219793662850391083,8,ATP6V0E1 (8992)
ACH-000950,15,3219793662850391083,9,AP2M1 (1173)
ACH-000950,15,3219793662850391083,10,TCOF1 (6949)
ACH-000950,15,3219793662850391083,11,PGP (283871)
ACH-000950,15,3219793662850391083,12,DAP3 (7818)
ACH-000950,15,3219793662850391083,13,CCND1 (595)
ACH-000950,15,3219793662850391083,14,MLST8 (64223)
ACH-000950,15,3219793662850391083,15,PPP2R2A (5520)
ACH-000950,15,3219793662850391083,16,CFL1 (1072)
ACH-000950,15,3219793662850391083,17,CCAR1 (55749)
ACH-000950,15,3219793662850391083,18,SRSF10 (10772)
ACH-000950,15,3219793662850391083,19,MRPS14 (63931)
ACH-000950,15,3219793662850391083,20,DARS2 (55157)
ACH-000950,15,3219793662850391083,21,CBLL1 (79872)
ACH-000950,15,3219793662850391083,22,ESCO2 (157570)
ACH-000950,15,3219793662850391083,23,ARF4 (378)
ACH-000950,15,3219793662850391083,24,MTCH2 (23788)
ACH-000950,15,3219793662850391083,25,TKT (7086)
ACH-000950,15,3219793662850391083,26,SEPSECS (51091)
ACH-000950,15,3219793662850391083,27,TRIP13 (9319)
ACH-000950,15,3219793662850391083,28,UBAP2L (9898)
ACH-000950,15,3219793662850391083,29,RBBP7 (5931)
ACH-000950,15,3219793662850391083,30,RELA (5970)
ACH-000950,15,3219793662850391083,31,DNAJC13 (23317)
ACH-000950,15,3219793662850391083,32,MICOS10 (440574)
ACH-000950,15,3219793662850391083,33,SSBP1 (6742)
ACH-000950,15,3219793662850391083,34,USP8 (9101)
ACH-000950,15,3219793662850391083,35,CDK8 (1024)
ACH-000950,15,3219793662850391083,36,EIF2AK4 (440275)
ACH-000950,15,3219793662850391083,37,VHL (7428)
ACH-000950,15,3219793662850391083,38,GMPS (8833)
ACH-000950,15,3219793662850391083,39,METAP1 (23173)
ACH-000950,15,3219793662850391083,40,FPGS (2356)
ACH-000950,15,3219793662850391083,41,FDPS (2224)
ACH-000950,15,3219793662850391083,42,USP1 (7398)
ACH-000950,15,3219793662850391083,43,BUD13 (84811)
ACH-000950,15,3219793662850391083,44,HNF1A (6927)
ACH-000950,15,3219793662850391083,45,BCL9L (283149)
ACH-000950,15,3219793662850391083,46,MTX2 (10651)
ACH-000950,15,3219793662850391083,47,FECH (2235)
ACH-000950,15,3219793662850391083,48,FAM210A (125228)
ACH-000950,15,3219793662850391083,49,IMPDH2 (3615)
ACH-000950,15,3219793662850391083,50,ANAPC15 (25906)
ACH-000950,16,9737790564143909914,1,PPM1D (8493)
ACH-000950,16,9737790564143909914,2,ZMYND8 (23613)
ACH-000950,16,9737790564143909914,3,YPEL5 (51646)
ACH-000950,16,9737790564143909914,4,MRPL39 (54148)
ACH-000950,16,9737790564143909914,5,RAD1 (5810)
ACH-000950,16,9737790564143909914,6,MBTPS1 (8720)
ACH-000950,16,9737790564143909914,7,FPGS (2356)
ACH-000950,16,9737790564143909914,8,SLC25A3 (5250)
ACH-000950,16,9737790564143909914,9,PHF12 (57649)
ACH-000950,16,9737790564143909914,10,HARS2 (23438)
ACH-000950,16,9737790564143909914,11,WNK1 (65125)
ACH-000950,16,9737790564143909914,12,DICER1 (23405)
ACH-000950,16,9737790564143909914,13,SARS2 (54938)
ACH-000950,16,9737790564143909914,14,RRAGC (64121)
ACH-000950,16,9737790564143909914,15,TMED10 (10972)
ACH-000950,16,9737790564143909914,16,NRAS (4893)
ACH-000950,16,9737790564143909914,17,OTUD5 (55593)
ACH-000950,16,9737790564143909914,18,CCNB1 (891)
ACH-000950,16,9737790564143909914,19,BRAF (673)
ACH-000950,16,9737790564143909914,20,MRPL41 (64975)
ACH-000950,16,9737790564143909914,21,TGIF1 (7050)
ACH-000950,16,9737790564143909914,22,RFK (55312)
ACH-000950,16,9737790564143909914,23,TUBE1 (51175)
ACH-000950,16,9737790564143909914,24,XRCC3 (7517)
ACH-000950,16,9737790564143909914,25,IDH3A (3419)
ACH-000950,16,9737790564143909914,26,ATIC (471)
ACH-000950,16,9737790564143909914,27,CRLS1 (54675)
ACH-000950,16,9737790564143909914,28,SHOC2 (8036)
ACH-000950,16,9737790564143909914,29,SUGT1 (10910)
ACH-000950,16,9737790564143909914,30,PTK2 (5747)
ACH-000950,16,9737790564143909914,31,SLC25A26 (115286)
ACH-000950,16,9737790564143909914,32,SLC7A5 (8140)
ACH-000950,16,9737790564143909914,33,PPP4R2 (151987)
ACH-000950,16,9737790564143909914,34,DNAJC13 (23317)
ACH-000950,16,9737790564143909914,35,ANLN (54443)
ACH-000950,16,9737790564143909914,36,ANAPC15 (25906)
ACH-000950,16,9737790564143909914,37,FBXO42 (54455)
ACH-000950,16,9737790564143909914,38,STN1 (79991)
ACH-000950,16,9737790564143909914,39,UBAP2L (9898)
ACH-000950,16,9737790564143909914,40,ATP2B1 (490)
ACH-000950,16,9737790564143909914,41,PTDSS1 (9791)
ACH-000950,16,9737790564143909914,42,SAMM50 (25813)
ACH-000950,16,9737790564143909914,43,CTC1 (80169)
ACH-000950,16,9737790564143909914,44,MRPS10 (55173)
ACH-000950,16,9737790564143909914,45,CRAMP1 (57585)
ACH-000950,16,9737790564143909914,46,EXOSC10 (5394)
ACH-000950,16,9737790564143909914,47,TOMM20 (9804)
ACH-000950,16,9737790564143909914,48,PCYT1A (5130)
ACH-000950,16,9737790564143909914,49,PDS5A (23244)
ACH-000950,16,9737790564143909914,50,OXSM (54995)
ACH-000950,17,12101273758893286374,1,TEDC1 (283643)
ACH-000950,17,12101273758893286374,2,PSMG1 (8624)
ACH-000950,17,12101273758893286374,3,RIC1 (57589)
ACH-000950,17,12101273758893286374,4,WTAP (9589)
ACH-000950,17,12101273758893286374,5,INTS15 (79034)
ACH-000950,17,12101273758893286374,6,PTDSS1 (9791)
ACH-000950,17,12101273758893286374,7,NFRKB (4798)
ACH-000950,17,12101273758893286374,8,HAPSTR1 (29035)
ACH-000950,17,12101273758893286374,9,KIF18B (146909)
ACH-000950,17,12101273758893286374,10,MRPL41 (64975)
ACH-000950,17,12101273758893286374,11,RAD51D (5892)
ACH-000950,17,12101273758893286374,12,ENO1 (2023)
ACH-000950,17,12101273758893286374,13,VPS4B (9525)
ACH-000950,17,12101273758893286374,14,MVD (4597)
ACH-000950,17,12101273758893286374,15,CEP85 (64793)
ACH-000950,17,12101273758893286374,16,SLC25A26 (115286)
ACH-000950,17,12101273758893286374,17,C19orf53 (28974)
ACH-000950,17,12101273758893286374,18,MRPS11 (64963)
ACH-000950,17,12101273758893286374,19,PGM3 (5238)
ACH-000950,17,12101273758893286374,20,IRS2 (8660)
ACH-000950,17,12101273758893286374,21,ATP5F1C (509)
ACH-000950,17,12101273758893286374,22,RAF1 (5894)
ACH-000950,17,12101273758893286374,23,LIPT1 (51601)
ACH-000950,17,12101273758893286374,24,COX15 (1355)
ACH-000950,17,12101273758893286374,25,CAND1 (55832)
ACH-000950,17,12101273758893286374,26,CYB5B (80777)
ACH-000950,17,12101273758893286374,27,SLC16A1 (6566)
ACH-000950,17,12101273758893286374,28,PTPMT1 (114971)
ACH-000950,17,12101273758893286374,29,SLC38A2 (54407)
ACH-000950,17,12101273758893286374,30,CUL2 (8453)
ACH-000950,17,12101273758893286374,31,AHCYL1 (10768)
ACH-000950,17,12101273758893286374,32,PPP2R2A (5520)
ACH-000950,17,12101273758893286374,33,VEZF1 (7716)
ACH-000950,17,12101273758893286374,34,RIC8A (60626)
ACH-000950,17,12101273758893286374,35,SCAP (22937)
ACH-000950,17,12101273758893286374,36,SSBP3 (23648)
ACH-000950,17,12101273758893286374,37,HNF1A (6927)
ACH-000950,17,12101273758893286374,38,NMNAT1 (64802)
ACH-000950,17,12101273758893286374,39,GOLT1B (51026)
ACH-000950,17,12101273758893286374,40,BUD13 (84811)
ACH-000950,17,12101273758893286374,41,TIMM8A (1678)
ACH-000950,17,12101273758893286374,42,PPP2R3C (55012)
ACH-000950,17,12101273758893286374,43,THG1L (54974)
ACH-000950,17,12101273758893286374,44,SERBP1 (26135)
ACH-000950,17,12101273758893286374,45,ILK (3611)
ACH-000950,17,12101273758893286374,46,ELP4 (26610)
ACH-000950,17,12101273758893286374,47,TKT (7086)
ACH-000950,17,12101273758893286374,48,APC (324)
ACH-000950,17,12101273758893286374,49,GRB2 (2885)
ACH-000950,17,12101273758893286374,50,WDR83 (84292)
ACH-000950,18,16988776964689468614,1,RIC1 (57589)
ACH-000950,18,16988776964689468614,2,STAG2 (10735)
ACH-000950,18,16988776964689468614,3,CSK (1445)
ACH-000950,18,16988776964689468614,4,FAM185A (222234)
ACH-000950,18,16988776964689468614,5,MRPS34 (65993)
ACH-000950,18,16988776964689468614,6,USP1 (7398)
ACH-000950,18,16988776964689468614,7,MED19 (219541)
ACH-000950,18,16988776964689468614,8,TAF1D (79101)
ACH-000950,18,16988776964689468614,9,DNAJC13 (23317)
ACH-000950,18,16988776964689468614,10,CFLAR (8837)
ACH-000950,18,16988776964689468614,11,TAMM41 (132001)
ACH-000950,18,16988776964689468614,12,NFE2L2 (4780)
ACH-000950,18,16988776964689468614,13,MYB (4602)
ACH-000950,18,16988776964689468614,14,H2BC9 (8345)
ACH-000950,18,16988776964689468614,15,MFN2 (9927)
ACH-000950,18,16988776964689468614,16,ZFP36L1 (677)
ACH-000950,18,16988776964689468614,17,FAF2 (23197)
ACH-000950,18,16988776964689468614,18,ZWINT (11130)
ACH-000950,18,16988776964689468614,19,PPP1CA (5499)
ACH-000950,18,16988776964689468614,20,SCD (6319)
ACH-000950,18,16988776964689468614,21,BCL9 (607)
ACH-000950,18,16988776964689468614,22,COX5A (9377)
ACH-000950,18,16988776964689468614,23,KIF4A (24137)
ACH-000950,18,16988776964689468614,24,MTG2 (26164)
ACH-000950,18,16988776964689468614,25,POLE3 (54107)
ACH-000950,18,16988776964689468614,26,SAMM50 (25813)
ACH-000950,18,16988776964689468614,27,PHF12 (57649)
ACH-000950,18,16988776964689468614,28,DOLPP1 (57171)
ACH-000950,18,16988776964689468614,29,WWTR1 (25937)
ACH-000950,18,16988776964689468614,30,MCL1 (4170)
ACH-000950,18,16988776964689468614,31,AP2M1 (1173)
ACH-000950,18,16988776964689468614,32,RHEB (6009)
ACH-000950,18,16988776964689468614,33,PPP1CB (5500)
ACH-000950,18,16988776964689468614,34,RARS2 (57038)
ACH-000950,18,16988776964689468614,35,CCDC6 (8030)
ACH-000950,18,16988776964689468614,36,LDLR (3949)
ACH-000950,18,16988776964689468614,37,NBAS (51594)
ACH-000950,18,16988776964689468614,38,PNKP (11284)
ACH-000950,18,16988776964689468614,39,SLC16A1 (6566)
ACH-000950,18,16988776964689468614,40,AP2S1 (1175)
ACH-000950,18,16988776964689468614,41,TRIM37 (4591)
ACH-000950,18,16988776964689468614,42,FBXW11 (23291)
ACH-000950,18,16988776964689468614,43,TFAM (7019)
ACH-000950,18,16988776964689468614,44,BIRC6 (57448)
ACH-000950,18,16988776964689468614,45,TRIM28 (10155)
ACH-000950,18,16988776964689468614,46,HSD17B10 (3028)
ACH-000950,18,16988776964689468614,47,UBE2H (7328)
ACH-000950,18,16988776964689468614,48,PDCD7 (10081)
ACH-000950,18,16988776964689468614,49,OGDH (4967)
ACH-000950,18,16988776964689468614,50,TWNK (56652)
ACH-000950,19,5148098274607427115,1,CAB39 (51719)
ACH-000950,19,5148098274607427115,2,RIC1 (57589)
ACH-000950,19,5148098274607427115,3,KIF20A (10112)
ACH-000950,19,5148098274607427115,4,VBP1 (7411)
ACH-000950,19,5148098274607427115,5,ARPC4 (10093)
ACH-000950,19,5148098274607427115,6,UBA5 (79876)
ACH-000950,19,5148098274607427115,7,AP2M1 (1173)
ACH-000950,19,5148098274607427115,8,ACTR3 (10096)
ACH-000950,19,5148098274607427115,9,CEP85 (64793)
ACH-000950,19,5148098274607427115,10,CCAR1 (55749)
ACH-000950,19,5148098274607427115,11,MRPL49 (740)
ACH-000950,19,5148098274607427115,12,CCNC (892)
ACH-000950,19,5148098274607427115,13,MRPL39 (54148)
ACH-000950,19,5148098274607427115,14,ATP2B1 (490)
ACH-000950,19,5148098274607427115,15,COASY (80347)
ACH-000950,19,5148098274607427115,16,STK11 (6794)
ACH-000950,19,5148098274607427115,17,SOX10 (6663)
ACH-000950,19,5148098274607427115,18,CHMP5 (51510)
ACH-000950,19,5148098274607427115,19,SMARCE1 (6605)
ACH-000950,19,5148098274607427115,20,WDR73 (84942)
ACH-000950,19,5148098274607427115,21,TIMM17A (10440)
ACH-000950,19,5148098274607427115,22,PKN2 (5586)
ACH-000950,19,5148098274607427115,23,TFAM (7019)
ACH-000950,19,5148098274607427115,24,CDH1 (999)
ACH-000950,19,5148098274607427115,25,SLC25A3 (5250)
ACH-000950,19,5148098274607427115,26,UBIAD1 (29914)
ACH-000950,19,5148098274607427115,27,MTG1 (92170)
ACH-000950,19,5148098274607427115,28,FBXW11 (23291)
ACH-000950,19,5148098274607427115,29,VARS2 (57176)
ACH-000950,19,5148098274607427115,30,OGDH (4967)
ACH-000950,19,5148098274607427115,31,SMC5 (23137)
ACH-000950,19,5148098274607427115,32,LSM12 (124801)
ACH-000950,19,5148098274607427115,33,RPL22L1 (200916)
ACH-000950,19,5148098274607427115,34,TRAF7 (84231)
ACH-000950,19,5148098274607427115,35,ZWINT (11130)
ACH-000950,19,5148098274607427115,36,SCD (6319)
ACH-000950,19,5148098274607427115,37,EFR3A (23167)
ACH-000950,19,5148098274607427115,38,CBLL1 (79872)
ACH-000950,19,5148098274607427115,39,DSN1 (79980)
ACH-000950,19,5148098274607427115,40,PAXIP1 (22976)
ACH-000950,19,5148098274607427115,41,HNRNPA2B1 (3181)
ACH-000950,19,5148098274607427115,42,TRNAU1AP (54952)
ACH-000950,19,5148098274607427115,43,GABPA (2551)
ACH-000950,19,5148098274607427115,44,FOXA2 (3170)
ACH-000950,19,5148098274607427115,45,CDIN1 (84529)
ACH-000950,19,5148098274607427115,46,NUP50 (10762)
ACH-000950,19,5148098274607427115,47,TAPT1 (202018)
ACH-000950,19,5148098274607427115,48,TMED2 (10959)
ACH-000950,19,5148098274607427115,49,PTMA (5757)
ACH-000950,19,5148098274607427115,50,UBE2D3 (7323)
