{
  "metrics": {
    "mrr": 0.0797707826653424,
    "exact_hit@1": 0.0,
    "relevant_hit@1": 0.02631578947368421,
    "recall@1": 0.013157894736842105,
    "ndcg@1": 0.02631578947368421,
    "exact_hit@5": 0.02631578947368421,
    "relevant_hit@5": 0.10526315789473684,
    "recall@5": 0.06578947368421052,
    "ndcg@5": 0.04546211107560011,
    "exact_hit@10": 0.07894736842105263,
    "relevant_hit@10": 0.21052631578947367,
    "recall@10": 0.14473684210526316,
    "ndcg@10": 0.07540276507856108,
    "exact_hit@20": 0.10526315789473684,
    "relevant_hit@20": 0.34210526315789475,
    "recall@20": 0.2236842105263158,
    "ndcg@20": 0.09933568324679973,
    "exact_hit@40": 0.13157894736842105,
    "relevant_hit@40": 0.5,
    "recall@40": 0.3157894736842105,
    "ndcg@40": 0.12131762928656617
  },
  "n_evaluated": 38,
  "n_cells_scored": 12609,
  "n_conditions": 38
}