{
  "metrics": {
    "mrr": 0.16169916912521173,
    "exact_hit@1": 0.0,
    "relevant_hit@1": 0.08581043185642176,
    "recall@1": 0.04290521592821088,
    "ndcg@1": 0.08581043185642176,
    "exact_hit@5": 0.0,
    "relevant_hit@5": 0.20947840717891195,
    "recall@5": 0.10473920358945597,
    "ndcg@5": 0.09033145939565547,
    "exact_hit@10": 0.001962983735277622,
    "relevant_hit@10": 0.3238923163208076,
    "recall@10": 0.16292765002804263,
    "ndcg@10": 0.11304743608075445,
    "exact_hit@20": 0.05103757711721817,
    "relevant_hit@20": 0.5249579360628155,
    "recall@20": 0.2879977565900168,
    "ndcg@20": 0.15158349798530624,
    "exact_hit@40": 0.06169377453729669,
    "relevant_hit@40": 0.6233875490745934,
    "recall@40": 0.34254066180594506,
    "ndcg@40": 0.16533268193024048
  },
  "n_evaluated": 3566
}