{
  "metrics": {
    "mrr": 0.04308523795077024,
    "exact_hit@1": 0.0,
    "relevant_hit@1": 0.0,
    "recall@1": 0.0,
    "ndcg@1": 0.0,
    "exact_hit@5": 0.05263157894736842,
    "relevant_hit@5": 0.07894736842105263,
    "recall@5": 0.06578947368421052,
    "ndcg@5": 0.033298262050381,
    "exact_hit@10": 0.07894736842105263,
    "relevant_hit@10": 0.10526315789473684,
    "recall@10": 0.09210526315789473,
    "ndcg@10": 0.04413599469341876,
    "exact_hit@20": 0.07894736842105263,
    "relevant_hit@20": 0.21052631578947367,
    "recall@20": 0.14473684210526316,
    "ndcg@20": 0.060333833698662825,
    "exact_hit@40": 0.10526315789473684,
    "relevant_hit@40": 0.34210526315789475,
    "recall@40": 0.2236842105263158,
    "ndcg@40": 0.08085280332532702
  },
  "n_evaluated": 38,
  "n_cells_scored": 12609,
  "n_conditions": 38
}