{
  "metrics": {
    "mrr": 0.0767698451730635,
    "exact_hit@1": 0.0,
    "relevant_hit@1": 0.01955671447196871,
    "recall@1": 0.009778357235984355,
    "ndcg@1": 0.01955671447196871,
    "exact_hit@5": 0.001490035388340473,
    "relevant_hit@5": 0.10299869621903521,
    "recall@5": 0.05224436580368784,
    "ndcg@5": 0.03727455191570823,
    "exact_hit@10": 0.019929223319053828,
    "relevant_hit@10": 0.21456509592102813,
    "recall@10": 0.11724715962004098,
    "ndcg@10": 0.06266131491176292,
    "exact_hit@20": 0.08791208791208792,
    "relevant_hit@20": 0.3430806481653939,
    "recall@20": 0.21549636803874092,
    "ndcg@20": 0.09307144579734272
  },
  "n_evaluated": 5369
}