{
  "metrics": {
    "mrr": 0.1968999378867894,
    "exact_hit@1": 0.0,
    "relevant_hit@1": 0.103929968336748,
    "recall@1": 0.051964984168374,
    "ndcg@1": 0.103929968336748,
    "exact_hit@5": 0.024958092754702923,
    "relevant_hit@5": 0.28143043397280687,
    "recall@5": 0.15319426336375488,
    "ndcg@5": 0.1254009331812506,
    "exact_hit@10": 0.06351275842801267,
    "relevant_hit@10": 0.40305457254609794,
    "recall@10": 0.23328366548705531,
    "ndcg@10": 0.1568403659092555,
    "exact_hit@20": 0.21233004283851742,
    "relevant_hit@20": 0.5731048612404545,
    "recall@20": 0.39271745203948594,
    "ndcg@20": 0.20582616732701578,
    "exact_hit@40": 0.3475507543304153,
    "relevant_hit@40": 0.6828087167070218,
    "recall@40": 0.5151797355187185,
    "ndcg@40": 0.23692702267407556
  },
  "n_evaluated": 5369
}