{
  "metrics": {
    "mrr": 0.13854864034398962,
    "exact_hit@1": 0.0,
    "relevant_hit@1": 0.06982613572630399,
    "recall@1": 0.03491306786315199,
    "ndcg@1": 0.06982613572630399,
    "exact_hit@5": 0.0,
    "relevant_hit@5": 0.19097027481772294,
    "recall@5": 0.09548513740886147,
    "ndcg@5": 0.08120565332204148,
    "exact_hit@10": 0.0030846887268648347,
    "relevant_hit@10": 0.28154795288839035,
    "recall@10": 0.1423163208076276,
    "ndcg@10": 0.0996900797603044,
    "exact_hit@20": 0.024677509814918678,
    "relevant_hit@20": 0.374649467190129,
    "recall@20": 0.19966348850252383,
    "ndcg@20": 0.11735216302780244,
    "exact_hit@40": 0.07319125070106562,
    "relevant_hit@40": 0.4901850813236119,
    "recall@40": 0.28168816601233876,
    "ndcg@40": 0.13798202657474573
  },
  "n_evaluated": 3566
}