{
  "metrics": {
    "mrr": 0.08045514296899532,
    "exact_hit@1": 0.0,
    "relevant_hit@1": 0.007291082445316881,
    "recall@1": 0.0036455412226584407,
    "ndcg@1": 0.007291082445316881,
    "exact_hit@5": 0.00028042624789680314,
    "relevant_hit@5": 0.106842400448682,
    "recall@5": 0.0535614133482894,
    "ndcg@5": 0.03339142626807215,
    "exact_hit@10": 0.00532809871003926,
    "relevant_hit@10": 0.2739764441951767,
    "recall@10": 0.13965227145260797,
    "ndcg@10": 0.06723127170270773,
    "exact_hit@20": 0.0358945597307908,
    "relevant_hit@20": 0.4646662927650028,
    "recall@20": 0.2502804262478968,
    "ndcg@20": 0.1017210414094673,
    "exact_hit@40": 0.061413348289399886,
    "relevant_hit@40": 0.6090858104318564,
    "recall@40": 0.33524957936062816,
    "ndcg@40": 0.12369521143795419
  },
  "n_evaluated": 3566
}