{
  "metrics": {
    "mrr": 0.1615263149506184,
    "exact_hit@1": 0.0,
    "relevant_hit@1": 0.0601601788042466,
    "recall@1": 0.0300800894021233,
    "ndcg@1": 0.0601601788042466,
    "exact_hit@5": 0.027006891413671075,
    "relevant_hit@5": 0.26131495623021045,
    "recall@5": 0.14416092382194076,
    "ndcg@5": 0.10575170440090603,
    "exact_hit@10": 0.09629353697150307,
    "relevant_hit@10": 0.4021233004283852,
    "recall@10": 0.24920841869994412,
    "ndcg@10": 0.14722655938489074,
    "exact_hit@20": 0.1769417023654312,
    "relevant_hit@20": 0.506984540882846,
    "recall@20": 0.34196312162413856,
    "ndcg@20": 0.1759165049299562,
    "exact_hit@40": 0.26969640528962563,
    "relevant_hit@40": 0.6608306947289998,
    "recall@40": 0.46526355000931274,
    "ndcg@40": 0.20659917005639952
  },
  "n_evaluated": 5369
}