{
  "metrics": {
    "mrr": 0.07419358843802794,
    "exact_hit@1": 0.0,
    "relevant_hit@1": 0.018811696777798474,
    "recall@1": 0.009405848388899237,
    "ndcg@1": 0.018811696777798474,
    "exact_hit@5": 0.0,
    "relevant_hit@5": 0.08604954367666232,
    "recall@5": 0.04302477183833116,
    "ndcg@5": 0.031150035226529905,
    "exact_hit@10": 0.005960141553361892,
    "relevant_hit@10": 0.2013410318495064,
    "recall@10": 0.10365058670143416,
    "ndcg@10": 0.05480597772070883,
    "exact_hit@20": 0.08325572732352393,
    "relevant_hit@20": 0.3659899422611287,
    "recall@20": 0.2246228347923263,
    "ndcg@20": 0.09221565978663347
  },
  "n_evaluated": 5369
}