{
  "metrics": {
    "mrr": 0.19745284676096947,
    "exact_hit@1": 0.0,
    "relevant_hit@1": 0.09834233563047122,
    "recall@1": 0.04917116781523561,
    "ndcg@1": 0.09834233563047122,
    "exact_hit@5": 0.03389830508474576,
    "relevant_hit@5": 0.2922331905382753,
    "recall@5": 0.16306574781151054,
    "ndcg@5": 0.1300456951871412,
    "exact_hit@10": 0.07710933134661949,
    "relevant_hit@10": 0.4155336189234494,
    "recall@10": 0.24632147513503447,
    "ndcg@10": 0.16295141144049655,
    "exact_hit@20": 0.1609238219407711,
    "relevant_hit@20": 0.5561557086980816,
    "recall@20": 0.35853976531942633,
    "ndcg@20": 0.19753127965846157,
    "exact_hit@40": 0.28049916185509405,
    "relevant_hit@40": 0.6774073384242876,
    "recall@40": 0.4789532501396908,
    "ndcg@40": 0.22779753657733937
  },
  "n_evaluated": 5369
}