export,role,model_id,panel,state,metric,contrast,pairs,undefined,unmatched_left,unmatched_right,delta,relative_improvement_pct,ci_low,ci_high
external,external,ACH-000995,all,B-continue,response_loss,wrong_minus_correct,2377,0,0,0,0.3166905343357033,,0.2466736124381327,0.387922577454756
external,external,ACH-000995,all,B-continue,mean_delta_mse,wrong_minus_correct,2377,0,0,0,0.04589606346480228,,0.03496632937879486,0.05768872445001801
external,external,ACH-000995,all,B-continue,energy_distance,wrong_minus_correct,2377,0,0,0,0.2707943984927575,,0.2097419273848284,0.3321778733378252
external,external,ACH-000995,all,B-continue,without_own_response_loss,wrong_minus_correct,2377,0,0,0,0.3168303522183006,,0.24670282735411306,0.38806432925406054
external,external,ACH-000995,all,B-init,response_loss,wrong_minus_correct,2377,0,0,0,-0.0029736741530987736,,-0.05694736933277013,0.05722837829268841
external,external,ACH-000995,all,B-init,mean_delta_mse,wrong_minus_correct,2377,0,0,0,0.0008254840186428291,,-0.007493120737320601,0.01037801999528222
external,external,ACH-000995,all,B-init,energy_distance,wrong_minus_correct,2377,0,0,0,-0.003798921719087258,,-0.04945022393637116,0.04788246653889421
external,external,ACH-000995,all,B-init,without_own_response_loss,wrong_minus_correct,2377,0,0,0,-0.002968363426892243,,-0.056952445351581754,0.05722801141093002
external,external,ACH-000995,all,B-interface,response_loss,wrong_minus_correct,2377,0,0,0,0.19245473037610591,,0.16521376039683924,0.22098520245229075
external,external,ACH-000995,all,B-interface,mean_delta_mse,wrong_minus_correct,2377,0,0,0,0.028182316087201984,,0.023817936023544407,0.03297264743312646
external,external,ACH-000995,all,B-interface,energy_distance,wrong_minus_correct,2377,0,0,0,0.164272464018787,,0.14079124039845375,0.18836908721602874
external,external,ACH-000995,all,B-interface,without_own_response_loss,wrong_minus_correct,2377,0,0,0,0.1925661041298282,,0.16531446720102438,0.22105418005860258
external,external,ACH-000995,all,B-joint,response_loss,wrong_minus_correct,2377,0,0,0,0.057611689649813884,,0.04665687739974502,0.06856571837037279
external,external,ACH-000995,all,B-joint,mean_delta_mse,wrong_minus_correct,2377,0,0,0,0.007330389327746133,,0.004438879045559495,0.010671408252150304
external,external,ACH-000995,all,B-joint,energy_distance,wrong_minus_correct,2377,0,0,0,0.05028127911816032,,0.0396558110032908,0.06117543744900461
external,external,ACH-000995,all,B-joint,without_own_response_loss,wrong_minus_correct,2377,0,0,0,0.057579669623401004,,0.04663004091621529,0.06853710633543893
external,external,ACH-000995,all,B-unfreeze,response_loss,wrong_minus_correct,2377,0,0,0,0.8031305965476542,,0.6082850574835239,0.9890517711719641
external,external,ACH-000995,all,B-unfreeze,mean_delta_mse,wrong_minus_correct,2377,0,0,0,0.1278047654324838,,0.0971445952501927,0.15930816462674868
external,external,ACH-000995,all,B-unfreeze,energy_distance,wrong_minus_correct,2377,0,0,0,0.6753255957257213,,0.5118777813267499,0.8356586244781328
external,external,ACH-000995,all,B-unfreeze,without_own_response_loss,wrong_minus_correct,2377,0,0,0,0.8035904230768559,,0.6088127833692579,0.9894362092489545
external,external,ACH-000995,native_all,B-continue,response_loss,wrong_minus_correct,2009,0,0,0,0.33811454393188406,,0.2606233447413349,0.4141616420688886
external,external,ACH-000995,native_all,B-continue,mean_delta_mse,wrong_minus_correct,2009,0,0,0,0.04874372527396398,,0.037173381209551444,0.06013092303703289
external,external,ACH-000995,native_all,B-continue,energy_distance,wrong_minus_correct,2009,0,0,0,0.2893707526032753,,0.2232081956611811,0.35393927553745536
external,external,ACH-000995,native_all,B-continue,without_own_response_loss,wrong_minus_correct,2009,0,0,0,0.3381619946644517,,0.26071533640324607,0.4143157524870308
external,external,ACH-000995,native_all,B-init,response_loss,wrong_minus_correct,2009,0,0,0,-0.0010612856160945262,,-0.06028097943561754,0.06322524838331259
external,external,ACH-000995,native_all,B-init,mean_delta_mse,wrong_minus_correct,2009,0,0,0,0.00018606015020716687,,-0.009404526680129411,0.010099987505442217
external,external,ACH-000995,native_all,B-init,energy_distance,wrong_minus_correct,2009,0,0,0,-0.001246918013227274,,-0.051747143234169325,0.05274311956212973
external,external,ACH-000995,native_all,B-init,without_own_response_loss,wrong_minus_correct,2009,0,0,0,-0.001076169961005157,,-0.06029160174402469,0.06324475627802381
external,external,ACH-000995,native_all,B-interface,response_loss,wrong_minus_correct,2009,0,0,0,0.2057537937116837,,0.17536323262067977,0.23499214668425825
external,external,ACH-000995,native_all,B-interface,mean_delta_mse,wrong_minus_correct,2009,0,0,0,0.030221375308267018,,0.025253455946847754,0.034761309515723746
external,external,ACH-000995,native_all,B-interface,energy_distance,wrong_minus_correct,2009,0,0,0,0.17553249907885227,,0.14985996762812598,0.19999728507103187
external,external,ACH-000995,native_all,B-interface,without_own_response_loss,wrong_minus_correct,2009,0,0,0,0.2058617431883671,,0.17550402518348826,0.23509846393951653
external,external,ACH-000995,native_all,B-joint,response_loss,wrong_minus_correct,2009,0,0,0,0.06000414820320282,,0.04851652876425287,0.071925168215428
external,external,ACH-000995,native_all,B-joint,mean_delta_mse,wrong_minus_correct,2009,0,0,0,0.007034149758551124,,0.003644692032060649,0.010213304981181384
external,external,ACH-000995,native_all,B-joint,energy_distance,wrong_minus_correct,2009,0,0,0,0.0529700978470422,,0.04197246243907467,0.06434973020349506
external,external,ACH-000995,native_all,B-joint,without_own_response_loss,wrong_minus_correct,2009,0,0,0,0.05998254968729585,,0.04845043936198238,0.0718950754662192
external,external,ACH-000995,native_all,B-unfreeze,response_loss,wrong_minus_correct,2009,0,0,0,0.865156534288937,,0.6698084696707529,1.063829724486044
external,external,ACH-000995,native_all,B-unfreeze,mean_delta_mse,wrong_minus_correct,2009,0,0,0,0.136538644000747,,0.10565396115636279,0.16849094287146976
external,external,ACH-000995,native_all,B-unfreeze,energy_distance,wrong_minus_correct,2009,0,0,0,0.7286178034416415,,0.5617747366351236,0.8939448128297236
external,external,ACH-000995,native_all,B-unfreeze,without_own_response_loss,wrong_minus_correct,2009,0,0,0,0.8653636174750248,,0.6699175966242884,1.0641832940028997
external,external,ACH-000995,native_common,B-continue,response_loss,wrong_minus_correct,2006,0,0,0,0.3403745894655512,,0.26427446518438796,0.41785336675101903
external,external,ACH-000995,native_common,B-continue,mean_delta_mse,wrong_minus_correct,2006,0,0,0,0.04970756829795193,,0.03852697543881591,0.06140128562540748
external,external,ACH-000995,native_common,B-continue,energy_distance,wrong_minus_correct,2006,0,0,0,0.29066699437819365,,0.2255273482949284,0.3564471532530705
external,external,ACH-000995,native_common,B-continue,without_own_response_loss,wrong_minus_correct,2006,0,0,0,0.3404510016931022,,0.26428896003563435,0.41782646867594253
external,external,ACH-000995,native_common,B-init,response_loss,wrong_minus_correct,2006,0,0,0,-0.0009804738007651703,,-0.06308009228463834,0.059359230790752046
external,external,ACH-000995,native_common,B-init,mean_delta_mse,wrong_minus_correct,2006,0,0,0,0.0008098406901030106,,-0.009603453742661562,0.010377087848611865
external,external,ACH-000995,native_common,B-init,energy_distance,wrong_minus_correct,2006,0,0,0,-0.001789908442397199,,-0.05405246854422754,0.049977928058932246
external,external,ACH-000995,native_common,B-init,without_own_response_loss,wrong_minus_correct,2006,0,0,0,-0.0009944965214212628,,-0.06308581836202105,0.05929312478747309
external,external,ACH-000995,native_common,B-interface,response_loss,wrong_minus_correct,2006,0,0,0,0.20230779410121688,,0.17392700970232325,0.23143359598348076
external,external,ACH-000995,native_common,B-interface,mean_delta_mse,wrong_minus_correct,2006,0,0,0,0.029674954095842348,,0.02522536518626059,0.034259159229212945
external,external,ACH-000995,native_common,B-interface,energy_distance,wrong_minus_correct,2006,0,0,0,0.17263292519901216,,0.14849320998339194,0.1973022990545269
external,external,ACH-000995,native_common,B-interface,without_own_response_loss,wrong_minus_correct,2006,0,0,0,0.20239969863967658,,0.17402897663154474,0.23145822838795652
external,external,ACH-000995,native_common,B-joint,response_loss,wrong_minus_correct,2006,0,0,0,0.06413889587341506,,0.052524176480644565,0.07589821970474707
external,external,ACH-000995,native_common,B-joint,mean_delta_mse,wrong_minus_correct,2006,0,0,0,0.007657470731649659,,0.004457833476936635,0.010675626356128709
external,external,ACH-000995,native_common,B-joint,energy_distance,wrong_minus_correct,2006,0,0,0,0.05648151371082051,,0.04540375014482943,0.06760381274541828
external,external,ACH-000995,native_common,B-joint,without_own_response_loss,wrong_minus_correct,2006,0,0,0,0.06410718938764771,,0.052492588552853284,0.07590233207580967
external,external,ACH-000995,native_common,B-unfreeze,response_loss,wrong_minus_correct,2006,0,0,0,0.8808784252862744,,0.6954914582215416,1.0763574169592502
external,external,ACH-000995,native_common,B-unfreeze,mean_delta_mse,wrong_minus_correct,2006,0,0,0,0.13951277350143326,,0.1107001066546615,0.17062521696328403
external,external,ACH-000995,native_common,B-unfreeze,energy_distance,wrong_minus_correct,2006,0,0,0,0.7413655076640194,,0.5839646899450573,0.90561185916661
external,external,ACH-000995,native_common,B-unfreeze,without_own_response_loss,wrong_minus_correct,2006,0,0,0,0.8810860516899005,,0.6955831655310247,1.0767668050307688
external,external,ACH-000995,seen,B-continue,response_loss,wrong_minus_correct,2373,0,0,0,0.3039553686078469,,0.23579336504769396,0.3763225962328997
external,external,ACH-000995,seen,B-continue,mean_delta_mse,wrong_minus_correct,2373,0,0,0,0.04361883134114502,,0.03297507072369159,0.05492756056825769
external,external,ACH-000995,seen,B-continue,energy_distance,wrong_minus_correct,2373,0,0,0,0.2603364708953099,,0.20175643313247543,0.3217065997471349
external,external,ACH-000995,seen,B-continue,without_own_response_loss,wrong_minus_correct,2373,0,0,0,0.3040325994286615,,0.23597773007386033,0.376367606509852
external,external,ACH-000995,seen,B-init,response_loss,wrong_minus_correct,2373,0,0,0,-0.0049076136586235775,,-0.06346178398019836,0.059666775230411
external,external,ACH-000995,seen,B-init,mean_delta_mse,wrong_minus_correct,2373,0,0,0,-0.0001168525525401223,,-0.009477288363304444,0.0094919001438223
external,external,ACH-000995,seen,B-init,energy_distance,wrong_minus_correct,2373,0,0,0,-0.004790462424772069,,-0.0551060398068055,0.04990279563006833
external,external,ACH-000995,seen,B-init,without_own_response_loss,wrong_minus_correct,2373,0,0,0,-0.004915785759348275,,-0.06350300725783362,0.05959886596718301
external,external,ACH-000995,seen,B-interface,response_loss,wrong_minus_correct,2373,0,0,0,0.1895573075491817,,0.16170371829232616,0.21757813282069158
external,external,ACH-000995,seen,B-interface,mean_delta_mse,wrong_minus_correct,2373,0,0,0,0.0277014927275312,,0.02322708849207638,0.03243028422322287
external,external,ACH-000995,seen,B-interface,energy_distance,wrong_minus_correct,2373,0,0,0,0.16185587269316423,,0.13839790045235464,0.18491012563596915
external,external,ACH-000995,seen,B-interface,without_own_response_loss,wrong_minus_correct,2373,0,0,0,0.18964223721034376,,0.16183792627867474,0.21780027515718375
external,external,ACH-000995,seen,B-joint,response_loss,wrong_minus_correct,2373,0,0,0,0.058428404977237676,,0.0478310229835554,0.07044389219963175
external,external,ACH-000995,seen,B-joint,mean_delta_mse,wrong_minus_correct,2373,0,0,0,0.007209252768611748,,0.0041200473200053616,0.01017975303526918
external,external,ACH-000995,seen,B-joint,energy_distance,wrong_minus_correct,2373,0,0,0,0.051219118731563325,,0.041573195764900844,0.06257981877059705
external,external,ACH-000995,seen,B-joint,without_own_response_loss,wrong_minus_correct,2373,0,0,0,0.05838684808640218,,0.04779932088003918,0.07041277298282247
external,external,ACH-000995,seen,B-unfreeze,response_loss,wrong_minus_correct,2373,0,0,0,0.7890803543264433,,0.6108780749498216,0.983607283639245
external,external,ACH-000995,seen,B-unfreeze,mean_delta_mse,wrong_minus_correct,2373,0,0,0,0.12640706631788667,,0.09630718479365478,0.15773318140756923
external,external,ACH-000995,seen,B-unfreeze,energy_distance,wrong_minus_correct,2373,0,0,0,0.662673085337694,,0.5104355195017743,0.8271442849938498
external,external,ACH-000995,seen,B-unfreeze,without_own_response_loss,wrong_minus_correct,2373,0,0,0,0.7894142379149875,,0.6112907715181332,0.9839459203196836
external,external,ACH-000995,unseen,B-continue,response_loss,wrong_minus_correct,4,0,0,0,0.0032192230224623586,,-0.6078933715820369,1.055143356323235
external,external,ACH-000995,unseen,B-continue,mean_delta_mse,wrong_minus_correct,4,0,0,0,0.009173727035522994,,-0.07332701683044363,0.16598796844482333
external,external,ACH-000995,unseen,B-continue,energy_distance,wrong_minus_correct,4,0,0,0,-0.005956268310548296,,-0.5361495971679631,0.8891540527343693
external,external,ACH-000995,unseen,B-continue,without_own_response_loss,wrong_minus_correct,4,0,0,0,0.0032192230224623586,,-0.6078933715820369,1.055143356323235
external,external,ACH-000995,unseen,B-init,response_loss,wrong_minus_correct,4,0,0,0,0.014176177978512783,,-0.42111892700195597,0.37531280517578125
external,external,ACH-000995,unseen,B-init,mean_delta_mse,wrong_minus_correct,4,0,0,0,0.009974765777586825,,-0.055221557617185724,0.06937084197997656
external,external,ACH-000995,unseen,B-init,energy_distance,wrong_minus_correct,4,0,0,0,0.004205322265605105,,-0.360108947753929,0.3059570312499602
external,external,ACH-000995,unseen,B-init,without_own_response_loss,wrong_minus_correct,4,0,0,0,0.014176177978512783,,-0.42111892700195597,0.37531280517578125
external,external,ACH-000995,unseen,B-interface,response_loss,wrong_minus_correct,4,0,0,0,-0.029221153259278765,,-0.19293193817138388,0.1766025543212848
external,external,ACH-000995,unseen,B-interface,mean_delta_mse,wrong_minus_correct,4,0,0,0,-0.0013476610183720261,,-0.029339718818664817,0.030901384353636985
external,external,ACH-000995,unseen,B-interface,energy_distance,wrong_minus_correct,4,0,0,0,-0.027873229980471592,,-0.1635894775390625,0.14570007324218182
external,external,ACH-000995,unseen,B-interface,without_own_response_loss,wrong_minus_correct,4,0,0,0,-0.029221153259278765,,-0.19293193817138388,0.1766025543212848
external,external,ACH-000995,unseen,B-joint,response_loss,wrong_minus_correct,4,0,0,0,-0.04833145141601847,,-0.5155639648437571,0.32868576049803977
external,external,ACH-000995,unseen,B-joint,mean_delta_mse,wrong_minus_correct,4,0,0,0,0.009744453430174715,,-0.05833616256713903,0.07535085678100373
external,external,ACH-000995,unseen,B-joint,energy_distance,wrong_minus_correct,4,0,0,0,-0.058074951171867895,,-0.5308624267577926,0.2758239746093736
external,external,ACH-000995,unseen,B-joint,without_own_response_loss,wrong_minus_correct,4,0,0,0,-0.04833145141601847,,-0.5155639648437571,0.32868576049803977
external,external,ACH-000995,unseen,B-unfreeze,response_loss,wrong_minus_correct,4,0,0,0,0.28713951110839986,,-0.4737709045410128,1.0480499267578125
external,external,ACH-000995,unseen,B-unfreeze,mean_delta_mse,wrong_minus_correct,4,0,0,0,0.05127573013305664,,-0.05373954772949219,0.15629100799560547
external,external,ACH-000995,unseen,B-unfreeze,energy_distance,wrong_minus_correct,4,0,0,0,0.23586120605467897,,-0.4200332641601676,0.8917556762695256
external,external,ACH-000995,unseen,B-unfreeze,without_own_response_loss,wrong_minus_correct,4,0,0,0,0.28713951110839986,,-0.4737709045410128,1.0480499267578125
external,val,ACH-000551,all,B-continue,response_loss,wrong_minus_correct,983,0,0,0,0.23581862114938326,,0.17484792425576695,0.2952105898265315
external,val,ACH-000551,all,B-continue,mean_delta_mse,wrong_minus_correct,983,0,0,0,0.03800198978470641,,0.02757080441388176,0.0480657298876956
external,val,ACH-000551,all,B-continue,energy_distance,wrong_minus_correct,983,0,0,0,0.19781664269137839,,0.14743868116687295,0.24696630165511443
external,val,ACH-000551,all,B-continue,without_own_response_loss,wrong_minus_correct,983,0,0,0,0.23614040187513596,,0.17502345953807466,0.2953496731115867
external,val,ACH-000551,all,B-init,response_loss,wrong_minus_correct,983,0,0,0,-0.005960048857929946,,-0.07118066160992073,0.0640559871514469
external,val,ACH-000551,all,B-init,mean_delta_mse,wrong_minus_correct,983,0,0,0,-0.00113606535406106,,-0.015232022102099814,0.014052367642112533
external,val,ACH-000551,all,B-init,energy_distance,wrong_minus_correct,983,0,0,0,-0.004823869800276936,,-0.05711609957783299,0.05135054952130563
external,val,ACH-000551,all,B-init,without_own_response_loss,wrong_minus_correct,983,0,0,0,-0.005976201753044675,,-0.07121782793761364,0.06405106553226159
external,val,ACH-000551,all,B-interface,response_loss,wrong_minus_correct,983,0,0,0,0.14141860648550075,,0.10020890791806665,0.1832352398479943
external,val,ACH-000551,all,B-interface,mean_delta_mse,wrong_minus_correct,983,0,0,0,0.022766945699830506,,0.015965778632800066,0.02965936156370633
external,val,ACH-000551,all,B-interface,energy_distance,wrong_minus_correct,983,0,0,0,0.1186516545432509,,0.08423115595432411,0.15315373867962395
external,val,ACH-000551,all,B-interface,without_own_response_loss,wrong_minus_correct,983,0,0,0,0.14177492938230873,,0.10068785672876629,0.18352398120374674
external,val,ACH-000551,all,B-joint,response_loss,wrong_minus_correct,983,0,0,0,0.006657476415468955,,-0.01390450948131198,0.02809218351377758
external,val,ACH-000551,all,B-joint,mean_delta_mse,wrong_minus_correct,983,0,0,0,0.0008370800154133645,,-0.007209988600846555,0.008918035454813053
external,val,ACH-000551,all,B-joint,energy_distance,wrong_minus_correct,983,0,0,0,0.005820403773326731,,-0.01321024005070934,0.02534874381514582
external,val,ACH-000551,all,B-joint,without_own_response_loss,wrong_minus_correct,983,0,0,0,0.0066323933256975665,,-0.013943171224662345,0.028058899872664845
external,val,ACH-000551,all,B-unfreeze,response_loss,wrong_minus_correct,983,0,0,0,1.290798456089179,,0.981648299194425,1.6168337422124246
external,val,ACH-000551,all,B-unfreeze,mean_delta_mse,wrong_minus_correct,983,0,0,0,0.20649087054016385,,0.1539745721222486,0.2632000409508179
external,val,ACH-000551,all,B-unfreeze,energy_distance,wrong_minus_correct,983,0,0,0,1.0843075943381233,,0.8283781359372765,1.357533976107624
external,val,ACH-000551,all,B-unfreeze,without_own_response_loss,wrong_minus_correct,983,0,0,0,1.29151244626768,,0.9816652299137832,1.616889642430346
external,val,ACH-000551,native_all,B-continue,response_loss,wrong_minus_correct,196,0,0,0,0.7281886599501782,,0.5253459521033326,0.9341950524400687
external,val,ACH-000551,native_all,B-continue,mean_delta_mse,wrong_minus_correct,196,0,0,0,0.12083567826419463,,0.08579247099100332,0.15489719057284604
external,val,ACH-000551,native_all,B-continue,energy_distance,wrong_minus_correct,196,0,0,0,0.6073529613261319,,0.44000788241016614,0.775552973844567
external,val,ACH-000551,native_all,B-continue,without_own_response_loss,wrong_minus_correct,196,0,0,0,0.7289104948238451,,0.5265111112290499,0.934358982924296
external,val,ACH-000551,native_all,B-init,response_loss,wrong_minus_correct,196,0,0,0,-0.010864974041372854,,-0.16647755836953612,0.13458778459198978
external,val,ACH-000551,native_all,B-init,mean_delta_mse,wrong_minus_correct,196,0,0,0,-0.001377276985013386,,-0.035633363237187216,0.031895540101186705
external,val,ACH-000551,native_all,B-init,energy_distance,wrong_minus_correct,196,0,0,0,-0.009486544862090041,,-0.13264161324014723,0.10674830689721332
external,val,ACH-000551,native_all,B-init,without_own_response_loss,wrong_minus_correct,196,0,0,0,-0.010983618911430251,,-0.1664995395893909,0.13454827834149163
external,val,ACH-000551,native_all,B-interface,response_loss,wrong_minus_correct,196,0,0,0,0.49602719399393846,,0.3608629824008263,0.639283958545753
external,val,ACH-000551,native_all,B-interface,mean_delta_mse,wrong_minus_correct,196,0,0,0,0.08187266284105726,,0.05921661109834603,0.10565651491474436
external,val,ACH-000551,native_all,B-interface,energy_distance,wrong_minus_correct,196,0,0,0,0.4141545509805485,,0.3014840308987365,0.5343315073908593
external,val,ACH-000551,native_all,B-interface,without_own_response_loss,wrong_minus_correct,196,0,0,0,0.4969286789699478,,0.36150209368491676,0.6401691313909025
external,val,ACH-000551,native_all,B-joint,response_loss,wrong_minus_correct,196,0,0,0,0.024477036145266362,,-0.005934080785636806,0.05952781794022255
external,val,ACH-000551,native_all,B-joint,mean_delta_mse,wrong_minus_correct,196,0,0,0,0.003161166638744215,,-0.012651003745137454,0.017732856176337623
external,val,ACH-000551,native_all,B-joint,energy_distance,wrong_minus_correct,196,0,0,0,0.021315967793368563,,-0.007156091028328199,0.05133693928621379
external,val,ACH-000551,native_all,B-joint,without_own_response_loss,wrong_minus_correct,196,0,0,0,0.024463497862523192,,-0.005947025844030045,0.05952967312871092
external,val,ACH-000551,native_all,B-unfreeze,response_loss,wrong_minus_correct,196,0,0,0,3.671776605138973,,2.5949281775039066,4.784525028929419
external,val,ACH-000551,native_all,B-unfreeze,mean_delta_mse,wrong_minus_correct,196,0,0,0,0.6012881259833064,,0.418979835900269,0.7931036301751678
external,val,ACH-000551,native_all,B-unfreeze,energy_distance,wrong_minus_correct,196,0,0,0,3.070488614452129,,2.1777100166009395,3.9851138360159744
external,val,ACH-000551,native_all,B-unfreeze,without_own_response_loss,wrong_minus_correct,196,0,0,0,3.6722852885723114,,2.5956902865761395,4.784663893604765
external,val,ACH-000551,native_common,B-continue,response_loss,wrong_minus_correct,193,0,0,0,0.7949949427589853,,0.5724991790000641,1.0325464235377435
external,val,ACH-000551,native_common,B-continue,mean_delta_mse,wrong_minus_correct,193,0,0,0,0.13118350562190761,,0.09406321807711393,0.17060300230690387
external,val,ACH-000551,native_common,B-continue,energy_distance,wrong_minus_correct,193,0,0,0,0.6638113861874594,,0.48224160821944306,0.8581193028583426
external,val,ACH-000551,native_common,B-continue,without_own_response_loss,wrong_minus_correct,193,0,0,0,0.796062688876928,,0.572908080451847,1.0326106216993975
external,val,ACH-000551,native_common,B-init,response_loss,wrong_minus_correct,193,0,0,0,-0.014260374079096326,,-0.18806758623667044,0.15034216727617813
external,val,ACH-000551,native_common,B-init,mean_delta_mse,wrong_minus_correct,193,0,0,0,-0.0022214464573041244,,-0.038602643037707475,0.03307979193376175
external,val,ACH-000551,native_common,B-init,energy_distance,wrong_minus_correct,193,0,0,0,-0.01203739778983031,,-0.1473534001958182,0.11782342386986995
external,val,ACH-000551,native_common,B-init,without_own_response_loss,wrong_minus_correct,193,0,0,0,-0.01435379265503468,,-0.18808833502735128,0.15018150250529225
external,val,ACH-000551,native_common,B-interface,response_loss,wrong_minus_correct,193,0,0,0,0.5239390089104212,,0.3877138587106694,0.6761799848512043
external,val,ACH-000551,native_common,B-interface,mean_delta_mse,wrong_minus_correct,193,0,0,0,0.08632916531723397,,0.06395080156585714,0.11262753514582624
external,val,ACH-000551,native_common,B-interface,energy_distance,wrong_minus_correct,193,0,0,0,0.4376098790934667,,0.32282060455164147,0.5639233386578338
external,val,ACH-000551,native_common,B-interface,without_own_response_loss,wrong_minus_correct,193,0,0,0,0.5250611720307502,,0.38861325154032716,0.6781272666133124
external,val,ACH-000551,native_common,B-joint,response_loss,wrong_minus_correct,193,0,0,0,0.02272984005626628,,-0.011892799021668168,0.05774751435907235
external,val,ACH-000551,native_common,B-joint,mean_delta_mse,wrong_minus_correct,193,0,0,0,0.0036742482160655784,,-0.0111448421873578,0.01950943398352126
external,val,ACH-000551,native_common,B-joint,energy_distance,wrong_minus_correct,193,0,0,0,0.019055571086666452,,-0.014368451370474678,0.05078713016806557
external,val,ACH-000551,native_common,B-joint,without_own_response_loss,wrong_minus_correct,193,0,0,0,0.022712272683574248,,-0.011939205110381037,0.05771313603060224
external,val,ACH-000551,native_common,B-unfreeze,response_loss,wrong_minus_correct,193,0,0,0,4.199369742586206,,3.1082485287485953,5.479318300745032
external,val,ACH-000551,native_common,B-unfreeze,mean_delta_mse,wrong_minus_correct,193,0,0,0,0.6858502025817341,,0.49779072465654944,0.9031125840008105
external,val,ACH-000551,native_common,B-unfreeze,energy_distance,wrong_minus_correct,193,0,0,0,3.513519698227008,,2.6106934858727335,4.586539054831075
external,val,ACH-000551,native_common,B-unfreeze,without_own_response_loss,wrong_minus_correct,193,0,0,0,4.2002691466573605,,3.108845432867041,5.4814897424260565
external,val,ACH-000551,seen,B-continue,response_loss,wrong_minus_correct,874,0,0,0,0.2581762001225277,,0.18796569972343793,0.33407703724414856
external,val,ACH-000551,seen,B-continue,mean_delta_mse,wrong_minus_correct,874,0,0,0,0.042248365837117365,,0.03002001658853494,0.05559870447336913
external,val,ACH-000551,seen,B-continue,energy_distance,wrong_minus_correct,874,0,0,0,0.21592783982475508,,0.15811846263894228,0.27883319566669945
external,val,ACH-000551,seen,B-continue,without_own_response_loss,wrong_minus_correct,874,0,0,0,0.25864200690245465,,0.1890613976864302,0.33456540944101604
external,val,ACH-000551,seen,B-init,response_loss,wrong_minus_correct,874,0,0,0,-0.006154554004798606,,-0.07810410750539559,0.0727438865155344
external,val,ACH-000551,seen,B-init,mean_delta_mse,wrong_minus_correct,874,0,0,0,-0.0014192834326003216,,-0.01653663546869888,0.014998011447199675
external,val,ACH-000551,seen,B-init,energy_distance,wrong_minus_correct,874,0,0,0,-0.004735294577729652,,-0.061542481655928745,0.05685213329044773
external,val,ACH-000551,seen,B-init,without_own_response_loss,wrong_minus_correct,874,0,0,0,-0.006188210633579531,,-0.07817963475766206,0.07272993580973379
external,val,ACH-000551,seen,B-interface,response_loss,wrong_minus_correct,874,0,0,0,0.1574665831210138,,0.11199811859861936,0.20728639622029227
external,val,ACH-000551,seen,B-interface,mean_delta_mse,wrong_minus_correct,874,0,0,0,0.025551433568006248,,0.017958199355146025,0.03385334879773705
external,val,ACH-000551,seen,B-interface,energy_distance,wrong_minus_correct,874,0,0,0,0.13191514004286145,,0.09425869372125618,0.173570794950088
external,val,ACH-000551,seen,B-interface,without_own_response_loss,wrong_minus_correct,874,0,0,0,0.15790975132032165,,0.11260223944754562,0.20777854570398607
external,val,ACH-000551,seen,B-joint,response_loss,wrong_minus_correct,874,0,0,0,0.007036525979467775,,-0.015543575461452179,0.029063381395841324
external,val,ACH-000551,seen,B-joint,mean_delta_mse,wrong_minus_correct,874,0,0,0,0.0007904951850666281,,-0.007575965658750831,0.009520299636526602
external,val,ACH-000551,seen,B-joint,energy_distance,wrong_minus_correct,874,0,0,0,0.006246602562525561,,-0.012863270041599588,0.026408137271277162
external,val,ACH-000551,seen,B-joint,without_own_response_loss,wrong_minus_correct,874,0,0,0,0.00701237554135526,,-0.015535269503736996,0.029043116624076368
external,val,ACH-000551,seen,B-unfreeze,response_loss,wrong_minus_correct,874,0,0,0,1.4200382890363035,,1.0779674622355118,1.7950107164493414
external,val,ACH-000551,seen,B-unfreeze,mean_delta_mse,wrong_minus_correct,874,0,0,0,0.22870973289967675,,0.17113420237529195,0.29426972622328884
external,val,ACH-000551,seen,B-unfreeze,energy_distance,wrong_minus_correct,874,0,0,0,1.191328569844331,,0.9079262377741133,1.501879305021168
external,val,ACH-000551,seen,B-unfreeze,without_own_response_loss,wrong_minus_correct,874,0,0,0,1.4208609587813406,,1.078238431610832,1.795797870734736
external,val,ACH-000551,unseen,B-continue,response_loss,wrong_minus_correct,109,0,0,0,0.0004358204132919115,,-0.10451031914544776,0.10358113505424703
external,val,ACH-000551,unseen,B-continue,mean_delta_mse,wrong_minus_correct,109,0,0,0,-0.004291167923616705,,-0.022399314061969242,0.01347789111760777
external,val,ACH-000551,unseen,B-continue,energy_distance,wrong_minus_correct,109,0,0,0,0.0047270608604500775,,-0.0819069433649746,0.08944833388022319
external,val,ACH-000551,unseen,B-continue,without_own_response_loss,wrong_minus_correct,109,0,0,0,0.00046620456450572825,,-0.1044819292015986,0.10359737189537888
external,val,ACH-000551,unseen,B-init,response_loss,wrong_minus_correct,109,0,0,0,0.0010871537234784187,,-0.17470827155157329,0.18936125729061756
external,val,ACH-000551,unseen,B-init,mean_delta_mse,wrong_minus_correct,109,0,0,0,0.0011142975693452096,,-0.03865937784177443,0.04222603894154959
external,val,ACH-000551,unseen,B-init,energy_distance,wrong_minus_correct,109,0,0,0,-2.5309991401794367e-05,,-0.14161349655291738,0.15350587757354894
external,val,ACH-000551,unseen,B-init,without_own_response_loss,wrong_minus_correct,109,0,0,0,0.0010966169724731009,,-0.1746815980683782,0.189416880476359
external,val,ACH-000551,unseen,B-interface,response_loss,wrong_minus_correct,109,0,0,0,-0.013042250029537619,,-0.06926779328136266,0.03980001951576367
external,val,ACH-000551,unseen,B-interface,mean_delta_mse,wrong_minus_correct,109,0,0,0,-0.0036076632661557,,-0.01362474002832668,0.005409814806296181
external,val,ACH-000551,unseen,B-interface,energy_distance,wrong_minus_correct,109,0,0,0,-0.009434607269567066,,-0.05606599650251757,0.033693889652917204
external,val,ACH-000551,unseen,B-interface,without_own_response_loss,wrong_minus_correct,109,0,0,0,-0.013031960846087192,,-0.06923408113488354,0.03980301825278394
external,val,ACH-000551,unseen,B-joint,response_loss,wrong_minus_correct,109,0,0,0,0.004878080875504224,,-0.05244833989974184,0.060330338784317185
external,val,ACH-000551,unseen,B-joint,mean_delta_mse,wrong_minus_correct,109,0,0,0,0.0005541005265824452,,-0.02227415662292927,0.024078454971313577
external,val,ACH-000551,unseen,B-joint,energy_distance,wrong_minus_correct,109,0,0,0,0.004321681031391993,,-0.052225569978768066,0.062025882825935186
external,val,ACH-000551,unseen,B-joint,without_own_response_loss,wrong_minus_correct,109,0,0,0,0.004833592406110093,,-0.052449106338915696,0.06027807393205566
external,val,ACH-000551,unseen,B-unfreeze,response_loss,wrong_minus_correct,109,0,0,0,0.011636795910126655,,-0.31368757012240384,0.2668333197569629
external,val,ACH-000551,unseen,B-unfreeze,mean_delta_mse,wrong_minus_correct,109,0,0,0,-0.004661047485990257,,-0.06889950661450076,0.04137098809140263
external,val,ACH-000551,unseen,B-unfreeze,energy_distance,wrong_minus_correct,109,0,0,0,0.016297842603211033,,-0.2467407240561388,0.22452559864849128
external,val,ACH-000551,unseen,B-unfreeze,without_own_response_loss,wrong_minus_correct,109,0,0,0,0.011739984564825001,,-0.3133005051000402,0.2670358859891192
external,val,ACH-000739,all,B-continue,response_loss,wrong_minus_correct,238,0,0,0,1.003007735324507,,0.7016954088411408,1.3294534080268954
external,val,ACH-000739,all,B-continue,mean_delta_mse,wrong_minus_correct,238,0,0,0,0.2372322683073892,,0.15106580305249748,0.3232877212524913
external,val,ACH-000739,all,B-continue,energy_distance,wrong_minus_correct,238,0,0,0,0.7657755619337581,,0.541424761219185,1.0041267516833394
external,val,ACH-000739,all,B-continue,without_own_response_loss,wrong_minus_correct,238,0,0,0,1.0056372670566334,,0.7041716035474244,1.3324991743203969
external,val,ACH-000739,all,B-init,response_loss,wrong_minus_correct,238,0,0,0,-0.008628242556787003,,-0.183199718058612,0.17460974044158958
external,val,ACH-000739,all,B-init,mean_delta_mse,wrong_minus_correct,238,0,0,0,-0.0020906560561223912,,-0.049338817115590565,0.04864796510263706
external,val,ACH-000739,all,B-init,energy_distance,wrong_minus_correct,238,0,0,0,-0.006537660230108719,,-0.13573289823131152,0.1348532316063572
external,val,ACH-000739,all,B-init,without_own_response_loss,wrong_minus_correct,238,0,0,0,-0.00876913631663431,,-0.1832825886702305,0.17438086629916044
external,val,ACH-000739,all,B-interface,response_loss,wrong_minus_correct,238,0,0,0,0.6376642736066286,,0.4040418200733275,0.8768037090982705
external,val,ACH-000739,all,B-interface,mean_delta_mse,wrong_minus_correct,238,0,0,0,0.14862319175936595,,0.08539497468150961,0.21327493916664805
external,val,ACH-000739,all,B-interface,energy_distance,wrong_minus_correct,238,0,0,0,0.4890412274528948,,0.3186466822904695,0.6693969822731332
external,val,ACH-000739,all,B-interface,without_own_response_loss,wrong_minus_correct,238,0,0,0,0.6386933330728224,,0.4054473652358811,0.8797363270631351
external,val,ACH-000739,all,B-joint,response_loss,wrong_minus_correct,238,0,0,0,0.004955990574942968,,-0.050043598463550276,0.05325948314506835
external,val,ACH-000739,all,B-joint,mean_delta_mse,wrong_minus_correct,238,0,0,0,0.0010729140594237078,,-0.02392622494897866,0.02581819870892802
external,val,ACH-000739,all,B-joint,energy_distance,wrong_minus_correct,238,0,0,0,0.003882425773043019,,-0.05570502209062507,0.05714942419228434
external,val,ACH-000739,all,B-joint,without_own_response_loss,wrong_minus_correct,238,0,0,0,0.005023039489232668,,-0.0501030695939256,0.05330417152212526
external,val,ACH-000739,all,B-unfreeze,response_loss,wrong_minus_correct,238,0,0,0,5.32875023849872,,3.855544252335524,6.837060788509225
external,val,ACH-000739,all,B-unfreeze,mean_delta_mse,wrong_minus_correct,238,0,0,0,1.2845570220165898,,0.8643411938226272,1.7007508865293086
external,val,ACH-000739,all,B-unfreeze,energy_distance,wrong_minus_correct,238,0,0,0,4.044193056250821,,2.9827926260683713,5.154611352551885
external,val,ACH-000739,all,B-unfreeze,without_own_response_loss,wrong_minus_correct,238,0,0,0,5.329746026351672,,3.8573840861060034,6.837968412868114
external,val,ACH-000739,native_all,B-continue,response_loss,wrong_minus_correct,202,0,0,0,0.9860796494059045,,0.6385065221786498,1.3116835749975528
external,val,ACH-000739,native_all,B-continue,mean_delta_mse,wrong_minus_correct,202,0,0,0,0.23361948368572952,,0.1426456320964464,0.3244399970946925
external,val,ACH-000739,native_all,B-continue,energy_distance,wrong_minus_correct,202,0,0,0,0.7524602908899292,,0.497872337114693,0.9978034572790171
external,val,ACH-000739,native_all,B-continue,without_own_response_loss,wrong_minus_correct,202,0,0,0,0.9893033872736566,,0.6426374420907236,1.315854417569567
external,val,ACH-000739,native_all,B-init,response_loss,wrong_minus_correct,202,0,0,0,-0.0061633723797166395,,-0.18692273206049562,0.21132313114582102
external,val,ACH-000739,native_all,B-init,mean_delta_mse,wrong_minus_correct,202,0,0,0,0.00030978741031948223,,-0.05106973062647589,0.05932740485313973
external,val,ACH-000739,native_all,B-init,energy_distance,wrong_minus_correct,202,0,0,0,-0.006473382628793487,,-0.13861491665982256,0.15200158827375032
external,val,ACH-000739,native_all,B-init,without_own_response_loss,wrong_minus_correct,202,0,0,0,-0.006238669216040109,,-0.1869796141067274,0.21121523639943854
external,val,ACH-000739,native_all,B-interface,response_loss,wrong_minus_correct,202,0,0,0,0.6987396990898811,,0.44710607195844737,0.9486189831601511
external,val,ACH-000739,native_all,B-interface,mean_delta_mse,wrong_minus_correct,202,0,0,0,0.162663459659803,,0.09418626128446922,0.23233824525729252
external,val,ACH-000739,native_all,B-interface,energy_distance,wrong_minus_correct,202,0,0,0,0.5360764607344525,,0.34955107849423267,0.7220713284936283
external,val,ACH-000739,native_all,B-interface,without_own_response_loss,wrong_minus_correct,202,0,0,0,0.7004620991130868,,0.45211344650476293,0.9505352066649071
external,val,ACH-000739,native_all,B-joint,response_loss,wrong_minus_correct,202,0,0,0,0.007086483794864199,,-0.043557469585157715,0.055550300673686666
external,val,ACH-000739,native_all,B-joint,mean_delta_mse,wrong_minus_correct,202,0,0,0,-6.819243479351135e-06,,-0.02641484491895921,0.026559993583376396
external,val,ACH-000739,native_all,B-joint,energy_distance,wrong_minus_correct,202,0,0,0,0.007092980110997186,,-0.05002583947512748,0.05914814410823034
external,val,ACH-000739,native_all,B-joint,without_own_response_loss,wrong_minus_correct,202,0,0,0,0.007107120929378938,,-0.04351081545990481,0.05547653651473828
external,val,ACH-000739,native_all,B-unfreeze,response_loss,wrong_minus_correct,202,0,0,0,5.377349085855013,,3.876712378924436,6.856442047817874
external,val,ACH-000739,native_all,B-unfreeze,mean_delta_mse,wrong_minus_correct,202,0,0,0,1.314560570044093,,0.8888914164517188,1.7339650667864495
external,val,ACH-000739,native_all,B-unfreeze,energy_distance,wrong_minus_correct,202,0,0,0,4.062788451544129,,2.9808816543428027,5.134046990045227
external,val,ACH-000739,native_all,B-unfreeze,without_own_response_loss,wrong_minus_correct,202,0,0,0,5.378212901861362,,3.8776579999215532,6.860891183201631
external,val,ACH-000739,native_common,B-continue,response_loss,wrong_minus_correct,199,0,0,0,1.0764359785683788,,0.7065752754738582,1.449575227085669
external,val,ACH-000739,native_common,B-continue,mean_delta_mse,wrong_minus_correct,199,0,0,0,0.2429553132560385,,0.14927111149882552,0.3352221201861922
external,val,ACH-000739,native_common,B-continue,energy_distance,wrong_minus_correct,199,0,0,0,0.8334808196254712,,0.5518971589821666,1.1130415022193487
external,val,ACH-000739,native_common,B-continue,without_own_response_loss,wrong_minus_correct,199,0,0,0,1.0794608159280903,,0.7071609691639043,1.4518710185654804
external,val,ACH-000739,native_common,B-init,response_loss,wrong_minus_correct,199,0,0,0,-0.0037360876648849925,,-0.2002480166641262,0.20731074347567882
external,val,ACH-000739,native_common,B-init,mean_delta_mse,wrong_minus_correct,199,0,0,0,0.0006466467775889461,,-0.05480696174966701,0.05991489458323633
external,val,ACH-000739,native_common,B-init,energy_distance,wrong_minus_correct,199,0,0,0,-0.00438177214196077,,-0.1494593036594179,0.1524017211300595
external,val,ACH-000739,native_common,B-init,without_own_response_loss,wrong_minus_correct,199,0,0,0,-0.0038198499823331998,,-0.20039396353103384,0.2072544960520354
external,val,ACH-000739,native_common,B-interface,response_loss,wrong_minus_correct,199,0,0,0,0.7768103110730352,,0.4958411868373362,1.0584767083906053
external,val,ACH-000739,native_common,B-interface,mean_delta_mse,wrong_minus_correct,199,0,0,0,0.17789658074402923,,0.1059978891182783,0.2491564624348479
external,val,ACH-000739,native_common,B-interface,energy_distance,wrong_minus_correct,199,0,0,0,0.598914003611809,,0.38601457720425847,0.8143147247161096
external,val,ACH-000739,native_common,B-interface,without_own_response_loss,wrong_minus_correct,199,0,0,0,0.7785503133457514,,0.49743481524625704,1.061862174554087
external,val,ACH-000739,native_common,B-joint,response_loss,wrong_minus_correct,199,0,0,0,0.013481638539377427,,-0.04016104271663421,0.06170738756955752
external,val,ACH-000739,native_common,B-joint,mean_delta_mse,wrong_minus_correct,199,0,0,0,0.002816440831476591,,-0.02258639048092367,0.027104515094853492
external,val,ACH-000739,native_common,B-joint,energy_distance,wrong_minus_correct,199,0,0,0,0.010665234129633137,,-0.04774358778143522,0.06480709593500071
external,val,ACH-000739,native_common,B-joint,without_own_response_loss,wrong_minus_correct,199,0,0,0,0.01351122065405128,,-0.03999416792213164,0.061621911513739976
external,val,ACH-000739,native_common,B-unfreeze,response_loss,wrong_minus_correct,199,0,0,0,5.4551375681431455,,3.9259430412671077,6.987760703228227
external,val,ACH-000739,native_common,B-unfreeze,mean_delta_mse,wrong_minus_correct,199,0,0,0,1.2736248812483784,,0.874369939382951,1.6827369717617133
external,val,ACH-000739,native_common,B-unfreeze,energy_distance,wrong_minus_correct,199,0,0,0,4.181512819223069,,3.061749101571701,5.3516279425692925
external,val,ACH-000739,native_common,B-unfreeze,without_own_response_loss,wrong_minus_correct,199,0,0,0,5.458384622161713,,3.925838984568515,6.987338024036369
external,val,ACH-000739,seen,B-continue,response_loss,wrong_minus_correct,234,0,0,0,1.0040987247075788,,0.7047280833252468,1.3666504033304678
external,val,ACH-000739,seen,B-continue,mean_delta_mse,wrong_minus_correct,234,0,0,0,0.22740825628622982,,0.15053795525406155,0.31416124551851515
external,val,ACH-000739,seen,B-continue,energy_distance,wrong_minus_correct,234,0,0,0,0.776690517327724,,0.5479343355618984,1.0557795760977975
external,val,ACH-000739,seen,B-continue,without_own_response_loss,wrong_minus_correct,234,0,0,0,1.00580954062633,,0.7083166807329551,1.3675861916888465
external,val,ACH-000739,seen,B-init,response_loss,wrong_minus_correct,234,0,0,0,-0.009709415272769764,,-0.1994851736737065,0.192372384356633
external,val,ACH-000739,seen,B-init,mean_delta_mse,wrong_minus_correct,234,0,0,0,-0.004103942610258182,,-0.05572380114824281,0.0515167663443813
external,val,ACH-000739,seen,B-init,energy_distance,wrong_minus_correct,234,0,0,0,-0.005604592347755001,,-0.14111789931598753,0.14308340480185044
external,val,ACH-000739,seen,B-init,without_own_response_loss,wrong_minus_correct,234,0,0,0,-0.00977535410823713,,-0.19944915901900787,0.19241848741840784
external,val,ACH-000739,seen,B-interface,response_loss,wrong_minus_correct,234,0,0,0,0.6603154406588296,,0.4427538458608153,0.9140886685379542
external,val,ACH-000739,seen,B-interface,mean_delta_mse,wrong_minus_correct,234,0,0,0,0.1493498542879382,,0.09172287471783468,0.21233050919496096
external,val,ACH-000739,seen,B-interface,energy_distance,wrong_minus_correct,234,0,0,0,0.5109658396142159,,0.3406585797692974,0.7052661742511975
external,val,ACH-000739,seen,B-interface,without_own_response_loss,wrong_minus_correct,234,0,0,0,0.6610229871211903,,0.4410373250541519,0.9148716458092381
external,val,ACH-000739,seen,B-joint,response_loss,wrong_minus_correct,234,0,0,0,0.005542083479400811,,-0.04373666355752031,0.05192524999634929
external,val,ACH-000739,seen,B-joint,mean_delta_mse,wrong_minus_correct,234,0,0,0,0.0009869893391924896,,-0.02407221900092251,0.02670061376359737
external,val,ACH-000739,seen,B-joint,energy_distance,wrong_minus_correct,234,0,0,0,0.004555257161457774,,-0.05143996931548763,0.05747983035878032
external,val,ACH-000739,seen,B-joint,without_own_response_loss,wrong_minus_correct,234,0,0,0,0.005604344555457339,,-0.04363652677617037,0.0519573730077517
external,val,ACH-000739,seen,B-unfreeze,response_loss,wrong_minus_correct,234,0,0,0,5.096483867188804,,3.8131086988938163,6.516483018306586
external,val,ACH-000739,seen,B-unfreeze,mean_delta_mse,wrong_minus_correct,234,0,0,0,1.2022598172864343,,0.8404538962690746,1.5773535215383407
external,val,ACH-000739,seen,B-unfreeze,energy_distance,wrong_minus_correct,234,0,0,0,3.8942238571297407,,2.9226690360827328,4.985525617680998
external,val,ACH-000739,seen,B-unfreeze,without_own_response_loss,wrong_minus_correct,234,0,0,0,5.095158676815848,,3.8115589432838637,6.514340844001526
external,val,ACH-000739,unseen,B-continue,response_loss,wrong_minus_correct,4,0,0,0,0.9143223762512207,,-1.6368413925170913,3.4435578346252456
external,val,ACH-000739,unseen,B-continue,mean_delta_mse,wrong_minus_correct,4,0,0,0,0.14039933681488126,,-0.6756928443908681,0.8224459886550912
external,val,ACH-000739,unseen,B-continue,energy_distance,wrong_minus_correct,4,0,0,0,0.77392272949219,,-0.9386459350585916,2.5986068725585962
external,val,ACH-000739,unseen,B-continue,without_own_response_loss,wrong_minus_correct,4,0,0,0,0.9143223762512207,,-1.6368413925170913,3.4435578346252456
external,val,ACH-000739,unseen,B-init,response_loss,wrong_minus_correct,4,0,0,0,-0.014056396484363631,,-0.37677001953125,0.3632965087890625
external,val,ACH-000739,unseen,B-init,mean_delta_mse,wrong_minus_correct,4,0,0,0,0.009930801391604405,,-0.09121475219725994,0.13710861206055824
external,val,ACH-000739,unseen,B-init,energy_distance,wrong_minus_correct,4,0,0,0,-0.023965454101528394,,-0.28552856445310226,0.23759765625004547
external,val,ACH-000739,unseen,B-init,without_own_response_loss,wrong_minus_correct,4,0,0,0,-0.014056396484363631,,-0.37677001953125,0.3632965087890625
external,val,ACH-000739,unseen,B-interface,response_loss,wrong_minus_correct,4,0,0,0,0.16854057312011683,,-1.3831663131713903,1.6004106521606456
external,val,ACH-000739,unseen,B-interface,mean_delta_mse,wrong_minus_correct,4,0,0,0,-0.002589011192323021,,-0.5113149166107203,0.4001512765884394
external,val,ACH-000739,unseen,B-interface,energy_distance,wrong_minus_correct,4,0,0,0,0.17113113403320312,,-0.8718513488769553,1.2002609252929695
external,val,ACH-000739,unseen,B-interface,without_own_response_loss,wrong_minus_correct,4,0,0,0,0.16854057312011683,,-1.3831663131713903,1.6004106521606456
external,val,ACH-000739,unseen,B-joint,response_loss,wrong_minus_correct,4,0,0,0,0.128220367431652,,-0.13979034423823578,0.4457763671875057
external,val,ACH-000739,unseen,B-joint,mean_delta_mse,wrong_minus_correct,4,0,0,0,-0.020737838745116477,,-0.19847030639647656,0.1293136596679645
external,val,ACH-000739,unseen,B-joint,energy_distance,wrong_minus_correct,4,0,0,0,0.14895324707030966,,-0.18375549316407103,0.4058837890625
external,val,ACH-000739,unseen,B-joint,without_own_response_loss,wrong_minus_correct,4,0,0,0,0.128220367431652,,-0.13979034423823578,0.4457763671875057
external,val,ACH-000739,unseen,B-unfreeze,response_loss,wrong_minus_correct,4,0,0,0,17.589476299285888,,4.691923046112059,31.96049480438232
external,val,ACH-000739,unseen,B-unfreeze,mean_delta_mse,wrong_minus_correct,4,0,0,0,4.046477937698365,,0.5748142242431653,7.495119857788086
external,val,ACH-000739,unseen,B-unfreeze,energy_distance,wrong_minus_correct,4,0,0,0,13.542999267578129,,4.1171051025390675,24.46537780761719
external,val,ACH-000739,unseen,B-unfreeze,without_own_response_loss,wrong_minus_correct,4,0,0,0,17.589476299285888,,4.691923046112059,31.96049480438232
external,val,ACH-000971,all,B-continue,response_loss,wrong_minus_correct,1826,0,0,0,0.030601612813893158,,0.013421954646429151,0.04848358364904305
external,val,ACH-000971,all,B-continue,mean_delta_mse,wrong_minus_correct,1826,0,0,0,0.00488948571982285,,0.0012563615738692786,0.008578331399166313
external,val,ACH-000971,all,B-continue,energy_distance,wrong_minus_correct,1826,0,0,0,0.025712120833297644,,0.012068138456814616,0.03996070828390801
external,val,ACH-000971,all,B-continue,without_own_response_loss,wrong_minus_correct,1826,0,0,0,0.030530670099164398,,0.013422651651263396,0.04846817211932442
external,val,ACH-000971,all,B-init,response_loss,wrong_minus_correct,1826,0,0,0,-0.0002664421892123934,,-0.0725550539783425,0.06934608467828955
external,val,ACH-000971,all,B-init,mean_delta_mse,wrong_minus_correct,1826,0,0,0,0.00043858886417914877,,-0.013326284945468147,0.013013387828379776
external,val,ACH-000971,all,B-init,energy_distance,wrong_minus_correct,1826,0,0,0,-0.0007045031377297471,,-0.059080262074468315,0.05653475315390499
external,val,ACH-000971,all,B-init,without_own_response_loss,wrong_minus_correct,1826,0,0,0,-0.00027007555256629035,,-0.07255774582594436,0.06934648628694388
external,val,ACH-000971,all,B-interface,response_loss,wrong_minus_correct,1826,0,0,0,0.026482396893537822,,0.013386642888498414,0.04029083277805735
external,val,ACH-000971,all,B-interface,mean_delta_mse,wrong_minus_correct,1826,0,0,0,0.004271364349133337,,0.0017720923403855367,0.00683389534139423
external,val,ACH-000971,all,B-interface,energy_distance,wrong_minus_correct,1826,0,0,0,0.02221106939744056,,0.01153725664821928,0.03340485082920902
external,val,ACH-000971,all,B-interface,without_own_response_loss,wrong_minus_correct,1826,0,0,0,0.026511304193101867,,0.013320907071020602,0.04030118295423038
external,val,ACH-000971,all,B-joint,response_loss,wrong_minus_correct,1826,0,0,0,0.0030831427850966844,,-0.010594163604267902,0.016534714233966716
external,val,ACH-000971,all,B-joint,mean_delta_mse,wrong_minus_correct,1826,0,0,0,-6.968350948407883e-05,,-0.006515557624946519,0.006539323980157985
external,val,ACH-000971,all,B-joint,energy_distance,wrong_minus_correct,1826,0,0,0,0.003152958847998105,,-0.011623751503485099,0.01782322163910825
external,val,ACH-000971,all,B-joint,without_own_response_loss,wrong_minus_correct,1826,0,0,0,0.0030747212037071686,,-0.010600425473700641,0.01651873917595326
external,val,ACH-000971,all,B-unfreeze,response_loss,wrong_minus_correct,1826,0,0,0,0.1285194118600033,,0.09324076842896124,0.16595159546177335
external,val,ACH-000971,all,B-unfreeze,mean_delta_mse,wrong_minus_correct,1826,0,0,0,0.021141424517250276,,0.01407475299015235,0.028179954875011702
external,val,ACH-000971,all,B-unfreeze,energy_distance,wrong_minus_correct,1826,0,0,0,0.10737798383698148,,0.07921133732874056,0.13798145235694648
external,val,ACH-000971,all,B-unfreeze,without_own_response_loss,wrong_minus_correct,1826,0,0,0,0.1285802178941708,,0.09337454672972184,0.16603325416981718
external,val,ACH-000971,native_all,B-continue,response_loss,wrong_minus_correct,185,0,0,0,0.20080980404003243,,0.12853975230294312,0.2792279237412116
external,val,ACH-000971,native_all,B-continue,mean_delta_mse,wrong_minus_correct,185,0,0,0,0.03452099213729036,,0.020642753828216252,0.050054309867523857
external,val,ACH-000971,native_all,B-continue,energy_distance,wrong_minus_correct,185,0,0,0,0.16628878206820102,,0.10668677252692141,0.23026749069626276
external,val,ACH-000971,native_all,B-continue,without_own_response_loss,wrong_minus_correct,185,0,0,0,0.20088211781269777,,0.12852748674959727,0.27945090752678925
external,val,ACH-000971,native_all,B-init,response_loss,wrong_minus_correct,185,0,0,0,-0.02117903425886394,,-0.25089846719277,0.2146337606069243
external,val,ACH-000971,native_all,B-init,mean_delta_mse,wrong_minus_correct,185,0,0,0,-0.003357609929264911,,-0.04515407392140992,0.042230801865861756
external,val,ACH-000971,native_all,B-init,energy_distance,wrong_minus_correct,185,0,0,0,-0.01782144082558845,,-0.20610180416622226,0.17601594502217752
external,val,ACH-000971,native_all,B-init,without_own_response_loss,wrong_minus_correct,185,0,0,0,-0.02115719357051775,,-0.2509544859190168,0.21467887960898596
external,val,ACH-000971,native_all,B-interface,response_loss,wrong_minus_correct,185,0,0,0,0.16807143030939878,,0.11209327290509223,0.23294610600858132
external,val,ACH-000971,native_all,B-interface,mean_delta_mse,wrong_minus_correct,185,0,0,0,0.028909807076325265,,0.01819791690401128,0.04125017289374326
external,val,ACH-000971,native_all,B-interface,energy_distance,wrong_minus_correct,185,0,0,0,0.1391616408889357,,0.09286086500013178,0.19144953547297303
external,val,ACH-000971,native_all,B-interface,without_own_response_loss,wrong_minus_correct,185,0,0,0,0.16889015197753904,,0.11235796946448223,0.23426569062310296
external,val,ACH-000971,native_all,B-joint,response_loss,wrong_minus_correct,185,0,0,0,0.002735175055425691,,-0.04330675795271593,0.04687074094205144
external,val,ACH-000971,native_all,B-joint,mean_delta_mse,wrong_minus_correct,185,0,0,0,0.0014007753939244358,,-0.019729268589535137,0.022713265212806776
external,val,ACH-000971,native_all,B-joint,energy_distance,wrong_minus_correct,185,0,0,0,0.0013341625316722666,,-0.05056831071183576,0.04687077290302967
external,val,ACH-000971,native_all,B-joint,without_own_response_loss,wrong_minus_correct,185,0,0,0,0.002733360496727288,,-0.04330010140908664,0.0468657591536226
external,val,ACH-000971,native_all,B-unfreeze,response_loss,wrong_minus_correct,185,0,0,0,0.7327297757122969,,0.5259270894076374,0.9587580617956213
external,val,ACH-000971,native_all,B-unfreeze,mean_delta_mse,wrong_minus_correct,185,0,0,0,0.12614399136723697,,0.0878459877242913,0.16857955498792027
external,val,ACH-000971,native_all,B-unfreeze,energy_distance,wrong_minus_correct,185,0,0,0,0.6065858253272803,,0.4375922599998681,0.7916017080770956
external,val,ACH-000971,native_all,B-unfreeze,without_own_response_loss,wrong_minus_correct,185,0,0,0,0.733642546164023,,0.5272790491258779,0.9589376114510201
external,val,ACH-000971,native_common,B-continue,response_loss,wrong_minus_correct,182,0,0,0,0.20531487779302934,,0.12104519361978082,0.28709262580662026
external,val,ACH-000971,native_common,B-continue,mean_delta_mse,wrong_minus_correct,182,0,0,0,0.03657126446346662,,0.02028955149290328,0.05178507436762801
external,val,ACH-000971,native_common,B-continue,energy_distance,wrong_minus_correct,182,0,0,0,0.16874354435847352,,0.1012366326300654,0.23499366718334147
external,val,ACH-000971,native_common,B-continue,without_own_response_loss,wrong_minus_correct,182,0,0,0,0.20545472417558958,,0.12120803384990507,0.2872428981943449
external,val,ACH-000971,native_common,B-init,response_loss,wrong_minus_correct,182,0,0,0,-0.01855031107808807,,-0.24367868234823634,0.22708095424777394
external,val,ACH-000971,native_common,B-init,mean_delta_mse,wrong_minus_correct,182,0,0,0,-0.004674538413246582,,-0.046818648747035875,0.04145568962935617
external,val,ACH-000971,native_common,B-init,energy_distance,wrong_minus_correct,182,0,0,0,-0.013875806200637988,,-0.1963722606281662,0.18616857926924074
external,val,ACH-000971,native_common,B-init,without_own_response_loss,wrong_minus_correct,182,0,0,0,-0.018549539754684662,,-0.24364817315405837,0.2270720999581406
external,val,ACH-000971,native_common,B-interface,response_loss,wrong_minus_correct,182,0,0,0,0.17426296904846877,,0.11431049994059975,0.23611633253621547
external,val,ACH-000971,native_common,B-interface,mean_delta_mse,wrong_minus_correct,182,0,0,0,0.030673165111751326,,0.019214021625754557,0.04255410844971843
external,val,ACH-000971,native_common,B-interface,energy_distance,wrong_minus_correct,182,0,0,0,0.143589849786444,,0.09446533286964486,0.19418026096218247
external,val,ACH-000971,native_common,B-interface,without_own_response_loss,wrong_minus_correct,182,0,0,0,0.1750113843561529,,0.11514547717440257,0.23688640374403727
external,val,ACH-000971,native_common,B-joint,response_loss,wrong_minus_correct,182,0,0,0,0.0014606350070850097,,-0.04945881183330589,0.04798094571292102
external,val,ACH-000971,native_common,B-joint,mean_delta_mse,wrong_minus_correct,182,0,0,0,0.0018296231280315427,,-0.020577885449587795,0.02318662740372036
external,val,ACH-000971,native_common,B-joint,energy_distance,wrong_minus_correct,182,0,0,0,-0.00036917885581203166,,-0.05312261602380874,0.048446140918102065
external,val,ACH-000971,native_common,B-joint,without_own_response_loss,wrong_minus_correct,182,0,0,0,0.001445292378520917,,-0.0494992673266051,0.047955683613871924
external,val,ACH-000971,native_common,B-unfreeze,response_loss,wrong_minus_correct,182,0,0,0,0.7832762209923713,,0.5480708037234926,1.0156533627981665
external,val,ACH-000971,native_common,B-unfreeze,mean_delta_mse,wrong_minus_correct,182,0,0,0,0.13886583585005544,,0.09405871708805745,0.1827968301108251
external,val,ACH-000971,native_common,B-unfreeze,energy_distance,wrong_minus_correct,182,0,0,0,0.6444104205121053,,0.4517477706238465,0.836448271615165
external,val,ACH-000971,native_common,B-unfreeze,without_own_response_loss,wrong_minus_correct,182,0,0,0,0.7842795896006155,,0.5481431507016278,1.0164021679464275
external,val,ACH-000971,seen,B-continue,response_loss,wrong_minus_correct,864,0,0,0,0.05445218185583751,,0.028070416676777458,0.08077764750906717
external,val,ACH-000971,seen,B-continue,mean_delta_mse,wrong_minus_correct,864,0,0,0,0.008981907381503666,,0.0036498317194895652,0.014295987646543865
external,val,ACH-000971,seen,B-continue,energy_distance,wrong_minus_correct,864,0,0,0,0.04547026245682335,,0.024087626757445243,0.06682100869991169
external,val,ACH-000971,seen,B-continue,without_own_response_loss,wrong_minus_correct,864,0,0,0,0.05440930194324921,,0.028060699273590787,0.0807615486422071
external,val,ACH-000971,seen,B-init,response_loss,wrong_minus_correct,864,0,0,0,0.00035578763043506053,,-0.11199408230958058,0.10617676046159666
external,val,ACH-000971,seen,B-init,mean_delta_mse,wrong_minus_correct,864,0,0,0,0.0014337473445469153,,-0.02018341649461672,0.02223197520883018
external,val,ACH-000971,seen,B-init,energy_distance,wrong_minus_correct,864,0,0,0,-0.001077708491573601,,-0.09156420601738963,0.08537009486445546
external,val,ACH-000971,seen,B-init,without_own_response_loss,wrong_minus_correct,864,0,0,0,0.0003480593363450458,,-0.11200059466891776,0.10616568194495397
external,val,ACH-000971,seen,B-interface,response_loss,wrong_minus_correct,864,0,0,0,0.043638647706420335,,0.025127474450402802,0.062372393552903825
external,val,ACH-000971,seen,B-interface,mean_delta_mse,wrong_minus_correct,864,0,0,0,0.00713538319148399,,0.003417168739079316,0.010929631302823076
external,val,ACH-000971,seen,B-interface,energy_distance,wrong_minus_correct,864,0,0,0,0.03650330437554252,,0.021358106931050592,0.05169597095913359
external,val,ACH-000971,seen,B-interface,without_own_response_loss,wrong_minus_correct,864,0,0,0,0.043767264154222246,,0.025282637217530574,0.06268575741185073
external,val,ACH-000971,seen,B-joint,response_loss,wrong_minus_correct,864,0,0,0,0.005502301675301886,,-0.013366253155249001,0.023124849531385532
external,val,ACH-000971,seen,B-joint,mean_delta_mse,wrong_minus_correct,864,0,0,0,0.0006258631194079323,,-0.0086756353908117,0.009925584820685507
external,val,ACH-000971,seen,B-joint,energy_distance,wrong_minus_correct,864,0,0,0,0.004876172101056036,,-0.01641301534793846,0.024076202975379348
external,val,ACH-000971,seen,B-joint,without_own_response_loss,wrong_minus_correct,864,0,0,0,0.005487827018454348,,-0.013380171237168935,0.023074365810110874
external,val,ACH-000971,seen,B-unfreeze,response_loss,wrong_minus_correct,864,0,0,0,0.23108272916740843,,0.16616600330505105,0.2962713281368768
external,val,ACH-000971,seen,B-unfreeze,mean_delta_mse,wrong_minus_correct,864,0,0,0,0.0385757874145552,,0.02618202431886285,0.05147019046151804
external,val,ACH-000971,seen,B-unfreeze,energy_distance,wrong_minus_correct,864,0,0,0,0.19250694204259802,,0.1393993846575419,0.24587100629453318
external,val,ACH-000971,seen,B-unfreeze,without_own_response_loss,wrong_minus_correct,864,0,0,0,0.23128112002655316,,0.16615893875835117,0.2965022443704031
external,val,ACH-000971,unseen,B-continue,response_loss,wrong_minus_correct,962,0,0,0,0.005531888989549683,,-0.01612974277900813,0.02580480983004507
external,val,ACH-000971,unseen,B-continue,mean_delta_mse,wrong_minus_correct,962,0,0,0,0.00021444412873837553,,-0.004648574452204411,0.004726453420092305
external,val,ACH-000971,unseen,B-continue,energy_distance,wrong_minus_correct,962,0,0,0,0.0053174373761532105,,-0.011473462031437785,0.02192485825187705
external,val,ACH-000971,unseen,B-continue,without_own_response_loss,wrong_minus_correct,962,0,0,0,0.005530092374202881,,-0.016130998404754737,0.025801938177394332
external,val,ACH-000971,unseen,B-init,response_loss,wrong_minus_correct,962,0,0,0,-0.00018495175050478463,,-0.09824202095396867,0.10224017232470599
external,val,ACH-000971,unseen,B-init,mean_delta_mse,wrong_minus_correct,962,0,0,0,-0.00044893435281947097,,-0.017921840822375034,0.017480047923858894
external,val,ACH-000971,unseen,B-init,energy_distance,wrong_minus_correct,962,0,0,0,0.00026418959524635087,,-0.07993971414228711,0.0842483515749386
external,val,ACH-000971,unseen,B-init,without_own_response_loss,wrong_minus_correct,962,0,0,0,-0.00018172868819952564,,-0.09823954719020331,0.1022451647403583
external,val,ACH-000971,unseen,B-interface,response_loss,wrong_minus_correct,962,0,0,0,0.005621724118809608,,-0.010441045215868578,0.021469704861948144
external,val,ACH-000971,unseen,B-interface,mean_delta_mse,wrong_minus_correct,962,0,0,0,0.0006245084339268822,,-0.002814216045914452,0.0039036216430381556
external,val,ACH-000971,unseen,B-interface,energy_distance,wrong_minus_correct,962,0,0,0,0.004997262934885007,,-0.0075538080100457415,0.01762001941704703
external,val,ACH-000971,unseen,B-interface,without_own_response_loss,wrong_minus_correct,962,0,0,0,0.005620785711213026,,-0.010441887988370256,0.0214674543838738
external,val,ACH-000971,unseen,B-joint,response_loss,wrong_minus_correct,962,0,0,0,-0.001060712659681916,,-0.020590643337512232,0.01678181459898673
external,val,ACH-000971,unseen,B-joint,mean_delta_mse,wrong_minus_correct,962,0,0,0,-0.0009367778246715088,,-0.01040928878308333,0.009333213520644893
external,val,ACH-000971,unseen,B-joint,energy_distance,wrong_minus_correct,962,0,0,0,-0.000123466126883682,,-0.02291935783909635,0.0215252133565739
external,val,ACH-000971,unseen,B-joint,without_own_response_loss,wrong_minus_correct,962,0,0,0,-0.0010639959957898409,,-0.020601284677422886,0.01678072665684361
external,val,ACH-000971,unseen,B-unfreeze,response_loss,wrong_minus_correct,962,0,0,0,0.011548507337510684,,-0.021071566685321726,0.04601716954346258
external,val,ACH-000971,unseen,B-unfreeze,mean_delta_mse,wrong_minus_correct,962,0,0,0,0.0007092322852160492,,-0.006401750377210897,0.007306937307057405
external,val,ACH-000971,unseen,B-unfreeze,energy_distance,wrong_minus_correct,962,0,0,0,0.010839275907330102,,-0.015262684970784332,0.038006179238555315
external,val,ACH-000971,unseen,B-unfreeze,without_own_response_loss,wrong_minus_correct,962,0,0,0,0.011549393600336936,,-0.02106942767412901,0.04601688468034945
internal,val,ACH-000551,all,B-continue,response_loss,wrong_minus_correct,983,0,0,0,0.23581862114938326,,0.17484792425576695,0.2952105898265315
internal,val,ACH-000551,all,B-continue,mean_delta_mse,wrong_minus_correct,983,0,0,0,0.03800198978470641,,0.02757080441388176,0.0480657298876956
internal,val,ACH-000551,all,B-continue,energy_distance,wrong_minus_correct,983,0,0,0,0.19781664269137839,,0.14743868116687295,0.24696630165511443
internal,val,ACH-000551,all,B-continue,without_own_response_loss,wrong_minus_correct,983,0,0,0,0.23614040187513596,,0.17502345953807466,0.2953496731115867
internal,val,ACH-000551,all,B-init,response_loss,wrong_minus_correct,983,0,0,0,-0.005960048857929946,,-0.07118066160992073,0.0640559871514469
internal,val,ACH-000551,all,B-init,mean_delta_mse,wrong_minus_correct,983,0,0,0,-0.00113606535406106,,-0.015232022102099814,0.014052367642112533
internal,val,ACH-000551,all,B-init,energy_distance,wrong_minus_correct,983,0,0,0,-0.004823869800276936,,-0.05711609957783299,0.05135054952130563
internal,val,ACH-000551,all,B-init,without_own_response_loss,wrong_minus_correct,983,0,0,0,-0.005976201753044675,,-0.07121782793761364,0.06405106553226159
internal,val,ACH-000551,all,B-interface,response_loss,wrong_minus_correct,983,0,0,0,0.14141860648550075,,0.10020890791806665,0.1832352398479943
internal,val,ACH-000551,all,B-interface,mean_delta_mse,wrong_minus_correct,983,0,0,0,0.022766945699830506,,0.015965778632800066,0.02965936156370633
internal,val,ACH-000551,all,B-interface,energy_distance,wrong_minus_correct,983,0,0,0,0.1186516545432509,,0.08423115595432411,0.15315373867962395
internal,val,ACH-000551,all,B-interface,without_own_response_loss,wrong_minus_correct,983,0,0,0,0.14177492938230873,,0.10068785672876629,0.18352398120374674
internal,val,ACH-000551,all,B-joint,response_loss,wrong_minus_correct,983,0,0,0,0.006657476415468955,,-0.01390450948131198,0.02809218351377758
internal,val,ACH-000551,all,B-joint,mean_delta_mse,wrong_minus_correct,983,0,0,0,0.0008370800154133645,,-0.007209988600846555,0.008918035454813053
internal,val,ACH-000551,all,B-joint,energy_distance,wrong_minus_correct,983,0,0,0,0.005820403773326731,,-0.01321024005070934,0.02534874381514582
internal,val,ACH-000551,all,B-joint,without_own_response_loss,wrong_minus_correct,983,0,0,0,0.0066323933256975665,,-0.013943171224662345,0.028058899872664845
internal,val,ACH-000551,all,B-unfreeze,response_loss,wrong_minus_correct,983,0,0,0,1.290798456089179,,0.981648299194425,1.6168337422124246
internal,val,ACH-000551,all,B-unfreeze,mean_delta_mse,wrong_minus_correct,983,0,0,0,0.20649087054016385,,0.1539745721222486,0.2632000409508179
internal,val,ACH-000551,all,B-unfreeze,energy_distance,wrong_minus_correct,983,0,0,0,1.0843075943381233,,0.8283781359372765,1.357533976107624
internal,val,ACH-000551,all,B-unfreeze,without_own_response_loss,wrong_minus_correct,983,0,0,0,1.29151244626768,,0.9816652299137832,1.616889642430346
internal,val,ACH-000551,native_all,B-continue,response_loss,wrong_minus_correct,196,0,0,0,0.7281886599501782,,0.5253459521033326,0.9341950524400687
internal,val,ACH-000551,native_all,B-continue,mean_delta_mse,wrong_minus_correct,196,0,0,0,0.12083567826419463,,0.08579247099100332,0.15489719057284604
internal,val,ACH-000551,native_all,B-continue,energy_distance,wrong_minus_correct,196,0,0,0,0.6073529613261319,,0.44000788241016614,0.775552973844567
internal,val,ACH-000551,native_all,B-continue,without_own_response_loss,wrong_minus_correct,196,0,0,0,0.7289104948238451,,0.5265111112290499,0.934358982924296
internal,val,ACH-000551,native_all,B-init,response_loss,wrong_minus_correct,196,0,0,0,-0.010864974041372854,,-0.16647755836953612,0.13458778459198978
internal,val,ACH-000551,native_all,B-init,mean_delta_mse,wrong_minus_correct,196,0,0,0,-0.001377276985013386,,-0.035633363237187216,0.031895540101186705
internal,val,ACH-000551,native_all,B-init,energy_distance,wrong_minus_correct,196,0,0,0,-0.009486544862090041,,-0.13264161324014723,0.10674830689721332
internal,val,ACH-000551,native_all,B-init,without_own_response_loss,wrong_minus_correct,196,0,0,0,-0.010983618911430251,,-0.1664995395893909,0.13454827834149163
internal,val,ACH-000551,native_all,B-interface,response_loss,wrong_minus_correct,196,0,0,0,0.49602719399393846,,0.3608629824008263,0.639283958545753
internal,val,ACH-000551,native_all,B-interface,mean_delta_mse,wrong_minus_correct,196,0,0,0,0.08187266284105726,,0.05921661109834603,0.10565651491474436
internal,val,ACH-000551,native_all,B-interface,energy_distance,wrong_minus_correct,196,0,0,0,0.4141545509805485,,0.3014840308987365,0.5343315073908593
internal,val,ACH-000551,native_all,B-interface,without_own_response_loss,wrong_minus_correct,196,0,0,0,0.4969286789699478,,0.36150209368491676,0.6401691313909025
internal,val,ACH-000551,native_all,B-joint,response_loss,wrong_minus_correct,196,0,0,0,0.024477036145266362,,-0.005934080785636806,0.05952781794022255
internal,val,ACH-000551,native_all,B-joint,mean_delta_mse,wrong_minus_correct,196,0,0,0,0.003161166638744215,,-0.012651003745137454,0.017732856176337623
internal,val,ACH-000551,native_all,B-joint,energy_distance,wrong_minus_correct,196,0,0,0,0.021315967793368563,,-0.007156091028328199,0.05133693928621379
internal,val,ACH-000551,native_all,B-joint,without_own_response_loss,wrong_minus_correct,196,0,0,0,0.024463497862523192,,-0.005947025844030045,0.05952967312871092
internal,val,ACH-000551,native_all,B-unfreeze,response_loss,wrong_minus_correct,196,0,0,0,3.671776605138973,,2.5949281775039066,4.784525028929419
internal,val,ACH-000551,native_all,B-unfreeze,mean_delta_mse,wrong_minus_correct,196,0,0,0,0.6012881259833064,,0.418979835900269,0.7931036301751678
internal,val,ACH-000551,native_all,B-unfreeze,energy_distance,wrong_minus_correct,196,0,0,0,3.070488614452129,,2.1777100166009395,3.9851138360159744
internal,val,ACH-000551,native_all,B-unfreeze,without_own_response_loss,wrong_minus_correct,196,0,0,0,3.6722852885723114,,2.5956902865761395,4.784663893604765
internal,val,ACH-000551,native_common,B-continue,response_loss,wrong_minus_correct,193,0,0,0,0.7949949427589853,,0.5724991790000641,1.0325464235377435
internal,val,ACH-000551,native_common,B-continue,mean_delta_mse,wrong_minus_correct,193,0,0,0,0.13118350562190761,,0.09406321807711393,0.17060300230690387
internal,val,ACH-000551,native_common,B-continue,energy_distance,wrong_minus_correct,193,0,0,0,0.6638113861874594,,0.48224160821944306,0.8581193028583426
internal,val,ACH-000551,native_common,B-continue,without_own_response_loss,wrong_minus_correct,193,0,0,0,0.796062688876928,,0.572908080451847,1.0326106216993975
internal,val,ACH-000551,native_common,B-init,response_loss,wrong_minus_correct,193,0,0,0,-0.014260374079096326,,-0.18806758623667044,0.15034216727617813
internal,val,ACH-000551,native_common,B-init,mean_delta_mse,wrong_minus_correct,193,0,0,0,-0.0022214464573041244,,-0.038602643037707475,0.03307979193376175
internal,val,ACH-000551,native_common,B-init,energy_distance,wrong_minus_correct,193,0,0,0,-0.01203739778983031,,-0.1473534001958182,0.11782342386986995
internal,val,ACH-000551,native_common,B-init,without_own_response_loss,wrong_minus_correct,193,0,0,0,-0.01435379265503468,,-0.18808833502735128,0.15018150250529225
internal,val,ACH-000551,native_common,B-interface,response_loss,wrong_minus_correct,193,0,0,0,0.5239390089104212,,0.3877138587106694,0.6761799848512043
internal,val,ACH-000551,native_common,B-interface,mean_delta_mse,wrong_minus_correct,193,0,0,0,0.08632916531723397,,0.06395080156585714,0.11262753514582624
internal,val,ACH-000551,native_common,B-interface,energy_distance,wrong_minus_correct,193,0,0,0,0.4376098790934667,,0.32282060455164147,0.5639233386578338
internal,val,ACH-000551,native_common,B-interface,without_own_response_loss,wrong_minus_correct,193,0,0,0,0.5250611720307502,,0.38861325154032716,0.6781272666133124
internal,val,ACH-000551,native_common,B-joint,response_loss,wrong_minus_correct,193,0,0,0,0.02272984005626628,,-0.011892799021668168,0.05774751435907235
internal,val,ACH-000551,native_common,B-joint,mean_delta_mse,wrong_minus_correct,193,0,0,0,0.0036742482160655784,,-0.0111448421873578,0.01950943398352126
internal,val,ACH-000551,native_common,B-joint,energy_distance,wrong_minus_correct,193,0,0,0,0.019055571086666452,,-0.014368451370474678,0.05078713016806557
internal,val,ACH-000551,native_common,B-joint,without_own_response_loss,wrong_minus_correct,193,0,0,0,0.022712272683574248,,-0.011939205110381037,0.05771313603060224
internal,val,ACH-000551,native_common,B-unfreeze,response_loss,wrong_minus_correct,193,0,0,0,4.199369742586206,,3.1082485287485953,5.479318300745032
internal,val,ACH-000551,native_common,B-unfreeze,mean_delta_mse,wrong_minus_correct,193,0,0,0,0.6858502025817341,,0.49779072465654944,0.9031125840008105
internal,val,ACH-000551,native_common,B-unfreeze,energy_distance,wrong_minus_correct,193,0,0,0,3.513519698227008,,2.6106934858727335,4.586539054831075
internal,val,ACH-000551,native_common,B-unfreeze,without_own_response_loss,wrong_minus_correct,193,0,0,0,4.2002691466573605,,3.108845432867041,5.4814897424260565
internal,val,ACH-000551,seen,B-continue,response_loss,wrong_minus_correct,874,0,0,0,0.2581762001225277,,0.18796569972343793,0.33407703724414856
internal,val,ACH-000551,seen,B-continue,mean_delta_mse,wrong_minus_correct,874,0,0,0,0.042248365837117365,,0.03002001658853494,0.05559870447336913
internal,val,ACH-000551,seen,B-continue,energy_distance,wrong_minus_correct,874,0,0,0,0.21592783982475508,,0.15811846263894228,0.27883319566669945
internal,val,ACH-000551,seen,B-continue,without_own_response_loss,wrong_minus_correct,874,0,0,0,0.25864200690245465,,0.1890613976864302,0.33456540944101604
internal,val,ACH-000551,seen,B-init,response_loss,wrong_minus_correct,874,0,0,0,-0.006154554004798606,,-0.07810410750539559,0.0727438865155344
internal,val,ACH-000551,seen,B-init,mean_delta_mse,wrong_minus_correct,874,0,0,0,-0.0014192834326003216,,-0.01653663546869888,0.014998011447199675
internal,val,ACH-000551,seen,B-init,energy_distance,wrong_minus_correct,874,0,0,0,-0.004735294577729652,,-0.061542481655928745,0.05685213329044773
internal,val,ACH-000551,seen,B-init,without_own_response_loss,wrong_minus_correct,874,0,0,0,-0.006188210633579531,,-0.07817963475766206,0.07272993580973379
internal,val,ACH-000551,seen,B-interface,response_loss,wrong_minus_correct,874,0,0,0,0.1574665831210138,,0.11199811859861936,0.20728639622029227
internal,val,ACH-000551,seen,B-interface,mean_delta_mse,wrong_minus_correct,874,0,0,0,0.025551433568006248,,0.017958199355146025,0.03385334879773705
internal,val,ACH-000551,seen,B-interface,energy_distance,wrong_minus_correct,874,0,0,0,0.13191514004286145,,0.09425869372125618,0.173570794950088
internal,val,ACH-000551,seen,B-interface,without_own_response_loss,wrong_minus_correct,874,0,0,0,0.15790975132032165,,0.11260223944754562,0.20777854570398607
internal,val,ACH-000551,seen,B-joint,response_loss,wrong_minus_correct,874,0,0,0,0.007036525979467775,,-0.015543575461452179,0.029063381395841324
internal,val,ACH-000551,seen,B-joint,mean_delta_mse,wrong_minus_correct,874,0,0,0,0.0007904951850666281,,-0.007575965658750831,0.009520299636526602
internal,val,ACH-000551,seen,B-joint,energy_distance,wrong_minus_correct,874,0,0,0,0.006246602562525561,,-0.012863270041599588,0.026408137271277162
internal,val,ACH-000551,seen,B-joint,without_own_response_loss,wrong_minus_correct,874,0,0,0,0.00701237554135526,,-0.015535269503736996,0.029043116624076368
internal,val,ACH-000551,seen,B-unfreeze,response_loss,wrong_minus_correct,874,0,0,0,1.4200382890363035,,1.0779674622355118,1.7950107164493414
internal,val,ACH-000551,seen,B-unfreeze,mean_delta_mse,wrong_minus_correct,874,0,0,0,0.22870973289967675,,0.17113420237529195,0.29426972622328884
internal,val,ACH-000551,seen,B-unfreeze,energy_distance,wrong_minus_correct,874,0,0,0,1.191328569844331,,0.9079262377741133,1.501879305021168
internal,val,ACH-000551,seen,B-unfreeze,without_own_response_loss,wrong_minus_correct,874,0,0,0,1.4208609587813406,,1.078238431610832,1.795797870734736
internal,val,ACH-000551,unseen,B-continue,response_loss,wrong_minus_correct,109,0,0,0,0.0004358204132919115,,-0.10451031914544776,0.10358113505424703
internal,val,ACH-000551,unseen,B-continue,mean_delta_mse,wrong_minus_correct,109,0,0,0,-0.004291167923616705,,-0.022399314061969242,0.01347789111760777
internal,val,ACH-000551,unseen,B-continue,energy_distance,wrong_minus_correct,109,0,0,0,0.0047270608604500775,,-0.0819069433649746,0.08944833388022319
internal,val,ACH-000551,unseen,B-continue,without_own_response_loss,wrong_minus_correct,109,0,0,0,0.00046620456450572825,,-0.1044819292015986,0.10359737189537888
internal,val,ACH-000551,unseen,B-init,response_loss,wrong_minus_correct,109,0,0,0,0.0010871537234784187,,-0.17470827155157329,0.18936125729061756
internal,val,ACH-000551,unseen,B-init,mean_delta_mse,wrong_minus_correct,109,0,0,0,0.0011142975693452096,,-0.03865937784177443,0.04222603894154959
internal,val,ACH-000551,unseen,B-init,energy_distance,wrong_minus_correct,109,0,0,0,-2.5309991401794367e-05,,-0.14161349655291738,0.15350587757354894
internal,val,ACH-000551,unseen,B-init,without_own_response_loss,wrong_minus_correct,109,0,0,0,0.0010966169724731009,,-0.1746815980683782,0.189416880476359
internal,val,ACH-000551,unseen,B-interface,response_loss,wrong_minus_correct,109,0,0,0,-0.013042250029537619,,-0.06926779328136266,0.03980001951576367
internal,val,ACH-000551,unseen,B-interface,mean_delta_mse,wrong_minus_correct,109,0,0,0,-0.0036076632661557,,-0.01362474002832668,0.005409814806296181
internal,val,ACH-000551,unseen,B-interface,energy_distance,wrong_minus_correct,109,0,0,0,-0.009434607269567066,,-0.05606599650251757,0.033693889652917204
internal,val,ACH-000551,unseen,B-interface,without_own_response_loss,wrong_minus_correct,109,0,0,0,-0.013031960846087192,,-0.06923408113488354,0.03980301825278394
internal,val,ACH-000551,unseen,B-joint,response_loss,wrong_minus_correct,109,0,0,0,0.004878080875504224,,-0.05244833989974184,0.060330338784317185
internal,val,ACH-000551,unseen,B-joint,mean_delta_mse,wrong_minus_correct,109,0,0,0,0.0005541005265824452,,-0.02227415662292927,0.024078454971313577
internal,val,ACH-000551,unseen,B-joint,energy_distance,wrong_minus_correct,109,0,0,0,0.004321681031391993,,-0.052225569978768066,0.062025882825935186
internal,val,ACH-000551,unseen,B-joint,without_own_response_loss,wrong_minus_correct,109,0,0,0,0.004833592406110093,,-0.052449106338915696,0.06027807393205566
internal,val,ACH-000551,unseen,B-unfreeze,response_loss,wrong_minus_correct,109,0,0,0,0.011636795910126655,,-0.31368757012240384,0.2668333197569629
internal,val,ACH-000551,unseen,B-unfreeze,mean_delta_mse,wrong_minus_correct,109,0,0,0,-0.004661047485990257,,-0.06889950661450076,0.04137098809140263
internal,val,ACH-000551,unseen,B-unfreeze,energy_distance,wrong_minus_correct,109,0,0,0,0.016297842603211033,,-0.2467407240561388,0.22452559864849128
internal,val,ACH-000551,unseen,B-unfreeze,without_own_response_loss,wrong_minus_correct,109,0,0,0,0.011739984564825001,,-0.3133005051000402,0.2670358859891192
internal,val,ACH-000739,all,B-continue,response_loss,wrong_minus_correct,238,0,0,0,1.003007735324507,,0.7016954088411408,1.3294534080268954
internal,val,ACH-000739,all,B-continue,mean_delta_mse,wrong_minus_correct,238,0,0,0,0.2372322683073892,,0.15106580305249748,0.3232877212524913
internal,val,ACH-000739,all,B-continue,energy_distance,wrong_minus_correct,238,0,0,0,0.7657755619337581,,0.541424761219185,1.0041267516833394
internal,val,ACH-000739,all,B-continue,without_own_response_loss,wrong_minus_correct,238,0,0,0,1.0056372670566334,,0.7041716035474244,1.3324991743203969
internal,val,ACH-000739,all,B-init,response_loss,wrong_minus_correct,238,0,0,0,-0.008628242556787003,,-0.183199718058612,0.17460974044158958
internal,val,ACH-000739,all,B-init,mean_delta_mse,wrong_minus_correct,238,0,0,0,-0.0020906560561223912,,-0.049338817115590565,0.04864796510263706
internal,val,ACH-000739,all,B-init,energy_distance,wrong_minus_correct,238,0,0,0,-0.006537660230108719,,-0.13573289823131152,0.1348532316063572
internal,val,ACH-000739,all,B-init,without_own_response_loss,wrong_minus_correct,238,0,0,0,-0.00876913631663431,,-0.1832825886702305,0.17438086629916044
internal,val,ACH-000739,all,B-interface,response_loss,wrong_minus_correct,238,0,0,0,0.6376642736066286,,0.4040418200733275,0.8768037090982705
internal,val,ACH-000739,all,B-interface,mean_delta_mse,wrong_minus_correct,238,0,0,0,0.14862319175936595,,0.08539497468150961,0.21327493916664805
internal,val,ACH-000739,all,B-interface,energy_distance,wrong_minus_correct,238,0,0,0,0.4890412274528948,,0.3186466822904695,0.6693969822731332
internal,val,ACH-000739,all,B-interface,without_own_response_loss,wrong_minus_correct,238,0,0,0,0.6386933330728224,,0.4054473652358811,0.8797363270631351
internal,val,ACH-000739,all,B-joint,response_loss,wrong_minus_correct,238,0,0,0,0.004955990574942968,,-0.050043598463550276,0.05325948314506835
internal,val,ACH-000739,all,B-joint,mean_delta_mse,wrong_minus_correct,238,0,0,0,0.0010729140594237078,,-0.02392622494897866,0.02581819870892802
internal,val,ACH-000739,all,B-joint,energy_distance,wrong_minus_correct,238,0,0,0,0.003882425773043019,,-0.05570502209062507,0.05714942419228434
internal,val,ACH-000739,all,B-joint,without_own_response_loss,wrong_minus_correct,238,0,0,0,0.005023039489232668,,-0.0501030695939256,0.05330417152212526
internal,val,ACH-000739,all,B-unfreeze,response_loss,wrong_minus_correct,238,0,0,0,5.32875023849872,,3.855544252335524,6.837060788509225
internal,val,ACH-000739,all,B-unfreeze,mean_delta_mse,wrong_minus_correct,238,0,0,0,1.2845570220165898,,0.8643411938226272,1.7007508865293086
internal,val,ACH-000739,all,B-unfreeze,energy_distance,wrong_minus_correct,238,0,0,0,4.044193056250821,,2.9827926260683713,5.154611352551885
internal,val,ACH-000739,all,B-unfreeze,without_own_response_loss,wrong_minus_correct,238,0,0,0,5.329746026351672,,3.8573840861060034,6.837968412868114
internal,val,ACH-000739,native_all,B-continue,response_loss,wrong_minus_correct,202,0,0,0,0.9860796494059045,,0.6385065221786498,1.3116835749975528
internal,val,ACH-000739,native_all,B-continue,mean_delta_mse,wrong_minus_correct,202,0,0,0,0.23361948368572952,,0.1426456320964464,0.3244399970946925
internal,val,ACH-000739,native_all,B-continue,energy_distance,wrong_minus_correct,202,0,0,0,0.7524602908899292,,0.497872337114693,0.9978034572790171
internal,val,ACH-000739,native_all,B-continue,without_own_response_loss,wrong_minus_correct,202,0,0,0,0.9893033872736566,,0.6426374420907236,1.315854417569567
internal,val,ACH-000739,native_all,B-init,response_loss,wrong_minus_correct,202,0,0,0,-0.0061633723797166395,,-0.18692273206049562,0.21132313114582102
internal,val,ACH-000739,native_all,B-init,mean_delta_mse,wrong_minus_correct,202,0,0,0,0.00030978741031948223,,-0.05106973062647589,0.05932740485313973
internal,val,ACH-000739,native_all,B-init,energy_distance,wrong_minus_correct,202,0,0,0,-0.006473382628793487,,-0.13861491665982256,0.15200158827375032
internal,val,ACH-000739,native_all,B-init,without_own_response_loss,wrong_minus_correct,202,0,0,0,-0.006238669216040109,,-0.1869796141067274,0.21121523639943854
internal,val,ACH-000739,native_all,B-interface,response_loss,wrong_minus_correct,202,0,0,0,0.6987396990898811,,0.44710607195844737,0.9486189831601511
internal,val,ACH-000739,native_all,B-interface,mean_delta_mse,wrong_minus_correct,202,0,0,0,0.162663459659803,,0.09418626128446922,0.23233824525729252
internal,val,ACH-000739,native_all,B-interface,energy_distance,wrong_minus_correct,202,0,0,0,0.5360764607344525,,0.34955107849423267,0.7220713284936283
internal,val,ACH-000739,native_all,B-interface,without_own_response_loss,wrong_minus_correct,202,0,0,0,0.7004620991130868,,0.45211344650476293,0.9505352066649071
internal,val,ACH-000739,native_all,B-joint,response_loss,wrong_minus_correct,202,0,0,0,0.007086483794864199,,-0.043557469585157715,0.055550300673686666
internal,val,ACH-000739,native_all,B-joint,mean_delta_mse,wrong_minus_correct,202,0,0,0,-6.819243479351135e-06,,-0.02641484491895921,0.026559993583376396
internal,val,ACH-000739,native_all,B-joint,energy_distance,wrong_minus_correct,202,0,0,0,0.007092980110997186,,-0.05002583947512748,0.05914814410823034
internal,val,ACH-000739,native_all,B-joint,without_own_response_loss,wrong_minus_correct,202,0,0,0,0.007107120929378938,,-0.04351081545990481,0.05547653651473828
internal,val,ACH-000739,native_all,B-unfreeze,response_loss,wrong_minus_correct,202,0,0,0,5.377349085855013,,3.876712378924436,6.856442047817874
internal,val,ACH-000739,native_all,B-unfreeze,mean_delta_mse,wrong_minus_correct,202,0,0,0,1.314560570044093,,0.8888914164517188,1.7339650667864495
internal,val,ACH-000739,native_all,B-unfreeze,energy_distance,wrong_minus_correct,202,0,0,0,4.062788451544129,,2.9808816543428027,5.134046990045227
internal,val,ACH-000739,native_all,B-unfreeze,without_own_response_loss,wrong_minus_correct,202,0,0,0,5.378212901861362,,3.8776579999215532,6.860891183201631
internal,val,ACH-000739,native_common,B-continue,response_loss,wrong_minus_correct,199,0,0,0,1.0764359785683788,,0.7065752754738582,1.449575227085669
internal,val,ACH-000739,native_common,B-continue,mean_delta_mse,wrong_minus_correct,199,0,0,0,0.2429553132560385,,0.14927111149882552,0.3352221201861922
internal,val,ACH-000739,native_common,B-continue,energy_distance,wrong_minus_correct,199,0,0,0,0.8334808196254712,,0.5518971589821666,1.1130415022193487
internal,val,ACH-000739,native_common,B-continue,without_own_response_loss,wrong_minus_correct,199,0,0,0,1.0794608159280903,,0.7071609691639043,1.4518710185654804
internal,val,ACH-000739,native_common,B-init,response_loss,wrong_minus_correct,199,0,0,0,-0.0037360876648849925,,-0.2002480166641262,0.20731074347567882
internal,val,ACH-000739,native_common,B-init,mean_delta_mse,wrong_minus_correct,199,0,0,0,0.0006466467775889461,,-0.05480696174966701,0.05991489458323633
internal,val,ACH-000739,native_common,B-init,energy_distance,wrong_minus_correct,199,0,0,0,-0.00438177214196077,,-0.1494593036594179,0.1524017211300595
internal,val,ACH-000739,native_common,B-init,without_own_response_loss,wrong_minus_correct,199,0,0,0,-0.0038198499823331998,,-0.20039396353103384,0.2072544960520354
internal,val,ACH-000739,native_common,B-interface,response_loss,wrong_minus_correct,199,0,0,0,0.7768103110730352,,0.4958411868373362,1.0584767083906053
internal,val,ACH-000739,native_common,B-interface,mean_delta_mse,wrong_minus_correct,199,0,0,0,0.17789658074402923,,0.1059978891182783,0.2491564624348479
internal,val,ACH-000739,native_common,B-interface,energy_distance,wrong_minus_correct,199,0,0,0,0.598914003611809,,0.38601457720425847,0.8143147247161096
internal,val,ACH-000739,native_common,B-interface,without_own_response_loss,wrong_minus_correct,199,0,0,0,0.7785503133457514,,0.49743481524625704,1.061862174554087
internal,val,ACH-000739,native_common,B-joint,response_loss,wrong_minus_correct,199,0,0,0,0.013481638539377427,,-0.04016104271663421,0.06170738756955752
internal,val,ACH-000739,native_common,B-joint,mean_delta_mse,wrong_minus_correct,199,0,0,0,0.002816440831476591,,-0.02258639048092367,0.027104515094853492
internal,val,ACH-000739,native_common,B-joint,energy_distance,wrong_minus_correct,199,0,0,0,0.010665234129633137,,-0.04774358778143522,0.06480709593500071
internal,val,ACH-000739,native_common,B-joint,without_own_response_loss,wrong_minus_correct,199,0,0,0,0.01351122065405128,,-0.03999416792213164,0.061621911513739976
internal,val,ACH-000739,native_common,B-unfreeze,response_loss,wrong_minus_correct,199,0,0,0,5.4551375681431455,,3.9259430412671077,6.987760703228227
internal,val,ACH-000739,native_common,B-unfreeze,mean_delta_mse,wrong_minus_correct,199,0,0,0,1.2736248812483784,,0.874369939382951,1.6827369717617133
internal,val,ACH-000739,native_common,B-unfreeze,energy_distance,wrong_minus_correct,199,0,0,0,4.181512819223069,,3.061749101571701,5.3516279425692925
internal,val,ACH-000739,native_common,B-unfreeze,without_own_response_loss,wrong_minus_correct,199,0,0,0,5.458384622161713,,3.925838984568515,6.987338024036369
internal,val,ACH-000739,seen,B-continue,response_loss,wrong_minus_correct,234,0,0,0,1.0040987247075788,,0.7047280833252468,1.3666504033304678
internal,val,ACH-000739,seen,B-continue,mean_delta_mse,wrong_minus_correct,234,0,0,0,0.22740825628622982,,0.15053795525406155,0.31416124551851515
internal,val,ACH-000739,seen,B-continue,energy_distance,wrong_minus_correct,234,0,0,0,0.776690517327724,,0.5479343355618984,1.0557795760977975
internal,val,ACH-000739,seen,B-continue,without_own_response_loss,wrong_minus_correct,234,0,0,0,1.00580954062633,,0.7083166807329551,1.3675861916888465
internal,val,ACH-000739,seen,B-init,response_loss,wrong_minus_correct,234,0,0,0,-0.009709415272769764,,-0.1994851736737065,0.192372384356633
internal,val,ACH-000739,seen,B-init,mean_delta_mse,wrong_minus_correct,234,0,0,0,-0.004103942610258182,,-0.05572380114824281,0.0515167663443813
internal,val,ACH-000739,seen,B-init,energy_distance,wrong_minus_correct,234,0,0,0,-0.005604592347755001,,-0.14111789931598753,0.14308340480185044
internal,val,ACH-000739,seen,B-init,without_own_response_loss,wrong_minus_correct,234,0,0,0,-0.00977535410823713,,-0.19944915901900787,0.19241848741840784
internal,val,ACH-000739,seen,B-interface,response_loss,wrong_minus_correct,234,0,0,0,0.6603154406588296,,0.4427538458608153,0.9140886685379542
internal,val,ACH-000739,seen,B-interface,mean_delta_mse,wrong_minus_correct,234,0,0,0,0.1493498542879382,,0.09172287471783468,0.21233050919496096
internal,val,ACH-000739,seen,B-interface,energy_distance,wrong_minus_correct,234,0,0,0,0.5109658396142159,,0.3406585797692974,0.7052661742511975
internal,val,ACH-000739,seen,B-interface,without_own_response_loss,wrong_minus_correct,234,0,0,0,0.6610229871211903,,0.4410373250541519,0.9148716458092381
internal,val,ACH-000739,seen,B-joint,response_loss,wrong_minus_correct,234,0,0,0,0.005542083479400811,,-0.04373666355752031,0.05192524999634929
internal,val,ACH-000739,seen,B-joint,mean_delta_mse,wrong_minus_correct,234,0,0,0,0.0009869893391924896,,-0.02407221900092251,0.02670061376359737
internal,val,ACH-000739,seen,B-joint,energy_distance,wrong_minus_correct,234,0,0,0,0.004555257161457774,,-0.05143996931548763,0.05747983035878032
internal,val,ACH-000739,seen,B-joint,without_own_response_loss,wrong_minus_correct,234,0,0,0,0.005604344555457339,,-0.04363652677617037,0.0519573730077517
internal,val,ACH-000739,seen,B-unfreeze,response_loss,wrong_minus_correct,234,0,0,0,5.096483867188804,,3.8131086988938163,6.516483018306586
internal,val,ACH-000739,seen,B-unfreeze,mean_delta_mse,wrong_minus_correct,234,0,0,0,1.2022598172864343,,0.8404538962690746,1.5773535215383407
internal,val,ACH-000739,seen,B-unfreeze,energy_distance,wrong_minus_correct,234,0,0,0,3.8942238571297407,,2.9226690360827328,4.985525617680998
internal,val,ACH-000739,seen,B-unfreeze,without_own_response_loss,wrong_minus_correct,234,0,0,0,5.095158676815848,,3.8115589432838637,6.514340844001526
internal,val,ACH-000739,unseen,B-continue,response_loss,wrong_minus_correct,4,0,0,0,0.9143223762512207,,-1.6368413925170913,3.4435578346252456
internal,val,ACH-000739,unseen,B-continue,mean_delta_mse,wrong_minus_correct,4,0,0,0,0.14039933681488126,,-0.6756928443908681,0.8224459886550912
internal,val,ACH-000739,unseen,B-continue,energy_distance,wrong_minus_correct,4,0,0,0,0.77392272949219,,-0.9386459350585916,2.5986068725585962
internal,val,ACH-000739,unseen,B-continue,without_own_response_loss,wrong_minus_correct,4,0,0,0,0.9143223762512207,,-1.6368413925170913,3.4435578346252456
internal,val,ACH-000739,unseen,B-init,response_loss,wrong_minus_correct,4,0,0,0,-0.014056396484363631,,-0.37677001953125,0.3632965087890625
internal,val,ACH-000739,unseen,B-init,mean_delta_mse,wrong_minus_correct,4,0,0,0,0.009930801391604405,,-0.09121475219725994,0.13710861206055824
internal,val,ACH-000739,unseen,B-init,energy_distance,wrong_minus_correct,4,0,0,0,-0.023965454101528394,,-0.28552856445310226,0.23759765625004547
internal,val,ACH-000739,unseen,B-init,without_own_response_loss,wrong_minus_correct,4,0,0,0,-0.014056396484363631,,-0.37677001953125,0.3632965087890625
internal,val,ACH-000739,unseen,B-interface,response_loss,wrong_minus_correct,4,0,0,0,0.16854057312011683,,-1.3831663131713903,1.6004106521606456
internal,val,ACH-000739,unseen,B-interface,mean_delta_mse,wrong_minus_correct,4,0,0,0,-0.002589011192323021,,-0.5113149166107203,0.4001512765884394
internal,val,ACH-000739,unseen,B-interface,energy_distance,wrong_minus_correct,4,0,0,0,0.17113113403320312,,-0.8718513488769553,1.2002609252929695
internal,val,ACH-000739,unseen,B-interface,without_own_response_loss,wrong_minus_correct,4,0,0,0,0.16854057312011683,,-1.3831663131713903,1.6004106521606456
internal,val,ACH-000739,unseen,B-joint,response_loss,wrong_minus_correct,4,0,0,0,0.128220367431652,,-0.13979034423823578,0.4457763671875057
internal,val,ACH-000739,unseen,B-joint,mean_delta_mse,wrong_minus_correct,4,0,0,0,-0.020737838745116477,,-0.19847030639647656,0.1293136596679645
internal,val,ACH-000739,unseen,B-joint,energy_distance,wrong_minus_correct,4,0,0,0,0.14895324707030966,,-0.18375549316407103,0.4058837890625
internal,val,ACH-000739,unseen,B-joint,without_own_response_loss,wrong_minus_correct,4,0,0,0,0.128220367431652,,-0.13979034423823578,0.4457763671875057
internal,val,ACH-000739,unseen,B-unfreeze,response_loss,wrong_minus_correct,4,0,0,0,17.589476299285888,,4.691923046112059,31.96049480438232
internal,val,ACH-000739,unseen,B-unfreeze,mean_delta_mse,wrong_minus_correct,4,0,0,0,4.046477937698365,,0.5748142242431653,7.495119857788086
internal,val,ACH-000739,unseen,B-unfreeze,energy_distance,wrong_minus_correct,4,0,0,0,13.542999267578129,,4.1171051025390675,24.46537780761719
internal,val,ACH-000739,unseen,B-unfreeze,without_own_response_loss,wrong_minus_correct,4,0,0,0,17.589476299285888,,4.691923046112059,31.96049480438232
internal,val,ACH-000971,all,B-continue,response_loss,wrong_minus_correct,1826,0,0,0,0.030589854834766513,,0.013380037866051358,0.0484525247850136
internal,val,ACH-000971,all,B-continue,mean_delta_mse,wrong_minus_correct,1826,0,0,0,0.004887793483243198,,0.00125286409180502,0.008578646473039806
internal,val,ACH-000971,all,B-continue,energy_distance,wrong_minus_correct,1826,0,0,0,0.025702059725942087,,0.012055176842512949,0.03993382699387751
internal,val,ACH-000971,all,B-continue,without_own_response_loss,wrong_minus_correct,1826,0,0,0,0.030518912120037753,,0.013380734870885603,0.04844869564553597
internal,val,ACH-000971,all,B-init,response_loss,wrong_minus_correct,1826,0,0,0,-0.0002644700784682806,,-0.0725550631703841,0.0693504634326536
internal,val,ACH-000971,all,B-init,mean_delta_mse,wrong_minus_correct,1826,0,0,0,0.00043905682266080266,,-0.01332636600256229,0.013013777654507798
internal,val,ACH-000971,all,B-init,energy_distance,wrong_minus_correct,1826,0,0,0,-0.0007030324110731206,,-0.05908145286167609,0.05653873163663919
internal,val,ACH-000971,all,B-init,without_own_response_loss,wrong_minus_correct,1826,0,0,0,-0.00026810344182217754,,-0.07255775501798596,0.06935086504130793
internal,val,ACH-000971,all,B-interface,response_loss,wrong_minus_correct,1826,0,0,0,0.026484635364578412,,0.013387656206630226,0.04029784957002046
internal,val,ACH-000971,all,B-interface,mean_delta_mse,wrong_minus_correct,1826,0,0,0,0.004271110001163957,,0.0017723929488711147,0.006833133467708714
internal,val,ACH-000971,all,B-interface,energy_distance,wrong_minus_correct,1826,0,0,0,0.022213559605075078,,0.011539680840282276,0.033409513701222644
internal,val,ACH-000971,all,B-interface,without_own_response_loss,wrong_minus_correct,1826,0,0,0,0.026513542664142454,,0.013321920389152416,0.0403081997461935
internal,val,ACH-000971,all,B-joint,response_loss,wrong_minus_correct,1826,0,0,0,0.0030929197748026673,,-0.010598532456296208,0.016529291765060555
internal,val,ACH-000971,all,B-joint,mean_delta_mse,wrong_minus_correct,1826,0,0,0,-6.815846621797463e-05,,-0.00650671496448755,0.006539008839367996
internal,val,ACH-000971,all,B-joint,energy_distance,wrong_minus_correct,1826,0,0,0,0.003161214972638713,,-0.011621770200699384,0.01783428133643805
internal,val,ACH-000971,all,B-joint,without_own_response_loss,wrong_minus_correct,1826,0,0,0,0.0030844981934131516,,-0.010604910354363206,0.016513316707047095
internal,val,ACH-000971,all,B-unfreeze,response_loss,wrong_minus_correct,1826,0,0,0,0.12852737551059285,,0.09326913076058146,0.16595248995448772
internal,val,ACH-000971,all,B-unfreeze,mean_delta_mse,wrong_minus_correct,1826,0,0,0,0.021143506501616685,,0.014075233019717047,0.028184328414785388
internal,val,ACH-000971,all,B-unfreeze,energy_distance,wrong_minus_correct,1826,0,0,0,0.10738386674360799,,0.07922615866018672,0.1379989712183473
internal,val,ACH-000971,all,B-unfreeze,without_own_response_loss,wrong_minus_correct,1826,0,0,0,0.12858818154476034,,0.0933849316476339,0.1660387651643513
internal,val,ACH-000971,native_all,B-continue,response_loss,wrong_minus_correct,185,0,0,0,0.20080980404003243,,0.12853975230294312,0.2792279237412116
internal,val,ACH-000971,native_all,B-continue,mean_delta_mse,wrong_minus_correct,185,0,0,0,0.03452099213729036,,0.020642753828216252,0.050054309867523857
internal,val,ACH-000971,native_all,B-continue,energy_distance,wrong_minus_correct,185,0,0,0,0.16628878206820102,,0.10668677252692141,0.23026749069626276
internal,val,ACH-000971,native_all,B-continue,without_own_response_loss,wrong_minus_correct,185,0,0,0,0.20088211781269777,,0.12852748674959727,0.27945090752678925
internal,val,ACH-000971,native_all,B-init,response_loss,wrong_minus_correct,185,0,0,0,-0.02117903425886394,,-0.25089846719277,0.2146337606069243
internal,val,ACH-000971,native_all,B-init,mean_delta_mse,wrong_minus_correct,185,0,0,0,-0.003357609929264911,,-0.04515407392140992,0.042230801865861756
internal,val,ACH-000971,native_all,B-init,energy_distance,wrong_minus_correct,185,0,0,0,-0.01782144082558845,,-0.20610180416622226,0.17601594502217752
internal,val,ACH-000971,native_all,B-init,without_own_response_loss,wrong_minus_correct,185,0,0,0,-0.02115719357051775,,-0.2509544859190168,0.21467887960898596
internal,val,ACH-000971,native_all,B-interface,response_loss,wrong_minus_correct,185,0,0,0,0.16807143030939878,,0.11209327290509223,0.23294610600858132
internal,val,ACH-000971,native_all,B-interface,mean_delta_mse,wrong_minus_correct,185,0,0,0,0.028909807076325265,,0.01819791690401128,0.04125017289374326
internal,val,ACH-000971,native_all,B-interface,energy_distance,wrong_minus_correct,185,0,0,0,0.1391616408889357,,0.09286086500013178,0.19144953547297303
internal,val,ACH-000971,native_all,B-interface,without_own_response_loss,wrong_minus_correct,185,0,0,0,0.16889015197753904,,0.11235796946448223,0.23426569062310296
internal,val,ACH-000971,native_all,B-joint,response_loss,wrong_minus_correct,185,0,0,0,0.002735175055425691,,-0.04330675795271593,0.04687074094205144
internal,val,ACH-000971,native_all,B-joint,mean_delta_mse,wrong_minus_correct,185,0,0,0,0.0014007753939244358,,-0.019729268589535137,0.022713265212806776
internal,val,ACH-000971,native_all,B-joint,energy_distance,wrong_minus_correct,185,0,0,0,0.0013341625316722666,,-0.05056831071183576,0.04687077290302967
internal,val,ACH-000971,native_all,B-joint,without_own_response_loss,wrong_minus_correct,185,0,0,0,0.002733360496727288,,-0.04330010140908664,0.0468657591536226
internal,val,ACH-000971,native_all,B-unfreeze,response_loss,wrong_minus_correct,185,0,0,0,0.7327297757122969,,0.5259270894076374,0.9587580617956213
internal,val,ACH-000971,native_all,B-unfreeze,mean_delta_mse,wrong_minus_correct,185,0,0,0,0.12614399136723697,,0.0878459877242913,0.16857955498792027
internal,val,ACH-000971,native_all,B-unfreeze,energy_distance,wrong_minus_correct,185,0,0,0,0.6065858253272803,,0.4375922599998681,0.7916017080770956
internal,val,ACH-000971,native_all,B-unfreeze,without_own_response_loss,wrong_minus_correct,185,0,0,0,0.733642546164023,,0.5272790491258779,0.9589376114510201
internal,val,ACH-000971,native_common,B-continue,response_loss,wrong_minus_correct,182,0,0,0,0.20531487779302934,,0.12104519361978082,0.28709262580662026
internal,val,ACH-000971,native_common,B-continue,mean_delta_mse,wrong_minus_correct,182,0,0,0,0.03657126446346662,,0.02028955149290328,0.05178507436762801
internal,val,ACH-000971,native_common,B-continue,energy_distance,wrong_minus_correct,182,0,0,0,0.16874354435847352,,0.1012366326300654,0.23499366718334147
internal,val,ACH-000971,native_common,B-continue,without_own_response_loss,wrong_minus_correct,182,0,0,0,0.20545472417558958,,0.12120803384990507,0.2872428981943449
internal,val,ACH-000971,native_common,B-init,response_loss,wrong_minus_correct,182,0,0,0,-0.01855031107808807,,-0.24367868234823634,0.22708095424777394
internal,val,ACH-000971,native_common,B-init,mean_delta_mse,wrong_minus_correct,182,0,0,0,-0.004674538413246582,,-0.046818648747035875,0.04145568962935617
internal,val,ACH-000971,native_common,B-init,energy_distance,wrong_minus_correct,182,0,0,0,-0.013875806200637988,,-0.1963722606281662,0.18616857926924074
internal,val,ACH-000971,native_common,B-init,without_own_response_loss,wrong_minus_correct,182,0,0,0,-0.018549539754684662,,-0.24364817315405837,0.2270720999581406
internal,val,ACH-000971,native_common,B-interface,response_loss,wrong_minus_correct,182,0,0,0,0.17426296904846877,,0.11431049994059975,0.23611633253621547
internal,val,ACH-000971,native_common,B-interface,mean_delta_mse,wrong_minus_correct,182,0,0,0,0.030673165111751326,,0.019214021625754557,0.04255410844971843
internal,val,ACH-000971,native_common,B-interface,energy_distance,wrong_minus_correct,182,0,0,0,0.143589849786444,,0.09446533286964486,0.19418026096218247
internal,val,ACH-000971,native_common,B-interface,without_own_response_loss,wrong_minus_correct,182,0,0,0,0.1750113843561529,,0.11514547717440257,0.23688640374403727
internal,val,ACH-000971,native_common,B-joint,response_loss,wrong_minus_correct,182,0,0,0,0.0014606350070850097,,-0.04945881183330589,0.04798094571292102
internal,val,ACH-000971,native_common,B-joint,mean_delta_mse,wrong_minus_correct,182,0,0,0,0.0018296231280315427,,-0.020577885449587795,0.02318662740372036
internal,val,ACH-000971,native_common,B-joint,energy_distance,wrong_minus_correct,182,0,0,0,-0.00036917885581203166,,-0.05312261602380874,0.048446140918102065
internal,val,ACH-000971,native_common,B-joint,without_own_response_loss,wrong_minus_correct,182,0,0,0,0.001445292378520917,,-0.0494992673266051,0.047955683613871924
internal,val,ACH-000971,native_common,B-unfreeze,response_loss,wrong_minus_correct,182,0,0,0,0.7832762209923713,,0.5480708037234926,1.0156533627981665
internal,val,ACH-000971,native_common,B-unfreeze,mean_delta_mse,wrong_minus_correct,182,0,0,0,0.13886583585005544,,0.09405871708805745,0.1827968301108251
internal,val,ACH-000971,native_common,B-unfreeze,energy_distance,wrong_minus_correct,182,0,0,0,0.6444104205121053,,0.4517477706238465,0.836448271615165
internal,val,ACH-000971,native_common,B-unfreeze,without_own_response_loss,wrong_minus_correct,182,0,0,0,0.7842795896006155,,0.5481431507016278,1.0164021679464275
internal,val,ACH-000971,seen,B-continue,response_loss,wrong_minus_correct,864,0,0,0,0.054432942801051674,,0.028062121697046218,0.0807229420349554
internal,val,ACH-000971,seen,B-continue,mean_delta_mse,wrong_minus_correct,864,0,0,0,0.008978889344467052,,0.0036509501068266496,0.014295212806857843
internal,val,ACH-000971,seen,B-continue,energy_distance,wrong_minus_correct,864,0,0,0,0.04545404999344444,,0.024080061824233525,0.06673658291498827
internal,val,ACH-000971,seen,B-continue,without_own_response_loss,wrong_minus_correct,864,0,0,0,0.05439006288846337,,0.028051370484409605,0.08075735581417882
internal,val,ACH-000971,seen,B-init,response_loss,wrong_minus_correct,864,0,0,0,0.0003605913232880698,,-0.1119941088005338,0.10617671807607147
internal,val,ACH-000971,seen,B-init,mean_delta_mse,wrong_minus_correct,864,0,0,0,0.0014340917269389508,,-0.020182876962202532,0.022232649624347917
internal,val,ACH-000971,seen,B-init,energy_distance,wrong_minus_correct,864,0,0,0,-0.0010733286539723278,,-0.09156430668301191,0.08537083131295536
internal,val,ACH-000971,seen,B-init,without_own_response_loss,wrong_minus_correct,864,0,0,0,0.0003528630291980551,,-0.11200062115987099,0.1061656395594288
internal,val,ACH-000971,seen,B-interface,response_loss,wrong_minus_correct,864,0,0,0,0.04363727900716993,,0.02512890203683466,0.06236992106945429
internal,val,ACH-000971,seen,B-interface,mean_delta_mse,wrong_minus_correct,864,0,0,0,0.007134255394339559,,0.0034151202847284203,0.010928463596781651
internal,val,ACH-000971,seen,B-interface,energy_distance,wrong_minus_correct,864,0,0,0,0.03650305712664567,,0.021357417283234745,0.05169694317711726
internal,val,ACH-000971,seen,B-interface,without_own_response_loss,wrong_minus_correct,864,0,0,0,0.043765895454971844,,0.0252841944992543,0.062682555814584
internal,val,ACH-000971,seen,B-joint,response_loss,wrong_minus_correct,864,0,0,0,0.0054956612763580204,,-0.01338074547273128,0.023112408099351
internal,val,ACH-000971,seen,B-joint,mean_delta_mse,wrong_minus_correct,864,0,0,0,0.0006270993638921626,,-0.008677626075568228,0.009927599347299941
internal,val,ACH-000971,seen,B-joint,energy_distance,wrong_minus_correct,864,0,0,0,0.004868330778898917,,-0.016413456863825684,0.02404121195828498
internal,val,ACH-000971,seen,B-joint,without_own_response_loss,wrong_minus_correct,864,0,0,0,0.005481186619510482,,-0.013394663554651211,0.023079050646887256
internal,val,ACH-000971,seen,B-unfreeze,response_loss,wrong_minus_correct,864,0,0,0,0.23110342522462213,,0.16618923004302716,0.2962872796091769
internal,val,ACH-000971,seen,B-unfreeze,mean_delta_mse,wrong_minus_correct,864,0,0,0,0.03858073197857098,,0.026187936589121823,0.05147124243865686
internal,val,ACH-000971,seen,B-unfreeze,energy_distance,wrong_minus_correct,864,0,0,0,0.1925226953294542,,0.13943197117911443,0.24586659996597865
internal,val,ACH-000971,seen,B-unfreeze,without_own_response_loss,wrong_minus_correct,864,0,0,0,0.23130181608376682,,0.1662019145350765,0.29651819584270317
internal,val,ACH-000971,unseen,B-continue,response_loss,wrong_minus_correct,962,0,0,0,0.005526849980661644,,-0.016133636015616497,0.02579989642462469
internal,val,ACH-000971,unseen,B-continue,mean_delta_mse,wrong_minus_correct,962,0,0,0,0.00021394263186227155,,-0.00465120508027671,0.004726408440890772
internal,val,ACH-000971,unseen,B-continue,energy_distance,wrong_minus_correct,962,0,0,0,0.0053129009794049,,-0.011476171973341455,0.021920381335855332
internal,val,ACH-000971,unseen,B-continue,without_own_response_loss,wrong_minus_correct,962,0,0,0,0.005525053365314842,,-0.016134891641363103,0.025797024771973952
internal,val,ACH-000971,unseen,B-init,response_loss,wrong_minus_correct,962,0,0,0,-0.0001855227654800965,,-0.09824169579266327,0.10224015487702619
internal,val,ACH-000971,unseen,B-init,mean_delta_mse,wrong_minus_correct,962,0,0,0,-0.0004483554070806131,,-0.017920449568179977,0.017480660377073732
internal,val,ACH-000971,unseen,B-init,energy_distance,wrong_minus_correct,962,0,0,0,0.00026304756529572714,,-0.07993835480941533,0.08424712547889437
internal,val,ACH-000971,unseen,B-init,without_own_response_loss,wrong_minus_correct,962,0,0,0,-0.00018229970317483747,,-0.09823922202889793,0.1022451472926785
internal,val,ACH-000971,unseen,B-interface,response_loss,wrong_minus_correct,962,0,0,0,0.005627202293729005,,-0.010439186046624308,0.02147674693387154
internal,val,ACH-000971,unseen,B-interface,mean_delta_mse,wrong_minus_correct,962,0,0,0,0.00062503855590266,,-0.0028139627509577926,0.003903548416687399
internal,val,ACH-000971,unseen,B-interface,energy_distance,wrong_minus_correct,962,0,0,0,0.0050022117313377095,,-0.007546601325211492,0.017622617535184695
internal,val,ACH-000971,unseen,B-interface,without_own_response_loss,wrong_minus_correct,962,0,0,0,0.005626263886132424,,-0.010440028819125986,0.021474496455797198
internal,val,ACH-000971,unseen,B-joint,response_loss,wrong_minus_correct,962,0,0,0,-0.0010361907387976903,,-0.020552302061149105,0.01680371460944265
internal,val,ACH-000971,unseen,B-joint,mean_delta_mse,wrong_minus_correct,962,0,0,0,-0.0009349934028736593,,-0.01041058774301762,0.009338275627881762
internal,val,ACH-000971,unseen,B-joint,energy_distance,wrong_minus_correct,962,0,0,0,-0.00010075242008794396,,-0.022897867056039772,0.021554412841797557
internal,val,ACH-000971,unseen,B-joint,without_own_response_loss,wrong_minus_correct,962,0,0,0,-0.0010394740749056154,,-0.020562943401059762,0.01680262666729953
internal,val,ACH-000971,unseen,B-unfreeze,response_loss,wrong_minus_correct,962,0,0,0,0.011545035645768423,,-0.02107851334024621,0.046013746650699766
internal,val,ACH-000971,unseen,B-unfreeze,mean_delta_mse,wrong_minus_correct,962,0,0,0,0.0007087433040761663,,-0.006401577632169456,0.007305349134481865
internal,val,ACH-000971,unseen,B-unfreeze,energy_distance,wrong_minus_correct,962,0,0,0,0.010836293940236807,,-0.015265639973281571,0.03800325913141768
internal,val,ACH-000971,unseen,B-unfreeze,without_own_response_loss,wrong_minus_correct,962,0,0,0,0.011545921908594676,,-0.021076374329053495,0.04601346178758663
